time,pm10,pm2_5,carbon_monoxide,nitrogen_dioxide,sulphur_dioxide,ozone,us_aqi
2024-01-01T00:00,59.8,40.4,830.0,42.6,23.7,43.0,86
2024-01-01T01:00,58.4,39.5,841.0,43.5,23.2,39.0,86
2024-01-01T02:00,56.9,38.4,835.0,43.1,22.1,36.0,86
2024-01-01T03:00,54.8,37.0,802.0,40.2,20.1,34.0,87
2024-01-01T04:00,52.3,35.2,752.0,35.9,17.5,33.0,88
2024-01-01T05:00,46.6,31.1,650.0,28.4,13.4,37.0,89
2024-01-01T06:00,46.1,30.7,662.0,27.1,12.5,37.0,89
2024-01-01T07:00,49.9,33.4,676.0,25.1,11.2,38.0,89
2024-01-01T08:00,53.8,35.9,659.0,21.7,10.3,47.0,90
2024-01-01T09:00,56.0,36.8,585.0,15.6,10.1,73.0,90
2024-01-01T10:00,55.2,35.6,481.0,8.1,10.3,108.0,91
2024-01-01T11:00,52.9,33.9,397.0,2.7,10.2,135.0,92
2024-01-01T12:00,47.8,30.5,355.0,1.0,9.5,145.0,93
2024-01-01T13:00,44.0,28.0,333.0,1.2,8.6,146.0,94
2024-01-01T14:00,41.9,26.7,321.0,2.0,7.9,146.0,94
2024-01-01T15:00,41.0,26.1,305.0,1.7,7.4,148.0,95
2024-01-01T16:00,40.6,25.8,299.0,1.8,7.2,149.0,96
2024-01-01T17:00,52.9,33.9,356.0,8.5,8.1,137.0,97
2024-01-01T18:00,64.7,42.5,460.0,19.4,11.0,115.0,103
2024-01-01T19:00,69.8,46.1,604.0,34.4,15.0,85.0,105
2024-01-01T20:00,73.8,48.9,725.0,45.4,18.7,62.0,100
2024-01-01T21:00,77.1,51.3,796.0,48.2,21.6,53.0,101
2024-01-01T22:00,80.3,53.7,844.0,46.9,24.1,50.0,102
2024-01-01T23:00,82.0,54.8,881.0,46.0,25.8,48.0,103
2024-01-02T00:00,82.7,55.3,913.0,47.6,26.6,43.0,105
2024-01-02T01:00,83.4,55.9,934.0,49.7,26.6,37.0,106
2024-01-02T02:00,83.8,56.1,943.0,50.2,26.2,33.0,108
2024-01-02T03:00,83.4,55.8,934.0,48.2,25.6,29.0,110
2024-01-02T04:00,82.2,54.9,914.0,44.7,24.6,27.0,112
2024-01-02T05:00,71.2,47.4,848.0,38.6,20.5,31.0,114
2024-01-02T06:00,70.8,46.9,852.0,36.3,18.6,32.0,115
2024-01-02T07:00,73.6,48.7,851.0,32.7,15.8,35.0,117
2024-01-02T08:00,75.9,50.3,808.0,27.6,13.5,46.0,119
2024-01-02T09:00,73.1,47.7,681.0,19.5,12.1,73.0,120
2024-01-02T10:00,64.5,41.4,511.0,9.9,11.0,107.0,121
2024-01-02T11:00,58.8,37.5,381.0,2.9,10.1,134.0,122
2024-01-02T12:00,55.9,35.4,330.0,0.6,9.1,145.0,122
2024-01-02T13:00,54.4,34.3,321.0,1.0,8.2,148.0,123
2024-01-02T14:00,53.0,33.5,320.0,2.0,7.7,148.0,123
2024-01-02T15:00,51.7,32.7,308.0,2.2,7.3,149.0,124
2024-01-02T16:00,50.9,32.2,306.0,3.0,7.2,147.0,125
2024-01-02T17:00,63.8,40.5,345.0,7.1,8.2,132.0,126
2024-01-02T18:00,73.8,47.7,447.0,17.3,11.2,112.0,126
2024-01-02T19:00,79.9,52.2,589.0,31.4,15.3,84.0,127
2024-01-02T20:00,84.1,55.3,711.0,42.1,19.2,62.0,127
2024-01-02T21:00,87.8,57.9,788.0,45.9,22.4,52.0,128
2024-01-02T22:00,91.5,60.5,845.0,46.3,25.2,48.0,129
2024-01-02T23:00,93.6,62.2,894.0,46.9,27.3,44.0,129
2024-01-03T00:00,95.2,63.1,944.0,49.8,28.7,38.0,130
2024-01-03T01:00,96.9,64.5,987.0,52.9,29.5,32.0,131
2024-01-03T02:00,97.8,65.0,1004.0,53.3,28.9,27.0,132
2024-01-03T03:00,96.9,64.3,984.0,49.0,26.3,24.0,133
2024-01-03T04:00,91.7,60.8,938.0,41.9,22.5,22.0,134
2024-01-03T05:00,87.3,57.7,949.0,45.1,25.6,22.0,134
2024-01-03T06:00,83.8,55.4,907.0,39.6,22.4,27.0,135
2024-01-03T07:00,81.7,54.1,844.0,31.8,18.0,36.0,136
2024-01-03T08:00,76.8,50.9,760.0,24.0,14.3,50.0,137
2024-01-03T09:00,64.5,42.0,637.0,16.1,12.1,74.0,137
2024-01-03T10:00,57.4,36.8,494.0,8.2,10.6,104.0,136
2024-01-03T11:00,55.2,35.0,384.0,2.6,9.3,127.0,136
2024-01-03T12:00,54.1,34.2,334.0,0.7,8.1,137.0,136
2024-01-03T13:00,52.3,33.1,319.0,1.0,7.2,139.0,135
2024-01-03T14:00,47.8,30.3,310.0,1.9,6.6,139.0,135
2024-01-03T15:00,44.2,28.1,287.0,1.6,6.0,138.0,135
2024-01-03T16:00,41.8,26.6,272.0,1.8,5.7,134.0,135
2024-01-03T17:00,62.9,40.0,317.0,6.7,7.6,125.0,134
2024-01-03T18:00,73.1,47.3,425.0,16.2,10.4,109.0,134
2024-01-03T19:00,81.5,53.2,576.0,29.4,14.4,87.0,134
2024-01-03T20:00,89.6,58.7,706.0,39.1,18.4,68.0,134
2024-01-03T21:00,95.9,63.1,791.0,42.2,22.4,57.0,134
2024-01-03T22:00,102.7,67.5,855.0,41.8,26.3,50.0,135
2024-01-03T23:00,110.4,72.9,901.0,40.7,29.2,45.0,136
2024-01-04T00:00,115.3,76.1,931.0,39.7,30.4,40.0,137
2024-01-04T01:00,117.8,77.5,945.0,37.9,30.6,36.0,138
2024-01-04T02:00,117.8,77.3,939.0,35.1,30.1,35.0,139
2024-01-04T03:00,118.7,77.5,902.0,30.2,28.9,37.0,141
2024-01-04T04:00,116.6,76.1,847.0,24.3,27.1,40.0,142
2024-01-04T05:00,124.8,81.5,1037.0,38.8,35.4,30.0,144
2024-01-04T06:00,126.7,82.7,1088.0,39.8,34.4,33.0,146
2024-01-04T07:00,130.9,85.9,1149.0,40.7,32.8,38.0,149
2024-01-04T08:00,132.7,87.3,1122.0,37.8,30.0,51.0,151
2024-01-04T09:00,103.8,67.3,924.0,27.4,24.8,81.0,152
2024-01-04T10:00,84.8,53.9,639.0,13.3,18.5,120.0,153
2024-01-04T11:00,79.6,50.1,419.0,2.9,13.4,147.0,153
2024-01-04T12:00,72.2,45.3,333.0,0.0,10.9,154.0,153
2024-01-04T13:00,62.2,39.2,312.0,0.7,9.6,150.0,154
2024-01-04T14:00,55.2,34.8,303.0,2.0,8.9,144.0,154
2024-01-04T15:00,50.8,32.1,283.0,2.3,8.1,141.0,154
2024-01-04T16:00,47.7,30.3,275.0,3.0,7.8,136.0,154
2024-01-04T17:00,37.5,24.0,298.0,6.0,10.3,135.0,154
2024-01-04T18:00,44.0,28.8,352.0,10.5,13.2,124.0,154
2024-01-04T19:00,49.7,32.8,430.0,16.9,17.3,109.0,153
2024-01-04T20:00,56.0,37.1,504.0,22.3,21.3,95.0,153
2024-01-04T21:00,61.7,41.1,570.0,25.9,25.0,84.0,152
2024-01-04T22:00,68.0,45.4,633.0,28.6,28.5,75.0,151
2024-01-04T23:00,75.9,50.8,683.0,30.5,30.9,67.0,151
2024-01-05T00:00,80.6,53.9,717.0,31.7,31.5,59.0,150
2024-01-05T01:00,82.9,55.4,738.0,32.1,31.0,53.0,148
2024-01-05T02:00,83.1,55.4,746.0,31.4,30.2,48.0,146
2024-01-05T03:00,81.7,54.6,725.0,28.3,29.4,46.0,143
2024-01-05T04:00,80.1,53.3,690.0,24.0,28.5,45.0,141
2024-01-05T05:00,77.5,51.7,763.0,25.7,29.1,42.0,139
2024-01-05T06:00,78.7,52.3,849.0,29.9,30.2,40.0,136
2024-01-05T07:00,83.8,55.9,959.0,35.3,31.5,38.0,132
2024-01-05T08:00,92.4,61.7,981.0,36.0,31.1,46.0,129
2024-01-05T09:00,76.6,50.3,828.0,27.3,27.6,74.0,127
2024-01-05T10:00,60.8,39.2,586.0,14.0,22.4,112.0,125
2024-01-05T11:00,59.4,38.1,401.0,4.0,17.8,141.0,123
2024-01-05T12:00,58.0,37.0,337.0,1.0,14.6,152.0,122
2024-01-05T13:00,56.2,35.9,330.0,1.3,11.9,154.0,121
2024-01-05T14:00,52.2,33.4,328.0,2.3,10.0,152.0,121
2024-01-05T15:00,47.3,30.3,302.0,2.3,8.7,148.0,121
2024-01-05T16:00,43.4,27.8,282.0,3.1,8.0,140.0,120
2024-01-05T17:00,68.7,43.9,328.0,6.0,9.0,132.0,120
2024-01-05T18:00,77.1,49.9,440.0,16.6,11.4,112.0,122
2024-01-05T19:00,86.8,57.0,596.0,31.2,14.8,84.0,125
2024-01-05T20:00,89.4,59.1,723.0,41.8,18.2,61.0,127
2024-01-05T21:00,87.8,58.3,790.0,44.4,21.6,50.0,129
2024-01-05T22:00,87.3,58.2,827.0,42.9,25.0,44.0,131
2024-01-05T23:00,90.1,60.1,854.0,41.2,27.5,39.0,132
2024-01-06T00:00,93.4,62.4,883.0,41.2,29.0,34.0,133
2024-01-06T01:00,94.8,63.3,903.0,41.0,29.6,30.0,134
2024-01-06T02:00,92.0,61.5,894.0,38.7,28.9,29.0,135
2024-01-06T03:00,85.0,56.7,834.0,32.3,26.1,31.0,136
2024-01-06T04:00,78.0,51.9,746.0,23.8,22.0,35.0,136
2024-01-06T05:00,69.4,45.8,578.0,13.7,15.3,47.0,136
2024-01-06T06:00,73.1,48.1,587.0,14.4,13.7,45.0,135
2024-01-06T07:00,82.0,53.6,596.0,15.1,11.6,44.0,135
2024-01-06T08:00,88.5,57.4,581.0,14.5,9.9,49.0,135
2024-01-06T09:00,82.0,52.6,520.0,11.1,9.2,67.0,134
2024-01-06T10:00,67.5,43.1,435.0,6.4,9.0,92.0,134
2024-01-06T11:00,57.6,36.7,366.0,2.8,8.7,112.0,135
2024-01-06T12:00,50.8,32.1,331.0,1.5,7.9,122.0,135
2024-01-06T13:00,48.1,30.6,312.0,1.5,6.9,128.0,134
2024-01-06T14:00,45.2,28.8,302.0,2.0,6.2,130.0,134
2024-01-06T15:00,42.8,27.4,286.0,1.9,5.5,131.0,133
2024-01-06T16:00,41.3,26.4,277.0,2.4,5.1,128.0,133
2024-01-06T17:00,70.8,44.9,330.0,5.5,5.8,122.0,133
2024-01-06T18:00,80.8,52.5,446.0,17.9,8.7,101.0,133
2024-01-06T19:00,85.2,55.8,606.0,34.8,12.7,71.0,133
2024-01-06T20:00,88.2,57.9,718.0,45.7,15.4,50.0,133
2024-01-06T21:00,88.0,57.6,744.0,45.6,15.9,44.0,133
2024-01-06T22:00,92.0,60.1,722.0,39.6,15.1,47.0,133
2024-01-06T23:00,85.9,56.1,677.0,32.7,13.6,50.0,133
2024-01-07T00:00,76.1,49.7,602.0,25.8,11.1,53.0,132
2024-01-07T01:00,66.1,43.1,503.0,18.0,7.8,58.0,131
2024-01-07T02:00,60.5,39.2,425.0,11.9,5.4,61.0,129
2024-01-07T03:00,57.7,37.3,382.0,8.6,4.6,61.0,127
2024-01-07T04:00,56.2,36.2,360.0,6.9,4.7,60.0,125
2024-01-07T05:00,41.7,27.2,430.0,11.4,6.7,42.0,123
2024-01-07T06:00,38.9,25.4,438.0,12.2,7.4,41.0,121
2024-01-07T07:00,37.0,24.4,446.0,13.2,8.3,41.0,119
2024-01-07T08:00,36.6,24.2,437.0,12.9,8.8,47.0,116
2024-01-07T09:00,32.6,21.2,394.0,10.0,8.6,65.0,112
2024-01-07T10:00,29.9,19.2,332.0,5.7,8.1,90.0,109
2024-01-07T11:00,27.3,17.2,283.0,2.5,7.3,109.0,106
2024-01-07T12:00,25.0,15.7,257.0,1.4,6.1,117.0,104
2024-01-07T13:00,23.5,14.6,244.0,1.3,4.6,118.0,103
2024-01-07T14:00,24.8,15.5,237.0,1.7,3.6,118.0,101
2024-01-07T15:00,25.6,16.0,227.0,1.7,3.0,118.0,100
2024-01-07T16:00,27.1,16.9,224.0,2.2,2.9,117.0,99
2024-01-07T17:00,45.4,28.5,257.0,4.9,3.5,108.0,98
2024-01-07T18:00,47.1,30.0,344.0,14.0,6.2,93.0,97
2024-01-07T19:00,52.0,33.6,465.0,26.3,9.9,73.0,95
2024-01-07T20:00,54.0,35.3,554.0,34.6,12.6,58.0,93
2024-01-07T21:00,53.4,35.0,589.0,35.4,13.5,55.0,92
2024-01-07T22:00,50.6,33.4,592.0,32.0,13.3,58.0,90
2024-01-07T23:00,45.4,29.9,569.0,27.3,12.5,62.0,88
2024-01-08T00:00,39.0,25.7,505.0,21.0,10.7,68.0,86
2024-01-08T01:00,33.6,22.1,414.0,13.4,8.2,75.0,84
2024-01-08T02:00,30.2,19.7,346.0,7.6,6.6,80.0,82
2024-01-08T03:00,30.0,19.6,320.0,5.0,6.5,79.0,81
2024-01-08T04:00,31.2,20.4,317.0,4.2,7.1,75.0,79
2024-01-08T05:00,32.0,20.9,337.0,5.2,7.7,64.0,78
2024-01-08T06:00,33.2,21.5,362.0,7.1,8.5,58.0,77
2024-01-08T07:00,35.2,22.8,394.0,9.6,9.7,50.0,77
2024-01-08T08:00,37.4,24.2,407.0,10.6,10.3,51.0,77
2024-01-08T09:00,38.9,24.7,384.0,8.6,10.0,68.0,77
2024-01-08T10:00,37.4,23.3,342.0,5.1,9.2,94.0,77
2024-01-08T11:00,33.8,21.0,305.0,2.4,8.2,114.0,78
2024-01-08T12:00,30.7,19.2,280.0,1.4,7.1,121.0,78
2024-01-08T13:00,28.7,18.0,260.0,1.3,5.9,122.0,78
2024-01-08T14:00,27.2,17.2,247.0,1.6,5.0,121.0,78
2024-01-08T15:00,26.5,16.8,238.0,1.9,4.5,121.0,79
2024-01-08T16:00,26.0,16.5,237.0,2.6,4.3,119.0,79
2024-01-08T17:00,47.5,30.0,276.0,5.6,4.9,117.0,79
2024-01-08T18:00,49.6,31.8,323.0,10.2,6.1,104.0,79
2024-01-08T19:00,51.8,33.5,388.0,16.5,7.7,86.0,79
2024-01-08T20:00,51.9,33.8,439.0,21.0,9.1,72.0,79
2024-01-08T21:00,51.7,33.8,467.0,22.2,10.1,65.0,79
2024-01-08T22:00,51.3,33.6,481.0,21.6,10.7,62.0,79
2024-01-08T23:00,49.2,32.4,478.0,19.9,10.7,60.0,79
2024-01-09T00:00,46.7,30.6,449.0,16.8,9.4,59.0,79
2024-01-09T01:00,44.2,28.9,403.0,12.6,7.5,59.0,79
2024-01-09T02:00,43.3,28.2,364.0,9.3,6.0,59.0,80
2024-01-09T03:00,43.2,28.2,338.0,7.4,5.4,59.0,80
2024-01-09T04:00,47.6,31.0,318.0,6.3,5.3,60.0,81
2024-01-09T05:00,37.6,24.6,313.0,6.0,6.8,57.0,82
2024-01-09T06:00,39.0,25.4,345.0,8.7,7.8,51.0,82
2024-01-09T07:00,41.3,27.1,387.0,12.3,9.0,44.0,83
2024-01-09T08:00,42.1,27.7,404.0,13.8,9.5,43.0,83
2024-01-09T09:00,36.2,23.7,373.0,11.3,8.6,55.0,83
2024-01-09T10:00,28.6,18.6,318.0,6.7,6.9,74.0,83
2024-01-09T11:00,22.9,14.8,271.0,3.1,5.3,89.0,83
2024-01-09T12:00,19.6,12.6,245.0,1.8,4.2,95.0,82
2024-01-09T13:00,19.3,12.4,227.0,1.5,3.2,97.0,82
2024-01-09T14:00,18.6,12.0,217.0,1.7,2.5,96.0,81
2024-01-09T15:00,16.5,10.7,212.0,2.1,2.1,93.0,81
2024-01-09T16:00,16.9,11.0,215.0,3.0,2.0,88.0,80
2024-01-09T17:00,18.6,12.2,221.0,4.0,2.3,79.0,80
2024-01-09T18:00,21.2,14.0,245.0,5.8,3.1,75.0,79
2024-01-09T19:00,24.2,15.9,279.0,8.2,4.2,70.0,77
2024-01-09T20:00,27.3,18.0,309.0,9.9,5.2,65.0,76
2024-01-09T21:00,29.5,19.4,330.0,10.4,5.9,62.0,74
2024-01-09T22:00,31.8,21.0,346.0,10.2,6.5,61.0,73
2024-01-09T23:00,32.9,21.7,356.0,9.8,6.8,59.0,72
2024-01-10T00:00,33.1,21.8,356.0,9.1,6.6,56.0,72
2024-01-10T01:00,33.1,21.8,350.0,8.1,6.2,54.0,71
2024-01-10T02:00,32.2,21.4,344.0,7.3,5.9,52.0,70
2024-01-10T03:00,32.0,21.4,338.0,6.7,6.0,52.0,70
2024-01-10T04:00,32.0,21.3,332.0,6.2,6.2,53.0,69
2024-01-10T05:00,32.4,21.4,354.0,8.5,7.1,51.0,68
2024-01-10T06:00,33.1,21.9,378.0,10.5,7.6,49.0,68
2024-01-10T07:00,36.4,24.2,410.0,13.0,8.2,48.0,68
2024-01-10T08:00,39.6,26.1,426.0,13.8,8.4,51.0,68
2024-01-10T09:00,43.3,28.1,411.0,11.1,7.9,65.0,68
2024-01-10T10:00,49.6,32.0,379.0,6.7,6.9,84.0,68
2024-01-10T11:00,47.3,30.5,350.0,3.3,6.0,98.0,69
2024-01-10T12:00,42.6,27.6,328.0,2.3,5.1,103.0,70
2024-01-10T13:00,36.9,23.9,308.0,2.3,4.2,103.0,71
2024-01-10T14:00,32.5,21.1,294.0,2.7,3.6,102.0,72
2024-01-10T15:00,33.9,22.1,285.0,2.9,3.3,100.0,73
2024-01-10T16:00,32.8,21.4,281.0,3.5,3.4,97.0,74
2024-01-10T17:00,53.8,35.0,323.0,7.6,4.2,88.0,75
2024-01-10T18:00,61.5,40.4,393.0,14.9,5.7,73.0,76
2024-01-10T19:00,62.9,41.7,488.0,24.8,7.8,53.0,79
2024-01-10T20:00,61.2,41.0,548.0,30.6,9.1,40.0,81
2024-01-10T21:00,58.4,39.3,543.0,28.7,9.1,40.0,82
2024-01-10T22:00,54.4,36.4,504.0,22.8,8.3,46.0,84
2024-01-10T23:00,48.0,32.1,459.0,17.1,7.4,52.0,85
2024-01-11T00:00,41.0,27.3,413.0,12.8,6.3,57.0,86
2024-01-11T01:00,36.6,24.3,361.0,8.9,5.0,61.0,86
2024-01-11T02:00,34.3,22.8,324.0,6.2,4.2,64.0,87
2024-01-11T03:00,34.5,22.8,308.0,5.2,4.1,63.0,87
2024-01-11T04:00,35.0,23.2,307.0,5.6,4.5,60.0,87
2024-01-11T05:00,34.1,22.6,329.0,6.7,5.2,56.0,87
2024-01-11T06:00,35.3,23.5,365.0,9.6,5.9,51.0,87
2024-01-11T07:00,38.0,25.3,414.0,13.4,6.8,44.0,87
2024-01-11T08:00,40.3,27.0,440.0,14.9,7.5,46.0,87
2024-01-11T09:00,42.4,28.1,423.0,12.0,7.7,64.0,87
2024-01-11T10:00,43.2,28.2,384.0,6.9,7.7,91.0,87
2024-01-11T11:00,44.5,28.9,348.0,3.0,7.4,111.0,87
2024-01-11T12:00,42.7,27.8,322.0,1.6,6.7,120.0,87
2024-01-11T13:00,39.0,25.4,300.0,1.3,5.7,122.0,87
2024-01-11T14:00,35.9,23.3,288.0,1.9,5.0,121.0,87
2024-01-11T15:00,34.1,22.2,284.0,3.0,4.6,117.0,87
2024-01-11T16:00,34.1,22.2,290.0,4.9,4.5,111.0,87
2024-01-11T17:00,28.6,18.8,291.0,6.5,4.2,104.0,87
2024-01-11T18:00,33.9,22.6,338.0,11.2,5.2,92.0,86
2024-01-11T19:00,34.8,23.3,403.0,17.8,6.5,75.0,85
2024-01-11T20:00,35.7,24.0,460.0,22.7,7.8,62.0,83
2024-01-11T21:00,36.9,24.9,502.0,24.9,8.9,55.0,82
2024-01-11T22:00,38.4,26.0,535.0,25.4,10.0,51.0,81
2024-01-11T23:00,39.2,26.6,550.0,24.7,10.3,48.0,80
2024-01-12T00:00,38.1,25.8,538.0,22.1,9.4,47.0,79
2024-01-12T01:00,36.4,24.7,509.0,18.2,7.9,48.0,79
2024-01-12T02:00,35.3,23.9,483.0,14.9,6.7,49.0,79
2024-01-12T03:00,34.6,23.3,462.0,12.5,6.3,49.0,79
2024-01-12T04:00,34.3,23.2,444.0,10.6,6.2,48.0,80
2024-01-12T05:00,37.8,25.7,536.0,16.5,8.4,40.0,80
2024-01-12T06:00,39.1,26.5,569.0,17.9,8.7,39.0,80
2024-01-12T07:00,43.0,29.2,610.0,19.6,9.1,38.0,80
2024-01-12T08:00,45.8,31.1,614.0,19.2,9.3,45.0,80
2024-01-12T09:00,43.3,29.3,546.0,14.6,9.3,68.0,81
2024-01-12T10:00,40.7,27.4,440.0,7.9,9.1,100.0,81
2024-01-12T11:00,35.2,23.2,354.0,2.9,8.6,123.0,81
2024-01-12T12:00,32.8,21.7,309.0,1.1,7.4,130.0,80
2024-01-12T13:00,29.3,19.3,284.0,1.0,5.8,129.0,80
2024-01-12T14:00,27.1,17.8,272.0,1.8,4.7,125.0,79
2024-01-12T15:00,26.3,17.2,265.0,2.7,4.2,122.0,79
2024-01-12T16:00,26.3,17.2,270.0,4.3,4.1,116.0,78
2024-01-12T17:00,35.9,23.7,311.0,8.8,4.8,113.0,78
2024-01-12T18:00,46.6,31.3,403.0,18.3,6.7,94.0,78
2024-01-12T19:00,50.3,34.0,531.0,31.3,9.4,69.0,79
2024-01-12T20:00,51.2,34.7,633.0,40.2,11.8,50.0,80
2024-01-12T21:00,51.7,35.0,683.0,41.0,13.5,45.0,81
2024-01-12T22:00,53.0,35.9,706.0,37.8,14.8,47.0,82
2024-01-12T23:00,54.0,36.7,717.0,35.2,15.6,48.0,82
2024-01-13T00:00,53.2,36.1,717.0,35.4,15.7,46.0,83
2024-01-13T01:00,52.4,35.5,706.0,36.3,15.2,43.0,84
2024-01-13T02:00,52.2,35.3,692.0,36.0,14.6,41.0,85
2024-01-13T03:00,52.3,35.3,672.0,33.2,14.0,39.0,86
2024-01-13T04:00,52.4,35.4,650.0,29.3,13.2,38.0,87
2024-01-13T05:00,51.2,34.5,660.0,29.0,14.4,36.0,88
2024-01-13T06:00,53.6,35.9,753.0,33.5,15.9,34.0,88
2024-01-13T07:00,59.8,40.2,872.0,39.1,17.9,33.0,89
2024-01-13T08:00,69.6,46.9,902.0,39.5,18.3,42.0,90
2024-01-13T09:00,66.8,44.7,756.0,29.3,15.6,72.0,91
2024-01-13T10:00,51.2,33.8,521.0,13.9,11.4,112.0,92
2024-01-13T11:00,43.1,28.3,340.0,2.5,8.0,141.0,93
2024-01-13T12:00,38.5,25.3,279.0,0.0,6.6,149.0,93
2024-01-13T13:00,33.8,22.2,271.0,0.4,6.1,146.0,94
2024-01-13T14:00,28.9,19.1,267.0,1.9,5.7,138.0,94
2024-01-13T15:00,23.3,15.4,240.0,2.2,4.8,127.0,94
2024-01-13T16:00,17.6,11.7,216.0,3.0,4.1,112.0,94
2024-01-13T17:00,16.4,11.0,230.0,6.0,4.5,98.0,93
2024-01-13T18:00,18.6,12.7,286.0,12.8,6.3,81.0,92
2024-01-13T19:00,21.7,15.0,366.0,22.3,8.8,57.0,91
2024-01-13T20:00,25.7,17.8,443.0,30.3,11.5,38.0,89
2024-01-13T21:00,29.5,20.4,513.0,35.4,14.5,27.0,88
2024-01-13T22:00,33.4,23.1,579.0,39.1,17.7,21.0,87
2024-01-13T23:00,36.4,25.2,626.0,41.1,19.8,17.0,86
2024-01-14T00:00,36.9,25.5,643.0,41.1,19.9,15.0,85
2024-01-14T01:00,36.3,25.0,640.0,39.5,18.9,15.0,84
2024-01-14T02:00,35.3,24.3,630.0,37.1,17.9,16.0,83
2024-01-14T03:00,34.3,23.5,603.0,33.0,17.0,19.0,82
2024-01-14T04:00,33.5,22.9,569.0,28.2,16.1,22.0,82
2024-01-14T05:00,32.6,22.2,604.0,27.6,16.0,22.0,81
2024-01-14T06:00,34.0,23.2,701.0,31.2,17.2,22.0,80
2024-01-14T07:00,40.3,27.5,827.0,35.7,18.7,24.0,79
2024-01-14T08:00,50.5,34.7,859.0,35.6,18.7,34.0,78
2024-01-14T09:00,44.4,30.2,707.0,26.4,15.9,61.0,77
2024-01-14T10:00,32.1,21.6,461.0,12.6,11.7,97.0,75
2024-01-14T11:00,23.3,15.6,272.0,2.4,8.3,121.0,75
2024-01-14T12:00,18.0,12.0,206.0,0.0,6.6,124.0,74
2024-01-14T13:00,16.0,10.7,195.0,0.6,5.8,115.0,72
2024-01-14T14:00,14.7,9.7,193.0,1.8,5.4,107.0,72
2024-01-14T15:00,13.6,9.0,179.0,2.1,5.2,104.0,71
2024-01-14T16:00,13.2,8.8,173.0,2.7,5.4,101.0,70
2024-01-14T17:00,27.8,18.1,193.0,4.7,5.8,94.0,70
2024-01-14T18:00,31.4,20.8,218.0,7.4,7.4,87.0,71
2024-01-14T19:00,32.5,21.6,255.0,11.3,9.6,76.0,71
2024-01-14T20:00,32.1,21.4,295.0,15.1,11.5,65.0,72
2024-01-14T21:00,32.4,21.7,342.0,18.6,12.9,54.0,72
2024-01-14T22:00,34.1,22.9,393.0,22.0,14.0,43.0,72
2024-01-14T23:00,35.6,24.0,433.0,24.5,14.7,34.0,72
2024-01-15T00:00,35.5,24.0,456.0,25.9,14.7,28.0,72
2024-01-15T01:00,34.8,23.6,468.0,26.5,14.3,25.0,72
2024-01-15T02:00,34.3,23.2,475.0,26.5,13.9,23.0,72
2024-01-15T03:00,33.9,22.9,469.0,25.5,13.7,22.0,72
2024-01-15T04:00,33.6,22.7,458.0,23.8,13.6,22.0,72
2024-01-15T05:00,35.0,23.6,507.0,25.7,16.3,21.0,72
2024-01-15T06:00,36.8,24.9,624.0,30.6,18.9,20.0,72
2024-01-15T07:00,43.2,29.3,778.0,37.0,22.2,21.0,72
2024-01-15T08:00,53.0,36.3,830.0,38.1,23.1,29.0,72
2024-01-15T09:00,33.4,22.6,682.0,29.0,19.3,52.0,72
2024-01-15T10:00,25.0,16.9,433.0,14.7,13.1,83.0,72
2024-01-15T11:00,20.8,14.1,245.0,4.0,8.3,108.0,71
2024-01-15T12:00,17.5,11.8,190.0,0.9,6.5,120.0,71
2024-01-15T13:00,15.1,10.2,195.0,1.4,6.1,125.0,71
2024-01-15T14:00,13.8,9.3,206.0,2.4,6.3,127.0,71
2024-01-15T15:00,12.9,8.7,198.0,2.4,6.7,129.0,71
2024-01-15T16:00,12.7,8.6,195.0,3.0,7.7,129.0,71
2024-01-15T17:00,8.9,6.2,211.0,5.7,10.3,126.0,71
2024-01-15T18:00,17.4,12.2,269.0,11.5,13.1,113.0,70
2024-01-15T19:00,23.4,16.4,350.0,19.5,17.0,95.0,74
2024-01-15T20:00,29.1,20.4,428.0,26.4,20.7,79.0,72
2024-01-15T21:00,34.7,24.3,497.0,31.0,24.0,67.0,69
2024-01-15T22:00,40.6,28.4,561.0,34.3,27.0,58.0,69
2024-01-15T23:00,46.0,32.0,609.0,36.2,29.2,50.0,70
2024-01-16T00:00,49.2,34.2,631.0,36.2,29.9,45.0,70
2024-01-16T01:00,51.9,36.0,636.0,34.8,29.8,41.0,71
2024-01-16T02:00,54.0,37.4,637.0,33.1,29.6,39.0,72
2024-01-16T03:00,55.1,38.0,631.0,30.9,29.8,37.0,73
2024-01-16T04:00,55.2,38.0,621.0,28.3,29.9,36.0,74
2024-01-16T05:00,57.9,39.7,639.0,26.8,30.4,36.0,75
2024-01-16T06:00,59.5,40.9,738.0,31.7,32.3,35.0,77
2024-01-16T07:00,65.0,44.7,866.0,38.0,34.5,35.0,78
2024-01-16T08:00,72.2,49.8,895.0,38.9,33.9,45.0,79
2024-01-16T09:00,44.9,31.0,727.0,29.3,27.7,73.0,80
2024-01-16T10:00,28.8,19.8,459.0,14.4,18.7,110.0,81
2024-01-16T11:00,22.7,15.7,260.0,3.3,11.7,138.0,81
2024-01-16T12:00,20.1,13.8,206.0,0.2,8.9,149.0,81
2024-01-16T13:00,20.0,13.7,221.0,1.0,8.1,151.0,81
2024-01-16T14:00,19.4,13.2,239.0,2.2,7.9,151.0,82
2024-01-16T15:00,19.2,13.1,234.0,2.2,7.7,151.0,82
2024-01-16T16:00,19.0,12.9,233.0,2.7,8.2,149.0,82
2024-01-16T17:00,11.4,7.9,261.0,5.1,11.0,150.0,95
2024-01-16T18:00,19.8,13.8,318.0,10.3,14.5,135.0,111
2024-01-16T19:00,26.5,18.5,398.0,17.4,19.5,115.0,116
2024-01-16T20:00,33.3,23.1,468.0,22.6,24.1,99.0,111
2024-01-16T21:00,39.2,27.2,520.0,24.3,27.9,93.0,101
2024-01-16T22:00,44.9,31.1,563.0,24.2,31.4,91.0,88
2024-01-16T23:00,48.7,33.6,590.0,23.0,34.0,91.0,84
2024-01-17T00:00,48.5,33.3,592.0,20.5,35.4,92.0,84
2024-01-17T01:00,48.4,33.1,578.0,16.9,36.0,94.0,84
2024-01-17T02:00,49.2,33.5,567.0,14.1,36.5,95.0,84
2024-01-17T03:00,50.8,34.5,557.0,12.0,37.2,93.0,83
2024-01-17T04:00,52.7,35.7,551.0,10.7,37.9,90.0,83
2024-01-17T05:00,48.3,32.8,529.0,11.3,35.4,93.0,83
2024-01-17T06:00,50.2,34.1,585.0,16.4,36.6,87.0,82
2024-01-17T07:00,56.9,38.6,656.0,23.0,38.1,81.0,82
2024-01-17T08:00,62.4,42.6,674.0,25.7,37.3,84.0,81
2024-01-17T09:00,45.1,30.2,586.0,20.4,32.3,108.0,81
2024-01-17T10:00,38.5,25.4,443.0,11.0,25.1,142.0,81
2024-01-17T11:00,36.1,23.6,334.0,3.9,18.9,166.0,81
2024-01-17T12:00,36.3,23.7,296.0,1.7,14.7,172.0,82
2024-01-17T13:00,35.6,23.2,291.0,1.7,11.5,168.0,82
2024-01-17T14:00,33.5,21.7,289.0,2.1,9.5,162.0,83
2024-01-17T15:00,31.4,20.2,276.0,2.1,8.8,157.0,97
2024-01-17T16:00,30.2,19.2,266.0,2.5,9.3,150.0,113
2024-01-17T17:00,41.6,26.1,274.0,4.6,12.0,144.0,127
2024-01-17T18:00,44.2,27.8,312.0,8.2,14.4,135.0,135
2024-01-17T19:00,48.2,30.5,367.0,13.2,17.7,122.0,133
2024-01-17T20:00,53.8,34.3,420.0,17.2,20.7,110.0,124
2024-01-17T21:00,60.5,39.0,469.0,19.3,23.1,102.0,111
2024-01-17T22:00,64.5,41.8,516.0,20.4,25.2,95.0,97
2024-01-17T23:00,69.2,44.8,550.0,20.6,26.8,90.0,91
2024-01-18T00:00,70.3,45.6,561.0,19.7,27.6,87.0,92
2024-01-18T01:00,71.2,46.2,558.0,17.9,27.9,84.0,93
2024-01-18T02:00,72.2,47.1,557.0,16.3,28.2,82.0,94
2024-01-18T03:00,73.6,48.5,553.0,14.5,28.5,79.0,95
2024-01-18T04:00,73.8,49.7,550.0,12.9,28.8,76.0,96
2024-01-18T05:00,67.8,46.2,532.0,12.7,26.1,78.0,97
2024-01-18T06:00,70.8,48.1,600.0,17.6,27.0,72.0,98
2024-01-18T07:00,77.5,52.9,688.0,24.1,28.1,64.0,99
2024-01-18T08:00,83.6,57.0,709.0,26.4,27.9,66.0,101
2024-01-18T09:00,63.1,40.2,598.0,20.6,25.3,88.0,102
2024-01-18T10:00,45.5,28.0,420.0,10.7,21.5,120.0,103
2024-01-18T11:00,39.9,24.4,285.0,3.3,18.0,144.0,103
2024-01-18T12:00,37.6,23.0,244.0,1.1,15.5,153.0,104
2024-01-18T13:00,36.4,22.2,246.0,1.4,13.4,153.0,103
2024-01-18T14:00,35.5,21.6,253.0,2.0,11.8,151.0,103
2024-01-18T15:00,34.7,21.0,243.0,1.7,10.3,148.0,103
2024-01-18T16:00,34.3,20.8,238.0,1.8,9.2,142.0,103
2024-01-18T17:00,47.8,29.3,273.0,4.3,11.2,146.0,104
2024-01-18T18:00,52.6,32.7,328.0,8.7,14.0,134.0,113
2024-01-18T19:00,57.3,35.6,406.0,14.8,18.1,117.0,116
2024-01-18T20:00,62.9,39.2,479.0,19.9,22.1,103.0,110
2024-01-18T21:00,69.6,43.5,542.0,22.9,26.0,94.0,106
2024-01-18T22:00,77.1,48.3,599.0,24.9,29.8,88.0,106
2024-01-18T23:00,83.6,52.6,642.0,25.8,32.6,83.0,107
2024-01-19T00:00,88.0,55.3,663.0,25.4,33.6,78.0,107
2024-01-19T01:00,91.5,57.2,669.0,24.0,33.5,73.0,108
2024-01-19T02:00,93.6,58.1,670.0,22.3,33.4,70.0,110
2024-01-19T03:00,95.9,59.1,657.0,19.5,33.6,69.0,111
2024-01-19T04:00,99.4,60.8,639.0,16.5,33.7,68.0,112
2024-01-19T05:00,93.8,57.9,627.0,15.1,34.4,73.0,113
2024-01-19T06:00,97.1,59.6,740.0,21.8,34.7,65.0,114
2024-01-19T07:00,102.7,63.6,885.0,30.5,34.8,55.0,115
2024-01-19T08:00,107.8,67.5,928.0,33.8,33.0,56.0,117
2024-01-19T09:00,80.6,47.6,766.0,26.1,27.9,81.0,118
2024-01-19T10:00,52.3,31.5,501.0,13.0,20.9,117.0,118
2024-01-19T11:00,37.3,22.8,298.0,3.1,14.8,142.0,119
2024-01-19T12:00,29.2,18.1,233.0,0.3,10.6,145.0,119
2024-01-19T13:00,24.5,15.4,230.0,0.8,7.3,137.0,118
2024-01-19T14:00,19.8,12.5,233.0,1.6,4.9,128.0,117
2024-01-19T15:00,16.2,10.4,216.0,1.3,3.2,122.0,116
2024-01-19T16:00,14.3,9.2,205.0,1.4,2.4,115.0,115
2024-01-19T17:00,16.1,10.1,210.0,3.5,3.4,106.0,114
2024-01-19T18:00,22.6,14.1,250.0,7.9,6.1,97.0,112
2024-01-19T19:00,29.6,18.6,306.0,14.0,10.0,86.0,110
2024-01-19T20:00,37.4,23.6,362.0,18.9,13.8,76.0,108
2024-01-19T21:00,45.1,28.6,417.0,21.9,17.3,70.0,107
2024-01-19T22:00,51.9,33.1,471.0,23.8,20.6,67.0,105
2024-01-19T23:00,56.8,36.2,505.0,24.1,23.0,66.0,104
2024-01-20T00:00,58.6,37.1,506.0,21.9,23.9,68.0,102
2024-01-20T01:00,60.1,38.0,486.0,18.0,24.0,73.0,100
2024-01-20T02:00,59.8,37.6,469.0,14.6,24.2,77.0,99
2024-01-20T03:00,59.6,37.4,453.0,11.8,24.8,80.0,97
2024-01-20T04:00,60.3,37.8,439.0,9.5,25.5,82.0,95
2024-01-20T05:00,47.4,29.7,368.0,9.9,16.6,71.0,93
2024-01-20T06:00,49.5,31.2,418.0,14.0,18.6,68.0,91
2024-01-20T07:00,54.2,34.6,484.0,19.4,21.3,64.0,89
2024-01-20T08:00,60.1,38.5,508.0,21.4,21.9,69.0,87
2024-01-20T09:00,52.0,32.2,450.0,16.8,18.7,90.0,84
2024-01-20T10:00,38.5,23.8,349.0,8.8,13.6,119.0,83
2024-01-20T11:00,31.4,19.6,270.0,2.7,9.2,138.0,83
2024-01-20T12:00,25.7,16.2,237.0,0.9,6.5,137.0,82
2024-01-20T13:00,21.7,13.7,225.0,1.0,4.5,126.0,82
2024-01-20T14:00,20.0,12.6,220.0,1.4,3.4,117.0,82
2024-01-20T15:00,19.6,12.3,212.0,1.1,2.9,114.0,82
2024-01-20T16:00,20.8,13.1,210.0,1.2,3.2,112.0,82
2024-01-20T17:00,20.8,13.2,246.0,3.3,5.0,107.0,83
2024-01-20T18:00,27.9,17.9,311.0,8.7,8.6,100.0,83
2024-01-20T19:00,38.4,25.1,405.0,16.3,13.7,90.0,83
2024-01-20T20:00,48.8,32.1,499.0,23.1,18.4,80.0,84
2024-01-20T21:00,58.1,38.6,594.0,28.5,22.3,70.0,84
2024-01-20T22:00,66.4,44.4,691.0,33.0,25.9,60.0,85
2024-01-20T23:00,73.1,48.9,759.0,35.3,28.5,53.0,86
2024-01-21T00:00,77.5,51.9,783.0,34.1,29.7,52.0,87
2024-01-21T01:00,81.3,54.2,778.0,30.6,29.8,55.0,88
2024-01-21T02:00,84.1,56.0,767.0,27.0,29.5,57.0,89
2024-01-21T03:00,85.7,57.0,752.0,23.7,28.9,57.0,91
2024-01-21T04:00,86.6,57.5,730.0,20.3,27.7,57.0,92
2024-01-21T05:00,81.3,54.0,780.0,22.1,31.1,52.0,94
2024-01-21T06:00,82.0,54.5,839.0,25.1,30.0,50.0,96
2024-01-21T07:00,86.8,58.0,913.0,28.9,28.3,49.0,98
2024-01-21T08:00,90.3,60.5,912.0,29.0,25.7,56.0,99
2024-01-21T09:00,75.9,49.8,763.0,21.7,21.4,79.0,102
2024-01-21T10:00,63.1,41.0,540.0,10.8,16.2,111.0,103
2024-01-21T11:00,51.8,33.6,368.0,2.7,11.9,134.0,105
2024-01-21T12:00,43.8,28.3,307.0,0.4,9.4,142.0,107
2024-01-21T13:00,38.4,25.0,297.0,1.0,7.9,141.0,108
2024-01-21T14:00,33.1,21.5,292.0,1.9,6.7,138.0,109
2024-01-21T15:00,28.5,18.6,265.0,1.4,5.4,135.0,110
2024-01-21T16:00,23.3,15.3,242.0,1.2,4.5,128.0,111
2024-01-21T17:00,29.5,19.2,274.0,4.1,5.2,127.0,111
2024-01-21T18:00,34.6,22.9,334.0,10.7,6.8,108.0,112
2024-01-21T19:00,40.2,26.8,418.0,19.8,9.1,82.0,112
2024-01-21T20:00,43.0,28.7,484.0,26.4,12.0,64.0,112
2024-01-21T21:00,45.2,30.2,512.0,27.9,15.9,61.0,112
2024-01-21T22:00,50.4,33.6,522.0,26.9,20.4,65.0,111
2024-01-21T23:00,55.6,37.1,532.0,25.7,23.5,67.0,110
2024-01-22T00:00,58.6,39.0,551.0,25.4,24.5,64.0,109
2024-01-22T01:00,62.2,41.4,570.0,24.9,24.1,59.0,107
2024-01-22T02:00,64.3,42.8,581.0,23.6,23.3,56.0,106
2024-01-22T03:00,66.1,44.0,573.0,20.4,22.0,55.0,105
2024-01-22T04:00,66.1,44.0,556.0,16.2,20.1,56.0,103
2024-01-22T05:00,65.4,43.7,571.0,15.1,17.9,53.0,102
2024-01-22T06:00,65.7,43.7,595.0,16.3,17.0,52.0,101
2024-01-22T07:00,68.0,44.9,625.0,17.8,15.7,53.0,100
2024-01-22T08:00,68.9,45.4,625.0,17.4,14.2,60.0,99
2024-01-22T09:00,65.2,42.4,572.0,13.3,12.7,82.0,98
2024-01-22T10:00,65.0,42.1,489.0,7.4,11.0,110.0,97
2024-01-22T11:00,59.1,38.5,414.0,2.9,9.4,131.0,97
2024-01-22T12:00,44.6,29.2,358.0,1.5,7.8,137.0,97
2024-01-22T13:00,34.0,22.4,308.0,1.5,6.2,135.0,97
2024-01-22T14:00,25.8,17.1,268.0,1.9,5.0,131.0,97
2024-01-22T15:00,19.0,12.5,232.0,1.8,3.9,125.0,97
2024-01-22T16:00,15.0,9.7,205.0,2.1,3.2,115.0,96
2024-01-22T17:00,28.6,18.1,214.0,3.7,4.5,110.0,96
2024-01-22T18:00,35.2,22.5,265.0,7.2,7.8,107.0,96
2024-01-22T19:00,43.7,28.1,338.0,12.2,12.4,103.0,96
2024-01-22T20:00,53.1,34.5,409.0,16.3,16.8,98.0,96
2024-01-22T21:00,60.8,39.7,476.0,19.1,20.6,93.0,96
2024-01-22T22:00,68.0,44.6,541.0,21.1,24.1,89.0,97
2024-01-22T23:00,74.0,48.7,589.0,21.9,26.8,85.0,98
2024-01-23T00:00,77.3,50.9,610.0,20.9,28.3,83.0,99
2024-01-23T01:00,80.8,53.2,614.0,18.6,28.9,82.0,100
2024-01-23T02:00,85.0,56.0,617.0,16.7,29.5,80.0,101
2024-01-23T03:00,87.8,57.7,621.0,15.1,30.5,77.0,102
2024-01-23T04:00,88.5,58.3,623.0,13.9,31.4,75.0,104
2024-01-23T05:00,87.3,58.3,650.0,15.0,30.8,68.0,105
2024-01-23T06:00,88.9,59.8,729.0,20.2,31.5,63.0,107
2024-01-23T07:00,93.1,63.1,830.0,27.1,32.2,58.0,109
2024-01-23T08:00,96.9,65.4,853.0,29.3,30.5,62.0,111
2024-01-23T09:00,76.4,49.0,722.0,22.3,24.3,84.0,113
2024-01-23T10:00,70.5,44.7,512.0,10.7,15.8,116.0,113
2024-01-23T11:00,61.7,39.0,351.0,2.1,9.3,140.0,114
2024-01-23T12:00,54.1,34.2,295.0,0.0,6.9,148.0,114
2024-01-23T13:00,48.9,31.0,289.0,0.8,6.7,148.0,114
2024-01-23T14:00,46.2,29.3,290.0,1.9,6.8,147.0,115
2024-01-23T15:00,44.9,28.5,277.0,1.5,6.8,152.0,116
2024-01-23T16:00,44.7,28.5,272.0,1.4,7.2,156.0,118
2024-01-23T17:00,37.6,24.5,309.0,4.6,8.0,154.0,120
2024-01-23T18:00,44.0,29.2,406.0,14.4,9.9,128.0,121
2024-01-23T19:00,48.9,32.7,542.0,28.0,12.6,93.0,121
2024-01-23T20:00,52.2,35.0,655.0,38.3,15.2,64.0,122
2024-01-23T21:00,55.1,37.1,728.0,42.6,17.9,49.0,122
2024-01-23T22:00,57.3,38.8,779.0,43.7,20.6,41.0,122
2024-01-23T23:00,58.8,39.8,798.0,42.6,22.0,37.0,121
2024-01-24T00:00,57.0,38.5,775.0,39.2,21.2,37.0,120
2024-01-24T01:00,52.4,35.4,720.0,33.7,19.0,42.0,119
2024-01-24T02:00,46.8,31.5,658.0,27.9,16.7,47.0,117
2024-01-24T03:00,41.4,27.8,586.0,21.5,14.3,54.0,114
2024-01-24T04:00,37.1,24.9,507.0,14.9,11.6,62.0,111
2024-01-24T05:00,45.6,30.7,652.0,22.9,15.5,39.0,108
2024-01-24T06:00,43.5,29.3,690.0,24.8,14.8,38.0,105
2024-01-24T07:00,45.3,30.6,736.0,27.0,13.8,39.0,102
2024-01-24T08:00,47.8,32.5,727.0,26.2,12.5,48.0,99
2024-01-24T09:00,35.4,23.3,611.0,19.4,10.7,75.0,96
2024-01-24T10:00,34.3,22.5,441.0,9.5,8.6,111.0,94
2024-01-24T11:00,34.2,22.4,312.0,2.3,7.0,137.0,92
2024-01-24T12:00,33.5,21.9,268.0,0.3,6.2,145.0,91
2024-01-24T13:00,31.8,20.8,265.0,0.8,5.9,144.0,90
2024-01-24T14:00,29.8,19.6,266.0,1.7,5.7,142.0,89
2024-01-24T15:00,28.5,18.6,252.0,1.4,5.4,143.0,89
2024-01-24T16:00,27.9,18.3,243.0,1.4,5.2,142.0,88
2024-01-24T17:00,33.9,22.1,272.0,4.1,5.6,142.0,88
2024-01-24T18:00,39.0,26.0,355.0,12.4,7.3,122.0,102
2024-01-24T19:00,43.2,29.0,470.0,23.6,9.7,94.0,104
2024-01-24T20:00,44.1,29.8,549.0,30.8,11.3,73.0,95
2024-01-24T21:00,43.4,29.3,563.0,30.3,11.6,65.0,86
2024-01-24T22:00,41.6,28.1,543.0,25.8,11.2,64.0,85
2024-01-24T23:00,38.0,25.8,511.0,21.2,10.4,64.0,84
2024-01-25T00:00,33.3,22.7,469.0,17.3,9.1,64.0,83
2024-01-25T01:00,29.8,20.3,415.0,13.3,7.5,66.0,82
2024-01-25T02:00,27.5,18.7,373.0,10.2,6.3,67.0,81
2024-01-25T03:00,26.0,17.7,346.0,8.3,5.9,67.0,80
2024-01-25T04:00,24.9,17.0,330.0,7.3,6.0,66.0,79
2024-01-25T05:00,25.4,17.3,351.0,8.7,6.4,61.0,78
2024-01-25T06:00,25.7,17.6,407.0,12.8,7.1,55.0,77
2024-01-25T07:00,29.0,20.0,480.0,18.3,8.1,48.0,76
2024-01-25T08:00,32.6,22.5,513.0,20.4,8.9,51.0,76
2024-01-25T09:00,24.9,16.9,465.0,16.0,9.3,74.0,75
2024-01-25T10:00,27.6,18.6,377.0,8.4,9.5,107.0,74
2024-01-25T11:00,35.6,23.5,310.0,2.6,9.5,133.0,74
2024-01-25T12:00,41.1,26.8,290.0,1.0,9.3,144.0,74
2024-01-25T13:00,42.1,27.4,292.0,1.2,9.0,148.0,74
2024-01-25T14:00,41.9,27.1,295.0,1.8,8.8,150.0,75
2024-01-25T15:00,41.6,26.9,284.0,1.4,8.6,152.0,76
2024-01-25T16:00,41.1,26.6,276.0,1.4,8.5,152.0,76
2024-01-25T17:00,37.1,24.2,303.0,4.3,8.9,154.0,92
2024-01-25T18:00,42.4,28.1,392.0,13.4,10.6,132.0,109
2024-01-25T19:00,47.6,31.9,516.0,25.8,12.9,100.0,114
2024-01-25T20:00,49.4,33.2,612.0,34.5,14.8,77.0,107
2024-01-25T21:00,49.6,33.3,656.0,36.2,16.0,69.0,93
2024-01-25T22:00,50.8,34.1,673.0,34.2,16.8,68.0,78
2024-01-25T23:00,51.5,34.6,670.0,31.2,16.8,68.0,78
2024-01-26T00:00,49.2,33.2,646.0,27.7,15.7,67.0,79
2024-01-26T01:00,46.2,31.1,602.0,23.2,13.9,67.0,80
2024-01-26T02:00,43.2,29.0,555.0,18.9,12.3,67.0,81
2024-01-26T03:00,40.6,27.3,499.0,14.4,11.0,69.0,82
2024-01-26T04:00,39.5,26.4,439.0,10.0,9.9,71.0,82
2024-01-26T05:00,40.4,27.0,458.0,10.2,10.3,66.0,83
2024-01-26T06:00,42.3,28.2,515.0,14.8,11.2,58.0,84
2024-01-26T07:00,47.4,31.7,591.0,20.8,12.4,49.0,85
2024-01-26T08:00,54.8,36.7,625.0,23.1,13.2,52.0,86
2024-01-26T09:00,62.9,41.1,577.0,18.2,13.4,78.0,87
2024-01-26T10:00,78.9,51.0,487.0,9.6,13.2,116.0,89
2024-01-26T11:00,84.8,54.2,413.0,3.1,12.7,145.0,91
2024-01-26T12:00,80.6,51.1,377.0,1.2,11.8,157.0,94
2024-01-26T13:00,73.3,46.4,356.0,1.4,10.5,160.0,96
2024-01-26T14:00,67.5,42.7,343.0,2.0,9.6,161.0,97
2024-01-26T15:00,64.3,40.5,325.0,1.5,9.0,164.0,98
2024-01-26T16:00,63.1,39.7,315.0,1.4,8.8,164.0,99
2024-01-26T17:00,74.5,46.7,334.0,4.7,9.1,159.0,110
2024-01-26T18:00,83.4,53.7,436.0,15.0,11.3,134.0,127
2024-01-26T19:00,87.3,56.8,578.0,29.2,14.4,99.0,131
2024-01-26T20:00,89.9,58.7,699.0,40.0,17.1,71.0,121
2024-01-26T21:00,92.0,60.3,776.0,44.1,19.2,58.0,111
2024-01-26T22:00,94.1,61.7,831.0,44.6,20.9,53.0,114
2024-01-26T23:00,94.3,62.2,869.0,44.0,21.6,48.0,116
2024-01-27T00:00,91.5,60.5,893.0,42.8,20.8,40.0,119
2024-01-27T01:00,85.2,56.6,901.0,40.3,18.9,32.0,122
2024-01-27T02:00,78.9,52.3,890.0,37.0,17.3,28.0,125
2024-01-27T03:00,73.6,48.8,848.0,32.0,16.1,30.0,127
2024-01-27T04:00,69.8,46.0,787.0,26.1,15.1,35.0,129
2024-01-27T05:00,73.8,48.0,694.0,19.5,13.3,44.0,132
2024-01-27T06:00,75.7,48.9,739.0,23.2,14.1,43.0,134
2024-01-27T07:00,81.7,53.0,797.0,28.0,15.0,42.0,136
2024-01-27T08:00,90.8,59.0,799.0,28.9,15.4,51.0,138
2024-01-27T09:00,98.7,63.3,696.0,22.0,14.7,78.0,140
2024-01-27T10:00,100.4,64.5,537.0,11.2,13.3,114.0,143
2024-01-27T11:00,85.4,54.6,411.0,3.1,11.8,141.0,144
2024-01-27T12:00,72.9,46.2,353.0,0.7,10.1,151.0,144
2024-01-27T13:00,69.8,44.4,326.0,1.0,8.3,152.0,144
2024-01-27T14:00,65.9,41.8,310.0,1.8,7.0,151.0,143
2024-01-27T15:00,61.9,39.3,286.0,1.2,6.1,151.0,143
2024-01-27T16:00,56.8,35.9,272.0,0.9,5.7,149.0,143
2024-01-27T17:00,69.4,43.9,300.0,5.0,5.9,143.0,143
2024-01-27T18:00,79.4,51.6,402.0,16.0,8.2,120.0,143
2024-01-27T19:00,84.3,55.2,544.0,31.2,11.5,87.0,142
2024-01-27T20:00,86.8,57.2,658.0,42.0,14.5,63.0,142
2024-01-27T21:00,87.8,57.9,716.0,44.0,16.8,55.0,142
2024-01-27T22:00,88.2,58.3,747.0,41.7,18.7,55.0,142
2024-01-27T23:00,88.5,58.6,770.0,40.1,20.0,54.0,141
2024-01-28T00:00,86.4,57.0,793.0,41.6,20.3,48.0,141
2024-01-28T01:00,84.8,56.1,808.0,43.8,20.0,40.0,141
2024-01-28T02:00,85.4,56.5,815.0,44.3,19.3,34.0,141
2024-01-28T03:00,85.9,56.7,806.0,41.5,18.2,30.0,141
2024-01-28T04:00,84.1,55.5,788.0,37.0,16.7,26.0,142
2024-01-28T05:00,74.7,49.1,576.0,16.1,10.0,50.0,143
2024-01-28T06:00,75.9,49.9,620.0,18.8,10.5,46.0,143
2024-01-28T07:00,78.9,52.2,675.0,22.3,11.1,41.0,143
2024-01-28T08:00,82.9,54.9,679.0,22.7,11.0,47.0,143
2024-01-28T09:00,82.0,54.0,583.0,17.2,9.4,73.0,143
2024-01-28T10:00,76.1,49.9,436.0,8.6,7.1,109.0,142
2024-01-28T11:00,65.7,42.3,323.0,2.3,5.3,136.0,140
2024-01-28T12:00,61.5,39.5,281.0,0.5,4.5,145.0,139
2024-01-28T13:00,59.0,38.0,273.0,1.0,4.1,145.0,138
2024-01-28T14:00,57.2,36.8,272.0,1.8,4.0,144.0,137
2024-01-28T15:00,55.9,36.0,256.0,1.2,3.7,146.0,137
2024-01-28T16:00,54.7,35.4,247.0,1.0,3.6,147.0,137
2024-01-28T17:00,69.4,44.8,302.0,5.0,4.9,149.0,137
2024-01-28T18:00,78.2,51.6,411.0,15.4,7.3,125.0,137
2024-01-28T19:00,83.8,55.8,564.0,29.9,10.8,91.0,137
2024-01-28T20:00,88.5,59.1,703.0,41.3,14.4,64.0,137
2024-01-28T21:00,92.7,61.9,818.0,47.4,18.4,49.0,137
2024-01-28T22:00,99.4,66.8,919.0,50.5,22.5,39.0,137
2024-01-28T23:00,102.7,69.2,977.0,50.5,25.1,34.0,138
2024-01-29T00:00,100.8,67.5,970.0,46.1,25.2,33.0,139
2024-01-29T01:00,98.5,65.7,921.0,38.6,23.9,36.0,140
2024-01-29T02:00,95.2,63.3,871.0,32.1,22.8,39.0,141
2024-01-29T03:00,91.7,60.8,823.0,27.3,22.5,42.0,142
2024-01-29T04:00,88.9,58.6,775.0,23.3,22.5,45.0,143
2024-01-29T05:00,99.2,65.2,885.0,28.7,27.0,39.0,143
2024-01-29T06:00,99.2,65.2,962.0,33.0,27.6,38.0,145
2024-01-29T07:00,103.6,68.2,1058.0,38.5,28.2,38.0,146
2024-01-29T08:00,109.7,72.4,1057.0,38.8,26.9,48.0,148
2024-01-29T09:00,96.9,62.9,862.0,28.8,21.9,77.0,150
2024-01-29T10:00,72.2,46.2,570.0,13.7,15.0,117.0,150
2024-01-29T11:00,59.5,38.4,355.0,2.5,9.8,147.0,150
2024-01-29T12:00,57.7,37.4,299.0,0.0,7.9,160.0,150
2024-01-29T13:00,58.1,37.6,320.0,0.8,7.6,164.0,150
2024-01-29T14:00,58.7,38.0,342.0,2.2,7.6,166.0,149
2024-01-29T15:00,58.7,38.1,331.0,1.9,7.1,169.0,150
2024-01-29T16:00,58.3,37.8,322.0,1.9,6.9,169.0,150
2024-01-29T17:00,72.6,46.4,310.0,4.5,7.3,159.0,150
2024-01-29T18:00,78.9,51.6,389.0,12.6,9.2,135.0,150
2024-01-29T19:00,81.0,53.2,500.0,23.8,12.0,103.0,150
2024-01-29T20:00,83.4,54.9,599.0,32.4,14.7,75.0,150
2024-01-29T21:00,86.1,56.9,675.0,36.2,17.2,58.0,150
2024-01-29T22:00,87.5,58.2,737.0,37.4,19.6,46.0,149
2024-01-29T23:00,85.9,57.0,774.0,37.1,21.3,38.0,148
2024-01-30T00:00,83.1,55.1,770.0,34.9,21.8,35.0,147
2024-01-30T01:00,80.8,53.4,739.0,31.2,21.5,35.0,146
2024-01-30T02:00,78.9,52.0,712.0,28.0,21.4,36.0,144
2024-01-30T03:00,77.3,51.0,693.0,25.5,21.8,36.0,143
2024-01-30T04:00,76.4,50.2,679.0,23.4,22.4,37.0,142
2024-01-30T05:00,79.4,52.0,767.0,26.8,22.2,31.0,141
2024-01-30T06:00,79.9,52.3,856.0,31.5,23.3,31.0,140
2024-01-30T07:00,85.0,55.8,969.0,37.5,24.6,33.0,138
2024-01-30T08:00,93.8,61.9,987.0,38.2,24.2,45.0,137
2024-01-30T09:00,85.0,54.8,816.0,28.5,20.6,77.0,136
2024-01-30T10:00,80.1,50.2,549.0,13.5,15.3,119.0,135
2024-01-30T11:00,73.8,46.4,351.0,2.5,11.1,151.0,136
2024-01-30T12:00,66.1,42.1,297.0,0.0,9.1,165.0,136
2024-01-30T13:00,63.1,40.4,311.0,0.7,8.3,169.0,137
2024-01-30T14:00,61.0,39.1,329.0,2.1,8.1,171.0,137
2024-01-30T15:00,61.0,39.2,325.0,2.3,8.4,176.0,137
2024-01-30T16:00,60.8,39.1,325.0,2.9,9.5,179.0,137
2024-01-30T17:00,74.0,47.4,348.0,4.7,10.7,179.0,138
2024-01-30T18:00,80.3,51.9,393.0,8.8,13.6,164.0,145
2024-01-30T19:00,84.1,54.5,456.0,14.4,17.6,143.0,153
2024-01-30T20:00,87.8,57.2,510.0,18.7,21.5,125.0,152
2024-01-30T21:00,91.5,59.8,548.0,20.4,25.0,115.0,144
2024-01-30T22:00,92.9,60.8,577.0,20.7,28.4,108.0,138
2024-01-30T23:00,95.5,62.4,596.0,20.3,30.7,102.0,139
2024-01-31T00:00,96.9,63.3,601.0,19.0,31.3,96.0,139
2024-01-31T01:00,98.5,64.3,596.0,17.1,30.8,91.0,140
2024-01-31T02:00,99.7,65.0,590.0,15.3,30.4,87.0,141
2024-01-31T03:00,100.1,65.0,577.0,13.4,30.6,83.0,143
2024-01-31T04:00,100.1,64.7,564.0,11.7,30.9,80.0,144
2024-01-31T05:00,98.0,63.3,537.0,10.5,33.0,87.0,146
2024-01-31T06:00,98.7,63.8,618.0,17.1,34.5,77.0,147
2024-01-31T07:00,101.5,65.7,723.0,25.9,36.2,65.0,148
2024-01-31T08:00,106.9,69.4,755.0,29.6,35.3,65.0,149
2024-01-31T09:00,90.1,57.7,640.0,23.3,29.5,89.0,150
2024-01-31T10:00,59.8,37.8,452.0,12.0,21.1,126.0,150
2024-01-31T11:00,51.2,32.5,311.0,3.4,14.4,155.0,149
2024-01-31T12:00,49.6,31.5,274.0,1.0,11.3,168.0,147
2024-01-31T13:00,49.0,31.2,284.0,1.4,9.9,174.0,146
2024-01-31T14:00,47.5,30.4,295.0,2.1,9.1,175.0,145
2024-01-31T15:00,45.3,29.0,287.0,2.2,8.2,173.0,144
2024-01-31T16:00,43.2,27.6,281.0,2.6,7.9,167.0,143
2024-01-31T17:00,45.6,29.0,297.0,4.0,8.4,164.0,142
2024-01-31T18:00,47.6,30.4,337.0,6.6,13.6,163.0,143
2024-01-31T19:00,54.5,34.7,394.0,10.2,20.7,162.0,151
2024-01-31T20:00,62.4,39.5,448.0,13.1,26.4,157.0,152
2024-01-31T21:00,71.0,44.8,496.0,14.8,29.2,146.0,150
2024-01-31T22:00,77.5,49.1,542.0,15.8,30.5,132.0,145
2024-01-31T23:00,82.0,51.8,571.0,15.9,30.9,121.0,135
2024-02-01T00:00,82.7,51.9,574.0,14.6,30.1,114.0,130
2024-02-01T01:00,83.6,52.4,561.0,12.5,28.4,110.0,129
2024-02-01T02:00,85.9,53.7,551.0,10.8,27.2,107.0,128
2024-02-01T03:00,87.1,54.5,542.0,9.4,26.8,104.0,127
2024-02-01T04:00,88.2,55.3,537.0,8.3,26.8,103.0,125
2024-02-01T05:00,85.0,54.6,529.0,8.5,27.9,108.0,124
2024-02-01T06:00,85.9,56.3,595.0,13.8,29.1,100.0,124
2024-02-01T07:00,90.3,59.8,680.0,20.9,30.6,89.0,123
2024-02-01T08:00,97.8,64.3,703.0,23.9,30.9,88.0,122
2024-02-01T09:00,79.9,47.3,603.0,18.9,29.1,104.0,122
2024-02-01T10:00,61.0,34.6,440.0,10.0,26.2,130.0,121
2024-02-01T11:00,52.9,30.5,318.0,3.2,23.4,151.0,120
2024-02-01T12:00,48.8,28.5,283.0,1.4,21.1,162.0,120
2024-02-01T13:00,47.4,28.1,289.0,1.7,19.1,168.0,120
2024-02-01T14:00,48.0,28.7,299.0,2.4,17.7,173.0,119
2024-02-01T15:00,50.1,30.0,299.0,2.5,17.4,179.0,119
2024-02-01T16:00,52.5,31.5,305.0,2.8,17.8,183.0,119
2024-02-01T17:00,46.9,28.6,295.0,4.4,18.2,178.0,132
2024-02-01T18:00,51.3,31.9,328.0,7.9,18.5,162.0,148
2024-02-01T19:00,55.8,35.2,375.0,12.8,19.0,139.0,154
2024-02-01T20:00,57.7,36.6,417.0,16.9,19.7,119.0,152
2024-02-01T21:00,58.9,37.4,449.0,19.4,21.1,104.0,143
2024-02-01T22:00,60.8,38.8,476.0,21.0,22.8,91.0,130
2024-02-01T23:00,62.9,39.9,492.0,21.7,23.8,80.0,118
2024-02-02T00:00,62.9,39.7,493.0,21.1,23.6,70.0,117
2024-02-02T01:00,62.2,39.1,482.0,19.6,22.6,62.0,115
2024-02-02T02:00,60.3,38.1,471.0,18.2,21.8,55.0,114
2024-02-02T03:00,57.7,36.6,457.0,16.9,21.3,50.0,112
2024-02-02T04:00,55.1,34.8,442.0,15.7,20.9,46.0,110
2024-02-02T05:00,58.7,37.3,475.0,17.8,22.3,44.0,108
2024-02-02T06:00,60.1,38.4,521.0,20.6,22.0,42.0,106
2024-02-02T07:00,63.3,40.9,580.0,24.1,21.5,40.0,105
2024-02-02T08:00,65.7,41.6,592.0,24.4,20.1,47.0,103
2024-02-02T09:00,63.6,34.8,509.0,18.2,17.2,73.0,100
2024-02-02T10:00,62.6,33.5,379.0,8.8,13.4,108.0,99
2024-02-02T11:00,59.3,32.1,281.0,1.9,10.3,134.0,99
2024-02-02T12:00,55.3,30.6,250.0,0.1,8.7,143.0,99
2024-02-02T13:00,50.9,28.5,251.0,0.7,7.7,143.0,99
2024-02-02T14:00,48.0,27.0,255.0,1.6,7.1,142.0,99
2024-02-02T15:00,46.6,26.4,241.0,1.0,6.4,144.0,99
2024-02-02T16:00,45.6,26.0,230.0,0.6,6.1,144.0,99
2024-02-02T17:00,55.1,31.3,272.0,3.5,6.3,138.0,99
2024-02-02T18:00,57.5,34.6,351.0,11.4,7.9,118.0,100
2024-02-02T19:00,61.7,38.0,461.0,22.3,10.1,91.0,102
2024-02-02T20:00,64.5,39.9,544.0,29.7,11.7,70.0,99
2024-02-02T21:00,65.7,40.9,578.0,30.8,12.4,61.0,99
2024-02-02T22:00,65.2,40.7,586.0,28.4,12.6,59.0,100
2024-02-02T23:00,62.9,39.2,574.0,25.2,12.3,58.0,100
2024-02-03T00:00,58.7,36.6,537.0,21.4,11.2,58.0,100
2024-02-03T01:00,55.6,34.5,481.0,16.7,9.5,60.0,100
2024-02-03T02:00,53.3,32.8,429.0,12.7,8.3,63.0,99
2024-02-03T03:00,51.7,31.7,385.0,9.7,7.9,66.0,99
2024-02-03T04:00,50.2,30.6,345.0,7.4,7.9,70.0,98
2024-02-03T05:00,49.7,30.3,345.0,7.8,8.4,69.0,98
2024-02-03T06:00,50.1,30.5,385.0,11.1,9.3,64.0,98
2024-02-03T07:00,52.4,32.2,438.0,15.5,10.5,58.0,97
2024-02-03T08:00,55.4,34.3,458.0,17.1,11.0,60.0,96
2024-02-03T09:00,51.8,30.7,415.0,13.3,10.1,79.0,96
2024-02-03T10:00,45.9,27.6,339.0,6.8,8.5,106.0,95
2024-02-03T11:00,41.7,25.7,280.0,2.0,7.2,126.0,95
2024-02-03T12:00,40.9,25.4,257.0,0.7,6.8,134.0,94
2024-02-03T13:00,39.5,24.2,250.0,1.0,6.8,135.0,94
2024-02-03T14:00,37.8,22.6,247.0,1.6,6.7,134.0,94
2024-02-03T15:00,37.0,21.4,235.0,1.3,6.3,134.0,93
2024-02-03T16:00,36.3,20.7,227.0,1.2,5.9,132.0,93
2024-02-03T17:00,45.3,26.5,253.0,3.6,6.2,134.0,92
2024-02-03T18:00,47.0,29.5,334.0,11.5,7.9,116.0,92
2024-02-03T19:00,51.3,32.7,445.0,22.4,10.2,92.0,92
2024-02-03T20:00,54.8,35.3,532.0,30.0,11.9,72.0,91
2024-02-03T21:00,56.6,36.7,574.0,31.8,12.7,61.0,91
2024-02-03T22:00,55.3,36.0,591.0,30.4,13.0,54.0,91
2024-02-03T23:00,51.2,33.4,584.0,27.6,12.6,50.0,90
2024-02-04T00:00,46.6,30.4,544.0,23.3,11.1,49.0,90
2024-02-04T01:00,44.0,28.6,480.0,17.7,9.0,52.0,89
2024-02-04T02:00,43.2,28.0,425.0,13.1,7.5,55.0,89
2024-02-04T03:00,43.8,28.3,384.0,9.9,7.0,59.0,88
2024-02-04T04:00,45.3,29.1,351.0,7.6,7.0,64.0,88
2024-02-04T05:00,45.5,29.2,402.0,10.5,8.4,56.0,88
2024-02-04T06:00,49.0,31.4,462.0,14.7,9.6,51.0,88
2024-02-04T07:00,55.3,35.6,540.0,20.2,11.1,45.0,88
2024-02-04T08:00,63.8,41.2,573.0,22.2,11.9,51.0,88
2024-02-04T09:00,71.7,45.4,516.0,17.2,11.1,79.0,89
2024-02-04T10:00,75.9,48.2,414.0,8.7,9.5,117.0,90
2024-02-04T11:00,72.2,45.5,333.0,2.4,8.1,146.0,92
2024-02-04T12:00,67.8,42.0,300.0,0.7,7.1,155.0,93
2024-02-04T13:00,63.3,38.6,288.0,1.1,6.3,153.0,94
2024-02-04T14:00,60.3,36.4,282.0,1.8,5.7,151.0,96
2024-02-04T15:00,58.2,34.8,267.0,1.2,5.3,153.0,97
2024-02-04T16:00,57.2,34.1,258.0,1.0,5.1,153.0,98
2024-02-04T17:00,78.9,47.8,302.0,4.4,5.5,152.0,102
2024-02-04T18:00,80.1,49.6,376.0,10.6,7.5,136.0,118
2024-02-04T19:00,82.2,52.5,478.0,18.9,10.4,114.0,122
2024-02-04T20:00,82.2,53.3,557.0,24.3,14.2,100.0,115
2024-02-04T21:00,84.8,55.3,588.0,23.8,19.7,103.0,107
2024-02-04T22:00,91.7,59.8,595.0,20.3,26.0,114.0,109
2024-02-04T23:00,96.9,63.1,598.0,17.3,30.6,121.0,111
2024-02-05T00:00,97.1,63.1,601.0,15.9,32.0,118.0,114
2024-02-05T01:00,98.0,63.6,600.0,14.8,31.8,110.0,118
2024-02-05T02:00,98.5,63.6,601.0,14.1,31.7,103.0,121
2024-02-05T03:00,99.2,63.8,595.0,12.8,32.7,99.0,125
2024-02-05T04:00,99.9,64.0,591.0,11.8,33.8,96.0,129
2024-02-05T05:00,97.8,63.3,625.0,13.1,33.0,91.0,132
2024-02-05T06:00,99.4,64.0,746.0,22.0,34.6,80.0,136
2024-02-05T07:00,104.8,68.0,903.0,33.7,36.7,67.0,139
2024-02-05T08:00,113.4,74.0,955.0,38.7,36.5,68.0,143
2024-02-05T09:00,108.5,69.6,799.0,30.2,32.2,96.0,146
2024-02-05T10:00,82.0,51.7,538.0,14.8,25.8,138.0,149
2024-02-05T11:00,67.1,42.0,341.0,3.3,20.3,169.0,149
2024-02-05T12:00,60.8,37.5,284.0,0.2,16.8,179.0,149
2024-02-05T13:00,59.8,36.8,292.0,1.0,14.2,178.0,148
2024-02-05T14:00,58.2,35.5,305.0,2.1,12.6,178.0,148
2024-02-05T15:00,55.8,33.5,300.0,2.2,12.2,184.0,148
2024-02-05T16:00,53.4,31.8,301.0,2.8,12.8,189.0,148
2024-02-05T17:00,66.4,38.4,331.0,4.7,13.8,190.0,147
2024-02-05T18:00,68.9,41.7,360.0,8.4,15.2,171.0,162
2024-02-05T19:00,67.3,41.1,403.0,13.6,17.2,145.0,167
2024-02-05T20:00,67.5,41.4,451.0,18.4,19.1,120.0,163
2024-02-05T21:00,69.2,42.8,507.0,22.5,20.9,99.0,154
2024-02-05T22:00,72.2,44.9,568.0,26.3,22.7,79.0,142
2024-02-05T23:00,74.5,46.3,615.0,28.9,23.9,63.0,140
2024-02-06T00:00,74.7,46.3,638.0,29.9,24.1,53.0,139
2024-02-06T01:00,74.7,46.0,646.0,29.7,23.7,46.0,137
2024-02-06T02:00,75.2,45.8,649.0,29.0,23.4,42.0,135
2024-02-06T03:00,76.4,45.9,641.0,27.2,23.6,40.0,133
2024-02-06T04:00,78.2,46.2,628.0,24.9,23.8,40.0,131
2024-02-06T05:00,72.6,43.7,538.0,18.3,24.4,52.0,129
2024-02-06T06:00,72.6,43.9,648.0,25.4,25.9,46.0,127
2024-02-06T07:00,76.6,46.9,792.0,34.6,27.6,40.0,125
2024-02-06T08:00,85.0,53.2,842.0,37.9,27.4,46.0,123
2024-02-06T09:00,75.4,44.0,706.0,29.2,23.2,78.0,121
2024-02-06T10:00,64.0,35.4,476.0,14.6,17.1,122.0,118
2024-02-06T11:00,58.9,32.2,305.0,3.6,12.2,157.0,117
2024-02-06T12:00,61.2,34.1,261.0,0.5,10.1,171.0,116
2024-02-06T13:00,60.5,34.2,276.0,1.1,9.2,176.0,115
2024-02-06T14:00,56.2,32.0,291.0,2.1,8.9,177.0,115
2024-02-06T15:00,52.6,30.0,283.0,2.1,8.6,178.0,115
2024-02-06T16:00,50.4,29.0,275.0,2.6,8.8,175.0,114
2024-02-06T17:00,65.7,37.7,319.0,4.7,10.7,177.0,129
2024-02-06T18:00,68.0,41.7,362.0,9.4,13.5,159.0,150
2024-02-06T19:00,65.0,41.0,423.0,16.0,17.4,134.0,156
2024-02-06T20:00,62.6,40.0,480.0,21.5,21.0,111.0,152
2024-02-06T21:00,63.3,40.6,529.0,24.8,24.0,95.0,140
2024-02-06T22:00,66.1,42.5,575.0,27.1,26.7,82.0,123
2024-02-06T23:00,68.7,43.9,604.0,28.0,28.3,71.0,113
2024-02-07T00:00,68.9,43.5,610.0,27.3,28.2,63.0,113
2024-02-07T01:00,68.5,42.8,601.0,25.3,27.1,57.0,113
2024-02-07T02:00,67.1,41.7,586.0,23.2,25.7,52.0,112
2024-02-07T03:00,65.0,39.9,560.0,20.5,24.3,49.0,112
2024-02-07T04:00,61.9,37.6,529.0,17.7,22.8,48.0,111
2024-02-07T05:00,69.4,41.6,593.0,20.9,26.9,43.0,110
2024-02-07T06:00,69.4,41.2,684.0,25.6,26.8,40.0,110
2024-02-07T07:00,72.9,43.8,800.0,31.7,26.4,36.0,110
2024-02-07T08:00,78.2,48.1,829.0,33.0,24.7,43.0,110
2024-02-07T09:00,65.9,35.7,682.0,24.9,20.5,70.0,109
2024-02-07T10:00,53.7,27.4,448.0,12.1,15.1,106.0,108
2024-02-07T11:00,46.0,23.8,273.0,2.6,10.7,135.0,107
2024-02-07T12:00,42.4,22.6,227.0,0.0,8.4,147.0,106
2024-02-07T13:00,41.1,22.5,240.0,0.7,7.2,150.0,105
2024-02-07T14:00,39.0,21.9,255.0,1.8,6.6,152.0,104
2024-02-07T15:00,35.5,20.3,247.0,1.8,6.5,155.0,103
2024-02-07T16:00,32.9,19.1,240.0,2.2,7.2,156.0,102
2024-02-07T17:00,29.8,17.2,252.0,3.8,6.7,144.0,101
2024-02-07T18:00,30.9,19.4,285.0,7.8,8.6,128.0,110
2024-02-07T19:00,32.1,20.7,332.0,13.5,11.4,106.0,115
2024-02-07T20:00,33.6,22.1,383.0,18.8,13.9,85.0,109
2024-02-07T21:00,36.4,24.1,446.0,23.7,16.3,68.0,95
2024-02-07T22:00,40.3,26.7,512.0,28.3,18.6,53.0,93
2024-02-07T23:00,43.1,28.5,546.0,30.0,19.3,43.0,92
2024-02-08T00:00,42.4,27.7,523.0,26.9,17.4,41.0,91
2024-02-08T01:00,41.1,26.0,467.0,21.0,13.9,45.0,89
2024-02-08T02:00,41.0,25.0,421.0,16.2,11.1,48.0,88
2024-02-08T03:00,41.2,24.7,396.0,13.7,9.7,47.0,87
2024-02-08T04:00,41.9,24.7,380.0,12.3,9.0,46.0,86
2024-02-08T05:00,42.4,24.9,344.0,9.8,7.3,49.0,84
2024-02-08T06:00,45.1,26.0,396.0,13.0,7.8,45.0,83
2024-02-08T07:00,50.4,29.5,464.0,17.3,8.4,42.0,82
2024-02-08T08:00,56.9,32.7,490.0,18.7,8.7,46.0,81
2024-02-08T09:00,63.3,28.8,431.0,14.5,8.3,67.0,80
2024-02-08T10:00,60.1,27.3,329.0,7.5,7.5,95.0,79
2024-02-08T11:00,55.9,26.3,251.0,2.2,6.8,118.0,79
2024-02-08T12:00,51.0,25.1,225.0,0.8,6.1,128.0,79
2024-02-08T13:00,46.1,23.6,223.0,1.1,5.5,131.0,79
2024-02-08T14:00,39.5,20.6,223.0,1.7,5.1,133.0,80
2024-02-08T15:00,33.9,18.2,207.0,1.2,4.7,137.0,79
2024-02-08T16:00,31.0,17.1,194.0,0.9,4.6,140.0,79
2024-02-08T17:00,25.0,14.5,208.0,3.7,5.5,132.0,79
2024-02-08T18:00,30.2,19.3,295.0,12.7,8.0,110.0,82
2024-02-08T19:00,36.2,24.0,416.0,25.2,11.6,79.0,85
2024-02-08T20:00,41.9,28.1,524.0,35.4,15.3,54.0,79
2024-02-08T21:00,47.3,31.5,604.0,41.0,19.3,42.0,80
2024-02-08T22:00,53.0,35.2,670.0,44.3,23.5,36.0,80
2024-02-08T23:00,58.1,38.0,716.0,45.7,26.3,32.0,81
2024-02-09T00:00,61.2,39.2,737.0,45.1,26.9,29.0,82
2024-02-09T01:00,64.3,40.2,737.0,42.7,26.3,29.0,83
2024-02-09T02:00,67.8,41.2,728.0,39.5,25.5,29.0,84
2024-02-09T03:00,70.1,41.7,702.0,35.3,25.1,30.0,85
2024-02-09T04:00,70.8,41.7,665.0,30.4,24.6,32.0,86
2024-02-09T05:00,56.7,35.5,617.0,25.0,16.7,32.0,88
2024-02-09T06:00,55.9,35.2,661.0,25.7,15.6,32.0,88
2024-02-09T07:00,58.9,37.7,715.0,26.4,14.0,34.0,89
2024-02-09T08:00,63.6,41.1,716.0,24.7,12.5,44.0,90
2024-02-09T09:00,61.5,37.7,614.0,18.4,11.1,72.0,90
2024-02-09T10:00,58.9,35.6,458.0,9.6,9.6,109.0,91
2024-02-09T11:00,51.2,31.1,331.0,3.2,8.4,137.0,92
2024-02-09T12:00,40.5,24.3,266.0,1.2,7.2,146.0,92
2024-02-09T13:00,30.6,18.2,230.0,1.4,6.3,145.0,92
2024-02-09T14:00,24.7,14.6,207.0,2.0,6.0,144.0,92
2024-02-09T15:00,22.8,13.4,189.0,1.8,6.6,147.0,91
2024-02-09T16:00,22.8,13.4,185.0,1.9,7.8,150.0,91
2024-02-09T17:00,25.9,15.3,221.0,4.2,8.4,147.0,91
2024-02-09T18:00,32.9,21.1,285.0,10.0,11.4,133.0,106
2024-02-09T19:00,39.6,25.8,375.0,18.1,15.7,113.0,111
2024-02-09T20:00,46.7,30.5,458.0,24.6,19.8,96.0,106
2024-02-09T21:00,53.6,35.2,529.0,28.3,23.4,85.0,95
2024-02-09T22:00,60.3,39.6,594.0,30.5,26.8,76.0,91
2024-02-09T23:00,65.9,42.8,636.0,31.1,29.1,70.0,92
2024-02-10T00:00,69.2,44.5,641.0,29.4,29.7,67.0,92
2024-02-10T01:00,71.7,45.5,622.0,26.0,29.3,66.0,93
2024-02-10T02:00,72.9,45.6,604.0,23.1,28.7,65.0,93
2024-02-10T03:00,72.9,45.1,585.0,20.7,28.2,62.0,93
2024-02-10T04:00,73.1,44.5,567.0,18.7,27.6,59.0,94
2024-02-10T05:00,67.1,40.7,556.0,17.2,26.0,57.0,94
2024-02-10T06:00,69.4,41.1,658.0,22.6,26.1,53.0,94
2024-02-10T07:00,74.5,44.2,790.0,29.7,25.9,49.0,95
2024-02-10T08:00,80.3,48.7,826.0,31.9,24.1,53.0,95
2024-02-10T09:00,67.1,35.7,671.0,24.3,19.1,73.0,96
2024-02-10T10:00,52.0,25.0,420.0,11.8,12.5,102.0,96
2024-02-10T11:00,39.7,18.0,231.0,2.5,7.5,124.0,95
2024-02-10T12:00,32.9,15.3,176.0,0.1,5.4,132.0,94
2024-02-10T13:00,28.5,13.9,183.0,0.8,4.8,134.0,93
2024-02-10T14:00,25.6,13.4,196.0,1.9,4.9,136.0,93
2024-02-10T15:00,25.1,13.5,193.0,2.0,5.4,143.0,93
2024-02-10T16:00,24.9,13.7,196.0,2.3,6.6,149.0,93
2024-02-10T17:00,28.9,17.2,233.0,4.3,7.0,152.0,93
2024-02-10T18:00,37.1,23.7,290.0,8.5,11.8,146.0,95
2024-02-10T19:00,46.6,30.2,370.0,14.3,18.5,138.0,104
2024-02-10T20:00,56.1,36.4,442.0,18.9,23.9,128.0,107
2024-02-10T21:00,62.9,40.9,496.0,21.0,26.7,116.0,106
2024-02-10T22:00,68.0,44.2,541.0,21.9,28.2,103.0,102
2024-02-10T23:00,71.5,46.4,575.0,22.3,28.9,91.0,95
2024-02-11T00:00,72.6,47.0,592.0,22.2,28.8,81.0,95
2024-02-11T01:00,72.9,47.0,598.0,21.6,27.9,72.0,95
2024-02-11T02:00,72.6,46.7,601.0,20.9,27.0,65.0,95
2024-02-11T03:00,73.1,46.2,600.0,19.9,26.5,60.0,95
2024-02-11T04:00,74.5,46.3,596.0,18.7,26.1,56.0,95
2024-02-11T05:00,70.8,43.8,594.0,18.1,24.7,55.0,96
2024-02-11T06:00,73.3,44.7,659.0,21.5,24.2,52.0,96
2024-02-11T07:00,78.5,48.3,742.0,25.9,23.3,50.0,96
2024-02-11T08:00,79.4,49.8,756.0,26.7,21.5,58.0,96
2024-02-11T09:00,66.8,40.0,633.0,20.2,18.0,86.0,96
2024-02-11T10:00,58.1,33.4,441.0,10.0,13.6,125.0,97
2024-02-11T11:00,47.7,25.6,294.0,2.5,10.0,153.0,97
2024-02-11T12:00,40.3,20.4,242.0,0.4,8.0,159.0,98
2024-02-11T13:00,36.0,17.9,235.0,1.0,6.8,155.0,98
2024-02-11T14:00,33.8,17.2,235.0,1.8,6.1,151.0,99
2024-02-11T15:00,32.4,17.2,224.0,1.5,5.8,154.0,99
2024-02-11T16:00,31.4,17.3,220.0,1.4,5.9,158.0,99
2024-02-11T17:00,36.9,20.4,238.0,4.0,7.1,150.0,109
2024-02-11T18:00,39.7,24.4,290.0,9.5,9.3,131.0,123
2024-02-11T19:00,41.7,26.9,365.0,17.2,12.6,104.0,124
2024-02-11T20:00,44.5,29.2,436.0,23.6,15.9,83.0,114
2024-02-11T21:00,49.1,32.6,502.0,27.5,19.4,72.0,99
2024-02-11T22:00,54.7,36.4,564.0,30.1,23.1,65.0,98
2024-02-11T23:00,59.6,39.6,606.0,31.0,25.7,61.0,98
2024-02-12T00:00,62.4,41.2,613.0,29.3,26.7,60.0,97
2024-02-12T01:00,64.3,42.3,600.0,25.9,26.6,61.0,97
2024-02-12T02:00,65.9,43.2,589.0,23.1,26.3,61.0,97
2024-02-12T03:00,67.1,43.5,582.0,21.2,25.9,57.0,96
2024-02-12T04:00,67.5,43.8,579.0,19.9,25.3,52.0,96
2024-02-12T05:00,62.9,40.9,571.0,18.3,25.9,55.0,96
2024-02-12T06:00,65.2,41.7,680.0,23.9,26.2,51.0,96
2024-02-12T07:00,71.0,45.3,822.0,31.2,26.3,46.0,95
2024-02-12T08:00,78.0,50.5,860.0,33.4,24.6,50.0,95
2024-02-12T09:00,61.5,36.4,693.0,25.4,19.2,70.0,95
2024-02-12T10:00,44.0,22.5,424.0,12.2,12.0,99.0,95
2024-02-12T11:00,33.4,15.2,223.0,2.4,6.5,122.0,94
2024-02-12T12:00,28.3,12.6,171.0,0.0,4.5,132.0,93
2024-02-12T13:00,27.1,12.5,187.0,0.7,4.2,135.0,93
2024-02-12T14:00,27.1,13.3,207.0,1.8,4.4,138.0,92
2024-02-12T15:00,27.6,14.2,204.0,1.7,4.4,143.0,92
2024-02-12T16:00,27.9,14.9,205.0,1.8,4.8,147.0,92
2024-02-12T17:00,39.1,21.5,233.0,3.6,4.6,140.0,91
2024-02-12T18:00,37.1,22.8,280.0,8.6,7.3,125.0,92
2024-02-12T19:00,39.1,25.1,346.0,15.5,11.2,105.0,97
2024-02-12T20:00,43.1,28.1,407.0,21.0,15.2,89.0,93
2024-02-12T21:00,49.4,32.4,461.0,23.9,19.2,80.0,91
2024-02-12T22:00,56.3,36.8,510.0,25.4,23.3,76.0,91
2024-02-12T23:00,62.6,40.6,541.0,25.4,26.5,73.0,91
2024-02-13T00:00,67.5,43.4,544.0,23.1,28.4,73.0,91
2024-02-13T01:00,71.9,45.6,529.0,19.3,29.5,75.0,91
2024-02-13T02:00,75.2,47.1,516.0,16.3,30.1,75.0,92
2024-02-13T03:00,76.4,47.6,504.0,14.5,30.5,72.0,92
2024-02-13T04:00,74.7,46.8,494.0,13.4,30.4,67.0,92
2024-02-13T05:00,74.7,46.7,498.0,12.8,33.7,74.0,93
2024-02-13T06:00,75.2,46.9,566.0,16.8,32.5,67.0,93
2024-02-13T07:00,78.2,49.4,655.0,22.0,30.7,58.0,93
2024-02-13T08:00,80.1,50.3,679.0,23.7,28.1,59.0,94
2024-02-13T09:00,71.9,43.9,577.0,18.4,24.1,81.0,94
2024-02-13T10:00,61.0,36.0,410.0,9.6,19.2,114.0,94
2024-02-13T11:00,48.0,27.8,283.0,3.0,15.1,139.0,95
2024-02-13T12:00,39.2,23.0,240.0,1.1,12.2,150.0,96
2024-02-13T13:00,35.9,21.4,236.0,1.5,10.0,154.0,97
2024-02-13T14:00,34.7,20.9,237.0,2.1,8.4,155.0,98
2024-02-13T15:00,33.8,20.5,218.0,1.3,7.3,158.0,99
2024-02-13T16:00,32.8,20.0,203.0,0.7,6.9,158.0,99
2024-02-13T17:00,45.9,26.4,245.0,4.4,8.0,153.0,102
2024-02-13T18:00,51.2,31.9,329.0,12.5,10.2,130.0,118
2024-02-13T19:00,55.1,35.5,446.0,23.6,13.3,97.0,121
2024-02-13T20:00,55.8,36.6,539.0,31.8,16.4,71.0,112
2024-02-13T21:00,57.2,37.7,588.0,34.7,19.5,58.0,103
2024-02-13T22:00,60.5,40.0,613.0,34.7,22.6,52.0,103
2024-02-13T23:00,63.3,42.0,624.0,33.5,24.6,48.0,104
2024-02-14T00:00,64.0,42.5,620.0,31.3,24.9,46.0,104
2024-02-14T01:00,64.7,43.0,601.0,28.0,24.0,46.0,104
2024-02-14T02:00,65.0,43.2,582.0,24.8,22.9,46.0,103
2024-02-14T03:00,65.0,43.1,559.0,21.7,21.6,46.0,103
2024-02-14T04:00,63.3,42.0,535.0,18.7,20.0,47.0,102
2024-02-14T05:00,71.7,47.4,582.0,19.7,25.1,48.0,102
2024-02-14T06:00,72.9,48.3,637.0,22.5,23.9,46.0,102
2024-02-14T07:00,75.9,50.6,707.0,26.0,22.1,44.0,102
2024-02-14T08:00,79.4,53.1,718.0,26.2,19.9,52.0,102
2024-02-14T09:00,73.6,48.0,612.0,19.9,17.1,79.0,103
2024-02-14T10:00,72.2,44.9,448.0,10.4,13.9,116.0,103
2024-02-14T11:00,69.2,42.0,320.0,3.2,11.2,143.0,104
2024-02-14T12:00,64.0,38.9,272.0,1.0,9.4,152.0,105
2024-02-14T13:00,58.0,35.2,261.0,1.3,8.2,152.0,107
2024-02-14T14:00,52.5,31.7,258.0,1.9,7.4,150.0,109
2024-02-14T15:00,49.6,29.8,242.0,1.2,6.8,152.0,110
2024-02-14T16:00,48.8,29.0,234.0,1.0,6.7,152.0,111
2024-02-14T17:00,50.9,30.6,279.0,4.4,7.7,153.0,112
2024-02-14T18:00,53.7,33.9,387.0,15.1,9.9,128.0,115
2024-02-14T19:00,57.5,37.1,538.0,29.8,13.1,93.0,118
2024-02-14T20:00,61.7,40.3,666.0,41.2,16.1,64.0,112
2024-02-14T21:00,66.4,43.5,752.0,46.2,19.0,47.0,113
2024-02-14T22:00,68.7,44.9,815.0,47.9,21.7,35.0,113
2024-02-14T23:00,67.5,43.4,849.0,47.6,23.3,28.0,114
2024-02-15T00:00,65.9,41.4,847.0,45.6,23.3,25.0,114
2024-02-15T01:00,65.0,40.2,817.0,41.7,22.3,25.0,114
2024-02-15T02:00,63.1,38.5,771.0,36.8,20.6,28.0,114
2024-02-15T03:00,58.8,35.6,701.0,30.1,18.0,33.0,113
2024-02-15T04:00,54.1,32.6,615.0,22.4,14.9,40.0,112
2024-02-15T05:00,54.0,32.6,645.0,23.0,16.3,37.0,111
2024-02-15T06:00,53.1,32.1,667.0,23.9,15.4,40.0,110
2024-02-15T07:00,55.5,34.5,694.0,24.8,14.1,44.0,108
2024-02-15T08:00,60.1,37.6,678.0,23.3,12.8,55.0,106
2024-02-15T09:00,63.6,37.7,582.0,17.1,11.6,78.0,105
2024-02-15T10:00,60.5,37.3,444.0,8.4,10.4,107.0,104
2024-02-15T11:00,51.2,32.6,336.0,2.1,9.2,130.0,103
2024-02-15T12:00,42.5,27.6,288.0,0.3,7.9,140.0,102
2024-02-15T13:00,35.5,23.3,269.0,0.9,6.6,143.0,101
2024-02-15T14:00,32.4,21.2,259.0,1.7,5.6,144.0,100
2024-02-15T15:00,31.2,20.3,242.0,1.3,4.9,146.0,99
2024-02-15T16:00,30.7,19.8,233.0,1.1,4.5,145.0,98
2024-02-15T17:00,34.7,22.5,250.0,3.8,4.1,136.0,97
2024-02-15T18:00,41.2,27.4,350.0,13.9,6.7,115.0,99
2024-02-15T19:00,48.1,32.2,491.0,27.9,10.5,86.0,100
2024-02-15T20:00,52.5,35.4,623.0,39.1,14.1,63.0,96
2024-02-15T21:00,57.6,38.8,736.0,44.9,17.5,50.0,95
2024-02-15T22:00,67.3,45.4,839.0,47.9,20.8,43.0,95
2024-02-15T23:00,72.2,48.8,909.0,48.5,23.1,38.0,95
2024-02-16T00:00,74.7,50.2,935.0,46.3,23.9,36.0,96
2024-02-16T01:00,77.1,51.6,929.0,41.7,23.5,36.0,96
2024-02-16T02:00,77.8,51.9,903.0,36.6,22.5,37.0,97
2024-02-16T03:00,75.4,50.3,856.0,31.2,20.6,36.0,98
2024-02-16T04:00,69.8,46.6,789.0,25.4,18.0,36.0,99
2024-02-16T05:00,74.7,49.9,902.0,31.7,22.8,31.0,101
2024-02-16T06:00,66.4,44.5,836.0,28.0,19.6,35.0,102
2024-02-16T07:00,56.9,38.4,741.0,22.8,15.1,41.0,104
2024-02-16T08:00,49.0,33.3,633.0,17.5,11.5,53.0,104
2024-02-16T09:00,35.7,24.4,504.0,12.1,9.7,77.0,104
2024-02-16T10:00,27.9,19.0,363.0,6.6,8.8,108.0,102
2024-02-16T11:00,25.8,17.5,257.0,2.7,7.9,130.0,100
2024-02-16T12:00,22.6,15.1,212.0,1.2,6.5,138.0,99
2024-02-16T13:00,23.6,15.5,202.0,1.2,5.1,137.0,98
2024-02-16T14:00,23.8,15.5,199.0,1.6,4.1,135.0,97
2024-02-16T15:00,23.2,15.1,187.0,1.1,3.3,134.0,97
2024-02-16T16:00,22.8,14.9,182.0,1.0,2.8,132.0,97
2024-02-16T17:00,30.4,19.6,209.0,2.7,3.2,131.0,96
2024-02-16T18:00,34.5,22.8,290.0,10.9,5.9,115.0,96
2024-02-16T19:00,40.9,27.4,406.0,22.4,9.8,93.0,96
2024-02-16T20:00,45.8,30.7,519.0,31.6,13.5,74.0,95
2024-02-16T21:00,50.6,34.1,623.0,36.6,16.7,62.0,95
2024-02-16T22:00,61.2,41.1,725.0,39.4,19.7,53.0,95
2024-02-16T23:00,74.3,49.7,803.0,40.3,22.1,48.0,94
2024-02-17T00:00,83.4,55.6,846.0,38.8,23.6,46.0,94
2024-02-17T01:00,91.0,60.5,866.0,35.5,24.6,48.0,95
2024-02-17T02:00,97.3,64.5,879.0,32.2,25.7,50.0,95
2024-02-17T03:00,103.1,68.2,888.0,29.1,27.6,52.0,96
2024-02-17T04:00,108.5,71.7,890.0,26.0,29.6,56.0,98
2024-02-17T05:00,29.7,20.4,542.0,26.1,14.8,46.0,100
2024-02-17T06:00,28.1,19.4,584.0,27.4,14.5,47.0,97
2024-02-17T07:00,31.2,21.6,637.0,28.8,14.1,49.0,95
2024-02-17T08:00,34.9,24.3,636.0,27.3,12.9,58.0,94
2024-02-17T09:00,21.3,14.7,530.0,20.0,10.5,79.0,93
2024-02-17T10:00,18.3,12.5,371.0,9.7,7.3,106.0,93
2024-02-17T11:00,19.8,13.3,251.0,2.2,4.9,126.0,92
2024-02-17T12:00,21.5,14.2,211.0,0.0,3.7,134.0,92
2024-02-17T13:00,21.4,14.1,211.0,0.6,3.3,136.0,92
2024-02-17T14:00,21.4,14.1,215.0,1.4,3.0,136.0,92
2024-02-17T15:00,21.5,14.2,203.0,0.8,2.5,139.0,92
2024-02-17T16:00,21.7,14.3,197.0,0.4,2.3,140.0,91
2024-02-17T17:00,24.3,16.2,233.0,3.4,4.1,145.0,91
2024-02-17T18:00,30.4,20.5,343.0,13.5,6.6,124.0,92
2024-02-17T19:00,39.5,26.8,496.0,27.3,10.2,95.0,96
2024-02-17T20:00,49.0,33.4,618.0,36.5,14.4,77.0,91
2024-02-17T21:00,59.6,40.7,678.0,36.9,19.7,78.0,91
2024-02-17T22:00,68.5,46.6,707.0,32.7,25.5,89.0,92
2024-02-17T23:00,79.9,54.1,721.0,28.1,30.1,100.0,92
2024-02-18T00:00,89.4,60.3,717.0,24.0,32.5,107.0,92
2024-02-18T01:00,94.8,64.0,697.0,19.4,33.6,114.0,93
2024-02-18T02:00,97.8,65.7,684.0,16.0,34.5,117.0,93
2024-02-18T03:00,98.5,66.1,678.0,13.7,35.6,116.0,93
2024-02-18T04:00,100.1,67.3,679.0,12.5,36.5,111.0,93
2024-02-18T05:00,103.6,69.6,739.0,16.2,35.3,95.0,93
2024-02-18T06:00,108.0,72.4,855.0,23.1,36.3,91.0,97
2024-02-18T07:00,116.2,78.0,1005.0,32.1,37.4,86.0,101
2024-02-18T08:00,123.9,83.4,1036.0,35.3,35.8,90.0,107
2024-02-18T09:00,101.0,67.3,833.0,26.9,29.2,112.0,113
2024-02-18T10:00,57.2,37.6,512.0,12.6,19.9,143.0,118
2024-02-18T11:00,42.8,28.1,273.0,2.0,12.8,166.0,121
2024-02-18T12:00,36.9,24.3,210.0,0.0,9.9,172.0,123
2024-02-18T13:00,34.8,23.0,229.0,0.3,9.1,169.0,124
2024-02-18T14:00,34.8,23.1,252.0,1.6,8.8,166.0,125
2024-02-18T15:00,35.2,23.3,245.0,1.3,8.5,169.0,126
2024-02-18T16:00,35.4,23.5,242.0,1.2,8.6,173.0,126
2024-02-18T17:00,38.4,25.7,293.0,3.8,10.9,177.0,137
2024-02-18T18:00,42.8,28.8,353.0,9.1,12.7,160.0,150
2024-02-18T19:00,48.9,33.1,437.0,16.3,15.5,135.0,153
2024-02-18T20:00,53.1,36.0,508.0,21.6,18.8,118.0,147
2024-02-18T21:00,58.9,39.9,552.0,23.1,23.4,114.0,136
2024-02-18T22:00,66.8,45.4,583.0,22.7,28.5,117.0,130
2024-02-18T23:00,72.9,49.4,605.0,21.7,32.1,118.0,130
2024-02-19T00:00,75.7,51.3,618.0,20.4,32.8,113.0,130
2024-02-19T01:00,77.8,52.6,623.0,18.6,31.9,107.0,129
2024-02-19T02:00,79.4,53.7,625.0,17.0,31.2,101.0,127
2024-02-19T03:00,80.1,54.2,615.0,14.9,31.4,98.0,126
2024-02-19T04:00,80.1,54.1,602.0,13.0,31.8,95.0,125
2024-02-19T05:00,70.5,48.0,597.0,13.2,31.8,90.0,124
2024-02-19T06:00,71.0,48.2,715.0,21.4,33.6,84.0,121
2024-02-19T07:00,75.7,51.7,868.0,32.2,35.7,76.0,119
2024-02-19T08:00,85.7,58.7,912.0,36.6,34.8,76.0,116
2024-02-19T09:00,62.9,43.0,739.0,28.3,27.8,93.0,113
2024-02-19T10:00,39.8,27.1,457.0,13.5,17.7,118.0,111
2024-02-19T11:00,27.1,18.3,246.0,2.5,10.0,137.0,110
2024-02-19T12:00,22.6,15.3,188.0,0.0,7.0,144.0,109
2024-02-19T13:00,21.5,14.5,202.0,0.5,6.4,145.0,108
2024-02-19T14:00,22.0,14.8,221.0,1.7,6.3,146.0,107
2024-02-19T15:00,23.2,15.7,220.0,1.6,6.2,151.0,106
2024-02-19T16:00,24.7,16.6,225.0,1.9,6.7,156.0,105
2024-02-19T17:00,22.4,15.2,241.0,3.6,8.2,158.0,105
2024-02-19T18:00,27.1,18.5,276.0,7.3,10.2,144.0,112
2024-02-19T19:00,31.0,21.1,326.0,12.4,13.1,124.0,118
2024-02-19T20:00,34.0,23.2,375.0,16.9,15.9,105.0,115
2024-02-19T21:00,36.7,25.0,420.0,20.2,18.6,90.0,107
2024-02-19T22:00,39.0,26.7,463.0,23.0,21.2,77.0,99
2024-02-19T23:00,41.2,28.3,494.0,24.6,23.0,67.0,97
2024-02-20T00:00,42.0,28.9,507.0,24.7,23.6,60.0,96
2024-02-20T01:00,42.0,28.9,508.0,23.7,23.4,56.0,94
2024-02-20T02:00,41.3,28.3,505.0,22.5,23.1,52.0,92
2024-02-20T03:00,40.0,27.5,488.0,20.7,22.7,47.0,90
2024-02-20T04:00,38.4,26.4,468.0,18.6,22.1,42.0,88
2024-02-20T05:00,42.1,28.9,499.0,18.2,24.6,47.0,86
2024-02-20T06:00,42.0,28.9,558.0,21.2,25.3,45.0,84
2024-02-20T07:00,44.8,30.9,632.0,25.0,26.1,44.0,83
2024-02-20T08:00,48.4,33.4,644.0,25.5,24.9,49.0,81
2024-02-20T09:00,33.2,22.6,530.0,19.3,19.8,68.0,79
2024-02-20T10:00,23.2,15.6,352.0,9.6,12.7,94.0,77
2024-02-20T11:00,18.7,12.7,221.0,2.5,7.3,115.0,77
2024-02-20T12:00,18.1,12.2,187.0,0.5,5.4,127.0,76
2024-02-20T13:00,19.2,13.0,200.0,1.0,5.3,133.0,76
2024-02-20T14:00,19.6,13.3,212.0,1.8,5.5,136.0,76
2024-02-20T15:00,18.9,12.8,203.0,1.7,5.3,135.0,76
2024-02-20T16:00,17.5,11.9,194.0,1.9,5.3,131.0,75
2024-02-20T17:00,17.1,11.4,195.0,3.2,5.8,115.0,75
2024-02-20T18:00,21.2,14.2,235.0,7.0,8.4,106.0,76
2024-02-20T19:00,26.4,17.8,293.0,12.2,11.9,94.0,79
2024-02-20T20:00,32.1,21.5,352.0,17.1,15.2,82.0,74
2024-02-20T21:00,36.9,24.9,418.0,21.4,17.7,70.0,74
2024-02-20T22:00,41.1,27.8,486.0,25.2,19.8,58.0,74
2024-02-20T23:00,43.9,29.6,526.0,27.0,21.5,49.0,74
2024-02-21T00:00,44.6,30.0,520.0,25.3,22.6,47.0,74
2024-02-21T01:00,44.9,30.3,486.0,21.4,23.2,48.0,74
2024-02-21T02:00,44.5,29.8,452.0,18.2,23.6,49.0,74
2024-02-21T03:00,42.8,28.8,421.0,16.3,24.0,47.0,74
2024-02-21T04:00,40.4,27.1,389.0,15.1,24.2,44.0,75
2024-02-21T05:00,42.5,28.4,401.0,13.9,26.4,51.0,75
2024-02-21T06:00,41.0,27.5,436.0,16.0,27.4,47.0,75
2024-02-21T07:00,42.3,28.3,479.0,18.7,28.6,42.0,74
2024-02-21T08:00,43.5,29.3,484.0,19.0,27.6,45.0,74
2024-02-21T09:00,32.8,21.9,411.0,14.6,22.4,61.0,74
2024-02-21T10:00,23.7,15.8,299.0,7.9,15.0,85.0,74
2024-02-21T11:00,20.8,13.2,215.0,2.8,9.3,104.0,74
2024-02-21T12:00,20.3,11.4,190.0,1.2,7.0,114.0,74
2024-02-21T13:00,21.9,10.5,192.0,1.4,6.5,119.0,74
2024-02-21T14:00,25.4,11.7,199.0,1.8,6.5,123.0,74
2024-02-21T15:00,27.8,12.7,199.0,1.8,6.7,129.0,74
2024-02-21T16:00,29.0,13.5,203.0,2.0,7.5,133.0,74
2024-02-21T17:00,26.3,13.8,237.0,3.8,10.1,143.0,74
2024-02-21T18:00,29.0,17.1,256.0,6.5,12.1,132.0,74
2024-02-21T19:00,29.9,18.6,283.0,10.4,14.9,117.0,79
2024-02-21T20:00,31.2,19.8,314.0,13.9,17.5,102.0,81
2024-02-21T21:00,33.9,21.7,353.0,17.0,19.5,88.0,79
2024-02-21T22:00,37.0,23.8,395.0,19.7,21.3,74.0,74
2024-02-21T23:00,39.3,25.3,422.0,21.3,22.6,63.0,73
2024-02-22T00:00,39.7,25.5,424.0,20.9,23.3,57.0,73
2024-02-22T01:00,38.6,25.0,411.0,19.2,23.5,55.0,73
2024-02-22T02:00,38.3,24.8,398.0,17.7,23.7,52.0,72
2024-02-22T03:00,39.0,24.9,385.0,16.6,24.1,48.0,72
2024-02-22T04:00,39.8,25.0,372.0,15.7,24.4,44.0,72
2024-02-22T05:00,39.9,24.9,371.0,14.8,25.7,46.0,72
2024-02-22T06:00,44.5,26.6,383.0,15.8,26.7,45.0,71
2024-02-22T07:00,48.8,28.3,398.0,16.9,27.8,43.0,71
2024-02-22T08:00,53.6,26.4,387.0,16.3,26.7,48.0,71
2024-02-22T09:00,71.0,20.3,326.0,12.3,21.2,63.0,71
2024-02-22T10:00,85.7,23.9,240.0,6.6,13.6,84.0,71
2024-02-22T11:00,88.9,25.1,178.0,2.4,7.9,102.0,71
2024-02-22T12:00,79.4,23.9,165.0,1.2,6.2,112.0,72
2024-02-22T13:00,72.4,23.9,177.0,1.5,6.5,118.0,73
2024-02-22T14:00,68.7,24.8,190.0,2.0,7.2,125.0,74
2024-02-22T15:00,66.6,26.1,196.0,2.2,7.9,135.0,75
2024-02-22T16:00,65.7,27.4,203.0,2.6,9.1,146.0,76
2024-02-22T17:00,56.0,24.2,217.0,3.7,9.5,145.0,78
2024-02-22T18:00,50.3,26.2,235.0,5.9,12.1,141.0,78
2024-02-22T19:00,51.9,28.7,261.0,9.1,15.8,135.0,84
2024-02-22T20:00,52.4,29.0,292.0,12.1,18.9,126.0,91
2024-02-22T21:00,53.4,30.2,330.0,15.0,20.9,112.0,94
2024-02-22T22:00,55.6,32.0,373.0,17.8,22.3,95.0,93
2024-02-22T23:00,57.2,32.7,404.0,19.6,23.2,81.0,87
2024-02-23T00:00,58.1,32.4,415.0,19.6,23.3,73.0,83
2024-02-23T01:00,59.1,31.9,415.0,18.5,22.9,67.0,83
2024-02-23T02:00,59.6,31.1,414.0,17.6,22.5,62.0,84
2024-02-23T03:00,61.0,30.4,413.0,17.0,22.4,56.0,84
2024-02-23T04:00,63.1,29.7,411.0,16.5,22.3,51.0,85
2024-02-23T05:00,72.4,35.5,425.0,14.5,25.3,65.0,85
2024-02-23T06:00,78.2,37.1,491.0,17.7,25.1,60.0,86
2024-02-23T07:00,85.0,40.4,576.0,21.9,24.6,53.0,87
2024-02-23T08:00,93.8,42.1,596.0,22.8,22.6,55.0,88
2024-02-23T09:00,136.4,32.5,486.0,17.3,17.6,72.0,89
2024-02-23T10:00,118.3,29.8,311.0,8.6,11.1,97.0,90
2024-02-23T11:00,87.8,24.9,182.0,2.1,6.3,117.0,90
2024-02-23T12:00,72.2,22.1,150.0,0.4,4.6,127.0,90
2024-02-23T13:00,63.1,20.4,164.0,0.9,4.6,132.0,90
2024-02-23T14:00,56.7,19.6,180.0,1.7,4.9,136.0,90
2024-02-23T15:00,52.0,19.3,180.0,1.6,5.1,142.0,89
2024-02-23T16:00,49.5,19.6,184.0,1.6,5.6,148.0,89
2024-02-23T17:00,38.3,15.4,181.0,3.1,5.1,138.0,88
2024-02-23T18:00,34.8,18.2,239.0,8.9,6.9,122.0,88
2024-02-23T19:00,35.7,21.8,318.0,16.9,9.6,100.0,92
2024-02-23T20:00,36.1,23.2,383.0,22.8,12.4,82.0,89
2024-02-23T21:00,36.6,24.1,416.0,24.8,15.4,74.0,86
2024-02-23T22:00,39.0,25.8,434.0,24.7,18.6,70.0,85
2024-02-23T23:00,41.7,27.3,446.0,24.2,20.9,66.0,85
2024-02-24T00:00,43.2,27.9,453.0,23.7,21.8,61.0,84
2024-02-24T01:00,44.9,28.6,455.0,22.8,21.9,56.0,84
2024-02-24T02:00,47.0,29.4,456.0,21.8,21.8,52.0,84
2024-02-24T03:00,48.5,29.8,452.0,20.4,21.9,48.0,84
2024-02-24T04:00,49.4,29.8,447.0,19.0,21.9,45.0,84
2024-02-24T05:00,55.8,32.8,481.0,19.9,23.1,44.0,84
2024-02-24T06:00,58.0,33.9,543.0,22.2,23.4,46.0,83
2024-02-24T07:00,62.9,37.4,623.0,25.1,23.6,51.0,83
2024-02-24T08:00,65.4,39.1,640.0,24.9,22.4,63.0,83
2024-02-24T09:00,50.1,27.0,533.0,18.6,18.6,91.0,83
2024-02-24T10:00,41.0,20.8,363.0,9.2,13.5,126.0,82
2024-02-24T11:00,36.9,18.6,234.0,2.3,9.6,152.0,82
2024-02-24T12:00,33.4,17.2,192.0,0.4,7.9,159.0,81
2024-02-24T13:00,28.9,15.4,190.0,1.0,7.4,156.0,81
2024-02-24T14:00,25.7,14.2,191.0,1.8,7.3,152.0,80
2024-02-24T15:00,23.5,13.5,180.0,1.8,7.2,151.0,80
2024-02-24T16:00,21.7,12.8,172.0,2.0,7.4,150.0,90
2024-02-24T17:00,22.4,13.9,210.0,3.6,9.0,167.0,108
2024-02-24T18:00,25.8,16.8,233.0,6.4,9.9,152.0,125
2024-02-24T19:00,26.3,17.3,268.0,10.4,11.3,131.0,130
2024-02-24T20:00,26.8,17.9,317.0,15.1,13.2,110.0,126
2024-02-24T21:00,29.9,20.2,395.0,21.3,16.2,90.0,115
2024-02-24T22:00,34.9,23.7,487.0,28.2,19.6,71.0,101
2024-02-24T23:00,39.3,26.8,546.0,32.1,21.4,58.0,84
2024-02-25T00:00,40.3,27.4,547.0,30.9,20.4,54.0,77
2024-02-25T01:00,37.6,25.6,516.0,26.8,17.9,55.0,77
2024-02-25T02:00,33.1,22.4,480.0,22.6,15.4,58.0,77
2024-02-25T03:00,29.3,19.7,441.0,18.7,13.5,60.0,77
2024-02-25T04:00,27.2,18.1,398.0,14.8,11.7,64.0,76
2024-02-25T05:00,30.3,20.2,434.0,15.9,12.3,60.0,75
2024-02-25T06:00,31.1,20.6,484.0,18.6,12.2,59.0,74
2024-02-25T07:00,35.7,23.9,548.0,22.0,12.0,58.0,73
2024-02-25T08:00,38.6,25.8,563.0,22.4,11.3,66.0,72
2024-02-25T09:00,27.0,16.9,479.0,16.9,9.5,92.0,71
2024-02-25T10:00,26.1,16.2,346.0,8.5,7.1,127.0,70
2024-02-25T11:00,25.9,16.0,246.0,2.2,5.3,153.0,70
2024-02-25T12:00,25.4,15.7,217.0,0.5,4.5,161.0,69
2024-02-25T13:00,24.9,15.5,222.0,0.9,4.2,160.0,69
2024-02-25T14:00,24.6,15.4,230.0,1.6,4.1,159.0,69
2024-02-25T15:00,24.9,15.7,221.0,1.0,4.0,162.0,74
2024-02-25T16:00,25.3,16.0,214.0,0.7,4.1,165.0,96
2024-02-25T17:00,41.1,26.1,266.0,3.7,4.2,169.0,117
2024-02-25T18:00,41.6,27.4,355.0,12.3,6.3,145.0,134
2024-02-25T19:00,46.9,31.5,480.0,24.3,9.4,111.0,138
2024-02-25T20:00,51.8,35.0,593.0,34.0,12.6,83.0,129
2024-02-25T21:00,57.6,39.2,682.0,39.7,16.2,65.0,112
2024-02-25T22:00,62.4,42.8,759.0,43.1,19.9,53.0,92
2024-02-25T23:00,62.6,43.0,806.0,44.4,22.6,45.0,77
2024-02-26T00:00,61.9,42.3,810.0,42.9,23.8,43.0,78
2024-02-26T01:00,62.4,42.5,785.0,39.2,23.9,45.0,79
2024-02-26T02:00,64.5,43.8,756.0,35.1,23.5,47.0,81
2024-02-26T03:00,64.5,43.7,732.0,30.7,22.6,48.0,82
2024-02-26T04:00,61.0,41.3,704.0,25.8,21.2,49.0,84
2024-02-26T05:00,70.3,47.5,847.0,34.4,24.7,41.0,86
2024-02-26T06:00,67.1,45.3,847.0,32.8,22.5,48.0,88
2024-02-26T07:00,66.4,45.1,842.0,30.2,19.4,60.0,90
2024-02-26T08:00,63.6,43.0,795.0,26.0,16.4,75.0,92
2024-02-26T09:00,51.3,33.2,666.0,18.4,13.6,98.0,93
2024-02-26T10:00,53.2,34.3,495.0,9.1,10.8,125.0,95
2024-02-26T11:00,53.6,34.5,368.0,2.4,8.6,147.0,96
2024-02-26T12:00,50.9,32.7,327.0,0.5,7.3,160.0,97
2024-02-26T13:00,49.0,31.5,329.0,1.1,6.5,167.0,99
2024-02-26T14:00,48.3,31.2,333.0,2.0,6.1,171.0,100
2024-02-26T15:00,48.0,31.1,318.0,1.7,5.7,173.0,102
2024-02-26T16:00,47.5,30.7,304.0,1.5,5.6,173.0,104
2024-02-26T17:00,70.3,44.9,312.0,3.5,5.9,157.0,125
2024-02-26T18:00,67.5,43.7,380.0,10.2,7.2,137.0,137
2024-02-26T19:00,68.2,44.5,473.0,19.3,9.2,110.0,140
2024-02-26T20:00,71.2,46.4,540.0,25.1,11.9,93.0,132
2024-02-26T21:00,71.2,46.2,555.0,24.3,16.1,96.0,118
2024-02-26T22:00,75.7,48.8,544.0,20.1,21.0,110.0,112
2024-02-26T23:00,82.4,52.6,534.0,16.5,24.7,119.0,112
2024-02-27T00:00,85.4,54.1,534.0,14.6,26.2,119.0,113
2024-02-27T01:00,87.3,54.9,535.0,13.3,26.4,115.0,115
2024-02-27T02:00,88.9,55.9,542.0,12.5,26.7,110.0,116
2024-02-27T03:00,90.1,56.6,558.0,12.1,27.6,104.0,117
2024-02-27T04:00,91.0,57.0,580.0,12.3,28.5,97.0,119
2024-02-27T05:00,92.0,58.2,520.0,8.3,25.0,116.0,120
2024-02-27T06:00,93.6,59.3,610.0,15.0,25.2,105.0,121
2024-02-27T07:00,99.4,63.1,729.0,23.8,25.3,91.0,123
2024-02-27T08:00,105.9,67.5,773.0,27.7,24.2,89.0,125
2024-02-27T09:00,97.3,61.7,670.0,21.6,20.8,112.0,127
2024-02-27T10:00,87.3,55.6,492.0,10.5,16.3,148.0,130
2024-02-27T11:00,82.2,52.2,357.0,2.2,12.6,174.0,132
2024-02-27T12:00,77.1,48.9,316.0,0.2,10.8,181.0,134
2024-02-27T13:00,74.0,47.1,318.0,1.0,9.9,180.0,136
2024-02-27T14:00,74.0,47.1,324.0,2.0,9.3,177.0,138
2024-02-27T15:00,74.5,47.5,320.0,2.2,8.8,177.0,139
2024-02-27T16:00,74.3,47.5,319.0,2.7,8.7,177.0,141
2024-02-27T17:00,73.1,46.3,325.0,3.9,10.5,179.0,149
2024-02-27T18:00,78.7,50.3,360.0,6.5,12.9,171.0,160
2024-02-27T19:00,81.0,52.0,410.0,10.3,16.2,160.0,163
2024-02-27T20:00,82.4,52.7,452.0,13.5,18.7,146.0,161
2024-02-27T21:00,81.0,51.7,480.0,15.9,19.9,128.0,155
2024-02-27T22:00,78.5,50.2,500.0,17.9,20.4,107.0,146
2024-02-27T23:00,75.7,48.4,510.0,18.9,20.1,89.0,146
2024-02-28T00:00,71.2,45.6,507.0,18.5,18.7,78.0,145
2024-02-28T01:00,67.1,42.8,495.0,17.1,16.5,70.0,144
2024-02-28T02:00,63.8,40.6,479.0,15.4,14.4,64.0,143
2024-02-28T03:00,61.5,39.1,455.0,13.0,12.6,61.0,141
2024-02-28T04:00,59.8,38.2,428.0,10.4,11.0,59.0,140
2024-02-28T05:00,58.0,37.0,426.0,10.3,11.0,62.0,138
2024-02-28T06:00,59.1,37.8,477.0,13.5,11.7,60.0,135
2024-02-28T07:00,63.6,41.1,543.0,17.7,12.6,58.0,133
2024-02-28T08:00,68.7,44.5,559.0,19.0,12.4,63.0,131
2024-02-28T09:00,62.9,40.6,477.0,14.5,10.0,80.0,129
2024-02-28T10:00,57.4,36.7,345.0,7.1,6.5,104.0,126
2024-02-28T11:00,55.4,35.0,247.0,1.6,3.9,122.0,124
2024-02-28T12:00,52.9,33.4,220.0,0.2,3.2,129.0,123
2024-02-28T13:00,50.5,32.0,227.0,0.8,3.5,129.0,121
2024-02-28T14:00,55.8,34.8,236.0,1.5,3.8,129.0,119
2024-02-28T15:00,49.2,31.2,226.0,0.8,3.4,131.0,118
2024-02-28T16:00,49.2,31.1,219.0,0.2,3.1,133.0,116
2024-02-28T17:00,61.2,37.7,252.0,3.0,3.5,129.0,115
2024-02-28T18:00,62.6,39.5,353.0,14.1,6.4,110.0,114
2024-02-28T19:00,68.5,44.1,493.0,29.4,10.3,83.0,113
2024-02-28T20:00,73.1,47.5,606.0,40.2,13.5,62.0,112
2024-02-28T21:00,75.4,49.1,671.0,42.8,15.3,53.0,111
2024-02-28T22:00,76.4,49.9,708.0,41.0,16.3,49.0,111
2024-02-28T23:00,75.2,49.1,716.0,37.5,16.3,48.0,111
2024-02-29T00:00,71.7,46.6,684.0,32.5,14.9,48.0,111
2024-02-29T01:00,66.6,43.3,622.0,25.8,12.6,50.0,111
2024-02-29T02:00,60.8,39.3,558.0,19.7,10.5,52.0,111
2024-02-29T03:00,55.4,35.9,493.0,14.7,8.8,55.0,111
2024-02-29T04:00,50.8,32.8,425.0,10.4,7.4,58.0,111
2024-02-29T05:00,47.6,30.2,291.0,3.8,4.1,77.0,110
2024-02-29T06:00,48.5,30.9,323.0,6.1,5.1,72.0,110
2024-02-29T07:00,49.6,31.9,365.0,9.0,6.3,65.0,109
2024-02-29T08:00,48.5,31.7,382.0,10.3,7.0,66.0,108
2024-02-29T09:00,39.6,25.7,349.0,8.2,6.5,83.0,106
2024-02-29T10:00,33.2,21.7,290.0,4.4,5.4,107.0,105
2024-02-29T11:00,37.5,23.3,243.0,1.5,4.5,125.0,103
2024-02-29T12:00,41.6,23.3,225.0,0.7,4.0,130.0,102
2024-02-29T13:00,40.2,21.3,219.0,0.9,3.7,128.0,101
2024-02-29T14:00,38.4,20.0,216.0,1.3,3.5,126.0,100
2024-02-29T15:00,37.0,19.3,203.0,0.5,3.0,126.0,99
2024-02-29T16:00,36.0,18.8,193.0,0.0,2.6,126.0,98
2024-02-29T17:00,40.4,21.9,220.0,2.8,3.0,123.0,97
2024-02-29T18:00,38.8,23.3,277.0,9.2,4.8,110.0,96
2024-02-29T19:00,40.9,25.6,358.0,18.2,7.5,91.0,94
2024-02-29T20:00,44.6,28.4,442.0,26.0,10.5,75.0,93
2024-02-29T21:00,50.1,32.2,526.0,31.8,14.0,66.0,91
2024-02-29T22:00,54.1,35.2,612.0,36.4,17.8,59.0,90
2024-02-29T23:00,61.5,40.4,683.0,38.5,21.0,55.0,89
2024-03-01T00:00,69.4,45.9,731.0,36.9,23.0,53.0,88
2024-03-01T01:00,78.7,51.8,763.0,32.9,24.3,53.0,88
2024-03-01T02:00,87.1,56.8,785.0,29.0,25.6,54.0,89
2024-03-01T03:00,95.2,61.5,790.0,25.4,27.1,56.0,90
2024-03-01T04:00,101.5,64.7,784.0,22.0,28.5,60.0,92
2024-03-01T05:00,84.8,54.8,850.0,37.5,28.6,31.0,95
2024-03-01T06:00,85.7,55.5,931.0,39.6,28.3,37.0,97
2024-03-01T07:00,89.2,58.3,1033.0,42.0,27.5,46.0,99
2024-03-01T08:00,90.6,60.1,1029.0,39.9,25.1,60.0,101
2024-03-01T09:00,61.2,39.6,816.0,28.8,19.4,82.0,104
2024-03-01T10:00,44.9,29.5,498.0,13.3,11.9,109.0,105
2024-03-01T11:00,37.5,24.7,263.0,1.9,6.4,129.0,106
2024-03-01T12:00,35.2,23.1,199.0,0.0,4.6,135.0,106
2024-03-01T13:00,34.7,22.7,218.0,0.2,4.7,134.0,106
2024-03-01T14:00,34.1,22.4,242.0,1.7,5.0,133.0,106
2024-03-01T15:00,35.5,23.2,239.0,1.7,4.7,134.0,107
2024-03-01T16:00,36.7,24.0,241.0,2.0,4.7,135.0,107
2024-03-01T17:00,53.3,34.5,261.0,3.7,5.5,132.0,108
2024-03-01T18:00,56.5,36.7,325.0,9.3,8.3,122.0,109
2024-03-01T19:00,61.7,40.4,414.0,16.9,12.3,109.0,110
2024-03-01T20:00,66.1,43.3,488.0,21.8,16.3,102.0,112
2024-03-01T21:00,73.6,48.0,531.0,21.6,20.4,108.0,113
2024-03-01T22:00,82.4,53.4,559.0,18.8,24.6,119.0,115
2024-03-01T23:00,89.4,57.7,578.0,16.0,27.7,126.0,117
2024-03-02T00:00,93.4,60.1,588.0,14.1,29.0,123.0,119
2024-03-02T01:00,95.0,61.0,588.0,12.4,29.1,114.0,120
2024-03-02T02:00,95.5,61.2,586.0,11.1,29.0,105.0,121
2024-03-02T03:00,95.2,60.8,579.0,10.2,28.8,94.0,122
2024-03-02T04:00,93.1,59.3,569.0,9.7,28.2,83.0,122
2024-03-02T05:00,91.5,58.2,562.0,9.4,30.2,90.0,121
2024-03-02T06:00,89.9,57.5,560.0,11.9,31.1,84.0,121
2024-03-02T07:00,88.0,56.2,553.0,15.3,32.1,76.0,122
2024-03-02T08:00,83.4,53.1,519.0,16.3,30.7,76.0,121
2024-03-02T09:00,58.7,36.7,431.0,12.9,24.7,90.0,121
2024-03-02T10:00,44.6,27.4,315.0,7.1,16.3,111.0,120
2024-03-02T11:00,39.5,24.5,230.0,2.8,9.9,128.0,120
2024-03-02T12:00,36.8,23.2,204.0,1.4,7.5,136.0,120
2024-03-02T13:00,33.4,21.2,209.0,1.4,7.0,139.0,120
2024-03-02T14:00,30.3,19.4,216.0,1.7,6.9,140.0,120
2024-03-02T15:00,28.1,18.0,213.0,1.7,6.4,140.0,120
2024-03-02T16:00,27.2,17.6,211.0,1.9,6.4,138.0,119
2024-03-02T17:00,35.0,22.2,233.0,3.0,6.7,133.0,118
2024-03-02T18:00,36.3,23.3,255.0,5.8,9.4,125.0,117
2024-03-02T19:00,40.2,26.0,287.0,9.7,13.1,114.0,116
2024-03-02T20:00,43.5,28.3,314.0,12.8,16.1,103.0,114
2024-03-02T21:00,45.8,29.8,334.0,14.5,17.8,92.0,113
2024-03-02T22:00,47.1,30.6,351.0,15.5,18.8,80.0,111
2024-03-02T23:00,47.3,30.7,357.0,15.7,19.4,71.0,108
2024-03-03T00:00,46.0,29.8,348.0,14.9,19.5,65.0,106
2024-03-03T01:00,42.8,28.3,329.0,13.5,19.1,60.0,103
2024-03-03T02:00,39.8,26.8,310.0,12.1,18.5,56.0,99
2024-03-03T03:00,38.1,25.9,295.0,11.1,17.6,52.0,97
2024-03-03T04:00,37.8,26.0,280.0,10.3,16.4,48.0,94
2024-03-03T05:00,28.2,19.6,230.0,8.2,12.6,47.0,91
2024-03-03T06:00,27.7,19.2,228.0,8.4,12.1,46.0,88
2024-03-03T07:00,27.8,18.8,224.0,8.6,11.5,46.0,85
2024-03-03T08:00,26.1,17.1,220.0,8.2,10.7,52.0,82
2024-03-03T09:00,22.9,14.4,215.0,6.6,9.7,68.0,79
2024-03-03T10:00,23.5,14.4,209.0,4.5,8.7,89.0,78
2024-03-03T11:00,25.3,15.2,206.0,2.8,7.8,108.0,77
2024-03-03T12:00,26.8,15.8,207.0,2.0,7.2,121.0,76
2024-03-03T13:00,27.4,16.1,210.0,1.7,6.7,132.0,75
2024-03-03T14:00,27.3,15.9,213.0,1.7,6.5,139.0,75
2024-03-03T15:00,27.8,16.3,211.0,1.7,6.4,142.0,75
2024-03-03T16:00,28.3,16.8,209.0,2.0,6.7,142.0,75
2024-03-03T17:00,31.4,19.2,209.0,3.1,5.5,127.0,74
2024-03-03T18:00,34.1,20.8,232.0,6.0,8.2,120.0,79
2024-03-03T19:00,37.8,23.5,265.0,10.2,11.9,109.0,86
2024-03-03T20:00,41.4,25.6,301.0,14.0,15.3,98.0,86
2024-03-03T21:00,44.4,27.5,342.0,17.3,17.8,85.0,81
2024-03-03T22:00,47.3,29.5,386.0,20.3,19.8,72.0,73
2024-03-03T23:00,49.6,30.6,415.0,22.0,21.5,61.0,73
2024-03-04T00:00,50.1,30.5,417.0,21.5,22.7,56.0,73
2024-03-04T01:00,50.2,30.0,403.0,19.8,23.6,54.0,73
2024-03-04T02:00,50.8,29.6,391.0,18.2,24.2,52.0,74
2024-03-04T03:00,51.8,29.4,383.0,17.3,24.5,48.0,74
2024-03-04T04:00,53.3,30.0,377.0,16.5,24.7,44.0,74
2024-03-04T05:00,51.6,27.4,324.0,13.5,23.3,48.0,74
2024-03-04T06:00,52.9,27.5,356.0,15.3,24.3,49.0,75
2024-03-04T07:00,54.9,30.4,398.0,17.5,25.5,50.0,76
2024-03-04T08:00,62.2,28.9,407.0,17.8,25.1,58.0,77
2024-03-04T09:00,49.0,20.5,353.0,14.1,21.7,77.0,77
2024-03-04T10:00,42.1,16.9,268.0,8.4,16.7,102.0,78
2024-03-04T11:00,42.1,13.1,203.0,4.0,12.6,121.0,78
2024-03-04T12:00,51.8,14.5,183.0,2.3,10.3,129.0,78
2024-03-04T13:00,54.0,15.9,184.0,2.0,8.9,131.0,78
2024-03-04T14:00,50.1,16.4,188.0,2.0,8.1,132.0,78
2024-03-04T15:00,46.2,16.9,185.0,1.7,7.9,135.0,78
2024-03-04T16:00,43.5,17.4,186.0,1.9,8.3,137.0,78
2024-03-04T17:00,40.0,17.6,194.0,3.5,9.5,126.0,78
2024-03-04T18:00,36.8,19.8,230.0,7.4,11.7,116.0,82
2024-03-04T19:00,37.3,22.5,283.0,13.0,14.7,103.0,85
2024-03-04T20:00,39.0,24.7,337.0,18.0,17.6,90.0,81
2024-03-04T21:00,42.0,27.1,395.0,22.0,20.1,79.0,78
2024-03-04T22:00,45.6,29.7,455.0,25.4,22.4,68.0,78
2024-03-04T23:00,48.3,31.4,500.0,27.6,23.9,59.0,78
2024-03-05T00:00,49.2,31.8,523.0,28.2,24.2,52.0,78
2024-03-05T01:00,50.2,32.2,531.0,27.5,23.6,46.0,78
2024-03-05T02:00,51.1,32.6,530.0,26.1,22.7,42.0,78
2024-03-05T03:00,49.8,31.9,517.0,23.8,21.6,40.0,78
2024-03-05T04:00,47.5,30.3,494.0,20.9,20.2,39.0,78
2024-03-05T05:00,54.9,33.9,519.0,20.6,25.1,40.0,78
2024-03-05T06:00,58.6,35.3,546.0,21.3,25.6,46.0,79
2024-03-05T07:00,64.7,39.3,579.0,22.0,26.1,56.0,80
2024-03-05T08:00,62.6,37.4,570.0,20.7,24.7,69.0,80
2024-03-05T09:00,37.8,21.4,476.0,15.2,19.7,90.0,81
2024-03-05T10:00,32.2,18.3,340.0,7.7,12.8,115.0,81
2024-03-05T11:00,32.0,16.9,239.0,2.2,7.5,134.0,81
2024-03-05T12:00,32.5,17.2,210.0,0.6,5.5,141.0,81
2024-03-05T13:00,31.9,17.5,217.0,1.1,5.2,141.0,82
2024-03-05T14:00,29.7,17.1,223.0,1.7,5.2,139.0,82
2024-03-05T15:00,28.6,16.4,211.0,1.6,4.4,133.0,82
2024-03-05T16:00,27.5,15.9,199.0,1.7,4.0,124.0,82
2024-03-05T17:00,28.5,17.1,211.0,2.9,4.7,121.0,83
2024-03-05T18:00,32.8,20.8,259.0,6.1,10.6,132.0,89
2024-03-05T19:00,42.0,27.2,327.0,10.6,18.7,146.0,93
2024-03-05T20:00,53.8,34.8,391.0,14.2,25.4,153.0,96
2024-03-05T21:00,62.2,40.2,444.0,16.1,29.3,148.0,98
2024-03-05T22:00,68.0,43.9,492.0,17.1,31.7,135.0,100
2024-03-05T23:00,71.9,46.3,529.0,17.6,32.8,122.0,99
2024-03-06T00:00,73.3,47.0,547.0,17.4,32.2,109.0,96
2024-03-06T01:00,73.1,46.9,554.0,16.7,30.4,96.0,93
2024-03-06T02:00,73.1,46.8,560.0,16.1,29.0,85.0,88
2024-03-06T03:00,73.8,47.0,568.0,15.6,28.8,76.0,90
2024-03-06T04:00,76.1,47.8,576.0,15.2,29.0,70.0,91
2024-03-06T05:00,73.8,46.4,604.0,16.3,30.8,71.0,92
2024-03-06T06:00,76.1,47.5,666.0,19.6,31.3,77.0,93
2024-03-06T07:00,81.3,51.0,743.0,23.9,31.7,85.0,94
2024-03-06T08:00,85.4,53.4,746.0,24.7,29.8,94.0,95
2024-03-06T09:00,52.9,31.1,602.0,18.7,23.4,105.0,96
2024-03-06T10:00,37.5,21.4,383.0,9.2,14.8,117.0,97
2024-03-06T11:00,30.0,17.2,219.0,2.2,8.3,124.0,97
2024-03-06T12:00,25.9,15.3,167.0,0.3,5.9,122.0,97
2024-03-06T13:00,23.7,14.4,168.0,0.8,5.6,116.0,97
2024-03-06T14:00,22.3,13.8,180.0,1.6,6.5,115.0,97
2024-03-06T15:00,22.7,14.3,186.0,1.7,8.4,126.0,97
2024-03-06T16:00,24.9,15.9,201.0,2.2,11.4,142.0,97
2024-03-06T17:00,24.8,16.4,244.0,3.8,14.2,150.0,97
2024-03-06T18:00,34.2,22.9,286.0,7.0,17.7,148.0,96
2024-03-06T19:00,40.4,27.2,347.0,11.5,22.6,145.0,97
2024-03-06T20:00,43.5,29.5,409.0,15.8,26.7,138.0,97
2024-03-06T21:00,46.9,31.8,474.0,20.0,29.5,123.0,96
2024-03-06T22:00,51.3,34.9,540.0,24.1,31.5,104.0,98
2024-03-06T23:00,54.7,37.3,584.0,26.4,32.7,89.0,95
2024-03-07T00:00,55.8,38.0,591.0,25.5,32.7,82.0,94
2024-03-07T01:00,56.0,38.2,576.0,22.8,31.8,79.0,93
2024-03-07T02:00,55.9,38.1,564.0,20.6,30.9,76.0,93
2024-03-07T03:00,55.5,37.8,561.0,19.6,30.5,70.0,92
2024-03-07T04:00,54.8,37.5,560.0,19.0,30.1,65.0,91
2024-03-07T05:00,56.5,38.6,602.0,20.1,30.5,61.0,91
2024-03-07T06:00,58.1,39.8,648.0,21.9,29.8,65.0,90
2024-03-07T07:00,63.1,43.3,704.0,24.0,28.5,71.0,89
2024-03-07T08:00,63.1,43.5,698.0,23.4,26.3,83.0,89
2024-03-07T09:00,46.0,31.1,570.0,17.4,22.2,106.0,88
2024-03-07T10:00,39.0,22.6,379.0,8.7,17.1,134.0,88
2024-03-07T11:00,34.5,14.6,236.0,2.3,12.8,153.0,88
2024-03-07T12:00,31.9,12.4,191.0,0.5,10.1,156.0,88
2024-03-07T13:00,29.8,12.0,193.0,1.0,8.2,150.0,88
2024-03-07T14:00,29.5,12.4,201.0,1.8,7.1,146.0,87
2024-03-07T15:00,30.3,12.9,197.0,1.8,6.7,149.0,87
2024-03-07T16:00,32.1,13.7,199.0,1.9,7.2,153.0,96
2024-03-07T17:00,26.9,11.5,201.0,3.2,7.9,145.0,111
2024-03-07T18:00,30.3,16.0,241.0,7.2,10.1,133.0,119
2024-03-07T19:00,32.6,19.6,299.0,12.7,13.2,116.0,119
2024-03-07T20:00,35.7,22.4,355.0,17.4,16.2,101.0,111
2024-03-07T21:00,39.2,25.2,409.0,20.6,19.3,90.0,99
2024-03-07T22:00,43.2,28.0,462.0,23.0,22.4,80.0,86
2024-03-07T23:00,45.8,29.7,495.0,24.0,24.0,72.0,84
2024-03-08T00:00,45.5,29.5,497.0,23.0,23.1,66.0,83
2024-03-08T01:00,43.4,27.8,480.0,20.7,20.7,62.0,83
2024-03-08T02:00,40.2,25.3,458.0,18.3,18.4,60.0,82
2024-03-08T03:00,36.9,22.6,431.0,16.1,16.6,59.0,81
2024-03-08T04:00,34.7,20.8,399.0,14.0,14.7,59.0,80
2024-03-08T05:00,31.7,18.5,363.0,12.2,12.1,61.0,78
2024-03-08T06:00,33.4,19.1,395.0,14.1,11.9,63.0,77
2024-03-08T07:00,38.9,22.7,435.0,16.5,11.6,66.0,75
2024-03-08T08:00,43.8,22.9,439.0,16.7,10.7,73.0,73
2024-03-08T09:00,42.0,17.2,372.0,12.6,8.6,88.0,72
2024-03-08T10:00,39.9,15.0,269.0,6.3,6.0,107.0,71
2024-03-08T11:00,44.8,14.0,193.0,1.7,4.0,121.0,70
2024-03-08T12:00,46.2,13.6,171.0,0.4,3.1,124.0,70
2024-03-08T13:00,44.9,13.2,176.0,0.8,2.9,121.0,70
2024-03-08T14:00,42.8,13.1,183.0,1.4,3.0,119.0,70
2024-03-08T15:00,40.5,13.1,182.0,1.3,3.2,124.0,70
2024-03-08T16:00,39.0,13.5,183.0,1.5,3.8,130.0,70
2024-03-08T17:00,36.8,13.3,202.0,2.9,4.8,126.0,70
2024-03-08T18:00,32.4,16.0,235.0,6.7,6.8,114.0,73
2024-03-08T19:00,31.2,18.2,282.0,12.0,9.7,96.0,75
2024-03-08T20:00,30.4,19.1,330.0,16.7,12.3,80.0,70
2024-03-08T21:00,30.7,20.1,381.0,20.5,14.4,67.0,70
2024-03-08T22:00,32.7,21.7,433.0,23.7,16.2,55.0,70
2024-03-08T23:00,34.5,22.8,466.0,25.3,17.0,46.0,69
2024-03-09T00:00,34.0,22.4,466.0,24.3,16.0,43.0,69
2024-03-09T01:00,32.4,20.8,447.0,21.7,14.0,43.0,68
2024-03-09T02:00,30.3,19.0,426.0,19.1,12.2,44.0,68
2024-03-09T03:00,28.3,17.5,404.0,16.8,11.3,45.0,67
2024-03-09T04:00,26.7,16.3,380.0,14.6,10.6,47.0,67
2024-03-09T05:00,31.0,19.4,468.0,19.7,13.5,38.0,66
2024-03-09T06:00,31.3,19.4,492.0,20.1,12.9,45.0,66
2024-03-09T07:00,36.2,22.9,522.0,20.3,12.1,55.0,66
2024-03-09T08:00,37.4,22.4,514.0,18.8,10.8,69.0,66
2024-03-09T09:00,28.3,13.9,432.0,13.7,8.6,91.0,66
2024-03-09T10:00,28.8,12.8,312.0,6.9,6.0,116.0,66
2024-03-09T11:00,29.6,12.6,223.0,1.9,4.1,135.0,66
2024-03-09T12:00,30.2,12.6,197.0,0.5,3.4,142.0,66
2024-03-09T13:00,29.7,13.0,202.0,0.9,3.3,142.0,66
2024-03-09T14:00,29.3,13.5,210.0,1.5,3.6,143.0,66
2024-03-09T15:00,28.9,14.2,209.0,1.5,3.9,149.0,66
2024-03-09T16:00,29.0,15.0,211.0,1.8,4.5,156.0,76
2024-03-09T17:00,27.8,14.7,212.0,3.2,7.6,149.0,95
2024-03-09T18:00,30.5,17.6,228.0,5.6,10.0,137.0,107
2024-03-09T19:00,31.5,19.4,252.0,9.1,13.4,121.0,112
2024-03-09T20:00,31.9,20.2,283.0,12.6,16.2,105.0,109
2024-03-09T21:00,33.2,21.4,327.0,15.9,17.8,90.0,101
2024-03-09T22:00,35.9,23.1,378.0,19.2,18.9,76.0,90
2024-03-09T23:00,38.2,24.6,421.0,21.8,19.4,64.0,76
2024-03-10T00:00,39.2,25.1,451.0,23.4,19.3,54.0,67
2024-03-10T01:00,39.6,25.4,472.0,24.4,18.7,46.0,67
2024-03-10T02:00,40.2,25.4,486.0,24.5,18.1,41.0,67
2024-03-10T03:00,40.9,25.4,488.0,23.5,17.5,37.0,68
2024-03-10T04:00,41.3,25.3,481.0,21.6,16.9,36.0,68
2024-03-10T05:00,36.7,22.7,423.0,15.9,12.8,51.0,69
2024-03-10T06:00,36.6,22.6,435.0,16.3,13.1,59.0,69
2024-03-10T07:00,40.4,25.3,448.0,16.6,13.5,70.0,70
2024-03-10T08:00,42.0,25.0,434.0,15.4,12.9,83.0,70
2024-03-10T09:00,35.4,19.6,366.0,11.3,10.4,99.0,70
2024-03-10T10:00,29.8,15.8,271.0,5.7,7.1,116.0,70
2024-03-10T11:00,29.4,15.0,202.0,1.7,4.6,130.0,71
2024-03-10T12:00,29.3,15.3,187.0,0.6,3.8,138.0,71
2024-03-10T13:00,29.1,15.7,198.0,1.0,4.0,142.0,71
2024-03-10T14:00,28.3,16.0,210.0,1.6,4.6,146.0,71
2024-03-10T15:00,27.9,16.1,211.0,1.7,5.4,153.0,72
2024-03-10T16:00,27.8,16.3,213.0,2.0,6.6,161.0,81
2024-03-10T17:00,35.4,20.7,248.0,3.4,7.6,164.0,97
2024-03-10T18:00,35.6,22.5,273.0,6.4,11.4,156.0,111
2024-03-10T19:00,38.0,24.6,309.0,10.7,16.7,144.0,120
2024-03-10T20:00,40.4,26.1,348.0,14.6,21.0,130.0,123
2024-03-10T21:00,42.0,27.2,392.0,17.8,23.2,113.0,121
2024-03-10T22:00,44.6,28.9,438.0,20.5,24.4,93.0,115
2024-03-10T23:00,46.8,30.4,472.0,22.2,24.9,77.0,103
2024-03-11T00:00,47.6,30.7,483.0,22.1,24.6,66.0,87
2024-03-11T01:00,47.6,30.6,482.0,20.9,23.5,59.0,75
2024-03-11T02:00,46.6,29.9,482.0,19.9,22.4,52.0,76
2024-03-11T03:00,45.4,29.0,487.0,19.7,21.3,44.0,76
2024-03-11T04:00,44.6,28.3,494.0,19.8,20.1,37.0,76
2024-03-11T05:00,49.9,31.3,548.0,22.0,25.0,40.0,77
2024-03-11T06:00,51.0,31.4,584.0,22.8,24.1,45.0,77
2024-03-11T07:00,56.1,34.6,627.0,23.7,22.8,53.0,78
2024-03-11T08:00,60.3,35.3,619.0,22.3,20.8,65.0,79
2024-03-11T09:00,64.0,27.9,508.0,16.4,17.6,86.0,80
2024-03-11T10:00,58.0,20.3,346.0,8.2,13.6,111.0,80
2024-03-11T11:00,53.0,18.9,226.0,2.2,10.4,130.0,81
2024-03-11T12:00,46.2,17.5,193.0,0.5,8.4,139.0,81
2024-03-11T13:00,42.4,17.1,202.0,0.9,7.0,143.0,81
2024-03-11T14:00,41.8,18.0,214.0,1.6,6.2,145.0,81
2024-03-11T15:00,42.7,19.4,210.0,1.5,5.7,149.0,81
2024-03-11T16:00,43.3,20.4,209.0,1.7,5.7,153.0,82
2024-03-11T17:00,45.8,21.5,225.0,3.1,6.4,140.0,91
2024-03-11T18:00,41.9,23.5,267.0,7.1,9.5,129.0,103
2024-03-11T19:00,43.1,26.5,326.0,12.7,13.8,113.0,106
2024-03-11T20:00,45.8,29.1,382.0,17.3,17.7,99.0,103
2024-03-11T21:00,49.0,31.7,432.0,20.2,20.8,88.0,94
2024-03-11T22:00,52.3,33.9,479.0,22.1,23.5,77.0,83
2024-03-11T23:00,54.1,35.0,510.0,22.9,24.8,69.0,83
2024-03-12T00:00,53.4,34.5,516.0,22.1,24.0,63.0,83
2024-03-12T01:00,51.9,33.3,507.0,20.1,22.0,59.0,84
2024-03-12T02:00,49.9,31.8,495.0,18.2,20.1,56.0,84
2024-03-12T03:00,47.5,30.0,480.0,16.4,19.0,54.0,84
2024-03-12T04:00,45.3,28.5,462.0,14.7,18.1,52.0,84
2024-03-12T05:00,59.1,36.3,485.0,15.1,26.1,64.0,84
2024-03-12T06:00,59.5,36.3,554.0,18.7,25.5,63.0,85
2024-03-12T07:00,62.9,39.0,644.0,23.4,24.6,63.0,85
2024-03-12T08:00,68.5,42.3,668.0,24.6,22.8,71.0,85
2024-03-12T09:00,61.7,32.8,561.0,18.7,19.4,94.0,86
2024-03-12T10:00,49.7,23.9,388.0,9.3,15.1,124.0,86
2024-03-12T11:00,46.6,21.3,258.0,2.3,11.7,147.0,87
2024-03-12T12:00,45.3,19.7,221.0,0.4,9.8,155.0,87
2024-03-12T13:00,44.4,19.6,227.0,1.0,8.7,156.0,87
2024-03-12T14:00,44.5,20.5,236.0,1.8,8.2,156.0,87
2024-03-12T15:00,43.9,20.1,230.0,1.8,8.0,158.0,87
2024-03-12T16:00,42.8,19.2,226.0,2.1,8.3,158.0,92
2024-03-12T17:00,45.9,18.6,233.0,3.2,8.8,140.0,111
2024-03-12T18:00,41.9,20.7,259.0,6.4,11.8,129.0,120
2024-03-12T19:00,41.8,23.1,298.0,10.9,15.9,114.0,122
2024-03-12T20:00,42.7,25.1,339.0,15.0,19.5,99.0,115
2024-03-12T21:00,44.8,27.3,388.0,18.4,21.9,86.0,103
2024-03-12T22:00,47.8,29.4,439.0,21.5,23.7,72.0,88
2024-03-12T23:00,50.3,30.9,475.0,23.1,24.7,62.0,86
2024-03-13T00:00,51.1,31.1,481.0,22.4,24.3,56.0,85
2024-03-13T01:00,50.9,30.9,471.0,20.3,23.1,52.0,85
2024-03-13T02:00,49.9,30.3,465.0,18.7,22.1,48.0,85
2024-03-13T03:00,48.8,29.3,467.0,18.3,21.9,43.0,85
2024-03-13T04:00,48.3,28.6,473.0,18.3,22.0,38.0,85
2024-03-13T05:00,59.4,34.0,471.0,15.2,28.2,51.0,85
2024-03-13T06:00,61.5,34.6,488.0,16.3,29.5,55.0,84
2024-03-13T07:00,65.4,36.4,506.0,17.6,31.2,61.0,84
2024-03-13T08:00,75.2,36.9,491.0,17.1,30.5,71.0,84
2024-03-13T09:00,64.7,21.1,409.0,13.0,25.5,89.0,84
2024-03-13T10:00,48.5,17.2,293.0,7.0,18.3,110.0,83
2024-03-13T11:00,36.2,14.3,205.0,2.6,12.5,126.0,82
2024-03-13T12:00,26.4,11.5,174.0,1.2,9.4,130.0,82
2024-03-13T13:00,20.5,9.7,172.0,1.3,7.7,128.0,81
2024-03-13T14:00,19.4,9.7,176.0,1.7,6.8,128.0,80
2024-03-13T15:00,20.8,10.7,176.0,1.6,6.7,134.0,79
2024-03-13T16:00,23.0,11.9,182.0,1.8,7.4,141.0,79
2024-03-13T17:00,33.8,15.2,220.0,3.4,7.9,139.0,78
2024-03-13T18:00,36.6,20.1,264.0,7.3,10.7,132.0,87
2024-03-13T19:00,41.8,25.0,326.0,12.7,14.7,121.0,92
2024-03-13T20:00,47.8,29.6,386.0,17.4,18.3,109.0,91
2024-03-13T21:00,52.7,33.2,441.0,20.7,21.0,96.0,86
2024-03-13T22:00,56.7,36.1,493.0,23.2,23.2,82.0,79
2024-03-13T23:00,59.8,38.1,529.0,24.5,24.7,71.0,79
2024-03-14T00:00,61.5,38.8,540.0,24.0,25.2,64.0,80
2024-03-14T01:00,62.4,39.0,535.0,22.4,25.0,60.0,80
2024-03-14T02:00,63.3,39.1,530.0,20.9,24.9,56.0,81
2024-03-14T03:00,64.3,38.9,527.0,19.9,25.2,51.0,82
2024-03-14T04:00,65.2,38.6,525.0,19.1,25.5,47.0,83
2024-03-14T05:00,67.5,39.5,517.0,17.1,27.9,56.0,83
2024-03-14T06:00,71.0,40.3,552.0,18.8,28.4,60.0,84
2024-03-14T07:00,77.3,43.3,594.0,20.9,28.7,67.0,84
2024-03-14T08:00,84.5,43.8,587.0,20.6,27.0,76.0,85
2024-03-14T09:00,79.6,24.7,480.0,15.5,21.1,90.0,85
2024-03-14T10:00,72.9,19.0,323.0,8.0,13.1,108.0,86
2024-03-14T11:00,71.7,18.5,208.0,2.4,7.1,121.0,86
2024-03-14T12:00,70.1,18.9,178.0,0.8,4.9,127.0,86
2024-03-14T13:00,63.6,18.6,190.0,1.2,4.8,130.0,87
2024-03-14T14:00,57.3,18.5,205.0,1.8,5.2,133.0,87
2024-03-14T15:00,53.3,19.0,208.0,1.9,5.7,141.0,88
2024-03-14T16:00,51.0,19.8,214.0,2.2,6.7,150.0,89
2024-03-14T17:00,47.3,20.3,222.0,3.3,6.7,134.0,89
2024-03-14T18:00,43.2,22.2,246.0,6.5,8.6,122.0,90
2024-03-14T19:00,44.0,24.7,282.0,10.9,11.4,106.0,92
2024-03-14T20:00,46.6,27.1,323.0,15.2,14.0,90.0,90
2024-03-14T21:00,49.9,29.6,377.0,19.2,16.2,76.0,90
2024-03-14T22:00,53.7,32.1,436.0,22.9,18.3,62.0,89
2024-03-14T23:00,56.6,33.8,477.0,25.0,19.9,52.0,89
2024-03-15T00:00,58.4,34.3,483.0,24.2,20.6,48.0,89
2024-03-15T01:00,60.1,34.6,469.0,21.7,20.8,47.0,88
2024-03-15T02:00,61.2,34.6,459.0,19.7,21.1,46.0,88
2024-03-15T03:00,61.9,34.2,459.0,19.1,21.8,42.0,88
2024-03-15T04:00,63.1,34.1,463.0,19.0,22.7,39.0,87
2024-03-15T05:00,69.4,36.6,422.0,15.5,27.8,51.0,87
2024-03-15T06:00,73.1,37.4,446.0,16.9,29.0,53.0,87
2024-03-15T07:00,77.1,40.3,476.0,18.7,30.4,57.0,86
2024-03-15T08:00,91.5,39.1,471.0,18.4,29.4,66.0,86
2024-03-15T09:00,85.0,25.7,395.0,14.1,23.8,83.0,86
2024-03-15T10:00,81.7,23.0,284.0,7.7,15.9,105.0,86
2024-03-15T11:00,79.4,22.5,204.0,3.0,9.8,123.0,86
2024-03-15T12:00,74.3,21.9,186.0,1.5,7.5,134.0,87
2024-03-15T13:00,66.1,21.5,199.0,1.7,7.1,141.0,87
2024-03-15T14:00,60.3,22.2,215.0,2.1,7.3,147.0,87
2024-03-15T15:00,56.6,23.3,221.0,2.0,7.5,156.0,87
2024-03-15T16:00,53.2,24.2,230.0,2.3,8.2,164.0,88
2024-03-15T17:00,51.9,26.2,232.0,3.6,9.5,165.0,91
2024-03-15T18:00,51.7,30.2,263.0,6.6,13.7,163.0,108
2024-03-15T19:00,56.3,34.8,307.0,10.9,19.6,159.0,120
2024-03-15T20:00,61.5,38.6,353.0,14.7,24.5,152.0,128
2024-03-15T21:00,65.4,41.6,405.0,17.8,27.2,137.0,132
2024-03-15T22:00,70.1,44.5,460.0,20.5,28.9,119.0,131
2024-03-15T23:00,74.3,46.8,496.0,21.6,30.0,104.0,125
2024-03-16T00:00,76.8,47.7,497.0,20.1,30.4,98.0,114
2024-03-16T01:00,78.5,47.8,480.0,17.0,30.3,96.0,100
2024-03-16T02:00,78.9,47.5,468.0,14.7,30.1,93.0,96
2024-03-16T03:00,78.2,46.7,472.0,14.1,30.0,85.0,97
2024-03-16T04:00,77.1,45.8,481.0,14.3,29.9,75.0,98
2024-03-16T05:00,68.0,41.1,508.0,14.5,23.2,78.0,99
2024-03-16T06:00,72.2,42.6,516.0,15.5,26.3,87.0,99
2024-03-16T07:00,77.1,45.8,524.0,16.7,30.3,100.0,99
2024-03-16T08:00,87.5,48.0,503.0,16.2,31.3,113.0,100
2024-03-16T09:00,73.1,35.9,426.0,12.4,26.6,128.0,101
2024-03-16T10:00,60.8,29.5,320.0,6.9,19.0,143.0,102
2024-03-16T11:00,55.8,28.9,243.0,2.8,12.8,154.0,103
2024-03-16T12:00,51.8,28.9,222.0,1.5,9.7,158.0,103
2024-03-16T13:00,48.4,27.9,230.0,1.5,7.9,158.0,104
2024-03-16T14:00,45.4,26.7,239.0,1.8,6.9,157.0,105
2024-03-16T15:00,43.2,25.8,238.0,1.7,6.2,157.0,105
2024-03-16T16:00,42.4,25.4,238.0,1.9,6.3,157.0,115
2024-03-16T17:00,50.5,28.5,247.0,3.5,10.4,163.0,124
2024-03-16T18:00,51.1,30.3,267.0,6.6,12.8,151.0,132
2024-03-16T19:00,55.8,33.5,297.0,10.9,16.2,135.0,133
2024-03-16T20:00,58.6,35.6,328.0,14.5,19.2,119.0,129
2024-03-16T21:00,61.2,37.7,361.0,16.8,21.5,106.0,121
2024-03-16T22:00,64.0,39.6,396.0,18.5,23.4,93.0,110
2024-03-16T23:00,66.6,41.1,424.0,19.5,24.8,83.0,104
2024-03-17T00:00,68.2,41.8,438.0,19.6,25.4,75.0,104
2024-03-17T01:00,68.9,42.1,444.0,19.1,25.5,70.0,103
2024-03-17T02:00,69.6,42.1,452.0,18.8,25.5,64.0,103
2024-03-17T03:00,70.5,42.1,464.0,18.9,25.6,55.0,102
2024-03-17T04:00,71.7,42.0,479.0,19.1,25.7,47.0,102
2024-03-17T05:00,61.9,36.9,521.0,16.4,15.5,61.0,101
2024-03-17T06:00,67.8,39.7,522.0,16.8,18.7,73.0,101
2024-03-17T07:00,73.1,43.3,519.0,17.1,22.8,91.0,100
2024-03-17T08:00,82.0,46.4,490.0,16.0,24.3,106.0,100
2024-03-17T09:00,66.8,35.4,408.0,12.0,20.5,117.0,100
2024-03-17T10:00,51.0,26.3,301.0,6.5,14.0,127.0,100
2024-03-17T11:00,47.1,25.8,223.0,2.4,9.0,135.0,100
2024-03-17T12:00,46.4,26.4,205.0,1.2,7.1,142.0,99
2024-03-17T13:00,46.1,26.8,217.0,1.4,6.5,148.0,99
2024-03-17T14:00,45.6,26.8,229.0,1.8,6.5,153.0,99
2024-03-17T15:00,44.5,26.5,228.0,1.9,6.4,156.0,99
2024-03-17T16:00,43.7,26.3,228.0,2.2,6.7,157.0,99
2024-03-17T17:00,55.8,33.1,254.0,3.7,12.5,173.0,108
2024-03-17T18:00,57.2,35.2,283.0,6.8,14.9,166.0,120
2024-03-17T19:00,58.9,36.8,325.0,11.2,18.2,155.0,128
2024-03-17T20:00,61.0,38.4,366.0,14.7,21.3,144.0,132
2024-03-17T21:00,63.8,40.4,409.0,16.9,23.9,133.0,133
2024-03-17T22:00,67.1,42.5,452.0,18.2,26.2,122.0,130
2024-03-17T23:00,69.8,43.9,475.0,18.3,27.8,114.0,123
2024-03-18T00:00,70.5,43.8,462.0,16.3,28.2,110.0,114
2024-03-18T01:00,69.4,42.5,428.0,13.1,27.7,109.0,104
2024-03-18T02:00,65.9,40.2,400.0,10.8,27.4,106.0,102
2024-03-18T03:00,61.7,37.6,385.0,10.0,27.4,99.0,102
2024-03-18T04:00,58.6,35.9,377.0,10.1,27.4,89.0,101
2024-03-18T05:00,70.3,42.0,404.0,9.1,28.7,98.0,101
2024-03-18T06:00,69.8,41.7,421.0,11.3,30.8,95.0,101
2024-03-18T07:00,71.7,43.0,441.0,14.2,33.5,92.0,101
2024-03-18T08:00,75.7,43.4,435.0,15.1,33.7,95.0,101
2024-03-18T09:00,59.5,31.1,375.0,12.0,29.3,109.0,101
2024-03-18T10:00,46.8,24.4,288.0,6.9,22.4,128.0,100
2024-03-18T11:00,42.0,23.0,226.0,3.0,16.7,144.0,100
2024-03-18T12:00,39.1,22.3,213.0,1.7,13.5,154.0,100
2024-03-18T13:00,38.3,22.4,224.0,1.7,11.6,160.0,100
2024-03-18T14:00,38.1,22.6,235.0,1.9,10.3,165.0,99
2024-03-18T15:00,37.0,22.3,235.0,1.8,9.5,170.0,99
2024-03-18T16:00,35.6,21.7,236.0,2.0,9.4,174.0,106
2024-03-18T17:00,43.5,27.1,248.0,3.5,8.6,155.0,123
2024-03-18T18:00,44.5,28.0,279.0,6.3,11.1,151.0,132
2024-03-18T19:00,48.8,30.7,325.0,10.3,14.8,145.0,137
2024-03-18T20:00,54.6,34.5,372.0,13.7,18.1,138.0,138
2024-03-18T21:00,60.1,38.0,426.0,16.3,21.0,129.0,134
2024-03-18T22:00,64.7,41.0,482.0,18.3,23.7,118.0,128
2024-03-18T23:00,68.2,43.1,514.0,18.9,25.3,110.0,118
2024-03-19T00:00,69.2,43.3,505.0,17.1,25.4,106.0,105
2024-03-19T01:00,67.5,42.0,471.0,13.8,24.5,104.0,96
2024-03-19T02:00,62.6,38.6,434.0,11.0,23.0,102.0,96
2024-03-19T03:00,56.1,34.5,392.0,9.0,20.7,99.0,96
2024-03-19T04:00,49.2,30.2,347.0,7.5,17.8,97.0,96
2024-03-19T05:00,73.8,45.3,463.0,9.0,29.2,101.0,95
2024-03-19T06:00,75.2,45.8,477.0,11.0,32.0,100.0,95
2024-03-19T07:00,77.8,47.4,494.0,13.6,35.6,100.0,96
2024-03-19T08:00,83.8,49.7,484.0,14.2,36.1,106.0,96
2024-03-19T09:00,63.8,36.9,423.0,11.0,30.6,126.0,97
2024-03-19T10:00,50.1,29.2,336.0,5.9,22.0,153.0,97
2024-03-19T11:00,44.1,25.4,269.0,2.1,15.1,172.0,97
2024-03-19T12:00,39.8,22.6,243.0,1.1,11.7,175.0,98
2024-03-19T13:00,36.9,20.6,237.0,1.3,10.0,169.0,98
2024-03-19T14:00,35.4,19.3,235.0,1.8,8.8,164.0,101
2024-03-19T15:00,34.5,18.5,228.0,1.8,7.8,164.0,114
2024-03-19T16:00,34.1,18.1,225.0,2.0,7.3,164.0,128
2024-03-19T17:00,40.5,21.4,226.0,3.3,7.3,162.0,140
2024-03-19T18:00,39.6,22.8,275.0,7.8,9.3,148.0,148
2024-03-19T19:00,44.5,27.2,345.0,14.1,12.1,129.0,147
2024-03-19T20:00,50.3,31.1,405.0,19.0,15.1,113.0,138
2024-03-19T21:00,56.8,35.2,447.0,21.2,18.3,103.0,125
2024-03-19T22:00,62.4,38.6,480.0,22.1,21.6,97.0,111
2024-03-19T23:00,65.4,40.6,505.0,22.5,23.9,90.0,96
2024-03-20T00:00,65.9,41.0,521.0,22.6,24.5,82.0,95
2024-03-20T01:00,65.4,40.7,529.0,22.1,24.0,73.0,94
2024-03-20T02:00,64.0,40.0,530.0,21.2,23.2,67.0,94
2024-03-20T03:00,61.0,38.4,525.0,19.8,22.7,64.0,95
2024-03-20T04:00,56.1,35.5,514.0,17.9,21.9,63.0,95
2024-03-20T05:00,56.0,35.6,513.0,17.0,22.9,65.0,95
2024-03-20T06:00,51.3,32.9,487.0,15.6,19.8,73.0,94
2024-03-20T07:00,46.3,30.4,449.0,13.6,15.5,84.0,93
2024-03-20T08:00,31.8,20.8,402.0,11.1,11.7,96.0,92
2024-03-20T09:00,15.7,10.2,338.0,7.8,8.9,111.0,90
2024-03-20T10:00,12.8,8.0,266.0,4.1,6.6,126.0,88
2024-03-20T11:00,14.8,8.8,214.0,1.4,4.9,138.0,86
2024-03-20T12:00,16.9,9.9,199.0,0.6,4.2,143.0,85
2024-03-20T13:00,17.8,10.4,204.0,0.9,4.2,144.0,84
2024-03-20T14:00,18.2,10.6,211.0,1.4,4.2,144.0,83
2024-03-20T15:00,18.2,10.6,201.0,0.6,3.8,147.0,82
2024-03-20T16:00,18.0,10.6,191.0,0.0,3.4,148.0,90
2024-03-20T17:00,18.5,11.2,226.0,2.8,4.2,146.0,101
2024-03-20T18:00,20.3,13.1,314.0,11.9,6.7,126.0,108
2024-03-20T19:00,27.9,18.8,437.0,24.5,10.2,98.0,108
2024-03-20T20:00,33.1,22.5,541.0,34.4,13.5,76.0,100
2024-03-20T21:00,36.7,25.0,613.0,39.4,16.5,64.0,85
2024-03-20T22:00,39.0,26.7,666.0,41.5,19.3,57.0,77
2024-03-20T23:00,39.8,27.2,682.0,41.0,20.5,54.0,76
2024-03-21T00:00,36.2,24.7,645.0,36.8,19.2,56.0,75
2024-03-21T01:00,31.4,21.4,572.0,29.8,16.2,61.0,74
2024-03-21T02:00,27.3,18.4,498.0,23.0,13.3,66.0,73
2024-03-21T03:00,23.5,15.7,423.0,16.7,10.5,68.0,71
2024-03-21T04:00,20.4,13.5,347.0,10.5,7.8,70.0,69
2024-03-21T05:00,20.8,14.0,372.0,10.3,7.1,58.0,67
2024-03-21T06:00,21.7,14.5,375.0,10.0,7.2,61.0,66
2024-03-21T07:00,26.5,17.6,379.0,9.5,7.3,67.0,64
2024-03-21T08:00,35.5,23.2,371.0,8.5,7.3,77.0,63
2024-03-21T09:00,53.4,34.0,342.0,6.3,7.2,97.0,63
2024-03-21T10:00,59.4,37.5,303.0,3.6,7.1,123.0,65
2024-03-21T11:00,51.9,32.8,272.0,1.6,6.8,142.0,68
2024-03-21T12:00,43.7,27.6,258.0,1.0,6.3,149.0,69
2024-03-21T13:00,40.3,25.5,253.0,1.1,5.6,150.0,71
2024-03-21T14:00,39.8,25.3,251.0,1.4,5.1,150.0,72
2024-03-21T15:00,39.9,25.4,243.0,1.2,4.8,152.0,73
2024-03-21T16:00,39.7,25.2,239.0,1.2,4.7,154.0,88
2024-03-21T17:00,36.0,22.9,244.0,2.9,4.2,149.0,104
2024-03-21T18:00,39.0,25.3,317.0,9.8,6.1,132.0,115
2024-03-21T19:00,44.8,29.7,419.0,19.2,8.8,109.0,117
2024-03-21T20:00,48.5,32.5,506.0,25.7,11.4,93.0,110
2024-03-21T21:00,57.0,38.3,567.0,26.9,13.8,89.0,98
2024-03-21T22:00,66.4,44.7,614.0,25.2,16.2,92.0,85
2024-03-21T23:00,73.8,49.6,639.0,22.6,18.1,97.0,82
2024-03-22T00:00,80.3,53.9,630.0,19.1,19.6,106.0,83
2024-03-22T01:00,83.8,56.1,600.0,14.6,20.6,117.0,86
2024-03-22T02:00,82.4,55.2,572.0,11.2,21.2,125.0,88
2024-03-22T03:00,79.9,53.3,552.0,9.3,21.0,125.0,91
2024-03-22T04:00,77.3,51.6,536.0,8.4,20.4,120.0,94
2024-03-22T05:00,76.4,50.8,526.0,8.3,18.5,122.0,97
2024-03-22T06:00,75.7,50.2,552.0,11.2,18.9,121.0,100
2024-03-22T07:00,77.5,51.6,583.0,14.9,19.5,120.0,104
2024-03-22T08:00,78.2,52.2,577.0,16.2,19.4,126.0,107
2024-03-22T09:00,64.7,42.8,497.0,12.6,18.2,145.0,110
2024-03-22T10:00,51.8,34.1,380.0,6.7,16.4,170.0,111
2024-03-22T11:00,48.0,31.2,294.0,2.2,14.7,188.0,111
2024-03-22T12:00,48.3,31.2,272.0,1.0,13.2,193.0,111
2024-03-22T13:00,49.0,31.8,281.0,1.4,11.8,192.0,119
2024-03-22T14:00,49.8,32.4,292.0,1.9,10.9,191.0,133
2024-03-22T15:00,50.2,32.7,291.0,2.0,10.1,192.0,148
2024-03-22T16:00,50.6,33.1,291.0,2.3,9.8,192.0,160
2024-03-22T17:00,42.0,27.7,300.0,3.3,11.5,194.0,171
2024-03-22T18:00,48.8,32.0,343.0,5.9,16.5,196.0,179
2024-03-22T19:00,59.4,38.8,404.0,9.4,23.3,197.0,183
2024-03-22T20:00,73.3,47.5,458.0,12.1,28.7,194.0,184
2024-03-22T21:00,80.6,52.0,498.0,13.3,31.1,183.0,184
2024-03-22T22:00,83.8,54.1,531.0,13.7,32.1,166.0,183
2024-03-22T23:00,85.9,55.3,554.0,13.6,32.2,151.0,179
2024-03-23T00:00,85.2,55.1,562.0,12.9,31.4,138.0,172
2024-03-23T01:00,85.4,55.1,559.0,11.7,29.9,127.0,164
2024-03-23T02:00,85.7,54.9,556.0,10.7,28.8,117.0,153
2024-03-23T03:00,85.7,54.7,555.0,10.1,28.4,109.0,137
2024-03-23T04:00,86.4,54.8,555.0,9.7,28.5,103.0,121
2024-03-23T05:00,89.2,56.5,620.0,11.5,31.9,104.0,121
2024-03-23T06:00,93.6,58.7,637.0,13.5,33.6,114.0,122
2024-03-23T07:00,98.0,61.5,654.0,16.0,35.6,128.0,123
2024-03-23T08:00,100.8,62.2,630.0,16.4,34.3,140.0,124
2024-03-23T09:00,68.9,40.7,522.0,12.5,26.3,149.0,125
2024-03-23T10:00,54.6,32.4,372.0,6.4,15.0,155.0,125
2024-03-23T11:00,50.8,30.5,263.0,1.9,6.8,161.0,124
2024-03-23T12:00,50.4,30.2,234.0,0.7,4.7,165.0,124
2024-03-23T13:00,50.1,29.8,246.0,1.0,5.6,168.0,124
2024-03-23T14:00,49.7,29.7,259.0,1.6,6.7,171.0,124
2024-03-23T15:00,49.5,29.6,258.0,1.7,6.7,175.0,130
2024-03-23T16:00,49.1,29.5,260.0,2.1,6.8,179.0,140
2024-03-23T17:00,51.7,31.1,278.0,3.4,8.7,188.0,148
2024-03-23T18:00,53.3,33.1,302.0,5.8,13.4,189.0,155
2024-03-23T19:00,56.6,35.4,337.0,9.1,19.9,190.0,160
2024-03-23T20:00,58.4,36.6,368.0,11.9,24.9,184.0,165
2024-03-23T21:00,57.9,36.4,393.0,13.8,26.9,165.0,168
2024-03-23T22:00,58.0,36.7,415.0,15.2,27.4,138.0,167
2024-03-23T23:00,58.2,36.8,429.0,15.8,27.3,116.0,162
2024-03-24T00:00,57.7,36.4,429.0,15.2,26.8,102.0,153
2024-03-24T01:00,57.2,36.0,421.0,13.9,25.7,93.0,137
2024-03-24T02:00,56.3,35.3,414.0,12.9,24.9,85.0,117
2024-03-24T03:00,55.3,34.3,409.0,12.5,24.7,77.0,111
2024-03-24T04:00,53.9,33.4,406.0,12.3,24.7,71.0,109
2024-03-24T05:00,56.5,35.0,386.0,10.0,27.6,81.0,106
2024-03-24T06:00,58.1,35.9,411.0,12.2,29.4,80.0,104
2024-03-24T07:00,61.2,38.1,443.0,15.1,31.6,79.0,102
2024-03-24T08:00,65.2,39.3,445.0,15.9,30.9,85.0,99
2024-03-24T09:00,50.4,28.8,387.0,12.4,24.7,102.0,98
2024-03-24T10:00,42.3,24.4,299.0,6.8,15.7,126.0,97
2024-03-24T11:00,39.2,23.3,235.0,2.5,8.9,145.0,96
2024-03-24T12:00,40.9,24.4,221.0,1.2,6.6,154.0,96
2024-03-24T13:00,42.3,25.3,232.0,1.2,6.5,158.0,95
2024-03-24T14:00,43.0,25.8,243.0,1.6,6.8,161.0,95
2024-03-24T15:00,43.0,25.9,243.0,1.7,6.8,166.0,94
2024-03-24T16:00,42.6,25.8,243.0,2.0,7.2,171.0,100
2024-03-24T17:00,39.8,24.3,264.0,3.2,7.2,166.0,118
2024-03-24T18:00,40.6,25.6,298.0,6.7,10.2,158.0,132
2024-03-24T19:00,44.4,28.5,347.0,11.6,14.5,147.0,139
2024-03-24T20:00,48.0,31.1,389.0,15.3,18.7,136.0,139
2024-03-24T21:00,52.5,34.2,420.0,17.0,22.7,127.0,135
2024-03-24T22:00,56.2,36.7,445.0,17.6,26.6,118.0,129
2024-03-24T23:00,58.3,38.0,458.0,17.5,29.2,109.0,119
2024-03-25T00:00,58.1,37.5,452.0,16.4,29.6,99.0,107
2024-03-25T01:00,57.2,36.6,434.0,14.7,28.7,88.0,92
2024-03-25T02:00,56.2,35.9,420.0,13.4,27.9,78.0,92
2024-03-25T03:00,55.5,35.3,417.0,13.1,27.6,67.0,92
2024-03-25T04:00,55.1,34.7,419.0,13.4,27.3,57.0,92
2024-03-25T05:00,56.1,34.7,502.0,16.0,23.6,52.0,92
2024-03-25T06:00,54.2,33.5,490.0,15.9,23.0,59.0,92
2024-03-25T07:00,54.4,33.9,472.0,15.6,22.0,69.0,92
2024-03-25T08:00,55.1,33.5,441.0,14.1,20.0,84.0,91
2024-03-25T09:00,52.6,31.1,384.0,10.3,16.2,107.0,91
2024-03-25T10:00,53.0,31.9,315.0,5.4,11.5,133.0,91
2024-03-25T11:00,50.5,30.4,265.0,1.8,8.0,153.0,92
2024-03-25T12:00,51.0,30.7,252.0,0.7,6.7,160.0,92
2024-03-25T13:00,50.6,30.6,259.0,1.0,6.6,161.0,93
2024-03-25T14:00,49.8,30.3,265.0,1.4,6.6,160.0,93
2024-03-25T15:00,48.9,29.7,261.0,1.4,6.2,161.0,94
2024-03-25T16:00,47.7,29.2,258.0,1.6,5.9,161.0,105
2024-03-25T17:00,40.6,24.9,269.0,3.1,6.9,164.0,121
2024-03-25T18:00,40.0,25.3,287.0,5.7,10.6,159.0,133
2024-03-25T19:00,41.8,26.9,314.0,9.5,15.7,152.0,139
2024-03-25T20:00,44.0,28.4,345.0,12.8,19.9,141.0,138
2024-03-25T21:00,45.5,29.7,381.0,15.3,22.3,125.0,134
2024-03-25T22:00,47.5,31.2,422.0,17.5,23.9,107.0,127
2024-03-25T23:00,49.5,32.6,455.0,18.9,25.0,91.0,115
2024-03-26T00:00,50.8,33.4,477.0,19.3,25.6,80.0,101
2024-03-26T01:00,52.2,34.2,492.0,19.0,25.8,71.0,92
2024-03-26T02:00,53.4,34.9,504.0,18.6,26.2,64.0,92
2024-03-26T03:00,54.7,35.5,513.0,18.3,27.1,57.0,92
2024-03-26T04:00,55.9,35.9,519.0,17.9,28.2,52.0,92
2024-03-26T05:00,51.6,33.3,519.0,18.4,24.0,51.0,92
2024-03-26T06:00,53.9,34.5,531.0,18.6,24.1,62.0,92
2024-03-26T07:00,59.8,38.5,545.0,18.6,24.1,79.0,92
2024-03-26T08:00,61.2,38.5,529.0,17.1,22.7,97.0,93
2024-03-26T09:00,50.2,30.6,455.0,12.4,18.7,117.0,93
2024-03-26T10:00,42.6,25.7,351.0,6.2,13.4,138.0,93
2024-03-26T11:00,46.2,28.2,277.0,1.7,9.3,155.0,92
2024-03-26T12:00,49.8,30.7,262.0,0.5,7.6,163.0,92
2024-03-26T13:00,50.6,31.3,277.0,1.0,7.1,166.0,92
2024-03-26T14:00,50.6,31.4,290.0,1.7,7.1,169.0,92
2024-03-26T15:00,49.8,31.0,287.0,1.9,7.0,172.0,97
2024-03-26T16:00,48.7,30.3,282.0,2.3,7.4,175.0,117
2024-03-26T17:00,53.6,32.5,297.0,3.5,8.6,172.0,133
2024-03-26T18:00,55.6,34.5,313.0,6.0,13.4,170.0,145
2024-03-26T19:00,58.3,36.8,336.0,9.4,20.0,168.0,151
2024-03-26T20:00,60.8,38.2,359.0,12.3,24.9,160.0,154
2024-03-26T21:00,61.0,38.4,381.0,14.1,26.5,144.0,153
2024-03-26T22:00,61.2,38.5,404.0,15.4,26.5,123.0,149
2024-03-26T23:00,62.4,39.3,421.0,16.0,26.1,105.0,140
2024-03-27T00:00,63.3,39.8,430.0,15.6,25.7,95.0,125
2024-03-27T01:00,63.6,39.7,434.0,14.5,24.9,88.0,108
2024-03-27T02:00,62.9,39.2,438.0,13.7,24.5,82.0,98
2024-03-27T03:00,62.6,38.9,442.0,13.4,24.8,76.0,98
2024-03-27T04:00,62.6,38.4,446.0,13.3,25.5,72.0,99
2024-03-27T05:00,61.9,37.4,423.0,12.2,26.6,66.0,99
2024-03-27T06:00,63.8,37.6,433.0,13.7,27.6,69.0,99
2024-03-27T07:00,65.9,38.9,445.0,15.5,28.8,74.0,99
2024-03-27T08:00,68.2,39.6,435.0,15.5,27.9,84.0,100
2024-03-27T09:00,56.8,31.9,381.0,11.7,22.9,103.0,100
2024-03-27T10:00,48.0,25.1,305.0,6.0,15.9,127.0,100
2024-03-27T11:00,50.4,27.6,251.0,1.8,10.6,146.0,100
2024-03-27T12:00,55.4,31.3,242.0,0.7,8.6,153.0,100
2024-03-27T13:00,59.0,34.0,254.0,1.1,8.3,154.0,100
2024-03-27T14:00,58.8,34.2,267.0,1.8,8.8,157.0,100
2024-03-27T15:00,57.7,33.8,270.0,2.2,9.5,164.0,100
2024-03-27T16:00,57.3,33.5,273.0,2.8,11.0,173.0,100
2024-03-27T17:00,65.7,38.0,291.0,4.0,12.0,181.0,117
2024-03-27T18:00,62.9,37.8,307.0,6.3,16.7,184.0,133
2024-03-27T19:00,59.5,37.1,330.0,9.5,23.2,188.0,146
2024-03-27T20:00,57.0,35.9,353.0,12.2,27.8,184.0,153
2024-03-27T21:00,55.4,34.9,375.0,13.8,28.8,165.0,158
2024-03-27T22:00,55.8,35.0,396.0,14.9,27.8,138.0,160
2024-03-27T23:00,57.2,36.1,411.0,15.4,26.8,115.0,157
2024-03-28T00:00,58.0,36.4,418.0,15.1,26.0,102.0,149
2024-03-28T01:00,58.4,36.4,419.0,14.2,25.1,93.0,134
2024-03-28T02:00,58.7,36.3,418.0,13.5,24.6,86.0,115
2024-03-28T03:00,58.7,36.0,415.0,12.9,24.7,80.0,100
2024-03-28T04:00,58.8,35.7,410.0,12.4,25.3,75.0,99
2024-03-28T05:00,54.6,33.3,423.0,13.3,23.3,64.0,99
2024-03-28T06:00,56.6,33.9,436.0,15.2,24.1,65.0,99
2024-03-28T07:00,59.6,35.9,453.0,17.6,25.0,67.0,98
2024-03-28T08:00,60.3,35.7,449.0,17.9,24.9,77.0,98
2024-03-28T09:00,53.7,30.9,406.0,13.8,22.7,101.0,98
2024-03-28T10:00,56.7,32.8,343.0,7.6,19.4,133.0,98
2024-03-28T11:00,59.6,34.7,296.0,2.9,16.7,159.0,98
2024-03-28T12:00,61.2,35.7,283.0,1.5,15.2,172.0,99
2024-03-28T13:00,64.7,37.8,288.0,1.8,14.4,178.0,99
2024-03-28T14:00,66.6,39.2,293.0,2.3,14.1,183.0,100
2024-03-28T15:00,66.4,39.1,291.0,2.5,14.3,191.0,100
2024-03-28T16:00,65.7,38.8,291.0,3.0,15.1,198.0,120
2024-03-28T17:00,71.9,42.3,278.0,3.9,15.2,195.0,146
2024-03-28T18:00,66.1,40.0,301.0,6.6,18.9,193.0,162
2024-03-28T19:00,61.5,38.5,333.0,10.3,24.1,189.0,172
2024-03-28T20:00,60.1,38.2,362.0,13.1,28.0,181.0,176
2024-03-28T21:00,59.8,38.1,383.0,14.2,29.7,166.0,178
2024-03-28T22:00,60.8,39.0,401.0,14.3,30.1,148.0,176
2024-03-28T23:00,62.4,40.0,413.0,14.1,30.1,131.0,170
2024-03-29T00:00,62.9,40.4,418.0,13.6,29.5,117.0,161
2024-03-29T01:00,62.6,40.3,417.0,12.7,28.5,105.0,147
2024-03-29T02:00,63.1,40.3,416.0,11.9,27.9,95.0,128
2024-03-29T03:00,63.8,40.6,415.0,10.9,28.2,88.0,107
2024-03-29T04:00,65.2,41.3,413.0,9.9,29.0,83.0,105
2024-03-29T05:00,66.4,42.3,434.0,9.5,29.2,89.0,106
2024-03-29T06:00,67.1,42.5,445.0,11.4,28.8,90.0,107
2024-03-29T07:00,68.5,43.5,457.0,13.8,27.9,91.0,108
2024-03-29T08:00,64.7,40.9,446.0,14.3,25.8,97.0,108
2024-03-29T09:00,50.2,30.4,389.0,11.2,21.0,111.0,109
2024-03-29T10:00,44.5,25.7,310.0,6.2,14.9,130.0,109
2024-03-29T11:00,50.3,28.8,254.0,2.5,10.4,145.0,108
2024-03-29T12:00,61.7,35.7,245.0,1.4,8.9,154.0,107
2024-03-29T13:00,63.8,37.3,259.0,1.6,9.1,159.0,107
2024-03-29T14:00,64.3,37.8,272.0,2.0,9.7,165.0,107
2024-03-29T15:00,64.5,38.1,274.0,2.3,10.4,174.0,107
2024-03-29T16:00,67.1,39.7,276.0,2.9,11.6,183.0,108
2024-03-29T17:00,77.8,45.1,292.0,3.5,8.6,158.0,126
2024-03-29T18:00,74.7,44.4,312.0,5.9,11.8,156.0,136
2024-03-29T19:00,70.8,43.3,341.0,9.2,16.2,152.0,142
2024-03-29T20:00,69.2,42.8,368.0,11.7,20.1,147.0,143
2024-03-29T21:00,68.9,43.1,390.0,12.8,22.9,140.0,142
2024-03-29T22:00,68.7,43.2,409.0,13.1,25.2,131.0,138
2024-03-29T23:00,68.0,42.8,424.0,13.2,26.5,121.0,130
2024-03-30T00:00,67.3,42.3,434.0,13.1,26.4,111.0,119
2024-03-30T01:00,67.3,41.9,439.0,12.6,25.4,100.0,110
2024-03-30T02:00,66.8,41.4,441.0,12.1,24.5,91.0,111
2024-03-30T03:00,66.1,40.7,438.0,11.3,24.2,82.0,111
2024-03-30T04:00,66.4,40.6,431.0,10.4,24.1,75.0,111
2024-03-30T05:00,66.6,41.0,415.0,10.0,24.4,72.0,111
2024-03-30T06:00,69.4,42.0,429.0,11.6,25.8,76.0,111
2024-03-30T07:00,72.6,44.2,447.0,13.5,27.5,83.0,110
2024-03-30T08:00,78.2,46.6,445.0,13.8,27.2,94.0,111
2024-03-30T09:00,75.9,44.4,403.0,10.7,23.0,111.0,111
2024-03-30T10:00,71.2,41.4,341.0,5.9,16.7,132.0,113
2024-03-30T11:00,74.0,42.7,295.0,2.3,12.0,149.0,114
2024-03-30T12:00,78.5,45.1,281.0,1.2,10.2,157.0,116
2024-03-30T13:00,81.3,46.8,282.0,1.4,9.9,160.0,117
2024-03-30T14:00,78.7,45.6,286.0,1.9,10.4,165.0,118
2024-03-30T15:00,77.1,45.1,288.0,2.3,11.5,176.0,118
2024-03-30T16:00,79.6,46.7,292.0,3.0,13.4,188.0,119
2024-03-30T17:00,89.6,52.2,289.0,3.5,9.1,165.0,130
2024-03-30T18:00,82.9,49.5,297.0,5.8,11.8,155.0,141
2024-03-30T19:00,70.5,43.1,308.0,9.0,15.4,140.0,146
2024-03-30T20:00,58.6,36.0,320.0,11.7,18.1,125.0,144
2024-03-30T21:00,52.3,32.0,334.0,13.5,19.0,109.0,138
2024-03-30T22:00,51.2,31.5,349.0,14.8,19.0,93.0,127
2024-03-30T23:00,51.1,31.7,361.0,15.6,18.5,80.0,118
2024-03-31T00:00,50.3,31.1,368.0,15.8,17.6,71.0,117
2024-03-31T01:00,49.0,30.4,371.0,15.5,16.4,64.0,116
2024-03-31T02:00,47.6,29.7,374.0,15.0,15.3,59.0,115
2024-03-31T03:00,46.2,29.0,377.0,14.3,14.5,54.0,113
2024-03-31T04:00,44.9,28.3,378.0,13.4,13.9,51.0,112
2024-03-31T05:00,44.7,27.4,334.0,8.2,12.6,69.0,111
2024-03-31T06:00,46.2,28.3,353.0,9.5,13.7,72.0,109
2024-03-31T07:00,49.6,30.3,378.0,11.2,15.1,78.0,108
2024-03-31T08:00,53.2,31.3,384.0,11.4,15.3,87.0,107
2024-03-31T09:00,54.6,29.7,353.0,8.7,13.3,104.0,105
2024-03-31T10:00,68.5,37.6,304.0,4.6,10.2,126.0,103
2024-03-31T11:00,82.9,46.3,268.0,1.6,7.7,142.0,103
2024-03-31T12:00,86.4,48.4,259.0,0.8,6.7,149.0,103
2024-03-31T13:00,87.3,49.1,262.0,1.1,6.4,150.0,104
2024-03-31T14:00,86.1,48.5,266.0,1.6,6.3,151.0,104
2024-03-31T15:00,84.5,47.7,265.0,1.7,6.0,153.0,104
2024-03-31T16:00,82.7,46.8,264.0,2.1,5.9,154.0,105
2024-03-31T17:00,87.3,49.4,286.0,3.3,6.8,154.0,107
2024-03-31T18:00,79.9,46.3,306.0,5.9,10.3,146.0,117
2024-03-31T19:00,68.9,41.8,334.0,9.4,15.2,135.0,122
2024-03-31T20:00,55.4,34.8,361.0,12.5,19.1,123.0,120
2024-03-31T21:00,48.1,31.0,386.0,14.6,21.0,110.0,115
2024-03-31T22:00,48.1,31.2,411.0,16.2,21.8,96.0,106
2024-03-31T23:00,49.4,32.1,429.0,17.1,22.0,84.0,104
2024-04-01T00:00,49.8,32.4,438.0,17.0,21.5,75.0,104
2024-04-01T01:00,49.8,32.2,440.0,16.3,20.4,67.0,104
2024-04-01T02:00,49.1,31.8,444.0,15.7,19.4,60.0,104
2024-04-01T03:00,48.0,31.0,452.0,15.5,18.7,52.0,104
2024-04-01T04:00,46.7,30.2,461.0,15.4,18.1,46.0,104
2024-04-01T05:00,51.8,32.8,468.0,14.2,20.5,54.0,105
2024-04-01T06:00,51.7,32.8,482.0,15.7,21.0,59.0,105
2024-04-01T07:00,54.4,34.7,498.0,17.5,21.5,67.0,106
2024-04-01T08:00,57.4,35.7,486.0,17.4,20.7,79.0,106
2024-04-01T09:00,52.7,31.2,417.0,13.3,17.4,100.0,106
2024-04-01T10:00,48.2,27.8,319.0,7.3,12.7,126.0,107
2024-04-01T11:00,46.3,26.7,247.0,2.7,9.0,146.0,106
2024-04-01T12:00,47.3,27.1,229.0,1.2,7.2,155.0,104
2024-04-01T13:00,49.8,28.8,237.0,1.3,6.3,157.0,101
2024-04-01T14:00,51.7,30.2,245.0,1.6,6.0,159.0,99
2024-04-01T15:00,50.3,29.7,243.0,1.7,5.9,161.0,98
2024-04-01T16:00,47.4,28.3,240.0,2.1,6.2,163.0,97
2024-04-01T17:00,47.3,29.7,258.0,3.6,9.5,181.0,115
2024-04-01T18:00,48.8,30.9,281.0,6.6,12.9,173.0,132
2024-04-01T19:00,48.9,31.7,315.0,10.7,17.8,162.0,142
2024-04-01T20:00,51.2,33.5,350.0,14.1,22.1,150.0,145
2024-04-01T21:00,56.0,36.7,389.0,16.3,25.3,138.0,144
2024-04-01T22:00,61.7,40.2,428.0,17.9,28.0,124.0,140
2024-04-01T23:00,66.6,43.1,453.0,18.2,30.0,114.0,133
2024-04-02T00:00,70.5,44.8,453.0,16.7,31.0,108.0,123
2024-04-02T01:00,73.3,45.9,437.0,14.0,31.3,105.0,111
2024-04-02T02:00,74.0,45.6,419.0,11.7,31.1,101.0,96
2024-04-02T03:00,72.9,44.4,400.0,10.3,30.3,94.0,97
2024-04-02T04:00,70.5,42.6,378.0,9.3,29.1,85.0,98
2024-04-02T05:00,74.5,43.4,378.0,8.8,29.5,92.0,99
2024-04-02T06:00,71.7,42.1,380.0,10.4,29.6,91.0,99
2024-04-02T07:00,72.6,42.8,381.0,12.4,29.4,91.0,100
2024-04-02T08:00,76.1,43.0,367.0,12.9,27.5,96.0,101
2024-04-02T09:00,63.1,35.3,323.0,10.2,22.2,109.0,102
2024-04-02T10:00,50.8,29.1,264.0,5.9,15.2,128.0,102
2024-04-02T11:00,44.6,26.0,222.0,2.7,9.8,143.0,102
2024-04-02T12:00,44.6,26.2,213.0,1.6,7.5,152.0,102
2024-04-02T13:00,45.6,27.0,222.0,1.5,6.7,158.0,102
2024-04-02T14:00,46.0,27.5,230.0,1.7,6.6,163.0,102
2024-04-02T15:00,46.0,27.6,229.0,1.8,6.6,168.0,102
2024-04-02T16:00,46.0,27.8,228.0,2.2,7.3,173.0,104
2024-04-02T17:00,51.6,30.6,247.0,3.4,9.7,180.0,120
2024-04-02T18:00,53.2,32.7,266.0,5.7,12.7,175.0,136
2024-04-02T19:00,56.6,35.6,292.0,8.9,17.0,168.0,146
2024-04-02T20:00,58.4,37.1,319.0,11.5,20.6,159.0,151
2024-04-02T21:00,59.8,38.3,345.0,13.0,23.0,147.0,152
2024-04-02T22:00,63.1,40.0,370.0,13.9,24.8,133.0,150
2024-04-02T23:00,66.4,41.8,389.0,14.3,26.0,120.0,144
2024-04-03T00:00,68.7,42.8,396.0,13.8,26.3,110.0,133
2024-04-03T01:00,69.8,43.2,397.0,12.8,25.9,101.0,120
2024-04-03T02:00,68.9,42.6,402.0,12.3,25.7,92.0,103
2024-04-03T03:00,68.2,42.1,421.0,12.9,26.2,82.0,102
2024-04-03T04:00,69.2,42.0,445.0,14.1,26.9,72.0,102
2024-04-03T05:00,71.7,43.0,459.0,14.5,27.1,69.0,102
2024-04-03T06:00,75.7,44.2,445.0,14.2,27.4,80.0,101
2024-04-03T07:00,82.7,47.7,424.0,13.6,27.6,96.0,102
2024-04-03T08:00,78.7,42.7,391.0,12.1,25.8,111.0,102
2024-04-03T09:00,55.1,29.3,332.0,8.9,19.9,125.0,102
2024-04-03T10:00,39.2,21.7,261.0,4.9,11.9,138.0,102
2024-04-03T11:00,34.3,19.7,212.0,2.0,6.1,149.0,101
2024-04-03T12:00,35.9,21.0,203.0,1.1,4.4,155.0,100
2024-04-03T13:00,38.0,22.4,215.0,1.3,4.8,159.0,100
2024-04-03T14:00,39.2,23.3,227.0,1.7,5.8,164.0,99
2024-04-03T15:00,39.5,23.5,229.0,2.0,6.7,172.0,100
2024-04-03T16:00,40.3,24.1,232.0,2.6,8.2,180.0,116
2024-04-03T17:00,49.8,29.6,254.0,3.8,11.5,191.0,131
2024-04-03T18:00,53.2,32.1,277.0,5.9,15.6,193.0,145
2024-04-03T19:00,59.1,36.8,309.0,8.9,21.2,196.0,155
2024-04-03T20:00,62.2,39.0,338.0,11.2,25.7,192.0,162
2024-04-03T21:00,65.0,40.9,363.0,12.5,27.8,178.0,168
2024-04-03T22:00,67.3,42.4,386.0,13.1,28.8,158.0,171
2024-04-03T23:00,68.9,43.2,400.0,13.3,29.1,140.0,170
2024-04-04T00:00,68.9,42.7,399.0,12.7,28.8,127.0,165
2024-04-04T01:00,67.5,41.7,388.0,11.5,27.8,116.0,157
2024-04-04T02:00,65.7,40.3,379.0,10.7,26.9,105.0,143
2024-04-04T03:00,63.6,38.8,376.0,10.4,26.1,93.0,124
2024-04-04T04:00,61.5,37.4,374.0,10.4,25.4,81.0,102
2024-04-04T05:00,59.4,36.4,355.0,9.1,25.2,86.0,98
2024-04-04T06:00,60.1,36.4,360.0,10.4,26.6,88.0,98
2024-04-04T07:00,63.6,38.5,364.0,12.0,28.3,91.0,97
2024-04-04T08:00,65.0,37.3,353.0,12.2,27.7,98.0,96
2024-04-04T09:00,53.9,29.7,311.0,9.6,22.8,112.0,96
2024-04-04T10:00,43.2,23.8,254.0,5.6,15.7,131.0,96
2024-04-04T11:00,37.1,21.0,212.0,2.6,10.1,145.0,96
2024-04-04T12:00,35.0,20.3,201.0,1.5,7.5,152.0,96
2024-04-04T13:00,36.0,21.1,205.0,1.4,6.4,154.0,96
2024-04-04T14:00,37.3,22.0,210.0,1.6,5.9,155.0,96
2024-04-04T15:00,37.7,22.4,208.0,1.7,5.6,157.0,96
2024-04-04T16:00,37.3,22.2,207.0,2.1,5.8,157.0,101
2024-04-04T17:00,50.3,29.0,232.0,3.3,7.0,160.0,114
2024-04-04T18:00,47.6,29.0,250.0,5.8,9.6,150.0,124
2024-04-04T19:00,47.4,29.6,276.0,9.3,13.3,136.0,128
2024-04-04T20:00,48.2,30.5,302.0,12.4,16.4,122.0,126
2024-04-04T21:00,49.8,31.7,330.0,14.6,18.6,108.0,120
2024-04-04T22:00,52.0,32.9,360.0,16.3,20.3,95.0,110
2024-04-04T23:00,53.1,33.4,379.0,17.2,21.2,83.0,97
2024-04-05T00:00,52.5,32.7,379.0,16.6,20.8,74.0,92
2024-04-05T01:00,51.5,31.9,369.0,15.1,19.7,67.0,91
2024-04-05T02:00,50.1,31.0,367.0,14.3,18.9,61.0,90
2024-04-05T03:00,48.4,30.0,383.0,15.1,19.1,52.0,90
2024-04-05T04:00,46.9,29.3,405.0,16.7,19.7,44.0,89
2024-04-05T05:00,50.1,29.8,403.0,14.6,18.7,46.0,88
2024-04-05T06:00,50.4,30.2,408.0,14.6,19.0,56.0,88
2024-04-05T07:00,54.4,33.6,413.0,14.4,19.2,71.0,87
2024-04-05T08:00,58.4,33.5,400.0,13.2,18.4,88.0,87
2024-04-05T09:00,51.6,28.0,350.0,9.9,15.6,110.0,87
2024-04-05T10:00,46.6,25.3,282.0,5.6,11.7,134.0,86
2024-04-05T11:00,41.0,22.6,232.0,2.4,8.6,153.0,87
2024-04-05T12:00,37.3,21.2,218.0,1.3,6.9,161.0,87
2024-04-05T13:00,37.6,21.8,222.0,1.4,6.0,163.0,87
2024-04-05T14:00,39.7,23.2,227.0,1.7,5.7,165.0,87
2024-04-05T15:00,40.2,23.5,226.0,1.9,5.8,168.0,89
2024-04-05T16:00,39.9,23.3,227.0,2.3,6.4,171.0,109
2024-04-05T17:00,48.5,28.1,236.0,3.2,7.8,170.0,127
2024-04-05T18:00,48.7,29.3,249.0,5.2,11.9,164.0,140
2024-04-05T19:00,49.7,30.7,268.0,8.0,17.4,155.0,146
2024-04-05T20:00,50.4,31.2,292.0,10.8,21.6,144.0,147
2024-04-05T21:00,50.5,31.4,328.0,13.6,23.1,128.0,143
2024-04-05T22:00,51.1,32.1,368.0,16.5,23.3,108.0,136
2024-04-05T23:00,51.5,32.5,395.0,18.0,22.6,93.0,123
2024-04-06T00:00,50.3,31.8,397.0,17.4,21.1,84.0,108
2024-04-06T01:00,48.4,30.3,386.0,15.6,18.7,78.0,89
2024-04-06T02:00,45.8,28.0,372.0,13.9,16.7,75.0,87
2024-04-06T03:00,43.1,25.9,359.0,12.6,15.3,73.0,87
2024-04-06T04:00,41.2,24.3,344.0,11.4,14.2,72.0,86
2024-04-06T05:00,42.0,25.0,355.0,11.7,14.3,68.0,86
2024-04-06T06:00,43.7,25.6,356.0,11.9,14.1,78.0,85
2024-04-06T07:00,49.5,29.5,355.0,12.1,13.8,93.0,85
2024-04-06T08:00,51.7,26.0,338.0,11.3,12.6,105.0,85
2024-04-06T09:00,38.5,17.9,287.0,8.4,9.8,113.0,84
2024-04-06T10:00,29.2,14.1,219.0,4.5,6.3,120.0,83
2024-04-06T11:00,23.9,12.1,172.0,1.6,3.7,125.0,82
2024-04-06T12:00,23.5,12.5,164.0,0.8,3.0,130.0,82
2024-04-06T13:00,26.1,14.5,176.0,1.1,3.2,134.0,81
2024-04-06T14:00,28.2,15.9,188.0,1.6,3.6,137.0,80
2024-04-06T15:00,29.2,16.7,190.0,1.9,3.7,139.0,80
2024-04-06T16:00,29.6,17.1,192.0,2.3,3.9,140.0,80
2024-04-06T17:00,32.5,18.5,219.0,3.5,4.8,148.0,87
2024-04-06T18:00,32.9,19.7,243.0,6.1,7.4,138.0,95
2024-04-06T19:00,35.6,22.2,278.0,9.7,11.0,125.0,99
2024-04-06T20:00,39.5,24.7,311.0,12.9,14.2,112.0,99
2024-04-06T21:00,43.0,26.8,342.0,15.2,16.5,101.0,95
2024-04-06T22:00,46.6,29.0,371.0,17.1,18.4,91.0,88
2024-04-06T23:00,48.4,29.9,391.0,18.0,19.4,82.0,78
2024-04-07T00:00,48.3,29.5,393.0,17.5,19.0,74.0,75
2024-04-07T01:00,47.7,28.9,386.0,16.1,17.7,67.0,75
2024-04-07T02:00,46.9,28.2,381.0,15.0,16.6,61.0,75
2024-04-07T03:00,46.0,27.5,384.0,14.5,15.8,53.0,75
2024-04-07T04:00,45.4,26.9,390.0,14.3,15.2,45.0,75
2024-04-07T05:00,49.2,28.4,413.0,15.0,17.3,50.0,75
2024-04-07T06:00,50.9,29.1,418.0,15.5,18.6,59.0,76
2024-04-07T07:00,55.6,31.9,423.0,16.1,20.2,72.0,76
2024-04-07T08:00,62.2,32.8,407.0,15.2,20.2,87.0,76
2024-04-07T09:00,58.9,27.9,349.0,11.4,17.3,106.0,77
2024-04-07T10:00,50.1,23.6,271.0,6.1,12.8,127.0,77
2024-04-07T11:00,41.1,20.1,212.0,2.2,9.1,142.0,78
2024-04-07T12:00,36.1,18.5,192.0,1.0,7.1,145.0,79
2024-04-07T13:00,34.0,18.2,191.0,1.2,6.0,142.0,79
2024-04-07T14:00,33.1,18.0,194.0,1.6,5.5,139.0,80
2024-04-07T15:00,32.2,17.9,193.0,1.7,5.5,140.0,80
2024-04-07T16:00,32.8,18.3,196.0,2.1,6.1,142.0,85
2024-04-07T17:00,39.8,21.4,224.0,2.9,7.7,146.0,97
2024-04-07T18:00,41.8,23.1,240.0,5.2,11.2,143.0,105
2024-04-07T19:00,46.6,26.6,264.0,8.5,16.1,139.0,109
2024-04-07T20:00,48.8,27.9,288.0,11.4,19.9,132.0,108
2024-04-07T21:00,48.4,28.1,314.0,13.8,21.8,119.0,105
2024-04-07T22:00,48.1,28.2,340.0,15.8,22.7,102.0,101
2024-04-07T23:00,46.4,27.3,355.0,16.9,22.9,88.0,93
2024-04-08T00:00,43.0,25.2,347.0,16.2,22.3,80.0,82
2024-04-08T01:00,39.5,23.1,327.0,14.6,21.0,74.0,81
2024-04-08T02:00,36.2,21.3,317.0,13.7,20.0,68.0,80
2024-04-08T03:00,33.5,20.3,333.0,14.8,19.9,59.0,80
2024-04-08T04:00,32.4,19.8,359.0,16.6,20.0,49.0,79
2024-04-08T05:00,34.6,21.0,318.0,13.3,22.4,55.0,78
2024-04-08T06:00,34.9,21.5,323.0,13.5,23.8,61.0,78
2024-04-08T07:00,40.6,25.0,329.0,13.6,25.5,70.0,77
2024-04-08T08:00,42.6,22.5,318.0,12.6,25.0,81.0,77
2024-04-08T09:00,29.1,14.3,275.0,9.5,20.2,97.0,76
2024-04-08T10:00,21.0,10.8,217.0,5.4,13.3,115.0,75
2024-04-08T11:00,17.8,9.5,175.0,2.3,8.0,130.0,74
2024-04-08T12:00,16.8,9.2,166.0,1.3,6.1,137.0,73
2024-04-08T13:00,17.5,10.0,174.0,1.4,5.9,141.0,72
2024-04-08T14:00,19.4,11.5,183.0,1.7,6.2,145.0,72
2024-04-08T15:00,21.4,13.0,186.0,1.7,6.5,153.0,71
2024-04-08T16:00,23.1,14.2,191.0,2.0,7.3,161.0,79
2024-04-08T17:00,23.5,14.9,199.0,3.0,6.6,154.0,96
2024-04-08T18:00,26.2,16.6,224.0,5.6,9.0,149.0,108
2024-04-08T19:00,28.2,18.5,259.0,9.2,12.4,142.0,115
2024-04-08T20:00,31.4,20.7,298.0,12.6,15.7,133.0,118
2024-04-08T21:00,35.5,23.4,345.0,15.7,18.7,122.0,117
2024-04-08T22:00,39.9,26.3,394.0,18.6,21.7,110.0,113
2024-04-08T23:00,43.4,28.6,425.0,19.8,23.9,101.0,106
2024-04-09T00:00,45.4,29.6,420.0,18.1,25.1,99.0,95
2024-04-09T01:00,47.3,30.6,397.0,14.8,25.6,99.0,81
2024-04-09T02:00,48.3,31.1,381.0,12.4,25.7,97.0,70
2024-04-09T03:00,48.7,31.3,387.0,12.0,25.4,86.0,69
2024-04-09T04:00,48.2,31.1,401.0,12.6,24.8,73.0,70
2024-04-09T05:00,53.2,34.1,406.0,12.0,26.9,87.0,71
2024-04-09T06:00,55.3,35.2,396.0,12.3,29.2,92.0,72
2024-04-09T07:00,59.3,37.6,379.0,12.6,32.0,99.0,73
2024-04-09T08:00,58.0,34.3,353.0,11.9,32.3,109.0,74
2024-04-09T09:00,41.1,22.1,307.0,9.1,27.6,122.0,75
2024-04-09T10:00,36.1,19.6,251.0,5.3,20.2,137.0,76
2024-04-09T11:00,33.9,18.7,211.0,2.5,14.4,150.0,76
2024-04-09T12:00,34.5,19.6,201.0,1.5,11.7,158.0,77
2024-04-09T13:00,35.3,20.4,208.0,1.5,10.4,164.0,78
2024-04-09T14:00,36.2,21.2,216.0,1.8,9.8,169.0,86
2024-04-09T15:00,36.6,21.5,218.0,2.0,9.3,174.0,102
2024-04-09T16:00,36.7,21.7,221.0,2.5,9.4,179.0,118
2024-04-09T17:00,37.0,20.7,252.0,3.5,10.5,181.0,133
2024-04-09T18:00,38.3,22.1,265.0,5.2,13.3,180.0,146
2024-04-09T19:00,44.4,26.8,285.0,7.7,17.3,178.0,154
2024-04-09T20:00,48.9,29.6,307.0,10.0,20.6,171.0,158
2024-04-09T21:00,50.5,31.0,336.0,12.0,22.8,156.0,160
2024-04-09T22:00,53.2,32.8,368.0,13.9,24.3,136.0,159
2024-04-09T23:00,55.4,34.0,390.0,14.9,25.3,119.0,154
2024-04-10T00:00,56.5,34.3,392.0,14.3,25.5,108.0,143
2024-04-10T01:00,57.2,34.7,384.0,12.7,25.1,99.0,128
2024-04-10T02:00,56.9,34.7,382.0,11.8,24.5,91.0,111
2024-04-10T03:00,55.6,34.2,398.0,12.4,23.9,80.0,92
2024-04-10T04:00,54.6,33.5,420.0,13.6,23.1,69.0,86
2024-04-10T05:00,65.4,38.5,498.0,16.3,25.2,70.0,86
2024-04-10T06:00,69.4,40.6,482.0,15.2,27.6,87.0,86
2024-04-10T07:00,76.4,45.6,458.0,13.5,30.5,110.0,87
2024-04-10T08:00,76.1,42.7,423.0,11.3,30.3,128.0,87
2024-04-10T09:00,54.0,31.0,367.0,8.1,23.9,137.0,88
2024-04-10T10:00,44.6,27.0,299.0,4.4,14.3,140.0,89
2024-04-10T11:00,35.3,21.4,250.0,1.8,7.2,144.0,89
2024-04-10T12:00,33.2,20.3,234.0,1.0,5.0,148.0,90
2024-04-10T13:00,33.6,20.7,236.0,1.3,5.3,152.0,90
2024-04-10T14:00,34.2,21.1,239.0,1.7,6.2,157.0,90
2024-04-10T15:00,35.2,21.6,237.0,1.9,6.9,164.0,104
2024-04-10T16:00,36.4,22.2,237.0,2.3,8.2,172.0,115
2024-04-10T17:00,44.1,25.9,252.0,3.5,12.5,183.0,125
2024-04-10T18:00,49.1,28.8,267.0,5.3,16.2,185.0,135
2024-04-10T19:00,57.7,34.6,290.0,7.8,21.3,186.0,144
2024-04-10T20:00,60.3,36.1,314.0,10.1,25.2,181.0,152
2024-04-10T21:00,62.2,37.7,340.0,11.9,26.9,164.0,158
2024-04-10T22:00,63.6,38.9,368.0,13.5,27.4,141.0,159
2024-04-10T23:00,65.4,39.9,392.0,14.7,27.5,120.0,157
2024-04-11T00:00,65.9,40.3,407.0,15.1,27.3,105.0,150
2024-04-11T01:00,66.8,40.6,418.0,15.1,26.7,94.0,136
2024-04-11T02:00,66.8,40.7,430.0,15.2,26.1,84.0,117
2024-04-11T03:00,67.1,40.7,451.0,15.9,25.8,74.0,95
2024-04-11T04:00,68.2,41.1,473.0,16.6,25.5,67.0,95
2024-04-11T05:00,60.5,36.7,448.0,16.0,24.6,61.0,96
2024-04-11T06:00,64.5,38.5,422.0,14.7,23.3,72.0,96
2024-04-11T07:00,70.3,42.0,384.0,12.7,21.2,87.0,95
2024-04-11T08:00,62.2,34.9,345.0,10.4,18.4,101.0,95
2024-04-11T09:00,50.8,28.5,303.0,7.4,14.0,113.0,95
2024-04-11T10:00,43.0,25.0,261.0,4.1,8.7,124.0,94
2024-04-11T11:00,39.7,23.7,232.0,1.7,4.9,133.0,94
2024-04-11T12:00,40.6,24.6,228.0,1.0,3.6,141.0,94
2024-04-11T13:00,42.0,25.6,238.0,1.2,3.8,147.0,95
2024-04-11T14:00,42.5,26.0,247.0,1.6,4.2,152.0,95
2024-04-11T15:00,42.0,26.0,246.0,1.8,3.9,155.0,95
2024-04-11T16:00,41.0,25.4,242.0,2.1,3.9,157.0,96
2024-04-11T17:00,50.5,30.7,256.0,3.4,7.9,169.0,105
2024-04-11T18:00,51.0,31.4,273.0,5.4,12.2,170.0,117
2024-04-11T19:00,52.2,32.8,298.0,8.2,18.2,170.0,127
2024-04-11T20:00,54.1,34.1,325.0,10.7,22.9,165.0,135
2024-04-11T21:00,55.1,35.0,356.0,12.7,25.1,150.0,140
2024-04-11T22:00,56.9,36.3,389.0,14.4,26.0,130.0,140
2024-04-11T23:00,58.7,37.6,416.0,15.6,26.4,112.0,136
2024-04-12T00:00,59.3,38.2,434.0,15.9,26.4,99.0,127
2024-04-12T01:00,61.2,39.5,447.0,15.7,26.0,89.0,114
2024-04-12T02:00,62.2,39.7,456.0,15.4,25.7,80.0,97
2024-04-12T03:00,60.8,38.6,465.0,15.4,25.9,72.0,95
2024-04-12T04:00,59.6,37.7,470.0,15.4,26.2,65.0,95
2024-04-12T05:00,58.3,37.0,487.0,16.7,23.6,68.0,95
2024-04-12T06:00,58.7,37.5,443.0,15.5,22.8,77.0,95
2024-04-12T07:00,61.5,39.9,382.0,13.6,21.6,90.0,95
2024-04-12T08:00,37.5,24.0,328.0,11.3,19.2,102.0,95
2024-04-12T09:00,22.6,14.2,288.0,8.0,14.6,113.0,94
2024-04-12T10:00,23.0,14.3,255.0,4.3,8.9,125.0,93
2024-04-12T11:00,27.3,16.9,234.0,1.6,4.7,134.0,92
2024-04-12T12:00,31.1,19.2,231.0,0.8,3.4,141.0,91
2024-04-12T13:00,32.7,20.3,239.0,1.1,3.7,146.0,91
2024-04-12T14:00,33.1,20.7,246.0,1.6,4.1,148.0,91
2024-04-12T15:00,33.4,20.9,245.0,1.7,3.8,147.0,90
2024-04-12T16:00,33.8,21.0,242.0,2.0,3.5,144.0,91
2024-04-12T17:00,42.7,25.7,258.0,3.1,5.2,149.0,100
2024-04-12T18:00,41.1,25.0,270.0,5.2,8.0,146.0,108
2024-04-12T19:00,43.2,26.9,287.0,8.1,11.9,141.0,112
2024-04-12T20:00,48.3,30.4,303.0,10.5,15.1,133.0,114
2024-04-12T21:00,49.7,31.5,317.0,11.9,16.9,121.0,112
2024-04-12T22:00,50.4,32.0,330.0,12.9,18.0,106.0,107
2024-04-12T23:00,51.1,32.5,344.0,13.8,18.8,93.0,98
2024-04-13T00:00,51.5,32.6,357.0,14.6,19.4,84.0,87
2024-04-13T01:00,51.9,33.1,370.0,15.2,19.7,77.0,86
2024-04-13T02:00,51.7,33.3,385.0,15.9,20.2,70.0,86
2024-04-13T03:00,53.2,34.2,412.0,17.3,21.2,62.0,85
2024-04-13T04:00,56.2,35.7,442.0,18.8,22.4,54.0,85
2024-04-13T05:00,48.1,31.1,434.0,18.9,19.6,48.0,85
2024-04-13T06:00,51.2,32.7,411.0,16.3,19.4,63.0,84
2024-04-13T07:00,57.9,37.3,379.0,12.5,19.0,84.0,84
2024-04-13T08:00,54.7,34.3,343.0,9.1,17.5,103.0,84
2024-04-13T09:00,43.5,27.2,302.0,6.2,13.7,117.0,85
2024-04-13T10:00,36.9,23.0,259.0,3.6,8.8,129.0,86
2024-04-13T11:00,33.9,21.2,226.0,1.8,5.1,137.0,86
2024-04-13T12:00,30.4,19.2,211.0,1.1,3.8,141.0,87
2024-04-13T13:00,28.1,17.8,206.0,1.2,3.8,141.0,87
2024-04-13T14:00,26.4,16.7,203.0,1.5,4.1,141.0,86
2024-04-13T15:00,25.5,16.1,198.0,1.6,4.1,141.0,86
2024-04-13T16:00,25.6,15.9,196.0,1.9,4.3,139.0,90
2024-04-13T17:00,14.2,9.3,180.0,2.6,4.9,137.0,98
2024-04-13T18:00,18.7,12.1,210.0,5.1,8.7,144.0,102
2024-04-13T19:00,27.1,17.6,253.0,8.6,13.9,153.0,105
2024-04-13T20:00,37.0,24.1,292.0,11.3,18.5,157.0,108
2024-04-13T21:00,44.2,28.8,321.0,12.4,21.8,154.0,112
2024-04-13T22:00,49.4,32.1,345.0,12.6,24.5,147.0,115
2024-04-13T23:00,52.9,34.2,367.0,13.0,26.0,137.0,116
2024-04-14T00:00,53.7,34.7,386.0,14.0,25.9,125.0,115
2024-04-14T01:00,53.3,34.7,403.0,15.0,24.7,111.0,112
2024-04-14T02:00,56.1,36.3,417.0,15.5,23.7,98.0,106
2024-04-14T03:00,57.3,37.1,430.0,15.0,23.1,85.0,97
2024-04-14T04:00,59.0,38.2,441.0,13.9,22.8,75.0,82
2024-04-14T05:00,51.9,33.3,429.0,15.0,21.1,66.0,83
2024-04-14T06:00,56.6,35.9,405.0,13.5,23.7,87.0,83
2024-04-14T07:00,64.5,40.4,370.0,11.4,27.0,117.0,83
2024-04-14T08:00,63.8,37.1,330.0,9.1,27.4,138.0,83
2024-04-14T09:00,46.9,24.6,278.0,6.5,21.9,143.0,84
2024-04-14T10:00,35.6,15.3,221.0,3.8,13.4,140.0,83
2024-04-14T11:00,30.0,12.7,180.0,1.9,7.0,138.0,83
2024-04-14T12:00,27.8,12.5,168.0,1.2,5.0,140.0,82
2024-04-14T13:00,27.7,12.7,173.0,1.3,5.1,143.0,82
2024-04-14T14:00,28.5,13.1,179.0,1.6,5.6,146.0,89
2024-04-14T15:00,29.7,13.6,178.0,1.6,5.7,151.0,102
2024-04-14T16:00,31.0,14.5,178.0,1.8,6.3,157.0,109
2024-04-14T17:00,26.0,12.1,204.0,3.0,8.4,158.0,113
2024-04-14T18:00,30.7,15.9,240.0,5.6,13.9,167.0,116
2024-04-14T19:00,39.5,24.3,291.0,9.2,21.6,178.0,122
2024-04-14T20:00,48.9,31.2,332.0,12.0,27.5,182.0,130
2024-04-14T21:00,56.2,36.1,356.0,13.1,30.2,174.0,139
2024-04-14T22:00,58.3,37.6,371.0,13.3,31.1,159.0,146
2024-04-14T23:00,56.9,36.7,380.0,13.3,30.7,142.0,149
2024-04-15T00:00,54.1,34.8,381.0,13.1,28.5,122.0,147
2024-04-15T01:00,51.3,33.1,376.0,12.7,25.0,100.0,139
2024-04-15T02:00,49.0,31.4,375.0,12.4,22.1,82.0,127
2024-04-15T03:00,47.6,30.5,385.0,12.5,20.5,67.0,109
2024-04-15T04:00,47.0,30.2,399.0,12.7,19.5,56.0,85
2024-04-15T05:00,46.9,29.5,411.0,15.7,23.5,60.0,82
2024-04-15T06:00,46.6,28.9,375.0,13.4,22.2,73.0,81
2024-04-15T07:00,48.2,29.6,326.0,10.2,20.3,92.0,81
2024-04-15T08:00,45.5,26.1,287.0,7.3,17.8,110.0,80
2024-04-15T09:00,42.8,24.8,270.0,5.0,14.4,126.0,79
2024-04-15T10:00,39.2,23.3,263.0,3.0,10.4,141.0,79
2024-04-15T11:00,35.2,21.5,258.0,1.7,7.4,152.0,80
2024-04-15T12:00,33.4,20.7,254.0,1.2,6.1,157.0,81
2024-04-15T13:00,33.2,20.3,251.0,1.4,5.8,158.0,81
2024-04-15T14:00,33.2,20.0,250.0,1.7,5.7,158.0,82
2024-04-15T15:00,33.4,19.8,245.0,1.7,5.3,158.0,99
2024-04-15T16:00,34.5,20.2,241.0,1.9,5.0,156.0,113
2024-04-15T17:00,45.6,26.8,260.0,3.0,4.4,154.0,123
2024-04-15T18:00,47.4,28.2,300.0,6.7,7.0,148.0,129
2024-04-15T19:00,60.8,36.9,356.0,11.8,10.7,140.0,130
2024-04-15T20:00,69.4,43.1,398.0,15.2,14.7,133.0,128
2024-04-15T21:00,77.5,47.8,410.0,15.2,19.2,132.0,123
2024-04-15T22:00,81.5,49.9,409.0,13.6,24.0,132.0,117
2024-04-15T23:00,83.6,51.3,410.0,12.3,27.1,129.0,112
2024-04-16T00:00,83.4,51.2,421.0,12.1,27.6,119.0,106
2024-04-16T01:00,83.4,51.1,436.0,12.3,26.5,105.0,98
2024-04-16T02:00,82.0,50.3,451.0,12.5,25.0,92.0,93
2024-04-16T03:00,79.9,49.0,472.0,13.0,23.8,78.0,94
2024-04-16T04:00,77.3,47.4,493.0,13.6,22.2,64.0,96
2024-04-16T05:00,82.2,50.2,535.0,17.3,27.3,68.0,97
2024-04-16T06:00,81.5,49.7,504.0,15.0,24.3,80.0,99
2024-04-16T07:00,83.1,51.6,458.0,11.6,20.0,96.0,101
2024-04-16T08:00,66.4,40.6,411.0,8.5,15.6,112.0,103
2024-04-16T09:00,47.7,30.4,359.0,5.7,11.2,125.0,105
2024-04-16T10:00,40.6,25.9,304.0,3.2,6.7,137.0,105
2024-04-16T11:00,36.9,23.5,266.0,1.4,3.5,146.0,105
2024-04-16T12:00,34.9,22.2,255.0,0.9,2.5,149.0,106
2024-04-16T13:00,34.5,21.9,259.0,1.2,2.7,149.0,106
2024-04-16T14:00,34.0,21.7,265.0,1.6,3.0,148.0,106
2024-04-16T15:00,34.0,21.7,262.0,1.5,2.7,149.0,106
2024-04-16T16:00,34.6,22.1,259.0,1.5,2.5,150.0,106
2024-04-16T17:00,64.7,40.9,280.0,3.1,3.8,151.0,112
2024-04-16T18:00,70.1,43.9,323.0,7.0,5.5,139.0,117
2024-04-16T19:00,72.6,46.1,383.0,12.5,8.0,122.0,118
2024-04-16T20:00,74.0,47.6,434.0,16.7,10.1,107.0,113
2024-04-16T21:00,74.7,48.0,468.0,18.4,11.7,95.0,111
2024-04-16T22:00,75.4,48.1,494.0,18.9,13.0,85.0,111
2024-04-16T23:00,75.4,47.5,509.0,18.9,13.7,76.0,111
2024-04-17T00:00,73.6,45.9,507.0,18.3,13.5,70.0,110
2024-04-17T01:00,72.9,44.9,494.0,17.3,12.8,66.0,110
2024-04-17T02:00,73.1,44.8,488.0,16.6,12.5,63.0,109
2024-04-17T03:00,73.3,44.8,504.0,17.1,13.2,57.0,109
2024-04-17T04:00,73.6,44.7,528.0,18.0,14.4,51.0,108
2024-04-17T05:00,71.9,43.4,423.0,10.6,11.3,68.0,108
2024-04-17T06:00,72.6,43.9,407.0,10.1,10.8,79.0,107
2024-04-17T07:00,77.8,47.4,384.0,9.3,10.0,94.0,107
2024-04-17T08:00,84.1,46.4,358.0,8.0,8.9,108.0,106
2024-04-17T09:00,76.8,39.9,325.0,5.9,7.0,120.0,107
2024-04-17T10:00,75.4,40.2,288.0,3.3,4.6,132.0,108
2024-04-17T11:00,71.0,39.3,263.0,1.5,3.0,141.0,109
2024-04-17T12:00,68.9,38.5,258.0,1.0,2.6,146.0,111
2024-04-17T13:00,69.4,39.0,265.0,1.2,2.9,149.0,113
2024-04-17T14:00,71.5,40.5,272.0,1.7,3.4,151.0,114
2024-04-17T15:00,71.5,40.7,274.0,2.4,3.9,152.0,116
2024-04-17T16:00,71.5,40.9,277.0,3.3,4.6,151.0,118
2024-04-17T17:00,98.3,57.2,324.0,6.4,12.1,168.0,120
2024-04-17T18:00,93.4,53.8,327.0,6.8,12.9,164.0,122
2024-04-17T19:00,88.7,51.3,333.0,7.5,14.1,159.0,126
2024-04-17T20:00,85.4,49.6,355.0,9.3,15.2,149.0,130
2024-04-17T21:00,84.5,49.9,407.0,13.2,16.3,133.0,131
2024-04-17T22:00,86.4,51.7,476.0,18.2,17.5,113.0,128
2024-04-17T23:00,87.1,52.7,530.0,21.9,18.1,95.0,124
2024-04-18T00:00,84.5,51.6,561.0,23.6,18.0,80.0,125
2024-04-18T01:00,81.5,50.2,577.0,24.0,17.3,66.0,126
2024-04-18T02:00,78.7,48.4,577.0,23.3,16.7,56.0,126
2024-04-18T03:00,74.0,45.6,555.0,20.9,15.7,48.0,126
2024-04-18T04:00,69.2,42.3,517.0,17.4,14.6,43.0,127
2024-04-18T05:00,56.7,33.5,429.0,13.2,15.3,47.0,126
2024-04-18T06:00,57.7,33.4,404.0,12.3,19.5,68.0,125
2024-04-18T07:00,62.6,35.3,369.0,10.9,25.0,96.0,124
2024-04-18T08:00,73.6,36.8,331.0,9.2,27.3,120.0,123
2024-04-18T09:00,55.4,23.9,290.0,6.7,23.4,134.0,122
2024-04-18T10:00,43.3,18.6,247.0,3.7,16.2,142.0,120
2024-04-18T11:00,39.1,16.8,216.0,1.6,10.5,147.0,118
2024-04-18T12:00,37.7,16.4,205.0,1.0,7.9,147.0,116
2024-04-18T13:00,36.6,16.2,206.0,1.2,6.7,144.0,113
2024-04-18T14:00,37.1,17.0,209.0,1.6,6.2,142.0,111
2024-04-18T15:00,38.5,18.4,209.0,1.8,6.1,144.0,109
2024-04-18T16:00,39.9,19.5,212.0,2.2,6.7,147.0,106
2024-04-18T17:00,46.3,22.9,230.0,3.5,9.2,149.0,111
2024-04-18T18:00,49.0,25.6,256.0,5.5,14.2,157.0,114
2024-04-18T19:00,52.7,31.1,292.0,8.3,21.2,167.0,117
2024-04-18T20:00,58.6,35.4,321.0,10.4,26.3,171.0,121
2024-04-18T21:00,63.1,38.3,337.0,11.2,28.1,165.0,126
2024-04-18T22:00,61.5,37.6,346.0,11.3,28.2,154.0,131
2024-04-18T23:00,59.1,36.8,350.0,11.1,27.4,141.0,133
2024-04-19T00:00,57.0,35.4,349.0,10.6,25.7,127.0,133
2024-04-19T01:00,55.4,34.5,344.0,9.8,23.1,111.0,128
2024-04-19T02:00,54.1,33.6,340.0,9.1,21.1,97.0,120
2024-04-19T03:00,52.4,32.7,339.0,8.7,19.8,86.0,108
2024-04-19T04:00,51.6,32.1,340.0,8.5,19.1,77.0,90
2024-04-19T05:00,49.9,29.7,291.0,7.5,18.2,80.0,87
2024-04-19T06:00,50.6,30.0,299.0,8.4,20.8,86.0,86
2024-04-19T07:00,53.8,31.8,308.0,9.5,24.2,95.0,86
2024-04-19T08:00,56.2,32.7,306.0,9.5,25.4,106.0,86
2024-04-19T09:00,44.7,25.4,280.0,7.4,22.4,119.0,85
2024-04-19T10:00,37.1,20.9,242.0,4.2,17.2,133.0,86
2024-04-19T11:00,34.2,19.3,215.0,1.9,12.9,144.0,86
2024-04-19T12:00,36.9,20.7,208.0,1.2,10.6,147.0,86
2024-04-19T13:00,39.8,22.1,211.0,1.2,9.2,147.0,86
2024-04-19T14:00,41.2,22.9,217.0,1.6,8.9,150.0,87
2024-04-19T15:00,43.1,24.2,224.0,2.2,9.9,160.0,88
2024-04-19T16:00,44.8,25.9,233.0,3.1,12.0,173.0,102
2024-04-19T17:00,71.7,40.3,253.0,3.8,13.5,172.0,116
2024-04-19T18:00,70.3,42.0,271.0,5.6,17.5,172.0,127
2024-04-19T19:00,68.9,42.8,295.0,8.2,22.8,172.0,136
2024-04-19T20:00,65.0,40.4,315.0,10.3,26.4,164.0,142
2024-04-19T21:00,60.5,36.9,325.0,11.7,26.4,143.0,145
2024-04-19T22:00,58.4,35.5,330.0,12.6,24.5,115.0,144
2024-04-19T23:00,57.5,35.0,334.0,13.2,22.8,92.0,137
2024-04-20T00:00,56.3,34.2,338.0,13.2,21.8,79.0,122
2024-04-20T01:00,54.7,33.3,342.0,12.7,20.8,70.0,102
2024-04-20T02:00,53.6,32.6,346.0,12.4,20.1,63.0,92
2024-04-20T03:00,52.6,32.0,353.0,12.5,19.6,54.0,91
2024-04-20T04:00,52.0,31.5,361.0,12.6,19.4,46.0,91
2024-04-20T05:00,49.8,30.3,316.0,9.1,17.9,63.0,91
2024-04-20T06:00,51.5,30.3,324.0,9.8,17.9,67.0,91
2024-04-20T07:00,58.6,32.7,335.0,10.6,17.7,74.0,91
2024-04-20T08:00,60.8,32.2,333.0,10.3,16.5,84.0,92
2024-04-20T09:00,61.0,29.3,306.0,7.8,13.4,101.0,91
2024-04-20T10:00,56.7,25.9,268.0,4.2,9.4,122.0,92
2024-04-20T11:00,59.0,28.6,240.0,1.6,6.3,138.0,92
2024-04-20T12:00,62.2,31.5,234.0,0.9,5.0,144.0,93
2024-04-20T13:00,62.2,32.1,240.0,1.2,4.8,145.0,94
2024-04-20T14:00,59.6,31.2,246.0,1.8,5.0,146.0,95
2024-04-20T15:00,58.7,31.4,248.0,2.2,5.6,151.0,95
2024-04-20T16:00,63.6,34.9,252.0,3.0,6.8,156.0,96
2024-04-20T17:00,89.9,49.4,272.0,4.2,12.5,168.0,101
2024-04-20T18:00,78.5,43.4,300.0,6.8,13.0,156.0,115
2024-04-20T19:00,70.8,41.1,338.0,10.3,13.8,140.0,123
2024-04-20T20:00,64.7,39.1,362.0,12.7,14.7,127.0,123
2024-04-20T21:00,57.3,34.7,357.0,12.7,15.7,121.0,119
2024-04-20T22:00,52.2,31.2,338.0,11.6,16.8,117.0,114
2024-04-20T23:00,48.8,29.7,323.0,10.6,17.6,112.0,108
2024-04-21T00:00,46.8,28.4,319.0,10.3,17.7,102.0,100
2024-04-21T01:00,45.1,27.4,319.0,10.1,17.5,90.0,96
2024-04-21T02:00,44.0,26.9,320.0,10.1,17.4,79.0,95
2024-04-21T03:00,44.1,26.7,323.0,10.1,17.7,70.0,95
2024-04-21T04:00,44.2,26.6,328.0,10.2,18.3,63.0,94
2024-04-21T05:00,44.1,27.1,358.0,12.4,19.3,52.0,94
2024-04-21T06:00,46.8,28.4,346.0,12.4,18.6,62.0,94
2024-04-21T07:00,51.1,30.6,329.0,12.2,17.5,76.0,94
2024-04-21T08:00,49.1,27.8,309.0,11.1,15.7,90.0,93
2024-04-21T09:00,49.8,27.5,285.0,8.3,12.4,105.0,93
2024-04-21T10:00,54.4,29.9,259.0,4.7,8.3,120.0,93
2024-04-21T11:00,64.5,35.9,241.0,2.0,5.2,131.0,93
2024-04-21T12:00,62.6,35.5,238.0,1.2,3.7,136.0,94
2024-04-21T13:00,59.8,34.5,244.0,1.4,3.2,138.0,94
2024-04-21T14:00,57.0,33.3,250.0,1.8,3.1,139.0,94
2024-04-21T15:00,55.5,32.7,250.0,1.9,3.2,143.0,94
2024-04-21T16:00,53.8,31.9,250.0,2.1,3.7,147.0,95
2024-04-21T17:00,69.2,40.5,255.0,4.4,11.1,170.0,94
2024-04-21T18:00,63.6,38.3,260.0,6.1,12.6,156.0,106
2024-04-21T19:00,51.0,31.9,269.0,8.6,14.6,137.0,113
2024-04-21T20:00,41.4,26.1,282.0,11.2,16.3,117.0,115
2024-04-21T21:00,38.5,24.3,306.0,13.9,17.2,98.0,111
2024-04-21T22:00,39.2,24.9,335.0,16.7,17.8,78.0,102
2024-04-21T23:00,40.0,25.3,356.0,18.5,17.8,63.0,90
2024-04-22T00:00,39.6,24.8,363.0,18.7,17.1,54.0,90
2024-04-22T01:00,39.3,24.4,362.0,17.8,15.9,48.0,90
2024-04-22T02:00,39.1,24.0,360.0,16.9,15.0,44.0,89
2024-04-22T03:00,39.0,23.7,359.0,16.3,14.6,39.0,89
2024-04-22T04:00,38.9,23.4,357.0,15.6,14.5,36.0,89
2024-04-22T05:00,45.6,27.4,418.0,20.0,19.0,34.0,89
2024-04-22T06:00,46.7,27.6,387.0,17.2,18.2,52.0,89
2024-04-22T07:00,49.1,29.5,344.0,13.3,17.0,77.0,89
2024-04-22T08:00,50.3,28.6,307.0,9.6,15.2,99.0,88
2024-04-22T09:00,53.9,30.6,283.0,6.5,12.3,115.0,89
2024-04-22T10:00,63.8,36.9,266.0,3.6,8.7,129.0,89
2024-04-22T11:00,69.6,40.4,254.0,1.6,6.2,140.0,89
2024-04-22T12:00,70.5,40.7,248.0,0.9,5.4,147.0,90
2024-04-22T13:00,68.0,39.1,246.0,1.2,5.5,150.0,90
2024-04-22T14:00,65.0,37.5,246.0,1.6,5.9,153.0,90
2024-04-22T15:00,61.0,35.6,244.0,1.9,6.1,158.0,91
2024-04-22T16:00,58.2,34.1,242.0,2.4,6.6,162.0,99
2024-04-22T17:00,54.2,31.8,253.0,3.5,8.8,163.0,112
2024-04-22T18:00,53.0,31.7,268.0,5.3,11.0,155.0,122
2024-04-22T19:00,53.2,32.8,289.0,7.9,14.2,143.0,128
2024-04-22T20:00,55.9,34.7,314.0,10.4,17.0,130.0,128
2024-04-22T21:00,58.3,36.6,346.0,12.9,19.2,115.0,125
2024-04-22T22:00,60.5,38.2,381.0,15.3,21.2,99.0,117
2024-04-22T23:00,62.2,39.3,407.0,16.8,22.6,86.0,106
2024-04-23T00:00,62.9,39.7,415.0,16.7,23.2,77.0,94
2024-04-23T01:00,63.6,40.0,414.0,15.6,23.3,72.0,95
2024-04-23T02:00,64.3,40.4,414.0,14.7,23.3,66.0,96
2024-04-23T03:00,64.7,40.5,425.0,14.7,23.3,57.0,98
2024-04-23T04:00,65.4,40.9,437.0,14.8,23.2,49.0,99
2024-04-23T05:00,56.2,35.0,409.0,15.0,18.7,53.0,100
2024-04-23T06:00,57.9,35.9,384.0,13.2,17.8,67.0,101
2024-04-23T07:00,62.9,38.6,349.0,10.6,16.4,88.0,102
2024-04-23T08:00,65.4,38.1,315.0,8.1,14.5,105.0,103
2024-04-23T09:00,77.3,44.6,285.0,5.7,11.5,116.0,104
2024-04-23T10:00,68.9,39.5,257.0,3.3,8.0,125.0,105
2024-04-23T11:00,59.1,33.6,237.0,1.6,5.6,133.0,106
2024-04-23T12:00,55.3,31.7,229.0,1.1,5.0,140.0,105
2024-04-23T13:00,53.9,30.9,228.0,1.2,5.3,147.0,104
2024-04-23T14:00,52.4,30.2,229.0,1.6,6.1,153.0,103
2024-04-23T15:00,50.8,29.5,228.0,1.9,6.9,161.0,102
2024-04-23T16:00,49.2,28.9,228.0,2.3,8.0,170.0,102
2024-04-23T17:00,42.5,24.6,233.0,3.1,6.5,153.0,110
2024-04-23T18:00,42.8,25.5,250.0,5.3,9.4,147.0,118
2024-04-23T19:00,42.5,26.3,276.0,8.4,13.4,138.0,123
2024-04-23T20:00,43.4,27.2,302.0,11.2,16.9,128.0,124
2024-04-23T21:00,45.3,28.5,330.0,13.4,19.4,116.0,121
2024-04-23T22:00,47.8,30.2,359.0,15.4,21.3,102.0,115
2024-04-23T23:00,50.2,31.5,383.0,16.8,22.5,89.0,104
2024-04-24T00:00,51.3,32.1,399.0,17.3,22.5,79.0,97
2024-04-24T01:00,52.3,32.7,411.0,17.2,21.9,71.0,96
2024-04-24T02:00,53.1,33.3,423.0,17.2,21.4,63.0,96
2024-04-24T03:00,54.6,34.0,444.0,17.8,21.7,53.0,95
2024-04-24T04:00,56.1,34.5,467.0,18.5,22.3,43.0,95
2024-04-24T05:00,47.5,29.4,377.0,12.6,17.2,63.0,94
2024-04-24T06:00,46.7,28.8,368.0,12.2,16.8,73.0,94
2024-04-24T07:00,50.2,31.1,354.0,11.6,16.2,87.0,93
2024-04-24T08:00,50.6,29.8,335.0,10.3,14.9,102.0,93
2024-04-24T09:00,54.6,32.2,308.0,7.7,12.5,118.0,92
2024-04-24T10:00,59.3,35.3,276.0,4.4,9.5,134.0,91
2024-04-24T11:00,58.8,34.8,253.0,2.0,7.2,146.0,91
2024-04-24T12:00,57.5,34.0,244.0,1.2,6.1,152.0,91
2024-04-24T13:00,57.7,34.2,242.0,1.3,5.7,154.0,91
2024-04-24T14:00,57.2,34.1,243.0,1.7,5.7,156.0,91
2024-04-24T15:00,55.4,33.2,243.0,2.0,5.7,159.0,91
2024-04-24T16:00,56.2,33.5,244.0,2.6,6.1,162.0,105
2024-04-24T17:00,71.5,41.3,262.0,3.5,6.1,155.0,118
2024-04-24T18:00,69.8,41.0,281.0,5.4,10.1,160.0,126
2024-04-24T19:00,68.9,42.0,307.0,8.1,15.7,165.0,131
2024-04-24T20:00,68.7,42.0,330.0,10.3,20.5,165.0,135
2024-04-24T21:00,68.5,41.9,346.0,11.7,23.7,154.0,138
2024-04-24T22:00,67.8,41.6,358.0,12.7,26.0,137.0,138
2024-04-24T23:00,66.4,41.0,366.0,13.2,27.4,122.0,134
2024-04-25T00:00,65.4,40.2,367.0,13.0,27.6,110.0,126
2024-04-25T01:00,65.2,39.9,363.0,12.4,26.8,100.0,115
2024-04-25T02:00,66.1,39.9,364.0,12.0,26.1,91.0,103
2024-04-25T03:00,65.4,39.6,377.0,12.4,25.8,81.0,102
2024-04-25T04:00,64.5,38.9,394.0,12.9,25.5,71.0,102
2024-04-25T05:00,67.8,40.9,424.0,12.6,21.3,64.0,103
2024-04-25T06:00,68.0,40.6,408.0,11.9,22.2,76.0,104
2024-04-25T07:00,66.4,40.5,384.0,10.7,23.1,92.0,105
2024-04-25T08:00,64.3,38.0,357.0,9.2,22.3,108.0,106
2024-04-25T09:00,52.4,30.7,324.0,6.8,18.0,122.0,107
2024-04-25T10:00,48.0,28.6,288.0,4.0,11.8,135.0,107
2024-04-25T11:00,50.2,30.4,262.0,1.9,7.1,145.0,106
2024-04-25T12:00,51.3,31.1,251.0,1.2,5.1,149.0,106
2024-04-25T13:00,51.1,31.1,250.0,1.3,4.6,151.0,106
2024-04-25T14:00,51.0,31.1,251.0,1.7,4.8,153.0,105
2024-04-25T15:00,51.3,31.5,251.0,2.2,5.6,158.0,105
2024-04-25T16:00,53.1,32.8,255.0,3.0,7.2,165.0,105
2024-04-25T17:00,51.2,31.2,253.0,2.9,4.5,148.0,117
2024-04-25T18:00,52.6,32.6,287.0,5.9,7.0,145.0,123
2024-04-25T19:00,54.7,34.7,333.0,10.1,10.6,142.0,125
2024-04-25T20:00,57.7,36.6,368.0,13.2,14.3,137.0,124
2024-04-25T21:00,58.1,36.9,381.0,14.0,18.1,132.0,122
2024-04-25T22:00,58.1,37.1,383.0,13.8,21.9,127.0,118
2024-04-25T23:00,56.2,36.0,381.0,13.4,24.4,118.0,112
2024-04-26T00:00,53.1,34.0,379.0,13.3,24.9,104.0,103
2024-04-26T01:00,51.1,32.6,374.0,13.1,24.1,87.0,99
2024-04-26T02:00,50.2,31.8,366.0,12.8,23.3,73.0,99
2024-04-26T03:00,49.5,31.1,354.0,12.3,22.8,65.0,98
2024-04-26T04:00,48.7,30.3,340.0,11.6,22.2,60.0,98
2024-04-26T05:00,46.4,29.0,316.0,10.2,20.9,67.0,97
2024-04-26T06:00,45.2,28.5,321.0,10.8,20.4,73.0,96
2024-04-26T07:00,47.4,29.6,326.0,11.5,19.5,82.0,95
2024-04-26T08:00,48.7,29.6,323.0,11.0,18.0,95.0,94
2024-04-26T09:00,52.4,31.4,303.0,8.3,15.3,114.0,93
2024-04-26T10:00,53.9,32.6,274.0,4.5,12.0,136.0,94
2024-04-26T11:00,54.1,33.1,252.0,1.7,9.5,153.0,94
2024-04-26T12:00,53.1,32.6,245.0,1.0,8.5,160.0,94
2024-04-26T13:00,53.2,32.8,246.0,1.3,8.4,161.0,94
2024-04-26T14:00,53.4,33.2,249.0,1.9,8.6,162.0,94
2024-04-26T15:00,54.8,34.1,251.0,2.3,8.9,166.0,94
2024-04-26T16:00,58.9,36.9,256.0,2.9,9.6,170.0,111
2024-04-26T17:00,63.1,39.0,260.0,3.7,7.8,165.0,126
2024-04-26T18:00,65.7,40.9,275.0,5.7,10.6,156.0,137
2024-04-26T19:00,67.3,42.4,296.0,8.5,14.4,144.0,142
2024-04-26T20:00,69.6,43.4,316.0,10.8,17.5,131.0,140
2024-04-26T21:00,69.8,43.3,332.0,12.2,19.2,118.0,133
2024-04-26T22:00,70.3,43.5,347.0,13.2,20.2,105.0,124
2024-04-26T23:00,71.0,44.0,359.0,13.7,20.6,94.0,112
2024-04-27T00:00,70.8,43.9,368.0,13.6,20.3,85.0,99
2024-04-27T01:00,70.5,43.7,374.0,13.0,19.5,77.0,100
2024-04-27T02:00,69.6,43.1,375.0,12.2,18.3,71.0,101
2024-04-27T03:00,68.5,42.3,369.0,11.2,16.9,66.0,102
2024-04-27T04:00,67.3,41.6,358.0,10.0,15.1,63.0,103
2024-04-27T05:00,66.8,41.2,358.0,9.3,13.6,67.0,104
2024-04-27T06:00,67.3,41.6,354.0,8.8,12.8,77.0,106
2024-04-27T07:00,70.3,43.8,348.0,8.0,11.7,90.0,107
2024-04-27T08:00,73.3,45.2,334.0,6.9,10.4,104.0,109
2024-04-27T09:00,70.1,43.1,307.0,5.1,8.7,118.0,110
2024-04-27T10:00,65.7,40.3,272.0,2.9,7.0,132.0,111
2024-04-27T11:00,64.3,39.5,247.0,1.3,6.2,143.0,112
2024-04-27T12:00,62.4,38.6,238.0,0.8,7.2,149.0,113
2024-04-27T13:00,60.8,38.2,239.0,1.0,9.1,151.0,113
2024-04-27T14:00,59.0,37.1,240.0,1.3,10.8,152.0,114
2024-04-27T15:00,57.6,36.3,236.0,1.2,11.5,153.0,114
2024-04-27T16:00,57.5,36.3,233.0,1.3,11.9,152.0,115
2024-04-27T17:00,54.8,34.8,260.0,2.9,12.0,156.0,115
2024-04-27T18:00,56.6,36.2,313.0,7.8,14.3,147.0,119
2024-04-27T19:00,60.8,39.6,386.0,14.5,17.6,134.0,122
2024-04-27T20:00,61.5,40.0,433.0,18.7,20.7,124.0,120
2024-04-27T21:00,58.0,37.5,429.0,18.3,23.4,119.0,115
2024-04-27T22:00,56.6,36.3,400.0,15.4,25.8,117.0,112
2024-04-27T23:00,55.3,35.5,376.0,12.8,27.1,114.0,112
2024-04-28T00:00,53.4,34.2,367.0,11.3,26.4,109.0,111
2024-04-28T01:00,51.5,32.8,363.0,10.0,24.6,103.0,110
2024-04-28T02:00,49.5,31.5,362.0,9.2,23.0,97.0,109
2024-04-28T03:00,47.7,30.5,366.0,9.0,22.2,89.0,107
2024-04-28T04:00,46.1,29.5,374.0,9.3,21.6,81.0,106
2024-04-28T05:00,43.7,28.3,363.0,9.3,21.4,84.0,105
2024-04-28T06:00,42.7,27.5,346.0,8.9,19.8,92.0,104
2024-04-28T07:00,42.6,27.4,322.0,8.3,17.5,103.0,102
2024-04-28T08:00,39.3,24.6,299.0,7.2,15.2,114.0,100
2024-04-28T09:00,47.7,29.8,277.0,5.3,12.8,125.0,99
2024-04-28T10:00,56.3,35.2,257.0,3.0,10.4,136.0,98
2024-04-28T11:00,59.8,37.4,242.0,1.4,8.9,145.0,97
2024-04-28T12:00,58.8,36.9,237.0,0.9,8.9,150.0,97
2024-04-28T13:00,56.9,35.9,239.0,1.1,9.7,152.0,97
2024-04-28T14:00,58.4,37.1,242.0,1.5,10.4,153.0,97
2024-04-28T15:00,59.0,37.6,242.0,1.6,10.4,155.0,97
2024-04-28T16:00,59.3,37.8,243.0,1.9,10.2,157.0,107
2024-04-28T17:00,41.0,27.0,264.0,3.3,12.3,159.0,116
2024-04-28T18:00,43.0,28.3,296.0,6.5,15.2,151.0,123
2024-04-28T19:00,47.6,31.9,340.0,10.8,19.2,140.0,126
2024-04-28T20:00,41.6,28.1,368.0,13.7,22.1,129.0,125
2024-04-28T21:00,35.5,24.2,366.0,13.9,22.8,119.0,121
2024-04-28T22:00,33.1,22.5,350.0,12.6,22.3,109.0,114
2024-04-28T23:00,32.4,21.9,334.0,11.3,21.4,101.0,105
2024-04-29T00:00,32.1,21.7,324.0,10.2,19.9,95.0,93
2024-04-29T01:00,32.6,21.9,316.0,9.1,18.0,90.0,90
2024-04-29T02:00,33.6,22.6,312.0,8.5,16.7,85.0,89
2024-04-29T03:00,34.7,23.2,316.0,8.8,16.4,78.0,88
2024-04-29T04:00,35.5,23.7,325.0,9.5,16.8,71.0,88
2024-04-29T05:00,40.4,27.1,277.0,6.8,17.2,84.0,87
2024-04-29T06:00,41.9,27.9,285.0,7.6,18.6,91.0,87
2024-04-29T07:00,46.7,31.1,296.0,8.6,20.3,101.0,87
2024-04-29T08:00,48.3,31.0,298.0,8.6,20.8,112.0,88
2024-04-29T09:00,38.8,23.7,285.0,6.7,18.7,125.0,88
2024-04-29T10:00,44.0,27.3,263.0,3.7,15.4,138.0,88
2024-04-29T11:00,49.4,31.1,247.0,1.6,12.8,149.0,87
2024-04-29T12:00,49.9,31.7,242.0,1.0,11.7,155.0,87
2024-04-29T13:00,48.7,31.0,242.0,1.2,11.3,158.0,86
2024-04-29T14:00,49.7,31.8,244.0,1.6,11.4,161.0,86
2024-04-29T15:00,48.7,31.1,245.0,1.8,11.6,167.0,100
2024-04-29T16:00,47.8,30.5,247.0,2.3,12.2,173.0,114
2024-04-29T17:00,51.5,32.2,266.0,3.1,13.6,165.0,127
2024-04-29T18:00,51.0,32.0,276.0,5.2,17.8,159.0,136
2024-04-29T19:00,48.9,31.1,290.0,8.1,23.6,151.0,140
2024-04-29T20:00,45.5,28.6,306.0,10.7,27.8,140.0,141
2024-04-29T21:00,45.3,28.5,325.0,12.8,28.9,125.0,138
2024-04-29T22:00,46.6,29.3,346.0,14.6,28.3,108.0,130
2024-04-29T23:00,47.8,30.0,364.0,15.9,27.6,93.0,119
2024-04-30T00:00,47.6,29.9,377.0,16.7,27.0,82.0,103
2024-04-30T01:00,47.5,29.7,387.0,17.0,26.2,73.0,87
2024-04-30T02:00,47.6,29.6,393.0,17.0,25.6,66.0,88
2024-04-30T03:00,47.7,29.4,395.0,16.7,25.5,60.0,88
2024-04-30T04:00,47.1,28.9,394.0,16.1,25.7,57.0,89
2024-04-30T05:00,42.4,26.7,376.0,14.2,21.4,60.0,89
2024-04-30T06:00,42.8,26.9,364.0,13.5,21.9,73.0,89
2024-04-30T07:00,45.9,29.3,345.0,12.3,22.5,90.0,89
2024-04-30T08:00,48.1,29.8,320.0,10.6,22.2,107.0,89
2024-04-30T09:00,38.0,20.8,281.0,7.8,20.2,120.0,89
2024-04-30T10:00,33.9,18.1,236.0,4.4,17.4,132.0,89
2024-04-30T11:00,30.4,17.0,205.0,2.0,15.0,142.0,88
2024-04-30T12:00,31.9,18.6,201.0,1.2,13.5,149.0,87
2024-04-30T13:00,34.6,20.5,211.0,1.3,12.5,153.0,86
2024-04-30T14:00,36.1,21.6,220.0,1.6,11.9,156.0,85
2024-04-30T15:00,36.4,21.8,221.0,1.8,11.7,159.0,90
2024-04-30T16:00,36.4,21.9,222.0,2.3,12.0,162.0,104
2024-04-30T17:00,40.5,24.4,255.0,3.2,12.8,170.0,116
2024-04-30T18:00,39.6,24.2,261.0,5.1,15.6,160.0,127
2024-04-30T19:00,41.0,26.0,271.0,7.9,19.5,146.0,133
2024-04-30T20:00,40.4,25.6,284.0,10.4,22.8,132.0,133
2024-04-30T21:00,41.3,26.1,304.0,12.6,25.1,118.0,130
2024-04-30T22:00,43.5,27.2,327.0,14.5,26.8,104.0,122
2024-04-30T23:00,45.4,27.8,341.0,15.6,27.8,92.0,111
2024-05-01T00:00,46.2,27.3,338.0,15.1,27.7,84.0,97
2024-05-01T01:00,46.8,26.7,325.0,13.8,26.9,79.0,81
2024-05-01T02:00,47.3,26.1,315.0,12.8,25.9,74.0,80
2024-05-01T03:00,47.0,25.4,315.0,12.8,24.8,66.0,80
2024-05-01T04:00,46.4,24.7,319.0,13.1,23.5,59.0,79
2024-05-01T05:00,47.7,25.5,313.0,12.7,24.5,61.0,79
2024-05-01T06:00,48.2,25.0,293.0,12.0,23.4,70.0,79
2024-05-01T07:00,50.5,25.3,266.0,11.0,21.7,83.0,79
2024-05-01T08:00,52.2,19.3,240.0,9.5,19.7,97.0,78
2024-05-01T09:00,50.8,18.5,217.0,7.2,16.9,111.0,78
2024-05-01T10:00,45.2,17.5,197.0,4.5,13.8,126.0,77
2024-05-01T11:00,40.5,16.9,183.0,2.5,11.5,139.0,77
2024-05-01T12:00,39.1,17.4,181.0,1.8,10.6,149.0,77
2024-05-01T13:00,39.3,18.5,185.0,1.7,10.5,157.0,77
2024-05-01T14:00,39.9,19.6,190.0,1.9,10.6,162.0,77
2024-05-01T15:00,39.7,20.3,190.0,1.9,10.3,165.0,84
2024-05-01T16:00,37.8,20.0,190.0,2.2,10.2,165.0,102
2024-05-01T17:00,31.8,17.2,199.0,3.4,11.2,165.0,116
2024-05-01T18:00,31.8,17.6,222.0,5.8,13.4,159.0,128
2024-05-01T19:00,36.2,21.7,254.0,9.2,16.4,151.0,135
2024-05-01T20:00,40.3,24.3,286.0,12.1,19.0,142.0,137
2024-05-01T21:00,43.7,26.5,319.0,14.2,20.8,130.0,136
2024-05-01T22:00,46.4,28.2,352.0,15.7,22.1,117.0,130
2024-05-01T23:00,48.5,29.0,370.0,16.2,23.0,107.0,120
2024-05-02T00:00,49.1,28.6,363.0,14.9,23.2,102.0,108
2024-05-02T01:00,49.6,27.9,343.0,12.5,22.8,99.0,95
2024-05-02T02:00,50.3,27.4,325.0,10.7,22.7,96.0,81
2024-05-02T03:00,51.1,27.0,319.0,10.1,23.1,90.0,76
2024-05-02T04:00,51.9,26.7,317.0,10.1,23.6,83.0,76
2024-05-02T05:00,52.0,25.1,290.0,8.9,22.0,85.0,76
2024-05-02T06:00,57.2,25.5,275.0,9.1,22.4,91.0,76
2024-05-02T07:00,69.2,27.1,254.0,9.2,22.7,99.0,76
2024-05-02T08:00,73.3,21.6,234.0,8.7,21.7,110.0,76
2024-05-02T09:00,60.8,19.6,215.0,6.8,18.1,124.0,76
2024-05-02T10:00,50.3,17.6,197.0,4.1,13.2,141.0,76
2024-05-02T11:00,40.6,15.3,184.0,2.2,9.5,153.0,76
2024-05-02T12:00,33.6,13.7,177.0,1.5,8.2,158.0,76
2024-05-02T13:00,30.5,13.6,175.0,1.6,8.2,160.0,76
2024-05-02T14:00,29.7,14.2,175.0,1.8,8.5,161.0,87
2024-05-02T15:00,29.6,14.8,174.0,1.9,8.7,165.0,102
2024-05-02T16:00,31.0,15.8,175.0,2.1,9.1,168.0,116
2024-05-02T17:00,29.0,16.3,193.0,3.4,11.7,180.0,128
2024-05-02T18:00,37.4,21.2,222.0,5.5,14.7,182.0,140
2024-05-02T19:00,44.7,27.2,263.0,8.5,19.0,183.0,149
2024-05-02T20:00,52.3,31.9,299.0,10.8,22.3,180.0,154
2024-05-02T21:00,57.5,34.9,324.0,12.1,23.9,169.0,157
2024-05-02T22:00,60.3,36.6,344.0,12.8,24.6,152.0,159
2024-05-02T23:00,62.4,37.4,356.0,12.9,24.9,138.0,157
2024-05-03T00:00,62.9,37.1,355.0,12.1,24.6,128.0,153
2024-05-03T01:00,63.3,37.0,345.0,10.8,23.8,119.0,146
2024-05-03T02:00,63.1,36.8,339.0,9.8,23.5,112.0,133
2024-05-03T03:00,63.1,36.7,345.0,9.7,24.1,104.0,118
2024-05-03T04:00,63.6,36.7,354.0,10.0,25.3,97.0,101
2024-05-03T05:00,58.3,33.4,315.0,8.7,24.2,100.0,83
2024-05-03T06:00,60.1,33.4,305.0,9.3,26.4,105.0,82
2024-05-03T07:00,64.5,34.2,290.0,10.0,29.1,113.0,83
2024-05-03T08:00,60.8,24.9,271.0,9.8,29.1,123.0,83
2024-05-03T09:00,50.8,17.8,245.0,7.7,23.9,136.0,83
2024-05-03T10:00,43.0,15.6,215.0,4.7,15.9,152.0,83
2024-05-03T11:00,37.0,14.6,192.0,2.5,9.9,163.0,83
2024-05-03T12:00,32.7,13.6,181.0,1.7,7.7,167.0,83
2024-05-03T13:00,30.3,13.3,178.0,1.7,7.3,166.0,92
2024-05-03T14:00,29.7,13.9,180.0,1.9,7.8,169.0,106
2024-05-03T15:00,31.3,15.5,184.0,2.0,8.7,179.0,119
2024-05-03T16:00,34.8,18.3,194.0,2.4,10.5,191.0,133
2024-05-03T17:00,27.8,16.2,207.0,3.4,11.0,181.0,148
2024-05-03T18:00,37.5,22.5,245.0,5.8,14.6,184.0,156
2024-05-03T19:00,45.8,29.0,297.0,9.1,19.6,189.0,161
2024-05-03T20:00,54.7,34.9,339.0,11.6,23.6,187.0,165
2024-05-03T21:00,59.8,38.3,360.0,12.5,25.5,175.0,168
2024-05-03T22:00,62.4,39.8,370.0,12.6,26.4,158.0,169
2024-05-03T23:00,63.3,39.9,373.0,12.3,26.7,141.0,168
2024-05-04T00:00,62.4,38.8,366.0,11.6,26.3,127.0,162
2024-05-04T01:00,62.2,38.0,352.0,10.6,25.3,114.0,151
2024-05-04T02:00,60.5,37.0,340.0,9.9,24.5,102.0,138
2024-05-04T03:00,58.1,35.6,336.0,9.8,24.0,90.0,120
2024-05-04T04:00,58.0,35.3,336.0,10.0,23.8,80.0,99
2024-05-04T05:00,58.0,34.6,337.0,9.4,23.7,83.0,84
2024-05-04T06:00,58.2,34.0,324.0,9.8,24.9,90.0,85
2024-05-04T07:00,60.1,33.9,306.0,10.3,26.4,102.0,85
2024-05-04T08:00,59.1,29.3,288.0,9.9,26.6,117.0,85
2024-05-04T09:00,55.5,26.9,271.0,7.9,24.3,141.0,85
2024-05-04T10:00,52.4,25.7,254.0,5.0,20.7,168.0,86
2024-05-04T11:00,50.3,25.3,241.0,2.8,17.7,189.0,86
2024-05-04T12:00,48.5,25.1,232.0,2.0,16.0,196.0,87
2024-05-04T13:00,45.8,24.2,226.0,2.0,14.9,197.0,98
2024-05-04T14:00,44.6,24.0,224.0,2.2,14.3,198.0,122
2024-05-04T15:00,44.8,24.4,226.0,2.4,14.3,205.0,145
2024-05-04T16:00,45.5,25.1,231.0,2.9,14.8,213.0,162
2024-05-04T17:00,39.6,23.4,242.0,3.7,15.0,213.0,178
2024-05-04T18:00,43.0,25.4,257.0,5.4,17.0,204.0,189
2024-05-04T19:00,45.2,27.8,279.0,7.8,19.9,192.0,195
2024-05-04T20:00,47.8,29.3,298.0,9.9,22.2,177.0,195
2024-05-04T21:00,49.4,30.2,313.0,11.3,23.6,158.0,192
2024-05-04T22:00,50.9,30.9,325.0,12.3,24.5,138.0,186
2024-05-04T23:00,51.7,31.0,332.0,12.8,24.9,119.0,177
2024-05-05T00:00,52.0,30.9,331.0,12.6,24.7,105.0,163
2024-05-05T01:00,52.4,30.7,325.0,11.9,24.2,93.0,144
2024-05-05T02:00,52.7,30.6,320.0,11.4,23.7,83.0,119
2024-05-05T03:00,51.7,30.2,319.0,11.4,23.7,73.0,93
2024-05-05T04:00,50.5,29.5,319.0,11.5,23.8,64.0,87
2024-05-05T05:00,52.9,30.7,331.0,10.4,25.0,71.0,87
2024-05-05T06:00,54.6,31.2,318.0,10.4,25.9,82.0,86
2024-05-05T07:00,58.4,32.5,300.0,10.2,26.9,97.0,86
2024-05-05T08:00,54.8,28.8,278.0,9.4,26.3,111.0,86
2024-05-05T09:00,39.2,20.4,249.0,7.2,22.5,122.0,86
2024-05-05T10:00,33.4,18.5,217.0,4.3,17.2,132.0,85
2024-05-05T11:00,30.7,17.5,193.0,2.2,12.8,140.0,85
2024-05-05T12:00,29.1,17.1,182.0,1.5,10.6,144.0,84
2024-05-05T13:00,27.4,16.5,179.0,1.5,9.4,146.0,84
2024-05-05T14:00,25.9,15.9,177.0,1.7,8.7,147.0,83
2024-05-05T15:00,25.0,15.6,174.0,1.8,8.0,149.0,88
2024-05-05T16:00,24.7,15.6,173.0,2.1,7.7,149.0,99
2024-05-05T17:00,25.8,17.1,212.0,3.3,9.1,162.0,107
2024-05-05T18:00,27.2,17.6,223.0,5.1,11.1,151.0,115
2024-05-05T19:00,30.5,19.5,240.0,7.7,13.9,135.0,119
2024-05-05T20:00,34.7,21.0,259.0,10.2,16.5,120.0,118
2024-05-05T21:00,38.0,22.2,283.0,12.6,18.6,105.0,113
2024-05-05T22:00,41.2,23.6,308.0,15.0,20.5,91.0,104
2024-05-05T23:00,44.1,24.3,325.0,16.4,21.7,79.0,92
2024-05-06T00:00,46.0,24.3,325.0,16.2,21.9,71.0,78
2024-05-06T01:00,47.0,24.3,315.0,15.1,21.4,65.0,76
2024-05-06T02:00,46.7,24.0,308.0,14.2,20.9,60.0,76
2024-05-06T03:00,45.2,23.5,312.0,14.4,20.6,53.0,75
2024-05-06T04:00,43.2,23.0,318.0,14.9,20.2,46.0,75
2024-05-06T05:00,49.4,25.3,321.0,14.1,23.5,49.0,74
2024-05-06T06:00,48.1,25.0,291.0,12.7,22.5,52.0,74
2024-05-06T07:00,46.9,24.7,250.0,10.8,20.9,56.0,73
2024-05-06T08:00,32.4,16.8,216.0,8.7,18.9,64.0,73
2024-05-06T09:00,26.7,14.4,195.0,6.5,16.0,77.0,72
2024-05-06T10:00,24.7,14.0,182.0,4.2,12.5,93.0,71
2024-05-06T11:00,23.5,14.0,174.0,2.5,10.0,108.0,71
2024-05-06T12:00,23.0,14.2,173.0,1.8,9.0,120.0,71
2024-05-06T13:00,24.0,15.1,179.0,1.8,9.0,131.0,70
2024-05-06T14:00,26.7,16.9,185.0,2.0,9.2,140.0,70
2024-05-06T15:00,29.3,18.5,191.0,2.2,9.5,147.0,70
2024-05-06T16:00,31.0,19.4,198.0,2.6,10.1,151.0,71
2024-05-06T17:00,27.2,17.5,195.0,3.7,12.1,151.0,72
2024-05-06T18:00,30.3,19.0,206.0,5.5,13.5,142.0,88
2024-05-06T19:00,32.9,20.5,222.0,8.1,15.4,128.0,98
2024-05-06T20:00,34.2,20.7,239.0,10.4,17.2,115.0,103
2024-05-06T21:00,35.6,21.4,258.0,12.3,18.6,102.0,102
2024-05-06T22:00,37.3,22.1,279.0,14.0,19.7,89.0,95
2024-05-06T23:00,38.4,22.2,291.0,14.9,20.5,78.0,85
2024-05-07T00:00,38.6,21.7,289.0,14.6,20.7,70.0,71
2024-05-07T01:00,39.0,21.1,278.0,13.7,20.5,64.0,71
2024-05-07T02:00,38.9,20.4,269.0,12.9,20.5,59.0,70
2024-05-07T03:00,40.2,20.1,264.0,12.9,21.0,53.0,70
2024-05-07T04:00,43.7,20.5,259.0,13.1,21.7,48.0,70
2024-05-07T05:00,41.9,20.7,268.0,14.5,26.0,47.0,70
2024-05-07T06:00,46.9,21.5,257.0,13.7,26.6,52.0,69
2024-05-07T07:00,57.2,23.2,242.0,12.4,27.1,61.0,69
2024-05-07T08:00,55.9,18.3,227.0,10.7,26.0,73.0,69
2024-05-07T09:00,49.9,17.5,212.0,8.0,21.6,92.0,69
2024-05-07T10:00,41.8,15.9,196.0,4.9,15.5,114.0,69
2024-05-07T11:00,36.4,15.0,185.0,2.6,10.9,133.0,69
2024-05-07T12:00,33.6,14.7,181.0,1.8,9.2,144.0,69
2024-05-07T13:00,32.6,15.2,182.0,1.9,9.0,151.0,69
2024-05-07T14:00,32.4,16.1,185.0,2.1,9.1,156.0,69
2024-05-07T15:00,32.5,16.8,188.0,2.2,9.0,161.0,69
2024-05-07T16:00,33.4,17.5,193.0,2.6,9.1,165.0,84
2024-05-07T17:00,32.1,15.9,172.0,3.0,7.5,143.0,104
2024-05-07T18:00,33.6,16.2,174.0,4.1,7.8,129.0,115
2024-05-07T19:00,32.8,16.1,176.0,5.6,8.2,108.0,118
2024-05-07T20:00,33.5,15.4,177.0,6.9,8.6,90.0,113
2024-05-07T21:00,33.1,14.8,178.0,7.9,9.2,76.0,101
2024-05-07T22:00,32.7,14.6,178.0,8.6,9.8,65.0,85
2024-05-07T23:00,32.4,14.4,176.0,9.0,10.1,56.0,67
2024-05-08T00:00,31.5,13.9,170.0,8.8,9.9,51.0,66
2024-05-08T01:00,31.3,13.5,163.0,8.3,9.4,50.0,66
2024-05-08T02:00,32.6,13.4,158.0,7.9,9.0,48.0,65
2024-05-08T03:00,34.6,13.6,158.0,7.9,8.9,45.0,65
2024-05-08T04:00,34.6,14.1,162.0,8.1,8.9,41.0,64
2024-05-08T05:00,37.3,16.2,184.0,10.6,11.9,34.0,64
2024-05-08T06:00,41.0,17.5,186.0,9.8,12.5,42.0,63
2024-05-08T07:00,50.8,18.5,189.0,8.7,13.3,54.0,63
2024-05-08T08:00,55.8,18.8,190.0,7.3,13.4,70.0,63
2024-05-08T09:00,54.8,18.2,188.0,5.5,12.2,94.0,63
2024-05-08T10:00,48.3,17.1,184.0,3.5,10.3,121.0,63
2024-05-08T11:00,42.4,16.2,181.0,2.0,8.7,142.0,63
2024-05-08T12:00,40.6,16.8,179.0,1.4,7.7,150.0,63
2024-05-08T13:00,38.3,16.5,177.0,1.4,7.1,151.0,63
2024-05-08T14:00,36.2,16.2,177.0,1.6,7.0,151.0,63
2024-05-08T15:00,35.7,16.7,178.0,1.9,7.4,153.0,65
2024-05-08T16:00,36.4,17.7,180.0,2.5,8.2,155.0,86
2024-05-08T17:00,34.5,17.2,183.0,3.2,8.7,149.0,104
2024-05-08T18:00,37.8,20.4,201.0,4.8,12.5,150.0,116
2024-05-08T19:00,40.9,23.5,227.0,7.1,17.8,152.0,122
2024-05-08T20:00,42.7,24.2,244.0,8.9,21.4,147.0,124
2024-05-08T21:00,41.2,23.2,247.0,9.7,21.8,132.0,123
2024-05-08T22:00,38.5,21.2,241.0,10.0,20.5,112.0,119
2024-05-08T23:00,37.4,19.6,233.0,10.1,19.2,94.0,111
2024-05-09T00:00,37.1,18.0,222.0,9.9,18.4,82.0,99
2024-05-09T01:00,35.5,16.5,208.0,9.5,17.6,72.0,83
2024-05-09T02:00,35.5,16.2,196.0,9.2,16.8,65.0,67
2024-05-09T03:00,36.2,15.3,186.0,9.0,16.0,60.0,67
2024-05-09T04:00,35.9,15.3,178.0,8.8,15.2,56.0,67
2024-05-09T05:00,38.5,18.2,206.0,10.7,19.6,54.0,67
2024-05-09T06:00,40.4,18.3,210.0,10.5,19.6,59.0,68
2024-05-09T07:00,43.7,19.5,214.0,10.1,19.6,67.0,68
2024-05-09T08:00,46.4,20.4,216.0,9.1,18.8,79.0,68
2024-05-09T09:00,46.0,20.3,211.0,7.0,16.5,99.0,68
2024-05-09T10:00,44.1,20.3,204.0,4.4,13.5,123.0,68
2024-05-09T11:00,42.1,20.8,197.0,2.5,11.1,142.0,68
2024-05-09T12:00,40.7,20.7,192.0,1.8,9.8,150.0,69
2024-05-09T13:00,39.1,20.4,189.0,1.8,9.0,153.0,69
2024-05-09T14:00,39.2,21.0,187.0,2.0,8.9,155.0,69
2024-05-09T15:00,40.6,22.3,187.0,2.3,9.5,160.0,72
2024-05-09T16:00,41.0,22.8,190.0,2.8,10.7,164.0,92
2024-05-09T17:00,39.3,22.9,204.0,3.9,13.2,170.0,110
2024-05-09T18:00,45.2,26.4,216.0,5.4,15.6,164.0,125
2024-05-09T19:00,46.4,27.6,232.0,7.4,18.8,156.0,134
2024-05-09T20:00,43.8,25.7,243.0,9.3,21.3,143.0,137
2024-05-09T21:00,40.7,23.3,245.0,10.8,22.2,124.0,136
2024-05-09T22:00,38.4,21.8,242.0,12.0,22.3,100.0,129
2024-05-09T23:00,36.2,20.6,238.0,12.9,22.2,81.0,118
2024-05-10T00:00,35.2,19.6,232.0,13.1,22.0,69.0,101
2024-05-10T01:00,34.6,18.7,224.0,12.9,21.6,61.0,81
2024-05-10T02:00,33.3,18.2,218.0,12.8,21.2,54.0,72
2024-05-10T03:00,32.0,17.6,217.0,13.1,20.9,46.0,72
2024-05-10T04:00,31.8,18.0,219.0,13.4,20.6,39.0,73
2024-05-10T05:00,35.4,20.1,259.0,14.9,20.7,37.0,73
2024-05-10T06:00,36.2,20.4,255.0,14.9,22.0,39.0,73
2024-05-10T07:00,38.6,21.2,250.0,14.7,23.7,44.0,73
2024-05-10T08:00,41.2,21.7,243.0,13.6,24.1,55.0,73
2024-05-10T09:00,43.4,22.9,232.0,10.7,21.9,79.0,73
2024-05-10T10:00,45.1,24.2,220.0,6.9,18.4,109.0,74
2024-05-10T11:00,47.6,26.4,211.0,4.0,15.6,135.0,74
2024-05-10T12:00,50.4,28.6,207.0,2.6,14.2,153.0,74
2024-05-10T13:00,53.1,30.3,207.0,2.2,13.5,167.0,75
2024-05-10T14:00,54.8,30.9,209.0,2.4,13.2,174.0,76
2024-05-10T15:00,54.7,29.7,212.0,3.5,13.1,172.0,76
2024-05-10T16:00,64.3,36.0,218.0,5.3,13.4,164.0,89
2024-05-10T17:00,69.8,40.2,258.0,6.1,13.3,165.0,112
2024-05-10T18:00,70.5,43.0,287.0,8.8,17.4,163.0,130
2024-05-10T19:00,74.7,46.3,327.0,12.4,22.9,160.0,142
2024-05-10T20:00,69.2,43.7,358.0,15.2,26.6,153.0,147
2024-05-10T21:00,66.4,41.9,372.0,16.2,26.8,138.0,147
2024-05-10T22:00,63.8,40.4,378.0,16.3,25.1,119.0,141
2024-05-10T23:00,61.7,38.9,382.0,16.2,23.4,101.0,129
2024-05-11T00:00,59.5,37.4,385.0,16.0,22.3,86.0,114
2024-05-11T01:00,59.6,37.1,387.0,15.5,21.2,73.0,97
2024-05-11T02:00,59.4,36.9,389.0,15.2,20.1,62.0,91
2024-05-11T03:00,58.2,36.2,399.0,15.3,19.1,50.0,92
2024-05-11T04:00,58.1,36.0,409.0,15.5,18.2,40.0,94
2024-05-11T05:00,53.1,32.4,378.0,14.6,22.2,43.0,95
2024-05-11T06:00,52.5,31.9,356.0,13.5,21.8,56.0,96
2024-05-11T07:00,55.2,32.2,324.0,11.8,21.0,75.0,97
2024-05-11T08:00,60.1,33.5,295.0,9.8,19.1,93.0,98
2024-05-11T09:00,61.9,34.2,270.0,7.1,15.2,111.0,99
2024-05-11T10:00,60.3,33.2,247.0,4.1,10.3,128.0,100
2024-05-11T11:00,57.5,31.8,230.0,1.9,6.4,141.0,101
2024-05-11T12:00,52.9,29.9,222.0,1.0,4.2,145.0,101
2024-05-11T13:00,50.8,28.5,220.0,0.9,3.2,145.0,101
2024-05-11T14:00,48.7,27.2,225.0,1.4,3.3,145.0,101
2024-05-11T15:00,46.7,26.2,238.0,2.5,5.2,150.0,101
2024-05-11T16:00,50.2,29.7,257.0,4.2,8.4,156.0,100
2024-05-11T17:00,59.8,36.7,290.0,6.6,14.3,167.0,105
2024-05-11T18:00,65.9,40.0,302.0,8.1,15.9,161.0,117
2024-05-11T19:00,62.9,38.9,319.0,10.3,18.2,152.0,124
2024-05-11T20:00,60.3,37.5,340.0,12.5,20.2,140.0,126
2024-05-11T21:00,59.0,37.1,371.0,14.8,21.6,123.0,125
2024-05-11T22:00,58.6,37.4,406.0,17.1,22.7,104.0,120
2024-05-11T23:00,57.6,36.9,422.0,18.0,23.4,90.0,112
2024-05-12T00:00,54.6,34.7,403.0,16.2,23.4,85.0,99
2024-05-12T01:00,52.7,33.3,365.0,13.0,22.9,86.0,97
2024-05-12T02:00,51.5,32.0,334.0,10.7,22.6,85.0,97
2024-05-12T03:00,49.0,30.7,322.0,10.3,22.6,79.0,96
2024-05-12T04:00,47.6,29.8,317.0,10.6,22.8,71.0,96
2024-05-12T05:00,50.4,31.9,348.0,8.4,15.1,79.0,96
2024-05-12T06:00,49.1,31.4,347.0,8.3,15.5,87.0,96
2024-05-12T07:00,50.6,32.1,345.0,8.1,15.8,98.0,95
2024-05-12T08:00,52.3,32.2,337.0,7.4,15.3,110.0,95
2024-05-12T09:00,53.6,32.6,318.0,5.7,13.0,124.0,95
2024-05-12T10:00,53.7,32.5,292.0,3.6,9.7,140.0,95
2024-05-12T11:00,51.6,31.2,272.0,2.0,7.1,151.0,95
2024-05-12T12:00,49.2,30.0,261.0,1.5,5.7,156.0,95
2024-05-12T13:00,47.4,29.0,255.0,1.5,5.0,156.0,95
2024-05-12T14:00,44.6,27.5,254.0,1.9,4.8,156.0,95
2024-05-12T15:00,43.9,27.1,258.0,2.6,5.2,157.0,99
2024-05-12T16:00,46.0,28.9,267.0,3.6,6.0,156.0,111
2024-05-12T17:00,64.7,38.0,238.0,2.9,2.8,150.0,121
2024-05-12T18:00,63.8,38.6,303.0,9.1,4.8,130.0,126
2024-05-12T19:00,63.1,40.5,394.0,17.8,7.7,103.0,124
2024-05-12T20:00,65.2,42.3,473.0,24.8,10.4,80.0,114
2024-05-12T21:00,66.4,43.0,529.0,28.7,12.8,68.0,98
2024-05-12T22:00,67.5,43.8,573.0,31.0,15.1,61.0,96
2024-05-12T23:00,67.8,43.9,600.0,31.8,16.2,56.0,97
2024-05-13T00:00,65.4,42.3,606.0,30.9,15.5,51.0,97
2024-05-13T01:00,62.9,40.4,594.0,28.5,13.7,48.0,98
2024-05-13T02:00,59.6,38.2,569.0,25.3,11.9,46.0,98
2024-05-13T03:00,56.9,36.1,525.0,21.0,10.3,45.0,99
2024-05-13T04:00,54.5,34.2,468.0,16.0,8.7,45.0,99
2024-05-13T05:00,58.9,36.2,341.0,7.6,7.3,76.0,100
2024-05-13T06:00,60.1,36.8,324.0,7.2,6.9,85.0,100
2024-05-13T07:00,65.7,39.2,301.0,6.6,6.2,98.0,101
2024-05-13T08:00,69.4,40.0,279.0,5.7,5.5,111.0,101
2024-05-13T09:00,66.6,38.2,261.0,4.3,4.6,124.0,102
2024-05-13T10:00,60.8,34.6,244.0,2.5,3.6,137.0,103
2024-05-13T11:00,59.8,32.4,231.0,1.3,2.9,145.0,103
2024-05-13T12:00,61.2,31.8,225.0,0.9,2.8,146.0,103
2024-05-13T13:00,59.8,30.4,223.0,1.0,3.1,143.0,103
2024-05-13T14:00,57.4,28.8,222.0,1.3,3.2,140.0,103
2024-05-13T15:00,55.1,27.5,219.0,1.4,2.8,138.0,104
2024-05-13T16:00,53.0,26.4,216.0,1.6,2.3,136.0,104
2024-05-13T17:00,66.4,33.8,228.0,3.5,2.9,131.0,103
2024-05-13T18:00,68.7,35.9,248.0,5.4,4.4,127.0,104
2024-05-13T19:00,72.4,40.4,277.0,8.0,6.5,120.0,103
2024-05-13T20:00,80.6,47.5,312.0,10.8,8.5,111.0,103
2024-05-13T21:00,85.9,51.5,359.0,14.0,10.4,98.0,103
2024-05-13T22:00,88.7,54.0,411.0,17.2,12.3,83.0,104
2024-05-13T23:00,87.8,54.8,447.0,19.0,13.5,72.0,105
2024-05-14T00:00,88.7,54.8,454.0,18.2,13.6,67.0,106
2024-05-14T01:00,86.6,54.1,444.0,15.9,12.9,66.0,107
2024-05-14T02:00,84.5,53.3,436.0,14.0,12.5,65.0,109
2024-05-14T03:00,81.7,51.8,441.0,13.4,12.6,60.0,110
2024-05-14T04:00,78.7,50.2,449.0,13.2,12.9,55.0,112
2024-05-14T05:00,80.6,50.5,390.0,9.0,15.3,81.0,114
2024-05-14T06:00,79.2,50.1,378.0,8.9,15.8,93.0,115
2024-05-14T07:00,83.1,51.1,359.0,8.7,16.3,110.0,117
2024-05-14T08:00,76.6,44.9,334.0,7.9,15.7,125.0,118
2024-05-14T09:00,63.6,36.9,296.0,5.9,13.0,135.0,118
2024-05-14T10:00,51.7,29.5,250.0,3.2,9.2,144.0,118
2024-05-14T11:00,48.0,25.8,217.0,1.3,6.3,149.0,118
2024-05-14T12:00,47.0,24.6,205.0,0.7,5.0,150.0,117
2024-05-14T13:00,45.6,23.7,204.0,0.8,4.6,149.0,116
2024-05-14T14:00,44.4,22.9,208.0,1.3,4.7,147.0,116
2024-05-14T15:00,42.6,22.0,210.0,1.9,4.9,146.0,115
2024-05-14T16:00,42.5,22.5,216.0,2.9,5.6,145.0,114
2024-05-14T17:00,45.2,24.2,222.0,3.7,4.8,145.0,114
2024-05-14T18:00,44.7,25.8,261.0,7.4,7.9,139.0,116
2024-05-14T19:00,45.5,28.2,317.0,12.7,12.3,130.0,115
2024-05-14T20:00,49.2,31.4,379.0,17.9,16.1,119.0,111
2024-05-14T21:00,51.9,33.5,453.0,22.9,19.0,103.0,109
2024-05-14T22:00,56.7,37.0,534.0,27.8,21.3,85.0,107
2024-05-14T23:00,61.0,40.2,593.0,30.7,22.5,69.0,105
2024-05-15T00:00,60.3,39.7,619.0,30.6,21.9,57.0,104
2024-05-15T01:00,60.8,39.7,624.0,28.6,20.0,48.0,102
2024-05-15T02:00,60.5,39.5,616.0,26.1,18.4,43.0,101
2024-05-15T03:00,61.2,39.6,598.0,23.3,17.6,42.0,100
2024-05-15T04:00,61.7,39.6,567.0,20.0,17.0,45.0,99
2024-05-15T05:00,64.0,39.2,405.0,10.3,9.1,57.0,98
2024-05-15T06:00,65.9,40.3,379.0,8.9,8.4,72.0,97
2024-05-15T07:00,70.1,42.5,343.0,7.0,7.4,93.0,96
2024-05-15T08:00,74.7,44.0,310.0,5.2,6.5,113.0,95
2024-05-15T09:00,76.1,43.9,286.0,3.9,5.9,131.0,95
2024-05-15T10:00,69.8,40.2,265.0,2.7,5.5,149.0,96
2024-05-15T11:00,62.9,35.7,249.0,1.9,5.3,162.0,97
2024-05-15T12:00,56.8,32.6,238.0,1.5,5.3,168.0,97
2024-05-15T13:00,53.4,31.0,231.0,1.4,5.4,169.0,98
2024-05-15T14:00,52.3,30.7,228.0,1.6,5.6,168.0,99
2024-05-15T15:00,52.3,31.1,225.0,2.0,5.5,166.0,112
2024-05-15T16:00,51.6,30.9,226.0,2.6,5.4,162.0,127
2024-05-15T17:00,30.5,18.2,221.0,2.7,3.4,160.0,138
2024-05-15T18:00,33.4,20.7,255.0,5.3,6.0,155.0,144
2024-05-15T19:00,39.0,25.0,302.0,8.8,9.7,147.0,145
2024-05-15T20:00,45.1,29.3,342.0,11.6,12.5,137.0,142
2024-05-15T21:00,49.5,32.4,370.0,13.0,13.9,125.0,135
2024-05-15T22:00,51.5,33.8,391.0,13.7,14.4,111.0,126
2024-05-15T23:00,51.0,33.5,402.0,13.6,14.2,100.0,114
2024-05-16T00:00,48.7,32.1,400.0,12.5,13.0,94.0,100
2024-05-16T01:00,46.9,31.1,389.0,10.7,11.1,90.0,98
2024-05-16T02:00,45.2,29.9,374.0,9.1,9.3,87.0,97
2024-05-16T03:00,42.5,28.2,354.0,7.9,7.8,84.0,96
2024-05-16T04:00,39.5,26.2,330.0,6.8,6.4,81.0,96
2024-05-16T05:00,39.5,26.4,346.0,7.7,7.4,81.0,95
2024-05-16T06:00,39.9,26.8,341.0,7.4,7.2,90.0,94
2024-05-16T07:00,41.7,27.7,333.0,6.8,6.8,104.0,92
2024-05-16T08:00,42.1,27.2,321.0,6.0,6.3,118.0,91
2024-05-16T09:00,44.1,27.5,301.0,4.6,5.6,133.0,90
2024-05-16T10:00,44.1,27.1,277.0,3.0,4.7,149.0,89
2024-05-16T11:00,43.5,26.6,259.0,1.8,4.0,159.0,88
2024-05-16T12:00,43.3,26.5,251.0,1.4,3.5,161.0,87
2024-05-16T13:00,42.7,26.3,248.0,1.5,3.1,158.0,86
2024-05-16T14:00,41.6,25.6,248.0,1.8,3.0,155.0,95
2024-05-16T15:00,40.5,24.9,247.0,2.2,3.1,153.0,108
2024-05-16T16:00,42.1,26.1,249.0,2.8,3.3,151.0,119
2024-05-16T17:00,49.1,32.8,308.0,8.1,6.6,142.0,126
2024-05-16T18:00,50.4,33.6,321.0,9.1,7.3,138.0,128
2024-05-16T19:00,51.9,34.6,341.0,10.7,8.2,131.0,125
2024-05-16T20:00,54.2,36.2,369.0,12.6,9.3,121.0,119
2024-05-16T21:00,56.3,37.7,411.0,15.4,10.6,106.0,111
2024-05-16T22:00,58.2,39.2,461.0,18.7,12.1,88.0,100
2024-05-16T23:00,59.6,40.4,501.0,20.9,13.0,73.0,89
2024-05-17T00:00,59.3,40.4,523.0,21.2,12.9,62.0,90
2024-05-17T01:00,59.4,40.5,534.0,20.3,12.3,53.0,90
2024-05-17T02:00,60.1,40.7,544.0,19.6,11.7,46.0,91
2024-05-17T03:00,61.0,41.3,560.0,19.7,11.3,37.0,92
2024-05-17T04:00,60.3,40.9,575.0,19.9,11.1,30.0,93
2024-05-17T05:00,61.2,41.3,577.0,19.6,11.5,36.0,94
2024-05-17T06:00,61.7,41.6,522.0,16.5,12.3,61.0,95
2024-05-17T07:00,62.6,41.9,446.0,12.2,13.3,97.0,96
2024-05-17T08:00,61.9,40.0,382.0,8.5,13.7,128.0,98
2024-05-17T09:00,65.0,41.1,343.0,5.9,12.9,151.0,99
2024-05-17T10:00,67.8,42.4,315.0,3.8,11.4,170.0,100
2024-05-17T11:00,68.7,42.3,294.0,2.3,10.0,182.0,101
2024-05-17T12:00,67.3,40.5,278.0,1.6,8.8,183.0,103
2024-05-17T13:00,66.4,39.1,268.0,1.5,7.8,177.0,104
2024-05-17T14:00,66.4,38.4,263.0,1.7,7.3,173.0,111
2024-05-17T15:00,68.2,39.3,261.0,2.0,7.4,173.0,135
2024-05-17T16:00,72.4,41.8,264.0,2.5,8.0,175.0,151
2024-05-17T17:00,71.7,41.0,258.0,2.8,4.3,166.0,158
2024-05-17T18:00,76.8,45.3,311.0,7.1,7.8,160.0,161
2024-05-17T19:00,76.8,47.0,386.0,13.1,12.8,151.0,159
2024-05-17T20:00,83.8,52.7,452.0,17.8,16.7,141.0,154
2024-05-17T21:00,86.4,54.5,502.0,20.2,18.8,128.0,146
2024-05-17T22:00,86.4,54.6,543.0,21.4,19.8,113.0,136
2024-05-17T23:00,88.7,56.5,564.0,21.3,20.2,101.0,123
2024-05-18T00:00,85.4,54.2,553.0,19.4,19.7,93.0,120
2024-05-18T01:00,82.7,52.3,523.0,16.2,18.4,87.0,122
2024-05-18T02:00,80.6,50.8,497.0,13.7,17.2,81.0,123
2024-05-18T03:00,78.7,49.2,489.0,12.7,15.8,71.0,124
2024-05-18T04:00,76.6,47.7,485.0,12.2,14.5,61.0,125
2024-05-18T05:00,78.9,49.6,480.0,11.8,14.1,67.0,125
2024-05-18T06:00,79.9,49.6,459.0,11.1,18.7,94.0,126
2024-05-18T07:00,86.8,52.9,430.0,10.0,24.8,132.0,127
2024-05-18T08:00,107.8,63.3,401.0,8.6,27.8,162.0,128
2024-05-18T09:00,112.0,65.4,373.0,6.5,25.0,178.0,131
2024-05-18T10:00,108.0,63.1,345.0,3.9,19.2,187.0,133
2024-05-18T11:00,101.3,58.7,323.0,2.1,14.1,191.0,135
2024-05-18T12:00,95.5,54.7,308.0,1.4,11.1,188.0,137
2024-05-18T13:00,90.1,51.1,299.0,1.4,8.8,180.0,139
2024-05-18T14:00,85.9,48.4,292.0,1.6,7.1,172.0,146
2024-05-18T15:00,84.8,47.4,284.0,1.5,5.7,168.0,159
2024-05-18T16:00,83.1,46.4,279.0,1.5,4.9,164.0,165
2024-05-18T17:00,111.3,63.1,303.0,4.9,13.3,188.0,165
2024-05-18T18:00,115.5,65.7,323.0,6.5,16.4,189.0,167
2024-05-18T19:00,108.3,63.8,350.0,8.8,20.6,190.0,167
2024-05-18T20:00,101.0,60.5,371.0,10.5,23.9,186.0,167
2024-05-18T21:00,95.7,58.0,382.0,11.2,25.5,175.0,167
2024-05-18T22:00,113.6,67.3,386.0,11.4,26.1,160.0,166
2024-05-18T23:00,94.1,56.8,378.0,11.0,25.7,146.0,164
2024-05-19T00:00,86.1,51.8,350.0,9.8,24.0,134.0,160
2024-05-19T01:00,69.6,41.9,309.0,8.2,21.2,123.0,156
2024-05-19T02:00,57.7,34.6,274.0,6.9,18.6,112.0,150
2024-05-19T03:00,48.8,29.2,249.0,6.4,16.2,100.0,148
2024-05-19T04:00,44.1,26.3,230.0,6.3,14.0,90.0,146
2024-05-19T05:00,66.8,42.3,376.0,9.3,19.5,78.0,144
2024-05-19T06:00,63.3,38.8,354.0,9.2,19.0,87.0,143
2024-05-19T07:00,62.9,38.2,323.0,9.1,18.3,100.0,142
2024-05-19T08:00,70.8,41.4,299.0,8.3,17.1,115.0,140
2024-05-19T09:00,79.4,45.1,288.0,6.4,14.9,136.0,138
2024-05-19T10:00,82.2,46.0,283.0,3.9,12.3,160.0,136
2024-05-19T11:00,82.2,45.3,279.0,2.1,10.3,176.0,134
2024-05-19T12:00,77.1,42.6,274.0,1.6,9.5,179.0,133
2024-05-19T13:00,74.0,40.9,269.0,1.9,9.4,174.0,131
2024-05-19T14:00,71.7,39.8,265.0,2.3,9.5,170.0,130
2024-05-19T15:00,71.0,39.6,256.0,2.4,9.6,170.0,129
2024-05-19T16:00,72.6,40.0,248.0,2.8,10.0,171.0,139
2024-05-19T17:00,80.3,41.7,254.0,2.8,6.4,171.0,151
2024-05-19T18:00,77.8,42.1,274.0,5.4,9.9,168.0,156
2024-05-19T19:00,72.2,41.8,303.0,9.1,14.7,162.0,157
2024-05-19T20:00,69.6,41.8,331.0,12.3,18.7,153.0,155
2024-05-19T21:00,67.3,41.2,359.0,14.8,21.0,136.0,151
2024-05-19T22:00,65.2,40.6,387.0,16.9,22.4,115.0,143
2024-05-19T23:00,64.5,40.6,400.0,17.6,23.0,100.0,132
2024-05-20T00:00,64.0,40.7,389.0,15.9,22.7,95.0,117
2024-05-20T01:00,64.7,41.1,364.0,12.9,21.7,96.0,112
2024-05-20T02:00,61.2,39.2,340.0,10.3,20.5,95.0,111
2024-05-20T03:00,59.8,37.7,319.0,8.8,18.9,88.0,112
2024-05-20T04:00,55.9,35.5,299.0,7.8,17.1,80.0,113
2024-05-20T05:00,54.8,35.3,274.0,6.7,19.4,85.0,114
2024-05-20T06:00,56.2,35.3,279.0,7.9,21.0,88.0,113
2024-05-20T07:00,57.9,35.9,286.0,9.3,23.2,93.0,113
2024-05-20T08:00,58.7,36.0,285.0,9.7,24.0,103.0,112
2024-05-20T09:00,59.4,35.7,271.0,7.9,22.4,122.0,112
2024-05-20T10:00,56.0,33.1,250.0,4.9,19.5,146.0,111
2024-05-20T11:00,57.0,31.7,234.0,2.6,16.6,164.0,110
2024-05-20T12:00,57.5,31.0,226.0,1.7,13.8,169.0,108
2024-05-20T13:00,55.3,29.0,222.0,1.4,11.0,167.0,107
2024-05-20T14:00,53.3,27.6,222.0,1.6,9.3,167.0,106
2024-05-20T15:00,52.3,26.8,225.0,2.1,9.1,172.0,107
2024-05-20T16:00,52.3,27.7,231.0,2.9,10.0,178.0,124
2024-05-20T17:00,74.3,39.2,249.0,4.4,14.2,183.0,140
2024-05-20T18:00,70.3,39.6,262.0,6.1,18.9,190.0,152
2024-05-20T19:00,68.0,42.0,279.0,8.5,25.3,199.0,159
2024-05-20T20:00,65.0,40.5,285.0,10.1,28.9,197.0,165
2024-05-20T21:00,59.5,37.0,270.0,10.2,27.2,175.0,169
2024-05-20T22:00,52.9,32.4,244.0,9.5,22.8,142.0,170
2024-05-20T23:00,46.0,27.5,220.0,8.8,18.6,114.0,166
2024-05-21T00:00,40.9,24.0,201.0,8.1,15.4,95.0,157
2024-05-21T01:00,36.8,21.5,184.0,7.5,12.4,81.0,142
2024-05-21T02:00,33.3,19.7,172.0,7.1,10.4,69.0,120
2024-05-21T03:00,31.0,18.3,168.0,7.4,9.6,57.0,95
2024-05-21T04:00,29.1,17.5,170.0,8.0,9.8,48.0,93
2024-05-21T05:00,29.8,18.1,208.0,11.0,14.3,44.0,92
2024-05-21T06:00,30.4,18.6,219.0,11.1,15.8,54.0,90
2024-05-21T07:00,36.2,21.1,234.0,11.0,17.7,69.0,89
2024-05-21T08:00,41.4,23.1,241.0,10.2,18.4,86.0,88
2024-05-21T09:00,46.1,24.7,234.0,7.8,16.7,109.0,87
2024-05-21T10:00,49.0,25.6,220.0,4.7,13.6,134.0,86
2024-05-21T11:00,50.6,25.2,209.0,2.3,10.8,152.0,85
2024-05-21T12:00,51.1,24.0,205.0,1.4,8.6,155.0,85
2024-05-21T13:00,49.8,22.6,203.0,1.2,6.7,151.0,84
2024-05-21T14:00,48.5,21.5,203.0,1.3,5.4,147.0,84
2024-05-21T15:00,49.4,21.5,201.0,1.3,4.4,147.0,83
2024-05-21T16:00,50.6,22.1,200.0,1.5,4.0,147.0,96
2024-05-21T17:00,47.3,22.8,226.0,3.0,5.8,161.0,109
2024-05-21T18:00,46.2,23.7,246.0,5.5,10.4,160.0,120
2024-05-21T19:00,45.9,26.4,273.0,9.0,16.6,159.0,126
2024-05-21T20:00,49.9,29.6,290.0,11.2,21.2,156.0,128
2024-05-21T21:00,53.1,31.8,290.0,11.2,22.7,151.0,128
2024-05-21T22:00,54.6,32.5,281.0,10.0,22.6,144.0,128
2024-05-21T23:00,48.0,28.9,270.0,8.7,21.5,137.0,127
2024-05-22T00:00,43.5,26.4,256.0,7.5,19.2,131.0,125
2024-05-22T01:00,41.0,24.7,238.0,6.2,16.0,125.0,122
2024-05-22T02:00,42.4,24.2,227.0,5.4,13.7,118.0,114
2024-05-22T03:00,43.4,24.4,224.0,5.4,13.0,106.0,105
2024-05-22T04:00,44.6,25.0,226.0,5.9,13.3,94.0,94
2024-05-22T05:00,38.6,20.8,210.0,5.7,12.2,84.0,81
2024-05-22T06:00,43.7,21.9,217.0,6.4,13.6,87.0,79
2024-05-22T07:00,45.3,22.8,227.0,7.4,15.6,91.0,80
2024-05-22T08:00,49.4,23.9,235.0,7.5,16.3,101.0,80
2024-05-22T09:00,50.9,24.9,238.0,6.1,14.8,121.0,80
2024-05-22T10:00,53.6,26.3,239.0,3.9,12.2,146.0,80
2024-05-22T11:00,54.7,26.9,238.0,2.2,10.0,165.0,80
2024-05-22T12:00,54.6,27.0,235.0,1.5,8.8,171.0,80
2024-05-22T13:00,54.2,26.5,230.0,1.4,8.0,171.0,80
2024-05-22T14:00,54.5,26.3,226.0,1.6,7.8,169.0,91
2024-05-22T15:00,53.4,25.9,224.0,2.2,7.9,167.0,108
2024-05-22T16:00,53.8,26.4,223.0,3.1,8.5,164.0,124
2024-05-22T17:00,91.0,40.7,243.0,3.0,4.2,166.0,138
2024-05-22T18:00,90.3,42.6,264.0,4.9,9.3,170.0,147
2024-05-22T19:00,92.4,46.3,292.0,7.4,16.4,177.0,152
2024-05-22T20:00,123.9,59.6,313.0,9.1,22.2,180.0,154
2024-05-22T21:00,104.1,53.9,318.0,9.3,25.7,180.0,155
2024-05-22T22:00,83.8,45.1,315.0,8.6,27.9,177.0,156
2024-05-22T23:00,69.4,40.4,310.0,7.9,28.8,171.0,158
2024-05-23T00:00,64.7,38.1,304.0,7.1,27.8,162.0,158
2024-05-23T01:00,68.5,39.6,297.0,6.2,25.4,151.0,158
2024-05-23T02:00,68.5,39.6,295.0,5.9,23.3,138.0,156
2024-05-23T03:00,67.5,39.3,305.0,6.6,21.7,120.0,151
2024-05-23T04:00,64.3,38.6,320.0,7.7,20.3,100.0,139
2024-05-23T05:00,53.6,31.7,275.0,7.1,17.8,86.0,122
2024-05-23T06:00,63.3,34.3,273.0,7.3,19.1,95.0,102
2024-05-23T07:00,71.2,35.9,269.0,7.5,20.8,109.0,100
2024-05-23T08:00,71.5,31.7,261.0,7.1,21.3,122.0,101
2024-05-23T09:00,70.5,28.2,246.0,5.7,19.6,136.0,102
2024-05-23T10:00,66.4,26.3,226.0,3.8,16.8,149.0,102
2024-05-23T11:00,59.4,23.9,210.0,2.3,14.1,158.0,102
2024-05-23T12:00,53.4,22.1,198.0,1.7,11.9,158.0,102
2024-05-23T13:00,55.6,23.3,190.0,1.5,9.8,153.0,101
2024-05-23T14:00,51.0,22.4,186.0,1.7,8.6,150.0,101
2024-05-23T15:00,53.3,24.1,187.0,2.0,8.3,151.0,108
2024-05-23T16:00,50.6,24.6,192.0,2.7,8.9,152.0,117
2024-05-23T17:00,72.4,34.2,220.0,4.0,13.0,175.0,123
2024-05-23T18:00,66.8,34.1,242.0,6.4,16.4,173.0,132
2024-05-23T19:00,59.0,34.6,272.0,9.8,21.0,168.0,137
2024-05-23T20:00,56.3,34.1,297.0,12.4,24.4,160.0,139
2024-05-23T21:00,54.7,33.4,312.0,13.6,25.4,144.0,139
2024-05-23T22:00,54.6,32.7,322.0,14.0,25.1,124.0,137
2024-05-23T23:00,52.7,31.7,322.0,13.9,24.1,106.0,132
2024-05-24T00:00,48.2,28.9,308.0,13.1,22.5,92.0,122
2024-05-24T01:00,42.6,25.7,285.0,11.9,20.3,79.0,109
2024-05-24T02:00,42.5,23.8,264.0,10.7,18.1,69.0,91
2024-05-24T03:00,39.0,22.0,250.0,9.8,15.7,59.0,90
2024-05-24T04:00,36.0,20.7,238.0,9.1,13.3,52.0,88
2024-05-24T05:00,40.0,21.7,226.0,7.7,12.1,53.0,87
2024-05-24T06:00,48.3,23.6,220.0,7.8,13.2,59.0,86
2024-05-24T07:00,51.9,24.9,212.0,7.8,14.6,69.0,85
2024-05-24T08:00,50.8,21.9,204.0,7.4,15.2,81.0,84
2024-05-24T09:00,47.0,20.3,197.0,6.0,14.1,98.0,84
2024-05-24T10:00,46.0,21.0,191.0,4.1,12.1,119.0,83
2024-05-24T11:00,46.2,22.1,188.0,2.6,10.4,135.0,83
2024-05-24T12:00,46.9,23.2,191.0,2.0,9.4,144.0,82
2024-05-24T13:00,47.3,23.7,197.0,1.8,8.7,150.0,82
2024-05-24T14:00,47.5,23.9,202.0,1.9,8.5,155.0,83
2024-05-24T15:00,49.1,24.3,205.0,2.1,9.1,162.0,83
2024-05-24T16:00,47.4,23.9,208.0,2.6,10.3,168.0,89
2024-05-24T17:00,64.3,32.6,234.0,3.8,12.2,179.0,107
2024-05-24T18:00,59.4,31.1,230.0,5.1,13.3,167.0,124
2024-05-24T19:00,52.2,28.6,224.0,6.9,14.8,149.0,135
2024-05-24T20:00,44.5,24.0,216.0,8.2,15.4,131.0,138
2024-05-24T21:00,38.3,20.6,207.0,8.8,14.5,112.0,135
2024-05-24T22:00,34.2,18.3,195.0,9.0,12.9,92.0,127
2024-05-24T23:00,31.5,16.6,183.0,8.8,11.2,76.0,113
2024-05-25T00:00,29.5,15.0,167.0,8.0,9.8,68.0,95
2024-05-25T01:00,28.1,13.9,150.0,6.8,8.3,65.0,77
2024-05-25T02:00,26.3,13.0,138.0,5.9,7.3,62.0,76
2024-05-25T03:00,24.8,12.3,133.0,5.7,6.8,58.0,75
2024-05-25T04:00,23.0,11.9,133.0,5.7,6.7,53.0,74
2024-05-25T05:00,25.1,13.2,140.0,6.5,8.1,51.0,73
2024-05-25T06:00,28.1,14.6,141.0,6.7,8.4,52.0,73
2024-05-25T07:00,28.9,14.2,142.0,6.8,8.7,53.0,72
2024-05-25T08:00,30.6,14.2,142.0,6.6,9.0,59.0,71
2024-05-25T09:00,32.5,14.5,139.0,5.5,9.2,72.0,70
2024-05-25T10:00,34.7,15.4,134.0,4.1,9.3,90.0,70
2024-05-25T11:00,36.9,16.2,131.0,2.9,9.2,105.0,70
2024-05-25T12:00,39.5,16.8,131.0,2.4,8.8,117.0,69
2024-05-25T13:00,43.3,18.0,133.0,2.2,8.3,126.0,69
2024-05-25T14:00,46.7,19.1,135.0,2.2,8.0,133.0,68
2024-05-25T15:00,49.2,19.9,138.0,2.4,8.0,136.0,68
2024-05-25T16:00,50.3,20.3,142.0,2.9,8.2,136.0,67
2024-05-25T17:00,54.7,21.9,143.0,3.9,8.9,135.0,67
2024-05-25T18:00,49.4,20.4,141.0,4.8,8.9,121.0,75
2024-05-25T19:00,42.6,19.0,138.0,5.9,8.9,102.0,81
2024-05-25T20:00,39.6,17.2,134.0,6.8,8.7,86.0,81
2024-05-25T21:00,37.0,15.9,129.0,7.0,8.3,75.0,74
2024-05-25T22:00,35.5,15.3,122.0,6.9,7.8,67.0,64
2024-05-25T23:00,35.5,14.9,116.0,6.7,7.3,61.0,64
2024-05-26T00:00,33.8,14.4,111.0,6.3,6.9,58.0,63
2024-05-26T01:00,31.8,14.0,105.0,5.8,6.5,56.0,63
2024-05-26T02:00,31.7,13.9,101.0,5.3,6.0,56.0,63
2024-05-26T03:00,31.8,13.9,97.0,4.7,5.4,57.0,63
2024-05-26T04:00,35.7,14.2,94.0,4.0,4.7,58.0,64
2024-05-26T05:00,38.6,17.0,106.0,5.8,7.7,53.0,64
2024-05-26T06:00,40.9,17.2,108.0,5.5,6.9,54.0,64
2024-05-26T07:00,41.7,17.3,110.0,5.1,5.9,56.0,64
2024-05-26T08:00,38.1,15.5,112.0,4.5,5.2,61.0,65
2024-05-26T09:00,37.4,15.5,114.0,3.7,5.1,71.0,65
2024-05-26T10:00,35.5,15.0,115.0,2.8,5.4,85.0,65
2024-05-26T11:00,36.0,15.3,118.0,2.1,5.6,97.0,65
2024-05-26T12:00,38.0,16.4,124.0,1.7,5.6,108.0,65
2024-05-26T13:00,40.7,17.8,131.0,1.5,5.4,118.0,65
2024-05-26T14:00,43.2,18.7,136.0,1.6,5.4,124.0,65
2024-05-26T15:00,43.4,18.9,137.0,1.9,5.4,123.0,65
2024-05-26T16:00,41.9,18.4,135.0,2.4,5.6,118.0,64
2024-05-26T17:00,58.8,26.1,145.0,3.7,9.5,138.0,64
2024-05-26T18:00,55.4,25.0,146.0,4.7,9.7,125.0,65
2024-05-26T19:00,50.6,23.6,148.0,6.0,9.9,106.0,69
2024-05-26T20:00,48.3,22.6,149.0,7.0,9.9,89.0,71
2024-05-26T21:00,45.8,21.8,149.0,7.5,9.6,77.0,67
2024-05-26T22:00,43.4,21.0,148.0,7.7,9.1,67.0,66
2024-05-26T23:00,41.3,20.3,146.0,7.5,8.4,60.0,67
2024-05-27T00:00,39.0,19.2,140.0,6.8,7.5,57.0,67
2024-05-27T01:00,38.2,18.3,133.0,5.7,6.4,57.0,68
2024-05-27T02:00,36.6,17.6,127.0,4.8,5.5,57.0,68
2024-05-27T03:00,34.7,16.9,123.0,4.3,5.0,57.0,68
2024-05-27T04:00,34.1,16.6,120.0,4.0,4.7,57.0,68
2024-05-27T05:00,33.1,17.3,118.0,3.5,2.6,53.0,69
2024-05-27T06:00,29.2,15.2,125.0,4.3,3.2,51.0,69
2024-05-27T07:00,26.3,13.9,134.0,5.4,4.0,50.0,68
2024-05-27T08:00,27.9,13.9,139.0,5.9,4.6,51.0,68
2024-05-27T09:00,31.4,14.3,137.0,5.1,4.6,59.0,68
2024-05-27T10:00,33.9,14.3,132.0,3.6,4.4,70.0,68
2024-05-27T11:00,34.1,14.3,128.0,2.5,4.3,79.0,68
2024-05-27T12:00,35.0,14.7,128.0,2.1,4.4,85.0,68
2024-05-27T13:00,35.3,15.0,129.0,2.0,4.5,89.0,68
2024-05-27T14:00,35.7,15.4,130.0,2.1,4.6,90.0,67
2024-05-27T15:00,36.3,15.6,131.0,2.6,4.7,88.0,67
2024-05-27T16:00,37.1,15.9,132.0,3.3,4.7,83.0,67
2024-05-27T17:00,54.9,22.9,153.0,5.7,6.8,81.0,67
2024-05-27T18:00,51.0,22.0,152.0,6.2,6.8,75.0,66
2024-05-27T19:00,47.5,21.2,151.0,6.8,6.7,68.0,66
2024-05-27T20:00,45.5,20.7,148.0,7.1,6.6,61.0,66
2024-05-27T21:00,46.2,20.2,144.0,6.9,6.4,57.0,66
2024-05-27T22:00,44.5,19.4,140.0,6.5,6.0,54.0,66
2024-05-27T23:00,41.0,18.6,134.0,5.8,5.5,52.0,66
2024-05-28T00:00,38.9,17.3,125.0,4.9,4.7,53.0,66
2024-05-28T01:00,38.6,16.4,115.0,3.7,3.7,55.0,65
2024-05-28T02:00,35.4,15.4,107.0,2.9,3.0,56.0,65
2024-05-28T03:00,32.5,14.6,103.0,2.6,2.7,56.0,65
2024-05-28T04:00,30.9,13.6,102.0,2.5,2.6,55.0,65
2024-05-28T05:00,34.1,13.9,105.0,2.7,2.7,55.0,65
2024-05-28T06:00,29.5,12.3,110.0,2.9,3.0,55.0,64
2024-05-28T07:00,30.6,12.9,116.0,3.3,3.4,56.0,64
2024-05-28T08:00,36.2,13.8,121.0,3.3,3.7,59.0,64
2024-05-28T09:00,41.1,14.6,121.0,2.8,3.7,67.0,64
2024-05-28T10:00,43.9,15.4,119.0,2.0,3.6,77.0,64
2024-05-28T11:00,45.4,16.3,118.0,1.4,3.5,86.0,64
2024-05-28T12:00,46.1,17.1,118.0,1.2,3.4,92.0,64
2024-05-28T13:00,47.0,17.7,119.0,1.2,3.4,96.0,65
2024-05-28T14:00,47.6,18.3,121.0,1.4,3.5,98.0,65
2024-05-28T15:00,46.8,18.5,123.0,1.7,3.7,99.0,65
2024-05-28T16:00,46.3,18.8,125.0,2.2,4.0,98.0,65
2024-05-28T17:00,47.7,19.0,124.0,2.7,3.7,88.0,65
2024-05-28T18:00,46.0,18.7,129.0,3.9,4.1,79.0,65
2024-05-28T19:00,40.7,18.3,136.0,5.4,4.7,66.0,65
2024-05-28T20:00,39.2,18.4,140.0,6.5,5.1,56.0,65
2024-05-28T21:00,40.2,18.6,139.0,6.6,5.2,51.0,64
2024-05-28T22:00,41.6,19.0,136.0,6.2,5.2,49.0,64
2024-05-28T23:00,42.8,19.3,132.0,5.7,5.1,48.0,64
2024-05-29T00:00,42.3,18.9,127.0,5.2,4.9,47.0,64
2024-05-29T01:00,39.6,18.3,121.0,4.6,4.5,47.0,64
2024-05-29T02:00,40.4,18.4,117.0,4.1,4.2,47.0,65
2024-05-29T03:00,39.5,18.0,115.0,3.8,4.0,47.0,65
2024-05-29T04:00,40.3,18.0,113.0,3.6,3.7,47.0,65
2024-05-29T05:00,40.3,18.0,128.0,4.8,4.9,43.0,65
2024-05-29T06:00,46.7,18.5,128.0,4.4,4.6,46.0,66
2024-05-29T07:00,50.6,19.0,128.0,3.9,4.3,51.0,66
2024-05-29T08:00,51.6,18.7,127.0,3.3,3.9,57.0,67
2024-05-29T09:00,50.2,18.3,125.0,2.6,3.6,65.0,67
2024-05-29T10:00,47.0,17.7,122.0,1.9,3.3,74.0,67
2024-05-29T11:00,43.8,17.0,119.0,1.4,3.1,81.0,68
2024-05-29T12:00,40.7,16.2,117.0,1.2,2.9,84.0,68
2024-05-29T13:00,39.6,15.8,116.0,1.2,2.7,85.0,68
2024-05-29T14:00,39.3,15.5,116.0,1.3,2.6,85.0,67
2024-05-29T15:00,39.8,15.5,117.0,1.5,2.7,84.0,67
2024-05-29T16:00,39.7,15.4,118.0,1.8,2.8,82.0,67
2024-05-29T17:00,46.1,17.5,124.0,2.5,3.1,76.0,67
2024-05-29T18:00,42.0,16.8,127.0,3.4,3.4,67.0,67
2024-05-29T19:00,33.9,15.9,131.0,4.6,3.8,55.0,66
2024-05-29T20:00,32.2,15.4,133.0,5.5,4.1,46.0,66
2024-05-29T21:00,30.4,15.1,133.0,5.8,4.4,41.0,66
2024-05-29T22:00,29.4,15.1,132.0,5.9,4.7,40.0,66
2024-05-29T23:00,29.6,14.7,128.0,5.6,4.7,39.0,65
2024-05-30T00:00,27.1,13.8,120.0,4.9,4.3,40.0,65
2024-05-30T01:00,28.6,13.4,111.0,4.0,3.8,43.0,65
2024-05-30T02:00,32.1,14.1,104.0,3.3,3.4,45.0,64
2024-05-30T03:00,33.6,14.4,102.0,3.2,3.4,45.0,64
2024-05-30T04:00,34.9,14.7,103.0,3.4,3.7,45.0,64
2024-05-30T05:00,36.6,15.7,111.0,4.0,4.2,43.0,63
2024-05-30T06:00,40.2,15.8,114.0,4.0,4.4,45.0,63
2024-05-30T07:00,46.3,16.6,118.0,3.9,4.6,49.0,63
2024-05-30T08:00,46.9,16.8,121.0,3.6,4.8,55.0,63
2024-05-30T09:00,44.8,16.8,121.0,3.0,5.0,65.0,63
2024-05-30T10:00,42.7,16.9,120.0,2.3,5.2,78.0,63
2024-05-30T11:00,41.4,17.0,119.0,1.7,5.3,89.0,62
2024-05-30T12:00,42.0,17.3,119.0,1.5,5.2,97.0,62
2024-05-30T13:00,42.3,17.7,119.0,1.4,5.0,104.0,63
2024-05-30T14:00,41.8,17.6,119.0,1.5,4.8,106.0,63
2024-05-30T15:00,40.3,17.3,117.0,1.8,4.6,103.0,63
2024-05-30T16:00,37.0,16.5,115.0,2.2,4.5,96.0,63
2024-05-30T17:00,42.5,17.1,123.0,2.9,5.9,104.0,63
2024-05-30T18:00,35.0,15.9,121.0,3.6,5.7,90.0,63
2024-05-30T19:00,30.4,14.5,119.0,4.7,5.4,71.0,63
2024-05-30T20:00,28.2,13.6,117.0,5.5,5.2,55.0,63
2024-05-30T21:00,26.3,12.9,118.0,6.0,5.3,47.0,63
2024-05-30T22:00,24.6,12.5,119.0,6.4,5.6,42.0,63
2024-05-30T23:00,24.2,12.0,119.0,6.5,5.8,39.0,62
2024-05-31T00:00,23.3,11.3,115.0,6.3,5.9,38.0,62
2024-05-31T01:00,22.2,11.0,110.0,5.8,5.8,38.0,62
2024-05-31T02:00,21.2,10.9,106.0,5.4,5.7,39.0,62
2024-05-31T03:00,20.0,10.4,104.0,5.1,5.3,38.0,62
2024-05-31T04:00,18.9,10.4,104.0,4.9,4.9,37.0,61
2024-05-31T05:00,20.0,10.5,113.0,5.9,6.4,34.0,61
2024-05-31T06:00,21.8,10.9,116.0,5.5,6.2,38.0,60
2024-05-31T07:00,22.4,10.9,121.0,4.9,6.0,44.0,60
2024-05-31T08:00,25.9,12.1,124.0,4.2,5.7,52.0,60
2024-05-31T09:00,28.7,12.9,124.0,3.3,5.4,64.0,59
2024-05-31T10:00,31.5,13.1,123.0,2.3,5.0,78.0,59
2024-05-31T11:00,36.0,13.5,122.0,1.6,4.6,90.0,59
2024-05-31T12:00,41.8,14.2,123.0,1.3,4.3,97.0,58
2024-05-31T13:00,49.2,15.1,124.0,1.3,4.0,101.0,58
2024-05-31T14:00,54.6,15.9,126.0,1.4,3.8,103.0,58
2024-05-31T15:00,56.3,16.5,127.0,1.6,3.8,103.0,58
2024-05-31T16:00,52.3,16.0,129.0,2.0,3.9,100.0,58
2024-05-31T17:00,52.7,16.9,135.0,2.7,5.7,108.0,58
2024-05-31T18:00,47.3,16.1,138.0,3.8,6.4,99.0,58
2024-05-31T19:00,38.1,14.9,143.0,5.3,7.5,85.0,58
2024-05-31T20:00,32.2,14.1,146.0,6.6,8.3,73.0,58
2024-05-31T21:00,28.1,13.0,147.0,7.4,8.8,63.0,58
2024-05-31T22:00,25.8,12.3,146.0,8.0,9.1,54.0,58
2024-05-31T23:00,23.4,11.7,143.0,8.1,9.0,47.0,58
2024-06-01T00:00,22.1,10.8,138.0,7.6,8.4,44.0,58
2024-06-01T01:00,21.0,9.8,130.0,6.7,7.5,43.0,58
2024-06-01T02:00,19.2,9.2,125.0,6.0,6.8,42.0,58
2024-06-01T03:00,18.5,8.9,122.0,5.7,6.5,40.0,57
2024-06-01T04:00,17.3,8.6,121.0,5.6,6.3,39.0,57
2024-06-01T05:00,16.5,9.5,131.0,6.2,6.6,35.0,57
2024-06-01T06:00,15.9,9.2,135.0,5.6,6.2,39.0,57
2024-06-01T07:00,17.6,9.2,140.0,4.8,5.6,44.0,57
2024-06-01T08:00,23.5,9.8,144.0,4.0,5.1,52.0,57
2024-06-01T09:00,29.7,10.7,145.0,3.2,4.8,63.0,57
2024-06-01T10:00,34.0,11.2,145.0,2.3,4.5,77.0,57
2024-06-01T11:00,36.2,11.9,145.0,1.7,4.3,88.0,56
2024-06-01T12:00,39.1,12.7,145.0,1.4,4.1,94.0,56
2024-06-01T13:00,40.6,13.4,145.0,1.3,4.0,98.0,56
2024-06-01T14:00,38.8,13.5,145.0,1.4,3.9,100.0,56
2024-06-01T15:00,39.2,14.2,146.0,1.7,3.9,100.0,56
2024-06-01T16:00,38.6,14.5,148.0,2.1,4.1,97.0,56
2024-06-01T17:00,41.8,15.4,150.0,2.5,4.0,105.0,56
2024-06-01T18:00,36.9,14.8,152.0,3.5,4.5,94.0,55
2024-06-01T19:00,27.4,13.0,156.0,4.9,5.1,78.0,55
2024-06-01T20:00,24.1,11.9,158.0,6.0,5.7,64.0,55
2024-06-01T21:00,22.1,11.2,159.0,6.7,6.2,55.0,55
2024-06-01T22:00,20.8,10.8,159.0,7.1,6.6,48.0,55
2024-06-01T23:00,19.6,10.4,158.0,7.4,7.0,43.0,55
2024-06-02T00:00,18.5,9.9,156.0,7.5,7.2,39.0,55
2024-06-02T01:00,17.6,9.7,153.0,7.4,7.4,37.0,55
2024-06-02T02:00,16.6,9.4,150.0,7.2,7.4,36.0,55
2024-06-02T03:00,16.5,9.4,147.0,7.0,7.3,35.0,55
2024-06-02T04:00,17.8,9.5,143.0,6.7,7.1,34.0,55
2024-06-02T05:00,16.9,9.3,144.0,6.1,6.4,34.0,55
2024-06-02T06:00,17.7,9.4,144.0,5.5,6.2,38.0,55
2024-06-02T07:00,19.0,9.2,145.0,4.7,5.8,43.0,55
2024-06-02T08:00,24.0,9.8,145.0,3.9,5.4,51.0,55
2024-06-02T09:00,29.3,10.9,144.0,3.0,4.9,62.0,55
2024-06-02T10:00,33.8,11.6,144.0,2.1,4.4,75.0,55
2024-06-02T11:00,36.2,12.0,143.0,1.5,4.0,85.0,55
2024-06-02T12:00,37.6,12.8,143.0,1.2,3.7,90.0,55
2024-06-02T13:00,41.2,14.6,143.0,1.2,3.5,93.0,55
2024-06-02T14:00,38.6,14.5,144.0,1.4,3.6,94.0,55
2024-06-02T15:00,37.1,14.8,146.0,1.9,3.9,94.0,55
2024-06-02T16:00,38.0,15.5,150.0,2.6,4.4,94.0,55
2024-06-02T17:00,48.3,20.7,173.0,3.1,7.9,125.0,55
2024-06-02T18:00,47.1,21.3,183.0,4.4,9.2,121.0,55
2024-06-02T19:00,45.8,22.2,196.0,6.3,11.0,115.0,56
2024-06-02T20:00,41.1,20.4,208.0,8.0,12.7,107.0,57
2024-06-02T21:00,37.6,19.0,216.0,9.3,14.2,97.0,57
2024-06-02T22:00,35.9,18.5,223.0,10.5,15.6,85.0,58
2024-06-02T23:00,34.7,17.9,224.0,11.1,16.4,74.0,59
2024-06-03T00:00,32.6,16.9,218.0,10.9,16.2,66.0,59
2024-06-03T01:00,30.9,16.1,207.0,10.3,15.4,60.0,60
2024-06-03T02:00,31.1,15.1,197.0,9.7,14.6,54.0,60
2024-06-03T03:00,29.1,14.0,191.0,9.6,13.8,48.0,61
2024-06-03T04:00,27.8,13.2,187.0,9.5,13.0,43.0,61
2024-06-03T05:00,26.0,12.7,204.0,9.5,10.6,36.0,61
2024-06-03T06:00,30.0,12.9,195.0,8.6,9.8,40.0,62
2024-06-03T07:00,31.7,12.5,183.0,7.2,8.6,46.0,62
2024-06-03T08:00,38.9,14.7,173.0,5.9,7.6,55.0,62
2024-06-03T09:00,41.4,17.6,169.0,4.5,7.0,70.0,62
2024-06-03T10:00,42.1,19.2,167.0,3.2,6.6,88.0,63
2024-06-03T11:00,41.9,19.3,166.0,2.2,6.1,101.0,64
2024-06-03T12:00,41.6,19.1,163.0,1.7,5.5,107.0,64
2024-06-03T13:00,40.5,18.6,159.0,1.5,4.8,108.0,65
2024-06-03T14:00,38.6,18.0,159.0,1.9,4.3,105.0,65
2024-06-03T15:00,34.6,16.8,163.0,3.1,3.9,97.0,65
2024-06-03T16:00,31.9,16.5,170.0,4.8,3.8,86.0,65
2024-06-03T17:00,50.9,25.6,177.0,3.4,5.3,114.0,66
2024-06-03T18:00,45.2,23.9,180.0,4.8,6.9,104.0,66
2024-06-03T19:00,40.5,22.3,184.0,6.8,9.1,91.0,66
2024-06-03T20:00,38.8,20.7,187.0,8.2,10.7,80.0,66
2024-06-03T21:00,39.7,20.3,187.0,8.4,11.3,75.0,66
2024-06-03T22:00,40.9,20.1,185.0,8.0,11.3,73.0,66
2024-06-03T23:00,43.4,21.1,183.0,7.7,11.1,70.0,66
2024-06-04T00:00,43.9,22.1,180.0,7.5,10.6,66.0,67
2024-06-04T01:00,40.3,20.7,176.0,7.3,9.8,61.0,67
2024-06-04T02:00,34.5,18.2,175.0,7.4,9.4,56.0,67
2024-06-04T03:00,31.7,17.1,179.0,8.2,9.8,49.0,68
2024-06-04T04:00,30.6,16.8,187.0,9.3,10.5,41.0,68
2024-06-04T05:00,32.6,16.0,174.0,6.4,8.9,55.0,68
2024-06-04T06:00,33.8,16.1,181.0,6.7,9.2,54.0,68
2024-06-04T07:00,36.3,16.9,190.0,7.0,9.5,54.0,69
2024-06-04T08:00,41.6,18.3,193.0,6.7,9.4,58.0,69
2024-06-04T09:00,45.9,18.2,184.0,5.3,8.7,70.0,69
2024-06-04T10:00,43.8,18.6,169.0,3.4,7.7,86.0,69
2024-06-04T11:00,40.4,19.1,158.0,2.1,6.6,96.0,69
2024-06-04T12:00,36.4,18.4,153.0,1.8,5.4,97.0,69
2024-06-04T13:00,33.5,17.6,151.0,2.2,4.2,92.0,69
2024-06-04T14:00,33.1,18.1,153.0,3.1,3.6,85.0,69
2024-06-04T15:00,28.7,17.0,159.0,4.7,4.1,77.0,69
2024-06-04T16:00,26.7,16.1,168.0,6.9,5.2,67.0,69
2024-06-04T17:00,23.1,13.6,160.0,7.4,4.5,55.0,69
2024-06-04T18:00,20.3,12.3,170.0,8.9,5.4,51.0,68
2024-06-04T19:00,18.6,11.5,184.0,11.0,6.6,45.0,67
2024-06-04T20:00,18.5,11.4,192.0,12.3,7.5,40.0,66
2024-06-04T21:00,18.3,11.2,191.0,12.2,7.9,38.0,66
2024-06-04T22:00,18.4,11.2,185.0,11.4,7.9,38.0,65
2024-06-04T23:00,19.2,11.4,177.0,10.4,7.7,38.0,64
2024-06-05T00:00,18.9,11.4,167.0,9.2,6.9,38.0,64
2024-06-05T01:00,18.6,10.7,155.0,7.8,5.8,38.0,63
2024-06-05T02:00,16.3,9.6,146.0,6.8,5.1,38.0,62
2024-06-05T03:00,14.2,8.6,143.0,6.7,5.2,36.0,61
2024-06-05T04:00,12.6,7.8,144.0,7.1,5.7,34.0,61
2024-06-05T05:00,13.9,9.0,157.0,8.4,7.5,34.0,60
2024-06-05T06:00,14.9,9.2,156.0,7.8,7.2,36.0,59
2024-06-05T07:00,15.5,9.0,155.0,6.9,6.8,40.0,59
2024-06-05T08:00,16.7,9.1,152.0,5.8,6.3,46.0,58
2024-06-05T09:00,17.1,9.2,146.0,4.4,5.6,57.0,57
2024-06-05T10:00,18.2,9.8,139.0,2.8,4.8,70.0,57
2024-06-05T11:00,18.3,9.9,135.0,1.9,4.1,78.0,56
2024-06-05T12:00,18.0,9.7,138.0,2.2,3.6,79.0,55
2024-06-05T13:00,20.3,11.1,144.0,3.1,3.2,75.0,55
2024-06-05T14:00,19.8,11.8,150.0,4.2,3.2,70.0,54
2024-06-05T15:00,16.7,10.5,154.0,5.2,3.8,66.0,54
2024-06-05T16:00,15.7,9.8,158.0,6.4,4.7,61.0,53
2024-06-05T17:00,26.0,14.3,188.0,9.4,6.9,54.0,53
2024-06-05T18:00,21.8,12.9,195.0,10.4,6.9,50.0,53
2024-06-05T19:00,19.4,12.0,204.0,11.8,6.9,44.0,53
2024-06-05T20:00,18.8,11.8,213.0,12.9,7.0,39.0,53
2024-06-05T21:00,15.9,10.0,221.0,13.6,7.1,35.0,53
2024-06-05T22:00,14.8,9.8,229.0,13.9,7.2,31.0,53
2024-06-05T23:00,14.9,10.0,231.0,13.9,7.4,28.0,53
2024-06-06T00:00,13.1,8.7,224.0,13.3,7.6,27.0,52
2024-06-06T01:00,12.3,8.4,211.0,12.3,7.9,27.0,52
2024-06-06T02:00,11.6,7.9,199.0,11.3,8.1,27.0,52
2024-06-06T03:00,11.2,7.6,188.0,10.5,8.4,27.0,52
2024-06-06T04:00,11.1,7.4,177.0,9.8,8.7,27.0,52
2024-06-06T05:00,10.3,7.2,204.0,11.5,9.6,26.0,52
2024-06-06T06:00,11.5,7.7,195.0,10.6,9.5,29.0,52
2024-06-06T07:00,12.0,7.5,182.0,9.4,9.4,34.0,52
2024-06-06T08:00,12.9,8.0,171.0,8.0,9.1,41.0,51
2024-06-06T09:00,14.1,8.8,163.0,6.4,8.6,53.0,51
2024-06-06T10:00,15.7,9.8,157.0,4.6,7.9,66.0,51
2024-06-06T11:00,18.6,11.3,152.0,3.3,7.2,78.0,51
2024-06-06T12:00,20.7,12.2,146.0,2.5,6.5,86.0,51
2024-06-06T13:00,22.2,12.9,142.0,2.2,5.8,91.0,52
2024-06-06T14:00,23.8,13.7,140.0,2.4,5.4,93.0,52
2024-06-06T15:00,25.0,14.3,142.0,3.2,5.2,91.0,52
2024-06-06T16:00,26.1,15.0,147.0,4.4,5.2,85.0,52
2024-06-06T17:00,36.2,22.1,180.0,6.4,11.2,103.0,53
2024-06-06T18:00,40.9,25.0,208.0,9.2,12.5,98.0,53
2024-06-06T19:00,41.3,26.0,245.0,13.1,14.4,90.0,54
2024-06-06T20:00,40.6,26.2,271.0,15.6,15.8,84.0,55
2024-06-06T21:00,39.9,25.3,274.0,15.6,16.5,81.0,56
2024-06-06T22:00,38.2,23.7,266.0,14.3,16.8,80.0,58
2024-06-06T23:00,35.2,22.8,254.0,12.8,16.7,78.0,59
2024-06-07T00:00,28.1,18.3,240.0,11.4,16.2,74.0,60
2024-06-07T01:00,22.1,13.9,223.0,9.8,15.4,69.0,60
2024-06-07T02:00,25.6,15.0,207.0,8.5,14.4,64.0,61
2024-06-07T03:00,29.2,16.5,194.0,7.6,12.9,60.0,61
2024-06-07T04:00,34.1,18.5,183.0,6.9,11.1,56.0,62
2024-06-07T05:00,25.4,11.1,190.0,8.5,12.7,49.0,63
2024-06-07T06:00,27.8,12.7,194.0,9.6,13.8,46.0,63
2024-06-07T07:00,33.4,15.4,199.0,11.0,15.2,43.0,64
2024-06-07T08:00,43.8,17.6,200.0,11.2,15.5,46.0,64
2024-06-07T09:00,46.2,18.0,193.0,9.1,13.8,62.0,65
2024-06-07T10:00,47.5,19.4,181.0,5.9,10.9,84.0,66
2024-06-07T11:00,48.5,20.8,172.0,3.3,8.6,103.0,67
2024-06-07T12:00,48.9,22.5,168.0,2.2,7.4,116.0,67
2024-06-07T13:00,49.7,23.9,167.0,1.7,6.7,125.0,68
2024-06-07T14:00,49.5,24.4,169.0,1.8,6.2,130.0,69
2024-06-07T15:00,48.3,24.6,173.0,2.3,5.6,129.0,70
2024-06-07T16:00,48.8,24.8,179.0,3.4,5.2,123.0,71
2024-06-07T17:00,59.0,32.6,206.0,5.5,7.7,128.0,71
2024-06-07T18:00,54.4,32.2,218.0,7.0,8.3,121.0,72
2024-06-07T19:00,45.5,28.5,235.0,9.1,9.3,111.0,74
2024-06-07T20:00,41.8,26.7,249.0,10.8,10.4,101.0,76
2024-06-07T21:00,40.9,26.1,260.0,12.0,12.0,93.0,73
2024-06-07T22:00,42.5,27.3,268.0,12.9,13.8,85.0,73
2024-06-07T23:00,45.3,28.2,267.0,12.9,14.6,79.0,73
2024-06-08T00:00,44.7,26.6,249.0,11.5,13.9,75.0,74
2024-06-08T01:00,43.1,23.7,221.0,9.2,12.3,72.0,74
2024-06-08T02:00,39.9,22.2,197.0,7.3,10.6,71.0,75
2024-06-08T03:00,32.7,18.3,180.0,6.0,9.0,70.0,76
2024-06-08T04:00,24.4,13.3,167.0,5.1,7.3,71.0,76
2024-06-08T05:00,26.8,15.9,179.0,5.1,8.0,78.0,76
2024-06-08T06:00,28.3,16.2,184.0,5.9,8.4,76.0,76
2024-06-08T07:00,32.1,17.6,192.0,7.0,9.0,74.0,76
2024-06-08T08:00,35.4,19.3,196.0,7.3,9.1,76.0,76
2024-06-08T09:00,39.3,21.0,195.0,6.0,8.5,87.0,77
2024-06-08T10:00,42.4,22.9,190.0,4.0,7.5,103.0,77
2024-06-08T11:00,44.9,25.0,187.0,2.4,6.5,116.0,77
2024-06-08T12:00,47.7,26.9,186.0,1.8,5.7,123.0,77
2024-06-08T13:00,52.0,29.4,187.0,1.6,5.0,127.0,78
2024-06-08T14:00,51.7,28.9,189.0,1.8,4.5,128.0,78
2024-06-08T15:00,51.2,28.3,191.0,2.2,3.9,126.0,78
2024-06-08T16:00,54.6,30.0,195.0,3.0,3.5,120.0,79
2024-06-08T17:00,54.0,33.5,229.0,8.0,5.9,103.0,79
2024-06-08T18:00,51.9,32.4,252.0,10.4,7.5,99.0,79
2024-06-08T19:00,52.3,33.4,283.0,13.6,9.8,93.0,79
2024-06-08T20:00,53.1,34.3,305.0,15.7,11.8,88.0,80
2024-06-08T21:00,52.9,34.7,310.0,15.9,13.4,86.0,80
2024-06-08T22:00,51.0,34.0,305.0,14.9,14.7,85.0,81
2024-06-08T23:00,48.3,32.0,293.0,13.6,15.3,84.0,81
2024-06-09T00:00,45.2,29.1,270.0,11.8,14.9,82.0,82
2024-06-09T01:00,40.9,26.1,240.0,9.6,13.8,79.0,82
2024-06-09T02:00,36.8,23.0,214.0,7.9,12.6,75.0,82
2024-06-09T03:00,30.5,18.7,196.0,7.0,11.2,70.0,82
2024-06-09T04:00,20.8,12.5,181.0,6.7,9.8,64.0,82
2024-06-09T05:00,32.5,19.2,190.0,9.0,14.1,54.0,82
2024-06-09T06:00,27.6,16.2,195.0,9.0,13.7,56.0,82
2024-06-09T07:00,30.2,17.1,202.0,9.0,13.1,60.0,82
2024-06-09T08:00,34.5,19.4,207.0,8.4,12.3,68.0,82
2024-06-09T09:00,38.8,22.1,209.0,6.9,11.1,83.0,82
2024-06-09T10:00,42.4,24.9,209.0,4.8,9.6,102.0,82
2024-06-09T11:00,44.7,26.4,207.0,3.2,8.2,116.0,83
2024-06-09T12:00,45.8,27.0,202.0,2.3,6.7,122.0,83
2024-06-09T13:00,47.0,27.3,195.0,1.9,5.3,124.0,83
2024-06-09T14:00,49.9,28.6,192.0,2.2,4.5,123.0,83
2024-06-09T15:00,50.3,29.0,197.0,3.5,4.4,118.0,83
2024-06-09T16:00,51.1,29.3,206.0,5.5,5.0,109.0,83
2024-06-09T17:00,58.3,34.6,224.0,9.3,9.3,96.0,83
2024-06-09T18:00,52.3,31.0,226.0,10.0,10.2,92.0,83
2024-06-09T19:00,46.0,27.9,228.0,11.0,11.4,87.0,83
2024-06-09T20:00,41.3,24.7,223.0,11.4,11.9,81.0,82
2024-06-09T21:00,39.0,21.7,207.0,10.7,11.2,74.0,81
2024-06-09T22:00,42.5,20.1,184.0,9.4,9.9,66.0,80
2024-06-09T23:00,39.1,18.5,165.0,8.1,8.5,60.0,79
2024-06-10T00:00,34.6,17.3,152.0,6.7,7.1,58.0,78
2024-06-10T01:00,35.0,16.8,143.0,5.3,5.7,59.0,77
2024-06-10T02:00,28.3,14.8,138.0,4.3,4.7,60.0,77
2024-06-10T03:00,18.8,11.1,137.0,3.8,4.3,61.0,76
2024-06-10T04:00,8.7,5.7,140.0,3.8,4.4,62.0,75
2024-06-10T05:00,17.1,11.9,161.0,9.1,12.2,41.0,75
2024-06-10T06:00,16.6,11.9,173.0,9.8,13.4,42.0,74
2024-06-10T07:00,19.6,14.1,189.0,10.7,15.0,44.0,74
2024-06-10T08:00,24.4,17.3,199.0,10.8,15.7,50.0,74
2024-06-10T09:00,32.1,21.5,196.0,9.3,14.6,62.0,73
2024-06-10T10:00,38.6,24.4,187.0,7.0,12.6,78.0,73
2024-06-10T11:00,41.1,25.0,178.0,5.2,10.8,90.0,73
2024-06-10T12:00,42.6,25.4,172.0,4.2,9.8,96.0,73
2024-06-10T13:00,39.1,23.5,167.0,3.7,9.0,99.0,73
2024-06-10T14:00,37.0,22.1,166.0,3.7,8.4,100.0,73
2024-06-10T15:00,36.2,21.4,171.0,4.2,7.7,100.0,72
2024-06-10T16:00,36.0,21.5,181.0,5.1,7.2,98.0,72
2024-06-10T17:00,47.4,29.3,209.0,6.7,7.8,109.0,71
2024-06-10T18:00,47.8,29.8,220.0,8.5,10.0,104.0,71
2024-06-10T19:00,43.8,28.0,236.0,11.0,13.0,97.0,71
2024-06-10T20:00,37.6,24.3,243.0,12.4,14.7,90.0,71
2024-06-10T21:00,29.6,19.5,237.0,11.8,14.1,85.0,71
2024-06-10T22:00,20.7,13.6,223.0,10.1,12.4,82.0,70
2024-06-10T23:00,13.8,9.1,208.0,8.5,10.6,78.0,70
2024-06-11T00:00,7.9,5.3,194.0,7.3,9.1,75.0,69
2024-06-11T01:00,4.5,3.0,179.0,6.2,7.5,71.0,68
2024-06-11T02:00,3.0,2.0,168.0,5.5,6.5,68.0,67
2024-06-11T03:00,3.2,2.0,161.0,5.1,6.2,64.0,66
2024-06-11T04:00,4.7,2.8,158.0,5.0,6.5,60.0,65
2024-06-11T05:00,2.1,1.4,148.0,5.1,5.6,59.0,65
2024-06-11T06:00,3.6,2.4,154.0,6.2,6.2,56.0,64
2024-06-11T07:00,4.4,2.9,162.0,7.7,6.9,53.0,64
2024-06-11T08:00,6.2,4.1,165.0,8.2,7.2,54.0,63
2024-06-11T09:00,9.9,5.7,159.0,6.8,6.6,63.0,62
2024-06-11T10:00,16.2,8.6,149.0,4.5,5.5,75.0,60
2024-06-11T11:00,23.0,11.7,143.0,2.9,4.7,85.0,59
2024-06-11T12:00,28.6,14.3,146.0,2.8,4.3,89.0,58
2024-06-11T13:00,39.2,17.9,154.0,3.6,4.0,89.0,57
2024-06-11T14:00,40.9,21.3,162.0,4.6,4.1,87.0,57
2024-06-11T15:00,28.7,17.3,168.0,5.9,4.6,82.0,57
2024-06-11T16:00,18.5,11.8,174.0,7.4,5.4,74.0,56
2024-06-11T17:00,35.0,21.2,182.0,8.4,5.9,78.0,56
2024-06-11T18:00,27.1,17.2,188.0,9.7,7.0,72.0,55
2024-06-11T19:00,23.1,15.3,197.0,11.4,8.6,63.0,54
2024-06-11T20:00,19.4,12.7,201.0,12.5,9.6,55.0,53
2024-06-11T21:00,17.9,11.6,197.0,12.5,9.6,50.0,52
2024-06-11T22:00,15.4,9.8,190.0,11.8,9.1,46.0,52
2024-06-11T23:00,14.2,8.6,180.0,10.9,8.5,43.0,51
2024-06-12T00:00,13.0,7.8,169.0,9.7,7.7,41.0,51
2024-06-12T01:00,14.4,8.7,156.0,8.3,6.8,40.0,51
2024-06-12T02:00,15.8,9.5,145.0,7.1,6.0,39.0,52
2024-06-12T03:00,16.6,10.0,136.0,6.3,5.6,39.0,52
2024-06-12T04:00,18.6,10.8,129.0,5.8,5.4,40.0,53
2024-06-12T05:00,17.3,10.3,128.0,5.3,4.5,41.0,54
2024-06-12T06:00,16.9,10.1,141.0,6.0,4.6,40.0,54
2024-06-12T07:00,17.9,10.0,158.0,6.9,4.8,40.0,55
2024-06-12T08:00,18.0,9.8,167.0,7.0,4.8,43.0,56
2024-06-12T09:00,17.4,8.8,160.0,5.6,4.5,52.0,56
2024-06-12T10:00,17.6,9.0,146.0,3.4,4.1,65.0,56
2024-06-12T11:00,19.9,10.2,136.0,1.9,3.7,74.0,56
2024-06-12T12:00,22.4,11.5,136.0,1.7,3.3,78.0,56
2024-06-12T13:00,24.3,12.8,140.0,2.3,2.8,79.0,56
2024-06-12T14:00,22.9,13.1,146.0,3.0,2.8,79.0,56
2024-06-12T15:00,20.5,12.7,152.0,3.7,3.4,78.0,55
2024-06-12T16:00,16.7,10.6,159.0,4.6,4.5,75.0,55
2024-06-12T17:00,15.4,10.0,169.0,6.0,5.5,70.0,54
2024-06-12T18:00,14.9,10.0,186.0,8.6,6.5,61.0,54
2024-06-12T19:00,14.5,9.9,206.0,11.8,7.5,50.0,53
2024-06-12T20:00,13.1,8.9,216.0,13.7,8.0,42.0,53
2024-06-12T21:00,11.1,7.5,208.0,13.3,7.8,39.0,52
2024-06-12T22:00,10.4,7.1,189.0,11.6,7.2,38.0,52
2024-06-12T23:00,10.2,6.9,172.0,9.9,6.6,38.0,52
2024-06-13T00:00,9.8,6.5,159.0,8.6,6.0,38.0,52
2024-06-13T01:00,9.5,6.2,146.0,7.3,5.4,38.0,51
2024-06-13T02:00,9.4,6.1,137.0,6.4,5.0,38.0,51
2024-06-13T03:00,9.4,6.1,132.0,5.9,5.0,38.0,51
2024-06-13T04:00,9.5,6.2,131.0,5.8,5.3,37.0,51
2024-06-13T05:00,9.6,6.2,133.0,5.9,5.4,37.0,50
2024-06-13T06:00,9.9,6.5,141.0,6.4,5.3,37.0,50
2024-06-13T07:00,10.9,7.1,153.0,7.1,5.1,39.0,49
2024-06-13T08:00,11.2,7.3,160.0,7.2,4.9,42.0,49
2024-06-13T09:00,10.2,6.5,156.0,5.9,4.6,50.0,48
2024-06-13T10:00,10.6,6.6,146.0,4.0,4.3,60.0,47
2024-06-13T11:00,11.8,6.9,139.0,2.6,4.1,68.0,47
2024-06-13T12:00,13.4,7.6,137.0,2.1,3.9,74.0,46
2024-06-13T13:00,14.2,8.2,136.0,2.0,3.8,79.0,45
2024-06-13T14:00,15.4,8.6,137.0,2.2,3.7,80.0,44
2024-06-13T15:00,15.1,8.8,138.0,2.7,3.7,77.0,43
2024-06-13T16:00,15.9,9.4,141.0,3.5,3.8,71.0,42
2024-06-13T17:00,13.8,9.2,163.0,6.3,4.8,66.0,42
2024-06-13T18:00,11.5,7.8,169.0,7.7,5.4,60.0,42
2024-06-13T19:00,10.5,7.3,178.0,9.6,6.2,52.0,41
2024-06-13T20:00,9.1,6.3,184.0,11.0,6.8,45.0,41
2024-06-13T21:00,8.8,6.1,185.0,11.4,7.1,41.0,40
2024-06-13T22:00,9.3,6.4,184.0,11.3,7.3,38.0,40
2024-06-13T23:00,8.9,6.1,178.0,10.7,7.0,37.0,40
2024-06-14T00:00,8.3,5.7,165.0,9.4,6.1,37.0,39
2024-06-14T01:00,9.5,6.2,149.0,7.5,4.8,39.0,39
2024-06-14T02:00,10.0,6.7,136.0,6.1,3.8,40.0,39
2024-06-14T03:00,10.1,6.7,130.0,5.4,3.4,40.0,39
2024-06-14T04:00,9.8,6.5,128.0,5.1,3.2,40.0,39
2024-06-14T05:00,11.0,6.2,120.0,3.7,2.9,47.0,40
2024-06-14T06:00,12.4,6.5,126.0,4.0,3.3,47.0,40
2024-06-14T07:00,13.6,6.9,134.0,4.3,3.8,47.0,40
2024-06-14T08:00,14.8,7.3,139.0,4.3,4.1,49.0,39
2024-06-14T09:00,15.5,7.4,137.0,3.6,4.2,56.0,39
2024-06-14T10:00,16.2,7.9,131.0,2.5,4.1,64.0,40
2024-06-14T11:00,19.8,9.5,127.0,1.8,3.8,70.0,40
2024-06-14T12:00,14.9,7.4,125.0,1.7,3.2,70.0,41
2024-06-14T13:00,14.6,7.3,124.0,2.0,2.4,66.0,41
2024-06-14T14:00,15.2,7.8,125.0,2.5,2.0,63.0,40
2024-06-14T15:00,14.5,8.1,128.0,3.0,2.4,62.0,40
2024-06-14T16:00,13.6,7.7,132.0,3.6,3.1,62.0,40
2024-06-14T17:00,18.5,9.3,130.0,3.4,3.2,60.0,40
2024-06-14T18:00,16.4,8.8,145.0,5.7,4.2,53.0,40
2024-06-14T19:00,15.0,8.9,165.0,8.9,5.5,43.0,40
2024-06-14T20:00,15.1,9.2,181.0,11.2,6.6,36.0,40
2024-06-14T21:00,14.5,9.0,189.0,12.1,7.1,33.0,41
2024-06-14T22:00,14.1,8.9,193.0,12.2,7.4,31.0,42
2024-06-14T23:00,13.7,8.9,190.0,11.6,7.2,31.0,42
2024-06-15T00:00,13.1,8.4,177.0,10.1,6.3,32.0,43
2024-06-15T01:00,11.2,7.3,158.0,8.0,5.0,34.0,43
2024-06-15T02:00,10.3,6.8,143.0,6.4,4.1,35.0,44
2024-06-15T03:00,9.6,6.4,138.0,5.8,3.9,35.0,44
2024-06-15T04:00,8.6,5.8,137.0,5.8,4.0,34.0,44
2024-06-15T05:00,9.0,6.1,140.0,5.6,3.9,35.0,43
2024-06-15T06:00,10.9,7.3,143.0,5.6,3.9,37.0,43
2024-06-15T07:00,10.2,6.7,147.0,5.5,3.8,41.0,44
2024-06-15T08:00,8.2,5.2,149.0,5.1,3.7,46.0,44
2024-06-15T09:00,8.8,5.3,145.0,4.0,3.6,55.0,43
2024-06-15T10:00,9.3,5.5,139.0,2.6,3.4,66.0,43
2024-06-15T11:00,10.9,6.4,134.0,1.7,3.2,74.0,42
2024-06-15T12:00,10.7,6.4,132.0,1.7,2.9,75.0,41
2024-06-15T13:00,12.3,6.9,132.0,2.2,2.6,72.0,41
2024-06-15T14:00,14.0,8.2,133.0,2.8,2.6,69.0,41
2024-06-15T15:00,12.2,7.8,133.0,3.2,2.9,67.0,41
2024-06-15T16:00,10.1,6.7,133.0,3.7,3.4,64.0,41
2024-06-15T17:00,15.6,8.8,140.0,5.4,3.8,58.0,41
2024-06-15T18:00,13.2,8.0,159.0,8.0,4.6,51.0,41
2024-06-15T19:00,13.9,9.0,185.0,11.7,5.8,42.0,40
2024-06-15T20:00,15.1,9.9,205.0,14.3,6.8,35.0,41
2024-06-15T21:00,14.4,9.4,213.0,15.1,7.5,31.0,41
2024-06-15T22:00,14.4,9.6,215.0,14.8,8.0,30.0,41
2024-06-15T23:00,14.1,9.5,210.0,14.0,8.2,29.0,41
2024-06-16T00:00,13.1,9.0,196.0,12.6,8.0,30.0,41
2024-06-16T01:00,12.3,8.4,176.0,10.6,7.4,32.0,41
2024-06-16T02:00,11.5,7.7,160.0,9.0,6.7,33.0,41
2024-06-16T03:00,11.9,8.0,151.0,8.0,5.6,32.0,42
2024-06-16T04:00,12.8,8.7,145.0,7.4,4.3,31.0,42
2024-06-16T05:00,18.6,12.8,143.0,6.8,2.9,30.0,43
2024-06-16T06:00,19.6,13.1,144.0,6.4,3.4,34.0,44
2024-06-16T07:00,19.5,12.6,145.0,5.9,4.0,40.0,46
2024-06-16T08:00,19.2,10.6,146.0,5.2,4.4,48.0,47
2024-06-16T09:00,21.6,11.1,145.0,4.1,4.5,60.0,48
2024-06-16T10:00,24.5,11.9,143.0,2.9,4.4,73.0,50
2024-06-16T11:00,26.3,12.2,141.0,2.0,4.2,84.0,50
2024-06-16T12:00,26.1,12.3,138.0,1.6,4.0,90.0,51
2024-06-16T13:00,26.5,12.9,135.0,1.7,3.7,92.0,51
2024-06-16T14:00,24.5,12.3,137.0,2.3,3.7,91.0,52
2024-06-16T15:00,30.5,15.7,146.0,3.8,3.9,86.0,52
2024-06-16T16:00,27.4,14.8,159.0,5.8,4.3,77.0,53
2024-06-16T17:00,21.7,12.2,148.0,5.0,4.6,78.0,53
2024-06-16T18:00,18.4,11.2,164.0,7.5,5.5,69.0,54
2024-06-16T19:00,17.2,11.1,185.0,10.9,6.8,56.0,54
2024-06-16T20:00,16.2,10.6,199.0,13.3,7.8,46.0,54
2024-06-16T21:00,18.3,11.3,200.0,13.8,8.4,41.0,54
2024-06-16T22:00,15.0,9.6,194.0,13.3,8.8,38.0,54
2024-06-16T23:00,14.4,9.3,187.0,12.6,8.9,36.0,54
2024-06-17T00:00,13.2,8.7,181.0,12.0,8.8,34.0,54
2024-06-17T01:00,13.1,8.4,173.0,11.2,8.4,32.0,54
2024-06-17T02:00,14.0,8.7,165.0,10.4,8.1,31.0,54
2024-06-17T03:00,15.3,9.2,155.0,9.6,7.8,31.0,54
2024-06-17T04:00,17.9,10.2,145.0,8.9,7.6,31.0,54
2024-06-17T05:00,19.2,10.9,143.0,8.0,6.7,33.0,54
2024-06-17T06:00,25.3,11.9,143.0,7.6,6.6,36.0,54
2024-06-17T07:00,30.3,13.0,143.0,7.0,6.5,40.0,54
2024-06-17T08:00,36.8,14.0,142.0,6.2,6.2,46.0,54
2024-06-17T09:00,42.5,14.6,140.0,4.9,5.7,57.0,55
2024-06-17T10:00,44.4,14.9,138.0,3.2,5.1,71.0,55
2024-06-17T11:00,43.1,14.7,135.0,2.1,4.5,80.0,55
2024-06-17T12:00,40.7,14.7,131.0,1.7,3.7,82.0,55
2024-06-17T13:00,35.4,13.5,127.0,1.7,3.0,80.0,55
2024-06-17T14:00,58.0,23.0,126.0,2.1,2.6,78.0,55
2024-06-17T15:00,29.1,13.3,131.0,2.7,2.9,77.0,56
2024-06-17T16:00,25.9,13.1,139.0,3.7,3.7,75.0,56
2024-06-17T17:00,24.5,12.6,152.0,5.6,4.6,64.0,56
2024-06-17T18:00,23.3,12.5,165.0,7.5,5.3,58.0,56
2024-06-17T19:00,21.0,12.0,182.0,10.2,6.3,49.0,56
2024-06-17T20:00,21.1,11.9,194.0,12.0,7.0,42.0,56
2024-06-17T21:00,21.7,11.8,197.0,12.3,7.2,39.0,56
2024-06-17T22:00,22.3,11.7,195.0,11.7,7.1,37.0,56
2024-06-17T23:00,22.0,11.6,190.0,11.0,6.9,36.0,56
2024-06-18T00:00,21.0,11.2,181.0,10.2,6.8,35.0,57
2024-06-18T01:00,20.4,10.8,169.0,9.2,6.7,34.0,57
2024-06-18T02:00,19.4,10.4,158.0,8.2,6.4,34.0,57
2024-06-18T03:00,18.3,9.9,147.0,7.2,6.0,34.0,57
2024-06-18T04:00,17.6,9.6,137.0,6.3,5.4,35.0,57
2024-06-18T05:00,14.5,8.4,144.0,7.0,5.9,33.0,57
2024-06-18T06:00,18.7,9.0,143.0,6.5,5.6,36.0,57
2024-06-18T07:00,20.4,9.5,141.0,5.8,5.1,40.0,57
2024-06-18T08:00,21.9,9.8,139.0,5.0,4.7,46.0,57
2024-06-18T09:00,22.1,9.6,135.0,3.9,4.4,55.0,56
2024-06-18T10:00,22.3,9.7,129.0,2.6,4.1,65.0,56
2024-06-18T11:00,22.3,9.8,126.0,1.8,3.8,72.0,55
2024-06-18T12:00,20.6,9.0,126.0,1.7,3.4,73.0,55
2024-06-18T13:00,19.8,8.5,129.0,2.1,3.1,71.0,55
2024-06-18T14:00,16.1,8.6,133.0,2.7,3.0,68.0,54
2024-06-18T15:00,12.2,6.9,138.0,3.6,3.3,66.0,53
2024-06-18T16:00,12.3,7.1,144.0,4.8,3.8,63.0,53
2024-06-18T17:00,17.9,8.8,136.0,3.8,2.6,59.0,52
2024-06-18T18:00,19.4,9.9,144.0,5.2,3.6,55.0,52
2024-06-18T19:00,19.2,10.7,155.0,7.1,4.9,50.0,52
2024-06-18T20:00,19.4,10.9,163.0,8.5,5.9,46.0,51
2024-06-18T21:00,19.2,10.9,165.0,8.9,6.3,44.0,51
2024-06-18T22:00,19.3,10.9,164.0,8.8,6.5,42.0,51
2024-06-18T23:00,19.0,10.4,161.0,8.4,6.3,41.0,51
2024-06-19T00:00,15.9,9.0,155.0,7.7,5.7,40.0,51
2024-06-19T01:00,14.0,8.3,147.0,6.7,4.8,39.0,51
2024-06-19T02:00,14.2,8.4,141.0,5.9,4.1,38.0,51
2024-06-19T03:00,15.8,9.1,137.0,5.4,3.9,38.0,51
2024-06-19T04:00,16.8,9.2,133.0,5.0,3.9,38.0,51
2024-06-19T05:00,16.5,7.8,124.0,4.0,3.5,44.0,51
2024-06-19T06:00,16.1,7.4,130.0,4.4,3.6,45.0,50
2024-06-19T07:00,18.2,8.0,139.0,4.9,3.8,47.0,50
2024-06-19T08:00,19.4,8.4,144.0,5.0,3.9,50.0,50
2024-06-19T09:00,20.8,8.3,142.0,4.2,3.8,57.0,50
2024-06-19T10:00,21.2,8.7,136.0,2.9,3.6,65.0,50
2024-06-19T11:00,20.1,8.5,131.0,2.0,3.3,71.0,50
2024-06-19T12:00,19.4,8.0,129.0,1.7,2.9,73.0,49
2024-06-19T13:00,17.6,7.4,128.0,1.7,2.5,72.0,49
2024-06-19T14:00,15.2,7.1,128.0,2.0,2.3,70.0,49
2024-06-19T15:00,14.3,7.4,129.0,2.7,2.6,66.0,49
2024-06-19T16:00,13.2,6.7,132.0,3.7,3.1,61.0,49
2024-06-19T17:00,14.3,7.0,144.0,4.5,2.7,55.0,49
2024-06-19T18:00,16.4,7.9,153.0,6.0,3.6,52.0,48
2024-06-19T19:00,17.6,8.9,166.0,8.1,4.8,47.0,48
2024-06-19T20:00,18.9,9.5,173.0,9.4,5.7,44.0,47
2024-06-19T21:00,19.3,9.1,171.0,9.3,6.0,43.0,47
2024-06-19T22:00,17.9,8.9,164.0,8.4,5.9,43.0,47
2024-06-19T23:00,16.6,7.9,156.0,7.4,5.5,44.0,46
2024-06-20T00:00,12.1,6.4,146.0,6.3,4.7,45.0,46
2024-06-20T01:00,8.4,4.6,135.0,5.1,3.6,46.0,45
2024-06-20T02:00,6.6,4.0,127.0,4.2,2.8,46.0,44
2024-06-20T03:00,5.7,3.6,125.0,3.9,2.6,45.0,43
2024-06-20T04:00,3.9,2.4,126.0,3.9,2.8,44.0,42
2024-06-20T05:00,3.1,1.9,120.0,3.1,2.5,48.0,40
2024-06-20T06:00,5.2,2.8,127.0,3.9,2.7,47.0,39
2024-06-20T07:00,4.9,2.6,137.0,4.9,3.0,45.0,38
2024-06-20T08:00,7.6,3.7,142.0,5.3,3.2,46.0,37
2024-06-20T09:00,8.2,4.4,138.0,4.5,3.2,51.0,35
2024-06-20T10:00,11.3,5.3,130.0,3.1,3.0,59.0,35
2024-06-20T11:00,14.3,6.3,123.0,2.0,2.9,64.0,34
2024-06-20T12:00,15.5,6.8,119.0,1.7,2.8,65.0,33
2024-06-20T13:00,14.0,6.5,116.0,1.8,2.7,64.0,33
2024-06-20T14:00,9.4,4.9,115.0,2.1,2.7,63.0,33
2024-06-20T15:00,9.2,5.0,116.0,2.6,2.7,62.0,32
2024-06-20T16:00,10.0,5.0,119.0,3.3,2.7,60.0,32
2024-06-20T17:00,22.8,9.5,127.0,4.6,2.9,57.0,31
2024-06-20T18:00,17.8,8.2,140.0,6.4,3.7,53.0,32
2024-06-20T19:00,12.8,7.1,157.0,8.8,4.7,47.0,32
2024-06-20T20:00,8.4,5.3,168.0,10.3,5.4,42.0,32
2024-06-20T21:00,6.2,4.1,167.0,10.3,5.3,40.0,31
2024-06-20T22:00,5.3,3.2,160.0,9.4,4.8,40.0,29
2024-06-20T23:00,5.6,3.5,151.0,8.3,4.2,40.0,28
2024-06-21T00:00,9.4,4.0,139.0,6.8,3.7,42.0,27
2024-06-21T01:00,11.7,5.0,124.0,5.0,3.2,45.0,27
2024-06-21T02:00,11.2,4.8,114.0,3.7,2.7,47.0,27
2024-06-21T03:00,7.3,3.6,111.0,3.4,2.2,46.0,27
2024-06-21T04:00,4.9,2.8,111.0,3.7,1.7,44.0,27
2024-06-21T05:00,6.8,3.6,110.0,3.1,1.9,45.0,27
2024-06-21T06:00,8.9,4.5,119.0,3.9,2.4,44.0,27
2024-06-21T07:00,11.2,5.2,131.0,4.8,3.0,42.0,28
2024-06-21T08:00,10.6,4.8,139.0,5.3,3.4,42.0,28
2024-06-21T09:00,12.3,5.5,138.0,4.7,3.4,45.0,29
2024-06-21T10:00,17.1,7.2,132.0,3.5,3.2,50.0,29
2024-06-21T11:00,22.2,8.1,128.0,2.6,3.0,55.0,29
2024-06-21T12:00,32.9,9.8,127.0,2.1,3.0,60.0,30
2024-06-21T13:00,31.5,9.8,127.0,1.9,3.0,64.0,30
2024-06-21T14:00,30.9,10.3,128.0,2.0,3.1,66.0,31
2024-06-21T15:00,30.4,10.4,130.0,2.4,3.3,65.0,32
2024-06-21T16:00,28.0,10.6,132.0,3.1,3.7,62.0,34
2024-06-21T17:00,41.6,14.3,135.0,4.3,4.1,57.0,35
2024-06-21T18:00,35.9,13.9,140.0,5.4,4.5,52.0,36
2024-06-21T19:00,29.2,13.4,147.0,6.9,5.0,45.0,37
2024-06-21T20:00,28.0,12.3,151.0,8.0,5.3,40.0,39
2024-06-21T21:00,23.1,10.8,151.0,8.3,5.2,37.0,40
2024-06-21T22:00,18.6,9.7,147.0,8.0,5.0,35.0,42
2024-06-21T23:00,14.5,7.9,142.0,7.6,4.6,34.0,43
2024-06-22T00:00,10.6,5.9,133.0,6.8,4.1,34.0,45
2024-06-22T01:00,8.7,5.4,122.0,5.8,3.4,34.0,45
2024-06-22T02:00,7.5,4.8,114.0,5.0,2.9,34.0,45
2024-06-22T03:00,6.7,3.8,111.0,4.7,2.6,33.0,45
2024-06-22T04:00,6.1,3.7,111.0,4.6,2.4,32.0,45
2024-06-22T05:00,15.7,9.9,116.0,5.4,2.0,30.0,45
2024-06-22T06:00,18.1,10.6,121.0,5.6,2.5,31.0,47
2024-06-22T07:00,18.6,10.0,128.0,5.9,3.1,34.0,48
2024-06-22T08:00,21.0,9.2,132.0,5.7,3.5,38.0,49
2024-06-22T09:00,27.5,9.6,129.0,4.7,3.4,46.0,50
2024-06-22T10:00,29.5,9.2,123.0,3.2,3.1,57.0,50
2024-06-22T11:00,31.5,8.7,118.0,2.2,2.8,65.0,51
2024-06-22T12:00,38.9,10.2,116.0,1.9,2.4,68.0,51
2024-06-22T13:00,42.1,11.1,115.0,2.0,2.0,69.0,51
2024-06-22T14:00,45.6,11.9,116.0,2.3,1.8,69.0,51
2024-06-22T15:00,50.9,13.0,119.0,2.5,2.0,69.0,51
2024-06-22T16:00,51.8,13.7,123.0,3.0,2.5,67.0,51
2024-06-22T17:00,38.4,10.4,127.0,3.4,3.2,58.0,51
2024-06-22T18:00,42.1,12.0,143.0,5.9,4.3,52.0,51
2024-06-22T19:00,35.5,12.8,165.0,9.2,5.8,44.0,51
2024-06-22T20:00,33.6,13.2,181.0,11.6,7.0,38.0,51
2024-06-22T21:00,30.5,12.8,185.0,12.2,7.6,35.0,51
2024-06-22T22:00,29.3,12.4,183.0,11.8,7.8,33.0,51
2024-06-22T23:00,27.2,12.0,176.0,11.0,7.6,33.0,51
2024-06-23T00:00,26.3,11.9,163.0,9.5,6.7,34.0,52
2024-06-23T01:00,28.6,11.3,146.0,7.6,5.3,36.0,52
2024-06-23T02:00,28.2,10.8,132.0,6.1,4.3,37.0,53
2024-06-23T03:00,25.6,10.2,125.0,5.3,4.0,38.0,53
2024-06-23T04:00,22.5,9.5,121.0,5.0,4.1,38.0,54
2024-06-23T05:00,19.3,7.7,128.0,6.0,5.2,35.0,54
2024-06-23T06:00,21.5,7.8,133.0,5.9,5.3,36.0,54
2024-06-23T07:00,27.2,8.0,140.0,5.6,5.5,38.0,54
2024-06-23T08:00,33.2,9.1,145.0,5.2,5.6,43.0,53
2024-06-23T09:00,46.4,11.1,146.0,4.3,5.6,54.0,53
2024-06-23T10:00,54.5,13.0,145.0,3.2,5.5,69.0,54
2024-06-23T11:00,58.8,14.6,145.0,2.5,5.2,80.0,54
2024-06-23T12:00,66.1,16.8,145.0,2.2,4.4,85.0,54
2024-06-23T13:00,72.6,18.9,145.0,2.3,3.4,86.0,55
2024-06-23T14:00,96.6,26.3,148.0,2.9,3.0,85.0,55
2024-06-23T15:00,83.1,25.3,155.0,4.1,3.7,81.0,57
2024-06-23T16:00,53.2,22.1,165.0,5.8,5.1,75.0,58
2024-06-23T17:00,27.0,10.0,141.0,4.3,3.6,70.0,58
2024-06-23T18:00,21.9,9.5,152.0,6.4,4.7,63.0,58
2024-06-23T19:00,18.6,9.5,167.0,9.2,6.1,52.0,58
2024-06-23T20:00,15.7,8.7,177.0,11.1,7.2,44.0,58
2024-06-23T21:00,13.5,7.8,177.0,11.3,7.4,40.0,57
2024-06-23T22:00,15.2,8.3,171.0,10.6,7.3,38.0,57
2024-06-23T23:00,13.7,8.1,165.0,9.9,7.1,36.0,57
2024-06-24T00:00,13.2,7.9,160.0,9.5,7.0,34.0,56
2024-06-24T01:00,13.3,7.9,156.0,9.0,6.9,33.0,56
2024-06-24T02:00,13.4,8.0,152.0,8.6,6.8,32.0,56
2024-06-24T03:00,13.4,8.1,149.0,8.2,6.8,31.0,56
2024-06-24T04:00,13.7,8.4,147.0,8.0,6.9,30.0,55
2024-06-24T05:00,10.2,6.7,138.0,6.7,5.5,34.0,55
2024-06-24T06:00,11.9,6.7,139.0,6.4,5.1,37.0,55
2024-06-24T07:00,13.0,7.0,140.0,5.9,4.5,41.0,55
2024-06-24T08:00,13.6,7.0,141.0,5.2,4.0,47.0,55
2024-06-24T09:00,14.5,7.7,142.0,4.2,3.9,57.0,55
2024-06-24T10:00,18.7,9.3,142.0,3.1,4.0,69.0,55
2024-06-24T11:00,19.1,9.7,141.0,2.3,3.9,77.0,54
2024-06-24T12:00,18.1,8.8,137.0,1.8,3.3,80.0,54
2024-06-24T13:00,17.7,8.6,131.0,1.6,2.6,80.0,53
2024-06-24T14:00,16.4,7.9,130.0,2.0,2.2,78.0,52
2024-06-24T15:00,16.0,7.8,134.0,3.1,2.5,73.0,51
2024-06-24T16:00,16.1,8.8,143.0,4.7,3.1,65.0,49
2024-06-24T17:00,31.7,14.8,148.0,4.8,3.8,74.0,46
2024-06-24T18:00,26.8,14.3,155.0,6.4,4.4,67.0,47
2024-06-24T19:00,26.0,14.4,165.0,8.6,5.4,56.0,48
2024-06-24T20:00,27.3,14.8,176.0,10.5,6.1,47.0,49
2024-06-24T21:00,27.1,15.2,191.0,12.0,6.6,40.0,50
2024-06-24T22:00,26.1,15.0,206.0,13.2,7.0,35.0,51
2024-06-24T23:00,23.8,14.4,212.0,13.5,7.0,32.0,51
2024-06-25T00:00,20.4,12.0,199.0,12.1,6.2,32.0,52
2024-06-25T01:00,16.5,10.0,178.0,9.9,4.9,34.0,52
2024-06-25T02:00,14.5,9.0,163.0,8.3,4.0,35.0,52
2024-06-25T03:00,13.5,8.9,166.0,8.4,3.7,32.0,52
2024-06-25T04:00,12.6,8.5,176.0,9.1,3.7,27.0,52
2024-06-25T05:00,5.0,3.5,125.0,5.5,2.8,36.0,52
2024-06-25T06:00,3.9,2.6,128.0,5.3,2.8,38.0,52
2024-06-25T07:00,4.0,2.7,131.0,5.0,2.8,40.0,52
2024-06-25T08:00,4.3,2.9,132.0,4.5,2.8,44.0,52
2024-06-25T09:00,5.0,3.2,128.0,3.5,2.7,50.0,51
2024-06-25T10:00,5.2,3.4,121.0,2.3,2.5,58.0,51
2024-06-25T11:00,4.8,3.2,116.0,1.5,2.3,63.0,50
2024-06-25T12:00,4.2,2.8,114.0,1.5,2.1,63.0,50
2024-06-25T13:00,4.7,3.1,114.0,1.9,2.0,60.0,48
2024-06-25T14:00,6.0,4.0,116.0,2.5,2.0,57.0,47
2024-06-25T15:00,6.8,4.7,121.0,3.2,2.2,56.0,46
2024-06-25T16:00,6.7,4.7,127.0,4.0,2.4,56.0,45
2024-06-25T17:00,15.2,9.8,137.0,4.5,2.7,57.0,44
2024-06-25T18:00,12.9,8.8,143.0,5.7,3.1,53.0,43
2024-06-25T19:00,11.3,7.9,152.0,7.4,3.6,48.0,42
2024-06-25T20:00,8.7,6.3,158.0,8.5,3.9,44.0,41
2024-06-25T21:00,7.3,5.3,159.0,8.6,3.9,43.0,39
2024-06-25T22:00,6.4,4.6,158.0,8.0,3.8,44.0,36
2024-06-25T23:00,4.9,3.5,153.0,7.3,3.6,45.0,34
2024-06-26T00:00,3.5,2.5,143.0,6.3,3.2,47.0,31
2024-06-26T01:00,3.0,2.1,130.0,5.0,2.8,49.0,29
2024-06-26T02:00,2.8,2.0,120.0,4.1,2.4,51.0,27
2024-06-26T03:00,2.4,1.7,116.0,3.7,2.1,51.0,26
2024-06-26T04:00,2.9,2.0,116.0,3.7,1.9,50.0,24
2024-06-26T05:00,2.2,1.6,114.0,3.2,1.8,55.0,23
2024-06-26T06:00,2.1,1.5,121.0,3.9,2.0,56.0,23
2024-06-26T07:00,3.0,2.0,131.0,4.8,2.4,57.0,23
2024-06-26T08:00,4.9,3.4,137.0,5.2,2.6,59.0,24
2024-06-26T09:00,5.5,3.9,134.0,4.5,2.6,62.0,25
2024-06-26T10:00,5.2,3.7,128.0,3.3,2.6,65.0,26
2024-06-26T11:00,3.9,2.8,123.0,2.4,2.5,68.0,26
2024-06-26T12:00,3.2,2.3,122.0,2.1,2.4,69.0,27
2024-06-26T13:00,4.3,3.1,122.0,2.2,2.4,70.0,28
2024-06-26T14:00,3.2,2.3,125.0,2.6,2.4,69.0,29
2024-06-26T15:00,2.9,2.1,130.0,3.4,2.5,67.0,30
2024-06-26T16:00,4.2,3.0,137.0,4.6,2.8,63.0,31
2024-06-26T17:00,10.1,5.7,160.0,7.3,2.5,51.0,31
2024-06-26T18:00,6.9,4.3,160.0,7.7,3.0,50.0,30
2024-06-26T19:00,6.2,4.1,161.0,8.3,3.7,48.0,29
2024-06-26T20:00,5.2,3.6,162.0,8.8,4.3,46.0,28
2024-06-26T21:00,4.6,3.2,166.0,9.1,4.8,44.0,27
2024-06-26T22:00,5.0,3.5,170.0,9.4,5.3,43.0,25
2024-06-26T23:00,5.1,3.6,170.0,9.1,5.3,42.0,24
2024-06-27T00:00,5.3,3.6,161.0,8.0,4.5,42.0,22
2024-06-27T01:00,7.2,4.5,148.0,6.4,3.2,43.0,21
2024-06-27T02:00,6.4,3.9,136.0,5.1,2.2,44.0,21
2024-06-27T03:00,5.6,3.1,128.0,4.2,1.9,45.0,20
2024-06-27T04:00,5.1,3.1,121.0,3.6,2.0,47.0,20
2024-06-27T05:00,4.0,2.5,119.0,3.5,2.6,49.0,20
2024-06-27T06:00,5.3,3.1,127.0,4.3,2.9,49.0,21
2024-06-27T07:00,5.3,3.2,138.0,5.3,3.2,50.0,21
2024-06-27T08:00,6.0,3.6,144.0,5.7,3.4,52.0,21
2024-06-27T09:00,6.5,4.0,141.0,4.8,3.2,56.0,22
2024-06-27T10:00,6.3,3.8,132.0,3.3,2.9,60.0,23
2024-06-27T11:00,8.3,4.4,126.0,2.2,2.7,64.0,24
2024-06-27T12:00,7.4,3.9,124.0,1.8,2.7,66.0,25
2024-06-27T13:00,6.8,4.0,123.0,1.8,2.7,66.0,26
2024-06-27T14:00,8.5,5.2,124.0,2.1,2.8,65.0,27
2024-06-27T15:00,7.7,4.7,128.0,3.1,2.8,61.0,28
2024-06-27T16:00,9.4,5.8,134.0,4.4,2.8,55.0,28
2024-06-27T17:00,7.5,4.2,128.0,4.6,2.3,48.0,29
2024-06-27T18:00,5.3,3.4,132.0,5.3,2.8,47.0,28
2024-06-27T19:00,4.6,3.2,138.0,6.2,3.5,45.0,27
2024-06-27T20:00,4.4,3.2,141.0,6.7,3.7,44.0,26
2024-06-27T21:00,3.7,2.7,140.0,6.5,3.0,44.0,25
2024-06-27T22:00,6.0,4.3,137.0,5.8,1.9,44.0,24
2024-06-27T23:00,5.2,3.7,133.0,5.1,1.1,45.0,22
2024-06-28T00:00,3.4,2.4,128.0,4.4,0.9,46.0,22
2024-06-28T01:00,3.2,2.3,121.0,3.7,0.9,48.0,21
2024-06-28T02:00,2.9,2.0,117.0,3.1,0.9,49.0,21
2024-06-28T03:00,3.1,2.2,115.0,2.8,0.7,50.0,21
2024-06-28T04:00,2.7,1.9,115.0,2.6,0.5,50.0,21
2024-06-28T05:00,2.2,1.6,117.0,2.5,0.9,50.0,22
2024-06-28T06:00,2.8,1.9,127.0,3.6,1.3,49.0,22
2024-06-28T07:00,4.5,3.1,139.0,5.0,1.9,47.0,22
2024-06-28T08:00,4.5,3.0,146.0,5.7,2.3,47.0,23
2024-06-28T09:00,4.5,2.8,141.0,4.9,2.3,50.0,23
2024-06-28T10:00,4.6,2.7,129.0,3.3,2.2,55.0,23
2024-06-28T11:00,5.4,2.8,120.0,2.1,2.0,59.0,23
2024-06-28T12:00,7.9,3.8,116.0,1.7,1.9,60.0,24
2024-06-28T13:00,7.1,4.0,115.0,1.7,1.7,59.0,24
2024-06-28T14:00,7.2,3.5,115.0,2.0,1.7,58.0,25
2024-06-28T15:00,11.1,5.6,118.0,2.7,1.9,57.0,25
2024-06-28T16:00,8.8,5.0,123.0,3.8,2.3,54.0,26
2024-06-28T17:00,16.2,7.7,133.0,4.8,3.1,52.0,26
2024-06-28T18:00,11.5,6.0,139.0,5.7,3.4,49.0,26
2024-06-28T19:00,10.6,6.0,146.0,7.0,3.9,46.0,26
2024-06-28T20:00,8.6,5.1,151.0,7.9,4.1,43.0,25
2024-06-28T21:00,5.9,3.8,151.0,8.0,4.0,41.0,24
2024-06-28T22:00,4.7,3.2,148.0,7.7,3.7,41.0,23
2024-06-28T23:00,3.9,2.6,143.0,7.2,3.4,40.0,22
2024-06-29T00:00,2.7,1.9,136.0,6.3,2.9,40.0,21
2024-06-29T01:00,2.5,1.7,127.0,5.1,2.4,40.0,20
2024-06-29T02:00,2.5,1.8,120.0,4.2,2.0,40.0,20
2024-06-29T03:00,2.4,1.6,117.0,3.8,1.7,39.0,19
2024-06-29T04:00,2.4,1.7,116.0,3.7,1.6,38.0,19
2024-06-29T05:00,2.9,2.0,114.0,3.5,1.4,37.0,19
2024-06-29T06:00,3.5,2.2,118.0,3.7,1.8,38.0,19
2024-06-29T07:00,4.7,2.7,124.0,3.9,2.4,39.0,19
2024-06-29T08:00,7.9,3.9,126.0,3.8,2.8,42.0,19
2024-06-29T09:00,11.2,5.4,122.0,3.2,3.0,46.0,19
2024-06-29T10:00,11.9,5.9,116.0,2.4,3.0,52.0,20
2024-06-29T11:00,11.4,5.7,110.0,1.8,2.9,56.0,21
2024-06-29T12:00,10.3,5.3,107.0,1.5,2.7,58.0,21
2024-06-29T13:00,10.3,5.5,105.0,1.5,2.5,58.0,22
2024-06-29T14:00,8.7,4.7,105.0,1.7,2.4,57.0,23
2024-06-29T15:00,8.7,4.9,109.0,2.2,2.5,56.0,24
2024-06-29T16:00,10.6,5.9,115.0,2.9,2.7,54.0,25
2024-06-29T17:00,17.7,8.8,125.0,3.8,3.1,49.0,25
2024-06-29T18:00,17.4,8.8,137.0,5.7,3.8,45.0,26
2024-06-29T19:00,15.2,8.5,154.0,8.2,4.8,38.0,25
2024-06-29T20:00,14.4,8.5,164.0,9.8,5.3,34.0,24
2024-06-29T21:00,12.3,7.1,162.0,9.5,5.1,33.0,25
2024-06-29T22:00,8.4,5.2,153.0,8.3,4.5,33.0,26
2024-06-29T23:00,5.6,3.6,144.0,7.1,3.9,34.0,26
2024-06-30T00:00,3.9,2.6,137.0,6.3,3.5,34.0,26
2024-06-30T01:00,2.8,1.9,129.0,5.4,3.1,34.0,26
2024-06-30T02:00,2.5,1.7,123.0,4.8,2.8,34.0,26
2024-06-30T03:00,2.2,1.5,119.0,4.3,2.6,34.0,26
2024-06-30T04:00,2.5,1.7,116.0,4.0,2.4,34.0,26
2024-06-30T05:00,2.0,1.4,115.0,3.5,2.0,39.0,26
2024-06-30T06:00,3.6,2.5,120.0,3.8,2.2,41.0,26
2024-06-30T07:00,5.2,3.4,126.0,4.1,2.5,44.0,26
2024-06-30T08:00,5.7,3.1,128.0,4.2,2.7,47.0,26
2024-06-30T09:00,6.3,3.4,123.0,3.7,2.5,49.0,26
2024-06-30T10:00,6.1,3.0,114.0,3.0,2.2,51.0,26
2024-06-30T11:00,8.5,3.9,108.0,2.5,2.1,52.0,25
2024-06-30T12:00,7.7,4.0,109.0,2.5,2.4,53.0,25
2024-06-30T13:00,7.7,4.0,112.0,2.9,2.8,55.0,24
2024-06-30T14:00,11.7,6.2,115.0,3.3,3.1,55.0,24
2024-06-30T15:00,8.3,4.5,115.0,3.8,3.1,54.0,24
2024-06-30T16:00,7.7,4.1,114.0,4.4,3.0,52.0,24
2024-06-30T17:00,14.6,6.8,119.0,5.9,3.0,43.0,24
2024-06-30T18:00,11.8,6.0,121.0,6.3,3.2,42.0,24
2024-06-30T19:00,10.4,5.7,124.0,6.7,3.4,41.0,24
2024-06-30T20:00,10.0,5.4,124.0,6.8,3.5,40.0,23
2024-06-30T21:00,10.7,5.8,120.0,6.2,3.2,40.0,22
2024-06-30T22:00,8.0,4.1,114.0,5.3,2.7,41.0,21
2024-06-30T23:00,6.5,3.2,108.0,4.5,2.3,41.0,21
2024-07-01T00:00,7.0,3.7,103.0,4.0,2.0,40.0,21
2024-07-01T01:00,7.1,3.6,98.0,3.6,1.6,38.0,21
2024-07-01T02:00,5.6,2.9,95.0,3.3,1.4,37.0,21
2024-07-01T03:00,3.7,2.0,92.0,3.0,1.2,36.0,22
2024-07-01T04:00,2.6,1.5,90.0,2.8,1.0,36.0,22
2024-07-01T05:00,3.1,1.5,91.0,2.9,2.0,37.0,22
2024-07-01T06:00,1.9,1.1,98.0,3.2,2.1,38.0,22
2024-07-01T07:00,2.6,1.6,107.0,3.6,2.3,39.0,22
2024-07-01T08:00,5.3,2.9,113.0,3.7,2.4,41.0,21
2024-07-01T09:00,6.9,3.8,111.0,3.1,2.2,44.0,21
2024-07-01T10:00,5.3,2.9,104.0,2.2,1.8,48.0,21
2024-07-01T11:00,8.8,3.9,100.0,1.5,1.6,51.0,21
2024-07-01T12:00,9.2,4.4,100.0,1.2,1.6,53.0,21
2024-07-01T13:00,7.3,3.7,102.0,1.2,1.7,54.0,21
2024-07-01T14:00,11.9,5.2,106.0,1.5,1.8,54.0,21
2024-07-01T15:00,13.6,6.2,111.0,2.5,1.8,51.0,22
2024-07-01T16:00,11.2,5.3,118.0,3.9,1.8,46.0,23
2024-07-01T17:00,20.8,8.9,122.0,4.4,2.6,45.0,23
2024-07-01T18:00,13.3,6.7,124.0,5.0,2.5,42.0,23
2024-07-01T19:00,8.0,4.4,127.0,5.8,2.4,39.0,23
2024-07-01T20:00,8.0,4.4,128.0,6.2,2.4,36.0,22
2024-07-01T21:00,7.9,4.4,126.0,6.1,2.6,36.0,22
2024-07-01T22:00,4.6,2.8,123.0,5.6,2.8,37.0,21
2024-07-01T23:00,2.8,1.8,118.0,4.9,2.9,38.0,21
2024-07-02T00:00,3.0,1.9,110.0,3.9,2.6,40.0,21
2024-07-02T01:00,5.4,3.0,102.0,2.8,2.1,42.0,20
2024-07-02T02:00,5.0,2.9,95.0,2.0,1.7,43.0,20
2024-07-02T03:00,2.6,1.5,92.0,1.8,1.6,43.0,20
2024-07-02T04:00,1.6,1.0,91.0,1.8,1.7,43.0,20
2024-07-02T05:00,1.0,0.7,95.0,2.5,1.6,37.0,20
2024-07-02T06:00,4.1,1.8,99.0,2.8,1.8,37.0,20
2024-07-02T07:00,4.6,2.2,104.0,3.2,2.1,37.0,20
2024-07-02T08:00,2.8,1.6,108.0,3.3,2.3,39.0,20
2024-07-02T09:00,4.7,3.0,110.0,2.9,2.4,43.0,20
2024-07-02T10:00,5.9,3.7,110.0,2.4,2.4,49.0,20
2024-07-02T11:00,5.7,3.2,114.0,2.1,2.4,55.0,20
2024-07-02T12:00,8.5,4.5,123.0,2.5,2.6,60.0,20
2024-07-02T13:00,15.1,6.5,135.0,3.2,2.8,65.0,21
2024-07-02T14:00,21.2,11.2,144.0,3.9,3.0,68.0,22
2024-07-02T15:00,20.0,11.6,145.0,4.5,3.2,67.0,24
2024-07-02T16:00,12.4,7.1,142.0,5.1,3.4,64.0,26
2024-07-02T17:00,18.1,7.3,143.0,6.7,3.1,46.0,27
2024-07-02T18:00,8.8,4.4,147.0,7.1,3.3,46.0,27
2024-07-02T19:00,8.7,4.7,154.0,7.6,3.5,46.0,27
2024-07-02T20:00,10.9,5.7,157.0,7.9,3.6,45.0,27
2024-07-02T21:00,7.8,4.3,157.0,7.9,3.6,44.0,26
2024-07-02T22:00,5.7,3.3,153.0,7.7,3.4,42.0,25
2024-07-02T23:00,7.5,4.1,148.0,7.2,3.1,41.0,23
2024-07-03T00:00,8.5,4.0,139.0,6.1,2.4,41.0,23
2024-07-03T01:00,8.1,3.7,127.0,4.7,1.5,41.0,24
2024-07-03T02:00,9.7,5.1,117.0,3.7,0.8,40.0,24
2024-07-03T03:00,10.4,5.7,111.0,3.2,0.6,38.0,25
2024-07-03T04:00,9.5,5.2,107.0,3.1,0.6,37.0,26
2024-07-03T05:00,6.1,3.6,105.0,2.6,0.8,40.0,27
2024-07-03T06:00,6.5,3.2,113.0,3.3,1.4,39.0,27
2024-07-03T07:00,7.9,3.6,124.0,4.2,2.1,38.0,28
2024-07-03T08:00,9.5,4.3,130.0,4.6,2.7,39.0,28
2024-07-03T09:00,12.3,5.3,128.0,4.1,2.9,42.0,28
2024-07-03T10:00,14.4,5.7,122.0,3.2,3.0,47.0,29
2024-07-03T11:00,13.2,5.8,117.0,2.5,2.9,50.0,29
2024-07-03T12:00,15.0,6.7,113.0,2.1,2.6,52.0,30
2024-07-03T13:00,14.5,6.2,109.0,1.8,2.1,52.0,31
2024-07-03T14:00,19.0,7.5,108.0,1.9,1.8,52.0,31
2024-07-03T15:00,19.8,8.6,112.0,2.6,1.9,50.0,30
2024-07-03T16:00,19.0,8.7,118.0,3.7,2.3,47.0,29
2024-07-03T17:00,12.7,6.6,129.0,4.4,3.0,46.0,29
2024-07-03T18:00,8.8,4.9,135.0,5.5,3.2,43.0,29
2024-07-03T19:00,7.0,4.2,142.0,7.0,3.5,39.0,29
2024-07-03T20:00,5.1,3.2,147.0,8.1,3.7,35.0,29
2024-07-03T21:00,4.6,3.0,148.0,8.3,3.8,33.0,29
2024-07-03T22:00,4.0,2.5,146.0,8.0,3.9,32.0,28
2024-07-03T23:00,3.2,2.2,142.0,7.5,3.8,31.0,28
2024-07-04T00:00,3.1,2.1,135.0,6.7,3.5,31.0,28
2024-07-04T01:00,2.8,1.9,125.0,5.6,3.2,31.0,27
2024-07-04T02:00,2.2,1.5,117.0,4.7,2.8,32.0,27
2024-07-04T03:00,2.3,1.3,111.0,4.1,2.5,33.0,26
2024-07-04T04:00,2.5,1.5,106.0,3.6,2.3,34.0,25
2024-07-04T05:00,2.9,1.7,101.0,2.8,2.4,39.0,24
2024-07-04T06:00,6.2,3.0,104.0,3.0,2.4,39.0,24
2024-07-04T07:00,8.0,3.5,108.0,3.3,2.3,38.0,24
2024-07-04T08:00,10.6,4.5,112.0,3.6,2.4,38.0,24
2024-07-04T09:00,10.1,4.9,116.0,3.7,2.7,38.0,24
2024-07-04T10:00,7.9,4.1,119.0,3.8,3.2,39.0,24
2024-07-04T11:00,6.9,3.9,120.0,3.8,3.4,39.0,23
2024-07-04T12:00,5.6,3.0,117.0,3.5,3.2,40.0,23
2024-07-04T13:00,7.1,3.9,112.0,3.2,2.7,41.0,22
2024-07-04T14:00,6.3,3.4,111.0,3.3,2.5,41.0,21
2024-07-04T15:00,7.3,4.0,116.0,4.4,2.7,39.0,20
2024-07-04T16:00,7.9,4.6,125.0,6.0,3.2,37.0,19
2024-07-04T17:00,11.0,5.3,121.0,4.2,2.3,39.0,18
2024-07-04T18:00,7.9,4.1,132.0,6.0,2.9,36.0,18
2024-07-04T19:00,6.3,3.8,148.0,8.3,3.8,32.0,18
2024-07-04T20:00,6.9,4.3,157.0,9.7,4.3,29.0,18
2024-07-04T21:00,6.2,3.8,155.0,9.2,4.2,29.0,18
2024-07-04T22:00,4.6,2.9,147.0,7.8,3.8,31.0,18
2024-07-04T23:00,3.1,2.1,138.0,6.4,3.3,33.0,18
2024-07-05T00:00,2.2,1.5,130.0,5.4,2.8,33.0,18
2024-07-05T01:00,1.8,1.2,122.0,4.6,2.2,33.0,18
2024-07-05T02:00,2.5,1.7,116.0,3.9,1.7,33.0,18
2024-07-05T03:00,2.7,1.9,111.0,3.5,1.5,33.0,18
2024-07-05T04:00,2.4,1.6,109.0,3.3,1.4,33.0,18
2024-07-05T05:00,3.2,2.2,113.0,3.7,0.7,29.0,18
2024-07-05T06:00,3.8,2.4,120.0,4.3,1.2,29.0,18
2024-07-05T07:00,3.9,2.0,130.0,5.2,2.0,28.0,18
2024-07-05T08:00,5.4,2.9,134.0,5.5,2.5,29.0,18
2024-07-05T09:00,7.1,3.0,125.0,4.7,2.6,32.0,17
2024-07-05T10:00,8.5,3.4,111.0,3.3,2.5,37.0,17
2024-07-05T11:00,6.7,2.8,101.0,2.5,2.5,41.0,17
2024-07-05T12:00,7.0,3.0,102.0,2.7,2.7,43.0,17
2024-07-05T13:00,8.4,3.9,108.0,3.4,3.1,45.0,17
2024-07-05T14:00,10.8,5.1,113.0,4.2,3.3,45.0,17
2024-07-05T15:00,8.1,4.3,115.0,4.8,3.3,44.0,17
2024-07-05T16:00,10.3,5.0,117.0,5.3,3.2,43.0,18
2024-07-05T17:00,15.1,7.0,111.0,4.7,2.6,42.0,19
2024-07-05T18:00,10.9,5.7,121.0,6.2,3.1,39.0,20
2024-07-05T19:00,8.6,5.3,135.0,8.2,3.7,36.0,20
2024-07-05T20:00,6.9,4.3,143.0,9.5,4.1,33.0,20
2024-07-05T21:00,5.7,3.5,142.0,9.3,4.1,33.0,19
2024-07-05T22:00,4.3,2.9,135.0,8.3,3.9,34.0,18
2024-07-05T23:00,3.1,2.1,127.0,7.2,3.6,35.0,18
2024-07-06T00:00,2.3,1.6,118.0,6.1,3.3,36.0,18
2024-07-06T01:00,1.7,1.2,109.0,4.8,3.0,38.0,18
2024-07-06T02:00,1.3,0.9,101.0,3.9,2.6,39.0,18
2024-07-06T03:00,3.3,2.3,97.0,3.4,2.1,39.0,18
2024-07-06T04:00,3.1,2.1,95.0,3.3,1.6,38.0,18
2024-07-06T05:00,1.7,1.2,98.0,2.9,1.4,42.0,18
2024-07-06T06:00,3.2,1.8,107.0,4.0,1.5,42.0,18
2024-07-06T07:00,6.4,2.7,118.0,5.6,1.6,41.0,18
2024-07-06T08:00,9.1,4.4,125.0,6.4,1.8,42.0,18
2024-07-06T09:00,9.7,4.7,123.0,5.9,2.4,44.0,19
2024-07-06T10:00,11.1,5.5,117.0,4.8,3.1,47.0,19
2024-07-06T11:00,16.5,7.7,111.0,3.7,3.5,51.0,19
2024-07-06T12:00,12.2,5.9,107.0,2.8,3.1,56.0,20
2024-07-06T13:00,10.4,4.5,103.0,2.0,2.4,61.0,21
2024-07-06T14:00,17.3,6.4,102.0,1.8,2.0,63.0,22
2024-07-06T15:00,15.5,7.0,107.0,2.6,2.2,61.0,23
2024-07-06T16:00,17.3,7.9,115.0,4.0,2.8,56.0,25
2024-07-06T17:00,14.0,7.5,121.0,5.3,3.3,50.0,25
2024-07-06T18:00,14.3,7.2,126.0,6.2,3.7,48.0,26
2024-07-06T19:00,13.8,7.5,134.0,7.6,4.2,44.0,26
2024-07-06T20:00,11.6,6.8,140.0,8.5,4.6,41.0,25
2024-07-06T21:00,7.9,5.1,144.0,8.9,4.8,39.0,25
2024-07-06T22:00,5.3,3.7,146.0,8.9,4.8,37.0,25
2024-07-06T23:00,3.8,2.6,145.0,8.5,4.7,36.0,25
2024-07-07T00:00,3.0,2.1,138.0,7.6,4.4,36.0,25
2024-07-07T01:00,2.6,1.7,129.0,6.3,4.1,38.0,25
2024-07-07T02:00,1.9,1.3,121.0,5.3,3.6,39.0,25
2024-07-07T03:00,1.5,1.0,117.0,4.7,3.0,40.0,25
2024-07-07T04:00,2.0,1.4,115.0,4.4,2.3,41.0,25
2024-07-07T05:00,2.6,1.9,113.0,3.6,2.1,42.0,25
2024-07-07T06:00,3.0,1.6,121.0,4.6,2.5,41.0,25
2024-07-07T07:00,3.6,2.4,131.0,5.9,3.1,40.0,25
2024-07-07T08:00,4.8,3.0,139.0,6.8,3.6,39.0,25
2024-07-07T09:00,5.5,3.3,142.0,6.8,4.0,39.0,25
2024-07-07T10:00,7.1,4.5,142.0,6.3,4.2,40.0,24
2024-07-07T11:00,11.3,5.9,140.0,5.8,4.3,41.0,24
2024-07-07T12:00,14.5,6.8,136.0,5.3,4.0,43.0,24
2024-07-07T13:00,18.5,9.0,129.0,4.8,3.5,45.0,24
2024-07-07T14:00,21.4,10.4,127.0,4.9,3.2,46.0,25
2024-07-07T15:00,16.8,8.9,131.0,6.0,3.2,43.0,26
2024-07-07T16:00,13.1,7.6,139.0,7.6,3.4,39.0,26
2024-07-07T17:00,4.5,2.9,158.0,10.2,5.8,38.0,26
2024-07-07T18:00,6.6,3.8,169.0,11.8,6.1,36.0,25
2024-07-07T19:00,5.7,3.8,185.0,14.0,6.6,33.0,24
2024-07-07T20:00,5.2,3.6,197.0,15.5,6.9,30.0,23
2024-07-07T21:00,5.6,3.9,203.0,15.7,7.2,28.0,23
2024-07-07T22:00,5.9,4.1,205.0,15.0,7.3,27.0,22
2024-07-07T23:00,5.2,3.6,200.0,13.9,7.2,26.0,23
2024-07-08T00:00,4.3,3.0,184.0,12.0,6.6,27.0,23
2024-07-08T01:00,4.1,2.9,161.0,9.5,5.7,29.0,23
2024-07-08T02:00,4.0,2.8,143.0,7.6,4.8,31.0,23
2024-07-08T03:00,5.7,4.0,134.0,6.6,3.8,31.0,24
2024-07-08T04:00,7.4,5.1,130.0,6.2,2.8,30.0,24
2024-07-08T05:00,3.0,1.5,116.0,4.9,4.1,35.0,25
2024-07-08T06:00,2.6,1.6,132.0,6.7,4.5,33.0,25
2024-07-08T07:00,3.6,2.4,155.0,9.0,5.0,30.0,25
2024-07-08T08:00,4.9,3.4,169.0,10.3,5.5,30.0,25
2024-07-08T09:00,4.7,2.9,168.0,9.5,5.9,36.0,25
2024-07-08T10:00,5.1,3.2,159.0,7.5,6.2,44.0,25
2024-07-08T11:00,6.4,4.0,149.0,5.8,6.1,51.0,25
2024-07-08T12:00,6.7,4.1,137.0,4.5,5.4,56.0,24
2024-07-08T13:00,10.0,4.5,124.0,3.4,4.3,59.0,24
2024-07-08T14:00,15.0,5.5,121.0,3.4,3.7,59.0,23
2024-07-08T15:00,16.6,7.4,135.0,5.3,4.0,54.0,22
2024-07-08T16:00,16.3,8.2,158.0,8.4,4.8,47.0,23
2024-07-08T17:00,12.2,7.1,160.0,8.5,5.8,50.0,24
2024-07-08T18:00,10.8,7.0,181.0,11.6,6.6,42.0,24
2024-07-08T19:00,9.5,6.6,210.0,15.9,7.7,32.0,24
2024-07-08T20:00,8.3,5.8,227.0,18.3,8.4,25.0,24
2024-07-08T21:00,6.2,4.3,221.0,17.2,8.2,25.0,24
2024-07-08T22:00,5.0,3.6,203.0,14.3,7.5,29.0,24
2024-07-08T23:00,4.1,2.9,186.0,11.8,6.9,32.0,24
2024-07-09T00:00,3.2,2.2,175.0,10.6,6.6,31.0,24
2024-07-09T01:00,3.0,2.1,166.0,9.8,6.5,29.0,24
2024-07-09T02:00,2.2,1.5,158.0,9.1,6.3,28.0,24
2024-07-09T03:00,1.7,1.2,149.0,8.2,6.0,28.0,23
2024-07-09T04:00,1.6,1.1,141.0,7.4,5.7,28.0,23
2024-07-09T05:00,4.2,3.0,115.0,4.6,3.9,35.0,22
2024-07-09T06:00,5.6,3.7,123.0,5.3,3.8,34.0,22
2024-07-09T07:00,9.5,5.5,134.0,6.2,3.7,33.0,23
2024-07-09T08:00,14.2,6.7,141.0,6.5,3.7,35.0,23
2024-07-09T09:00,16.1,7.0,138.0,5.5,3.9,42.0,24
2024-07-09T10:00,19.5,7.4,131.0,3.8,4.2,52.0,25
2024-07-09T11:00,25.3,8.1,125.0,2.5,4.3,60.0,26
2024-07-09T12:00,34.3,9.3,124.0,2.0,4.0,65.0,27
2024-07-09T13:00,29.1,9.2,124.0,1.8,3.6,69.0,28
2024-07-09T14:00,26.8,9.3,127.0,2.2,3.4,70.0,29
2024-07-09T15:00,23.4,9.1,132.0,3.1,3.8,68.0,30
2024-07-09T16:00,18.8,8.7,139.0,4.5,4.5,63.0,31
2024-07-09T17:00,11.4,5.5,121.0,3.7,2.8,53.0,31
2024-07-09T18:00,11.2,6.0,129.0,5.0,3.3,49.0,30
2024-07-09T19:00,17.9,9.2,139.0,6.8,3.9,45.0,30
2024-07-09T20:00,10.7,6.4,146.0,8.0,4.4,41.0,31
2024-07-09T21:00,8.7,5.5,148.0,8.1,4.7,40.0,31
2024-07-09T22:00,7.6,4.8,146.0,7.7,4.9,40.0,31
2024-07-09T23:00,5.8,3.7,143.0,7.2,4.9,40.0,31
2024-07-10T00:00,4.7,3.1,138.0,6.7,4.7,40.0,32
2024-07-10T01:00,3.9,2.6,132.0,6.0,4.3,40.0,32
2024-07-10T02:00,3.5,2.3,126.0,5.4,4.0,40.0,32
2024-07-10T03:00,3.6,2.3,120.0,4.7,3.7,41.0,32
2024-07-10T04:00,4.4,2.5,115.0,4.0,3.4,43.0,32
2024-07-10T05:00,12.2,6.0,118.0,4.4,3.6,41.0,33
2024-07-10T06:00,10.5,5.4,126.0,4.8,3.8,41.0,33
2024-07-10T07:00,10.7,5.1,137.0,5.3,4.1,42.0,34
2024-07-10T08:00,9.9,4.7,143.0,5.3,4.3,45.0,34
2024-07-10T09:00,10.5,4.7,140.0,4.4,4.2,52.0,33
2024-07-10T10:00,11.4,5.1,133.0,3.1,4.0,60.0,33
2024-07-10T11:00,13.0,5.5,127.0,2.1,3.7,66.0,32
2024-07-10T12:00,16.2,5.8,123.0,1.7,3.2,68.0,31
2024-07-10T13:00,22.1,7.1,120.0,1.6,2.7,67.0,31
2024-07-10T14:00,27.8,7.8,119.0,1.9,2.4,65.0,30
2024-07-10T15:00,27.2,8.2,122.0,2.5,2.7,63.0,30
2024-07-10T16:00,20.0,7.8,128.0,3.5,3.3,61.0,30
2024-07-10T17:00,24.6,10.7,142.0,5.0,4.2,58.0,29
2024-07-10T18:00,22.0,10.4,151.0,6.8,4.6,52.0,31
2024-07-10T19:00,18.4,9.8,164.0,9.2,5.2,43.0,32
2024-07-10T20:00,17.3,9.5,174.0,11.0,5.8,36.0,32
2024-07-10T21:00,16.4,9.2,181.0,11.8,6.4,33.0,33
2024-07-10T22:00,16.4,9.7,186.0,12.0,6.9,31.0,33
2024-07-10T23:00,16.6,9.6,184.0,11.5,6.9,31.0,34
2024-07-11T00:00,15.5,9.3,171.0,10.0,6.0,32.0,36
2024-07-11T01:00,12.0,7.3,152.0,7.9,4.6,34.0,37
2024-07-11T02:00,7.8,5.0,137.0,6.2,3.6,36.0,38
2024-07-11T03:00,4.5,3.0,129.0,5.4,3.4,37.0,39
2024-07-11T04:00,3.6,2.5,124.0,4.9,3.6,37.0,39
2024-07-11T05:00,3.1,2.0,134.0,5.5,4.0,32.0,39
2024-07-11T06:00,2.1,1.4,134.0,5.3,4.0,34.0,38
2024-07-11T07:00,2.9,1.7,135.0,5.0,3.9,37.0,37
2024-07-11T08:00,5.6,2.9,134.0,4.5,3.9,42.0,37
2024-07-11T09:00,12.5,5.4,132.0,3.6,3.9,49.0,36
2024-07-11T10:00,20.3,8.0,129.0,2.6,3.9,57.0,36
2024-07-11T11:00,28.9,10.5,126.0,1.8,3.9,63.0,37
2024-07-11T12:00,31.1,11.6,123.0,1.5,3.7,66.0,38
2024-07-11T13:00,27.5,10.9,121.0,1.5,3.5,67.0,39
2024-07-11T14:00,23.7,9.8,121.0,1.9,3.4,65.0,40
2024-07-11T15:00,16.0,8.1,125.0,2.9,3.5,60.0,41
2024-07-11T16:00,11.8,6.6,132.0,4.3,3.7,52.0,41
2024-07-11T17:00,7.0,4.3,147.0,8.3,4.3,34.0,40
2024-07-11T18:00,4.0,2.6,147.0,8.3,4.3,34.0,39
2024-07-11T19:00,3.5,2.4,146.0,8.3,4.3,35.0,37
2024-07-11T20:00,3.8,2.5,144.0,8.2,4.3,35.0,35
2024-07-11T21:00,3.7,2.5,141.0,7.9,4.2,34.0,34
2024-07-11T22:00,5.4,3.4,138.0,7.4,4.1,34.0,32
2024-07-11T23:00,8.3,4.7,133.0,6.9,4.0,33.0,31
2024-07-12T00:00,8.0,4.5,127.0,6.1,3.8,33.0,30
2024-07-12T01:00,5.8,3.3,119.0,5.3,3.6,33.0,29
2024-07-12T02:00,4.7,2.8,114.0,4.7,3.5,33.0,28
2024-07-12T03:00,4.4,2.6,112.0,4.5,3.5,32.0,27
2024-07-12T04:00,4.3,2.5,112.0,4.6,3.6,30.0,27
2024-07-12T05:00,8.6,4.1,106.0,3.8,3.1,33.0,27
2024-07-12T06:00,5.8,2.9,113.0,4.3,3.4,33.0,28
2024-07-12T07:00,4.1,2.2,122.0,4.9,3.7,32.0,28
2024-07-12T08:00,4.3,2.2,128.0,5.1,3.9,33.0,28
2024-07-12T09:00,4.7,2.6,126.0,4.5,3.6,36.0,28
2024-07-12T10:00,5.3,2.8,119.0,3.4,3.1,39.0,27
2024-07-12T11:00,6.1,2.8,116.0,2.7,2.8,42.0,26
2024-07-12T12:00,7.9,3.9,118.0,2.5,2.9,44.0,24
2024-07-12T13:00,6.9,4.0,122.0,2.7,3.2,46.0,22
2024-07-12T14:00,4.8,3.0,128.0,3.3,3.5,46.0,21
2024-07-12T15:00,5.9,3.8,137.0,4.7,3.8,44.0,19
2024-07-12T16:00,6.5,4.3,147.0,6.5,4.2,40.0,19
2024-07-12T17:00,2.7,1.9,144.0,6.8,4.0,38.0,20
2024-07-12T18:00,3.7,2.5,145.0,7.4,4.2,37.0,20
2024-07-12T19:00,4.0,2.9,147.0,8.1,4.4,35.0,20
2024-07-12T20:00,3.5,2.5,147.0,8.5,4.5,34.0,19
2024-07-12T21:00,2.9,2.0,146.0,8.3,4.5,34.0,19
2024-07-12T22:00,3.0,2.0,144.0,7.7,4.4,34.0,18
2024-07-12T23:00,2.5,1.7,139.0,6.8,4.1,35.0,17
2024-07-13T00:00,2.0,1.4,130.0,5.5,3.6,37.0,17
2024-07-13T01:00,1.6,1.0,119.0,4.0,3.0,39.0,16
2024-07-13T02:00,1.4,0.9,111.0,2.9,2.5,40.0,17
2024-07-13T03:00,1.3,0.9,108.0,2.5,2.4,40.0,17
2024-07-13T04:00,1.0,0.7,109.0,2.5,2.5,40.0,17
2024-07-13T05:00,1.4,1.0,115.0,2.9,2.5,38.0,17
2024-07-13T06:00,1.5,1.1,124.0,3.6,2.7,37.0,18
2024-07-13T07:00,3.0,1.9,136.0,4.5,3.1,36.0,18
2024-07-13T08:00,4.5,2.6,143.0,5.0,3.3,37.0,18
2024-07-13T09:00,4.9,2.9,140.0,4.5,3.4,41.0,18
2024-07-13T10:00,3.6,2.3,132.0,3.5,3.4,46.0,18
2024-07-13T11:00,3.7,2.5,126.0,2.8,3.4,49.0,18
2024-07-13T12:00,2.4,1.7,123.0,2.7,3.2,50.0,19
2024-07-13T13:00,3.3,2.1,122.0,3.0,3.0,49.0,19
2024-07-13T14:00,7.9,5.0,122.0,3.4,2.8,47.0,20
2024-07-13T15:00,7.0,4.8,125.0,4.1,2.7,45.0,21
2024-07-13T16:00,5.2,3.5,129.0,5.1,2.7,41.0,21
2024-07-13T17:00,2.3,1.7,131.0,4.9,2.8,42.0,21
2024-07-13T18:00,2.1,1.5,135.0,5.8,3.0,40.0,21
2024-07-13T19:00,2.5,1.7,140.0,7.0,3.3,37.0,21
2024-07-13T20:00,2.9,2.0,142.0,7.7,3.6,35.0,20
2024-07-13T21:00,2.5,1.8,140.0,7.5,3.8,35.0,19
2024-07-13T22:00,2.6,1.8,136.0,6.7,3.9,36.0,19
2024-07-13T23:00,2.8,2.0,131.0,6.0,3.9,37.0,18
2024-07-14T00:00,2.8,1.9,126.0,5.4,3.8,37.0,18
2024-07-14T01:00,1.6,1.1,119.0,4.8,3.6,36.0,17
2024-07-14T02:00,1.1,0.8,115.0,4.4,3.5,36.0,17
2024-07-14T03:00,1.0,0.7,112.0,4.1,3.5,36.0,17
2024-07-14T04:00,0.9,0.6,111.0,3.9,3.5,35.0,17
2024-07-14T05:00,1.3,0.9,116.0,4.7,4.2,33.0,17
2024-07-14T06:00,1.3,0.9,127.0,5.7,4.5,33.0,17
2024-07-14T07:00,2.3,1.6,142.0,7.1,5.0,33.0,16
2024-07-14T08:00,3.0,2.0,152.0,7.9,5.3,34.0,16
2024-07-14T09:00,3.1,2.0,151.0,7.5,5.2,37.0,16
2024-07-14T10:00,4.9,2.7,144.0,6.5,5.0,40.0,16
2024-07-14T11:00,4.5,2.8,140.0,5.8,4.8,43.0,16
2024-07-14T12:00,4.2,2.7,142.0,5.7,4.8,45.0,17
2024-07-14T13:00,4.4,2.9,145.0,5.8,4.9,47.0,17
2024-07-14T14:00,4.6,3.2,149.0,6.2,5.0,47.0,18
2024-07-14T15:00,6.3,3.8,150.0,6.9,4.9,45.0,19
2024-07-14T16:00,5.4,3.5,151.0,8.0,4.8,41.0,20
2024-07-14T17:00,3.1,2.2,153.0,8.2,5.4,43.0,20
2024-07-14T18:00,4.0,2.8,164.0,9.7,5.9,41.0,20
2024-07-14T19:00,5.1,3.5,179.0,11.7,6.7,38.0,20
2024-07-14T20:00,5.3,3.6,190.0,13.1,7.2,35.0,20
2024-07-14T21:00,5.4,3.6,196.0,13.4,7.3,34.0,20
2024-07-14T22:00,4.9,3.2,199.0,13.0,7.2,33.0,19
2024-07-14T23:00,5.3,3.1,196.0,12.2,6.9,33.0,18
2024-07-15T00:00,3.1,2.1,183.0,10.7,6.3,33.0,17
2024-07-15T01:00,2.0,1.4,165.0,8.6,5.6,34.0,17
2024-07-15T02:00,1.8,1.3,149.0,6.9,5.0,35.0,16
2024-07-15T03:00,2.1,1.4,137.0,5.7,4.6,36.0,16
2024-07-15T04:00,3.2,2.1,127.0,4.8,4.3,38.0,16
2024-07-15T05:00,5.5,3.1,130.0,5.2,4.8,36.0,16
2024-07-15T06:00,8.5,4.3,134.0,5.4,4.8,37.0,16
2024-07-15T07:00,13.6,5.9,139.0,5.7,4.7,39.0,16
2024-07-15T08:00,18.2,7.2,143.0,5.8,4.7,41.0,17
2024-07-15T09:00,21.0,8.0,144.0,5.7,4.8,43.0,17
2024-07-15T10:00,19.8,7.3,143.0,5.4,5.0,46.0,19
2024-07-15T11:00,20.5,8.0,142.0,5.3,5.2,48.0,20
2024-07-15T12:00,17.3,8.0,142.0,5.3,5.5,50.0,21
2024-07-15T13:00,18.2,7.8,143.0,5.4,5.9,52.0,22
2024-07-15T14:00,17.4,7.8,144.0,5.7,6.0,53.0,23
2024-07-15T15:00,15.7,6.8,144.0,6.1,5.5,52.0,24
2024-07-15T16:00,17.1,7.1,144.0,6.7,4.7,49.0,25
2024-07-15T17:00,13.8,6.3,140.0,6.4,3.4,47.0,26
2024-07-15T18:00,14.2,7.3,160.0,9.2,4.8,42.0,27
2024-07-15T19:00,14.9,8.4,187.0,12.9,6.7,36.0,28
2024-07-15T20:00,15.4,9.1,206.0,15.4,8.1,31.0,29
2024-07-15T21:00,14.1,8.6,210.0,15.6,8.6,29.0,30
2024-07-15T22:00,12.3,7.8,206.0,14.5,8.6,29.0,31
2024-07-15T23:00,10.4,6.8,197.0,13.1,8.2,30.0,32
2024-07-16T00:00,8.0,5.3,182.0,11.3,7.4,31.0,33
2024-07-16T01:00,6.3,4.2,161.0,9.1,6.2,32.0,34
2024-07-16T02:00,5.5,3.7,144.0,7.3,5.3,34.0,35
2024-07-16T03:00,4.3,2.8,132.0,6.2,5.0,36.0,35
2024-07-16T04:00,3.5,2.3,124.0,5.4,5.1,37.0,36
2024-07-16T05:00,3.4,2.3,133.0,6.6,6.7,33.0,36
2024-07-16T06:00,3.0,2.0,142.0,7.3,7.0,33.0,35
2024-07-16T07:00,3.7,2.6,154.0,8.3,7.3,34.0,35
2024-07-16T08:00,4.5,3.1,160.0,8.6,7.4,37.0,34
2024-07-16T09:00,5.4,3.7,155.0,7.7,7.1,43.0,33
2024-07-16T10:00,6.4,4.3,145.0,6.1,6.5,51.0,32
2024-07-16T11:00,7.7,5.0,135.0,4.6,5.8,58.0,32
2024-07-16T12:00,7.4,5.0,127.0,3.3,5.0,64.0,31
2024-07-16T13:00,6.8,4.7,120.0,2.1,4.1,69.0,30
2024-07-16T14:00,4.8,3.5,117.0,1.8,3.5,70.0,29
2024-07-16T15:00,4.8,3.5,121.0,3.1,3.5,63.0,28
2024-07-16T16:00,4.2,3.1,130.0,5.4,3.9,52.0,28
2024-07-16T17:00,6.0,4.3,139.0,5.8,4.6,48.0,27
2024-07-16T18:00,4.7,3.4,140.0,6.4,4.7,46.0,28
2024-07-16T19:00,6.1,4.2,141.0,7.3,4.8,43.0,27
2024-07-16T20:00,8.6,5.4,142.0,8.0,4.8,41.0,26
2024-07-16T21:00,9.5,5.8,144.0,8.4,4.8,39.0,25
2024-07-16T22:00,9.3,5.9,146.0,8.5,4.7,38.0,23
2024-07-16T23:00,8.5,5.2,144.0,8.2,4.6,37.0,22
2024-07-17T00:00,5.8,3.4,136.0,7.2,4.2,38.0,22
2024-07-17T01:00,3.5,2.1,124.0,5.8,3.8,39.0,22
2024-07-17T02:00,2.3,1.5,115.0,4.7,3.5,40.0,21
2024-07-17T03:00,1.7,1.1,111.0,4.2,3.5,40.0,21
2024-07-17T04:00,1.3,0.9,110.0,4.0,3.6,40.0,20
2024-07-17T05:00,1.4,0.9,104.0,3.4,3.1,42.0,20
2024-07-17T06:00,1.8,1.1,113.0,4.3,3.4,42.0,20
2024-07-17T07:00,2.5,1.6,125.0,5.5,3.8,41.0,19
2024-07-17T08:00,2.6,1.7,133.0,6.1,4.1,42.0,19
2024-07-17T09:00,2.2,1.5,134.0,5.7,4.2,46.0,19
2024-07-17T10:00,2.8,1.8,131.0,4.7,4.1,51.0,19
2024-07-17T11:00,2.9,1.9,128.0,3.9,4.0,55.0,20
2024-07-17T12:00,2.3,1.5,124.0,3.4,3.7,56.0,21
2024-07-17T13:00,3.3,2.3,118.0,3.0,3.3,56.0,22
2024-07-17T14:00,2.0,1.4,117.0,3.2,3.1,54.0,23
2024-07-17T15:00,2.3,1.6,123.0,4.4,3.1,50.0,23
2024-07-17T16:00,2.6,1.9,133.0,6.1,3.3,44.0,24
2024-07-17T17:00,11.8,7.1,168.0,11.5,4.9,35.0,24
2024-07-17T18:00,9.7,6.2,166.0,11.3,5.1,34.0,23
2024-07-17T19:00,7.7,5.2,163.0,11.0,5.4,34.0,22
2024-07-17T20:00,6.6,4.5,161.0,10.6,5.5,33.0,21
2024-07-17T21:00,5.8,4.1,160.0,10.3,5.4,32.0,20
2024-07-17T22:00,4.3,2.9,160.0,9.8,5.3,32.0,18
2024-07-17T23:00,3.6,2.5,157.0,9.2,5.0,32.0,17
2024-07-18T00:00,2.2,1.6,149.0,8.1,4.6,33.0,16
2024-07-18T01:00,1.7,1.2,137.0,6.8,4.2,36.0,15
2024-07-18T02:00,1.7,1.1,128.0,5.6,3.8,38.0,15
2024-07-18T03:00,1.1,0.7,121.0,4.7,3.6,40.0,16
2024-07-18T04:00,0.9,0.6,115.0,3.9,3.4,42.0,16
2024-07-18T05:00,2.0,1.4,124.0,4.6,1.9,36.0,17
2024-07-18T06:00,2.9,2.0,126.0,4.9,2.1,38.0,17
2024-07-18T07:00,4.0,2.8,130.0,5.3,2.4,40.0,17
2024-07-18T08:00,3.3,2.3,132.0,5.5,2.7,43.0,18
2024-07-18T09:00,2.3,1.6,132.0,5.3,3.2,46.0,18
2024-07-18T10:00,2.9,2.0,131.0,4.8,3.8,49.0,19
2024-07-18T11:00,3.4,2.3,130.0,4.4,4.1,51.0,19
2024-07-18T12:00,3.2,2.2,129.0,4.0,4.0,53.0,20
2024-07-18T13:00,5.0,3.2,128.0,3.6,3.6,55.0,21
2024-07-18T14:00,6.2,4.0,127.0,3.6,3.3,55.0,22
2024-07-18T15:00,6.4,3.6,127.0,4.1,3.2,54.0,23
2024-07-18T16:00,4.5,3.1,128.0,4.9,3.2,51.0,24
2024-07-18T17:00,5.6,3.6,135.0,6.4,3.8,50.0,24
2024-07-18T18:00,3.5,2.4,138.0,7.0,3.9,48.0,24
2024-07-18T19:00,2.8,1.9,142.0,7.8,4.0,45.0,24
2024-07-18T20:00,2.9,2.0,143.0,8.1,4.0,44.0,24
2024-07-18T21:00,2.6,1.8,138.0,7.4,3.9,45.0,23
2024-07-18T22:00,2.4,1.7,131.0,6.3,3.6,47.0,23
2024-07-18T23:00,2.0,1.3,123.0,5.2,3.4,49.0,22
2024-07-19T00:00,1.4,1.0,115.0,4.3,3.1,49.0,22
2024-07-19T01:00,1.0,0.7,107.0,3.5,2.9,49.0,22
2024-07-19T02:00,1.3,0.8,101.0,3.0,2.7,48.0,22
2024-07-19T03:00,1.4,0.8,98.0,2.8,2.7,47.0,22
2024-07-19T04:00,1.2,0.8,97.0,2.8,2.7,45.0,22
2024-07-19T05:00,4.4,2.6,98.0,2.7,2.4,47.0,22
2024-07-19T06:00,2.8,1.7,109.0,4.0,2.8,44.0,22
2024-07-19T07:00,2.0,1.4,125.0,5.7,3.3,41.0,22
2024-07-19T08:00,2.4,1.7,135.0,6.8,3.7,39.0,21
2024-07-19T09:00,2.5,1.7,135.0,6.5,3.8,41.0,21
2024-07-19T10:00,2.3,1.6,130.0,5.4,3.8,46.0,20
2024-07-19T11:00,2.4,1.6,126.0,4.6,3.8,50.0,20
2024-07-19T12:00,3.7,2.6,126.0,4.2,3.7,53.0,20
2024-07-19T13:00,2.5,1.8,128.0,4.1,3.6,57.0,21
2024-07-19T14:00,3.1,2.2,130.0,4.2,3.4,58.0,22
2024-07-19T15:00,2.9,2.1,132.0,4.7,3.2,56.0,22
2024-07-19T16:00,2.4,1.7,134.0,5.5,2.9,53.0,23
2024-07-19T17:00,2.6,1.8,146.0,7.7,3.5,45.0,24
2024-07-19T18:00,3.0,2.1,156.0,8.7,3.8,43.0,24
2024-07-19T19:00,2.9,2.0,169.0,10.1,4.2,41.0,24
2024-07-19T20:00,2.5,1.8,177.0,10.8,4.5,39.0,24
2024-07-19T21:00,2.4,1.7,176.0,10.4,4.5,38.0,23
2024-07-19T22:00,2.4,1.7,170.0,9.4,4.4,38.0,22
2024-07-19T23:00,2.1,1.4,161.0,8.1,4.1,39.0,20
2024-07-20T00:00,1.5,1.0,147.0,6.6,3.6,41.0,19
2024-07-20T01:00,1.4,1.0,130.0,4.8,3.1,43.0,19
2024-07-20T02:00,1.0,0.7,117.0,3.5,2.6,45.0,19
2024-07-20T03:00,0.9,0.6,110.0,2.8,2.3,46.0,19
2024-07-20T04:00,1.2,0.8,108.0,2.5,2.2,46.0,19
2024-07-20T05:00,1.1,0.7,120.0,4.0,3.1,40.0,19
2024-07-20T06:00,1.0,0.7,125.0,4.5,3.1,41.0,20
2024-07-20T07:00,1.6,1.1,132.0,5.2,3.2,42.0,20
2024-07-20T08:00,1.8,1.2,136.0,5.5,3.3,44.0,20
2024-07-20T09:00,1.7,1.2,134.0,5.1,3.4,46.0,20
2024-07-20T10:00,2.4,1.8,130.0,4.4,3.5,49.0,20
2024-07-20T11:00,2.1,1.5,126.0,3.8,3.6,51.0,21
2024-07-20T12:00,2.1,1.5,125.0,3.5,3.6,52.0,21
2024-07-20T13:00,3.4,2.5,125.0,3.4,3.5,53.0,21
2024-07-20T14:00,2.9,2.1,126.0,3.5,3.3,52.0,22
2024-07-20T15:00,3.4,2.4,127.0,4.0,3.0,50.0,23
2024-07-20T16:00,1.9,1.4,129.0,4.7,2.8,47.0,23
2024-07-20T17:00,4.5,3.3,146.0,7.5,3.7,40.0,23
2024-07-20T18:00,5.8,4.0,146.0,7.4,3.8,40.0,23
2024-07-20T19:00,7.0,4.8,146.0,7.3,4.0,41.0,22
2024-07-20T20:00,6.2,4.3,146.0,7.2,4.1,41.0,22
2024-07-20T21:00,4.9,3.5,147.0,7.4,4.2,40.0,21
2024-07-20T22:00,3.2,2.3,147.0,7.6,4.3,39.0,20
2024-07-20T23:00,2.4,1.7,145.0,7.4,4.2,38.0,20
2024-07-21T00:00,1.7,1.2,138.0,6.4,3.9,39.0,19
2024-07-21T01:00,1.4,1.0,128.0,5.1,3.5,40.0,18
2024-07-21T02:00,1.0,0.7,121.0,4.0,3.1,42.0,18
2024-07-21T03:00,0.8,0.6,118.0,3.4,2.8,43.0,19
2024-07-21T04:00,0.8,0.5,117.0,3.0,2.6,44.0,19
2024-07-21T05:00,0.8,0.5,125.0,3.5,3.0,42.0,19
2024-07-21T06:00,1.7,1.2,133.0,4.2,3.1,42.0,19
2024-07-21T07:00,2.2,1.5,144.0,5.2,3.3,43.0,19
2024-07-21T08:00,3.9,2.6,151.0,5.8,3.5,44.0,19
2024-07-21T09:00,5.8,3.8,150.0,5.4,3.7,46.0,20
2024-07-21T10:00,6.2,4.0,145.0,4.6,3.8,48.0,20
2024-07-21T11:00,5.0,3.4,140.0,4.1,3.9,50.0,20
2024-07-21T12:00,4.4,3.1,138.0,4.2,3.9,50.0,21
2024-07-21T13:00,3.8,2.8,137.0,4.5,3.9,49.0,21
2024-07-21T14:00,2.6,1.8,136.0,4.9,3.8,48.0,22
2024-07-21T15:00,3.4,2.4,136.0,5.5,3.6,47.0,22
2024-07-21T16:00,3.8,2.8,137.0,6.1,3.4,46.0,22
2024-07-21T17:00,5.3,3.3,135.0,5.4,3.2,50.0,22
2024-07-21T18:00,3.3,2.2,137.0,5.9,3.4,49.0,22
2024-07-21T19:00,2.8,2.0,140.0,6.5,3.8,48.0,23
2024-07-21T20:00,2.3,1.6,141.0,6.7,3.9,47.0,22
2024-07-21T21:00,1.9,1.3,139.0,6.1,3.7,47.0,22
2024-07-21T22:00,1.8,1.2,134.0,5.0,3.4,48.0,22
2024-07-21T23:00,1.7,1.2,130.0,4.1,3.1,49.0,22
2024-07-22T00:00,1.6,1.1,127.0,3.6,2.8,49.0,22
2024-07-22T01:00,1.7,1.2,123.0,3.2,2.6,49.0,22
2024-07-22T02:00,1.6,1.1,121.0,2.9,2.4,49.0,22
2024-07-22T03:00,1.4,0.9,119.0,2.6,2.4,49.0,22
2024-07-22T04:00,1.5,0.8,117.0,2.5,2.4,49.0,22
2024-07-22T05:00,1.0,0.7,116.0,2.6,2.6,48.0,23
2024-07-22T06:00,1.1,0.8,128.0,4.1,3.0,46.0,23
2024-07-22T07:00,1.7,1.2,145.0,6.0,3.5,42.0,22
2024-07-22T08:00,2.4,1.6,155.0,7.2,3.9,41.0,22
2024-07-22T09:00,2.8,1.7,154.0,6.9,4.0,44.0,22
2024-07-22T10:00,4.3,2.6,146.0,5.8,3.9,48.0,21
2024-07-22T11:00,8.3,4.7,139.0,4.8,3.7,52.0,21
2024-07-22T12:00,6.8,4.4,132.0,3.9,3.4,55.0,21
2024-07-22T13:00,4.3,2.9,125.0,3.0,3.1,58.0,22
2024-07-22T14:00,3.0,2.1,122.0,2.8,2.9,58.0,22
2024-07-22T15:00,3.1,2.0,127.0,4.0,3.0,54.0,23
2024-07-22T16:00,3.1,2.1,137.0,6.0,3.3,48.0,24
2024-07-22T17:00,2.3,1.6,133.0,6.3,3.0,42.0,24
2024-07-22T18:00,2.2,1.6,135.0,6.4,3.1,41.0,24
2024-07-22T19:00,2.4,1.7,138.0,6.5,3.3,39.0,24
2024-07-22T20:00,2.4,1.7,138.0,6.3,3.4,38.0,23
2024-07-22T21:00,2.0,1.4,134.0,5.7,3.2,38.0,22
2024-07-22T22:00,1.6,1.2,129.0,4.8,2.9,38.0,21
2024-07-22T23:00,1.1,0.8,122.0,4.0,2.6,39.0,20
2024-07-23T00:00,0.7,0.5,114.0,3.2,2.3,40.0,19
2024-07-23T01:00,0.6,0.4,106.0,2.4,1.9,42.0,18
2024-07-23T02:00,0.7,0.5,100.0,1.8,1.7,43.0,18
2024-07-23T03:00,0.6,0.5,96.0,1.5,1.6,43.0,18
2024-07-23T04:00,0.7,0.5,95.0,1.4,1.5,43.0,19
2024-07-23T05:00,2.5,1.3,100.0,2.1,2.0,41.0,19
2024-07-23T06:00,1.6,1.0,114.0,3.7,2.3,39.0,19
2024-07-23T07:00,2.3,1.4,134.0,5.9,2.8,36.0,19
2024-07-23T08:00,2.1,1.4,146.0,7.2,3.1,35.0,19
2024-07-23T09:00,2.8,1.7,143.0,6.6,3.1,39.0,19
2024-07-23T10:00,2.5,1.7,133.0,5.0,2.9,45.0,18
2024-07-23T11:00,2.1,1.5,123.0,3.7,2.7,49.0,19
2024-07-23T12:00,3.3,2.2,116.0,3.2,2.6,49.0,19
2024-07-23T13:00,3.6,2.5,109.0,3.1,2.6,46.0,19
2024-07-23T14:00,2.8,1.9,107.0,3.3,2.6,44.0,20
2024-07-23T15:00,4.4,3.0,112.0,4.2,2.7,42.0,20
2024-07-23T16:00,4.0,2.8,120.0,5.5,2.8,40.0,20
2024-07-23T17:00,2.3,1.5,125.0,6.2,3.1,38.0,21
2024-07-23T18:00,2.4,1.6,131.0,7.1,3.3,37.0,20
2024-07-23T19:00,2.5,1.7,140.0,8.4,3.6,36.0,20
2024-07-23T20:00,2.1,1.4,145.0,9.0,3.8,36.0,19
2024-07-23T21:00,2.0,1.4,144.0,8.5,3.7,37.0,18
2024-07-23T22:00,1.7,1.2,140.0,7.3,3.5,39.0,18
2024-07-23T23:00,1.6,1.1,134.0,6.1,3.2,41.0,18
2024-07-24T00:00,0.9,0.6,124.0,4.9,2.8,41.0,18
2024-07-24T01:00,1.1,0.7,111.0,3.6,2.3,41.0,18
2024-07-24T02:00,0.8,0.6,101.0,2.6,1.9,41.0,18
2024-07-24T03:00,0.6,0.4,96.0,2.0,1.6,41.0,18
2024-07-24T04:00,0.8,0.5,95.0,1.7,1.5,42.0,18
2024-07-24T05:00,0.7,0.5,100.0,1.9,1.7,45.0,19
2024-07-24T06:00,1.3,0.9,113.0,3.3,2.1,42.0,19
2024-07-24T07:00,1.9,1.3,130.0,5.2,2.5,38.0,19
2024-07-24T08:00,1.8,1.2,141.0,6.3,2.9,35.0,19
2024-07-24T09:00,2.8,1.8,139.0,6.0,3.0,36.0,19
2024-07-24T10:00,4.4,2.9,132.0,5.0,3.0,39.0,19
2024-07-24T11:00,6.2,4.0,125.0,4.1,2.9,41.0,18
2024-07-24T12:00,5.6,3.8,122.0,3.7,2.8,42.0,18
2024-07-24T13:00,2.6,1.7,120.0,3.5,2.7,43.0,18
2024-07-24T14:00,2.3,1.5,121.0,3.6,2.7,44.0,18
2024-07-24T15:00,3.0,2.0,126.0,4.1,2.8,47.0,18
2024-07-24T16:00,10.2,5.8,133.0,4.8,2.9,49.0,19
2024-07-24T17:00,9.5,6.6,134.0,5.3,2.8,46.0,20
2024-07-24T18:00,11.0,7.2,139.0,6.1,3.2,45.0,20
2024-07-24T19:00,5.7,4.2,145.0,7.0,3.7,43.0,21
2024-07-24T20:00,2.8,2.0,147.0,7.4,4.0,42.0,21
2024-07-24T21:00,2.3,1.5,141.0,6.6,3.8,43.0,21
2024-07-24T22:00,3.9,2.4,131.0,5.1,3.2,46.0,21
2024-07-24T23:00,3.9,2.6,122.0,3.9,2.8,48.0,21
2024-07-25T00:00,2.0,1.4,116.0,3.2,2.5,49.0,21
2024-07-25T01:00,2.5,1.3,110.0,2.6,2.3,50.0,21
2024-07-25T02:00,1.7,1.1,107.0,2.3,2.2,50.0,21
2024-07-25T03:00,1.3,0.8,104.0,2.1,2.1,50.0,22
2024-07-25T04:00,1.1,0.7,104.0,2.0,2.2,50.0,22
2024-07-25T05:00,0.7,0.5,111.0,2.6,2.8,54.0,22
2024-07-25T06:00,1.9,1.3,123.0,3.9,3.0,55.0,23
2024-07-25T07:00,3.0,2.0,140.0,5.7,3.3,56.0,24
2024-07-25T08:00,4.6,3.2,148.0,6.6,3.4,55.0,24
2024-07-25T09:00,3.3,2.4,140.0,5.9,3.2,52.0,24
2024-07-25T10:00,3.2,2.3,124.0,4.4,3.0,48.0,24
2024-07-25T11:00,4.0,2.6,112.0,3.4,2.8,44.0,24
2024-07-25T12:00,5.0,3.5,109.0,3.4,2.9,41.0,24
2024-07-25T13:00,3.8,2.7,110.0,4.0,3.2,39.0,23
2024-07-25T14:00,3.7,2.5,112.0,4.5,3.4,37.0,23
2024-07-25T15:00,3.9,2.7,114.0,4.9,3.4,36.0,22
2024-07-25T16:00,3.9,2.8,117.0,5.2,3.3,37.0,20
2024-07-25T17:00,12.0,8.2,117.0,5.1,2.8,36.0,19
2024-07-25T18:00,11.4,7.3,121.0,5.5,3.1,37.0,18
2024-07-25T19:00,9.1,5.8,127.0,6.1,3.4,39.0,18
2024-07-25T20:00,7.2,4.7,132.0,6.4,3.7,41.0,18
2024-07-25T21:00,4.8,3.2,135.0,6.3,3.9,45.0,18
2024-07-25T22:00,9.1,5.3,137.0,6.0,4.0,49.0,18
2024-07-25T23:00,16.8,9.0,137.0,5.5,4.0,53.0,19
2024-07-26T00:00,27.9,14.1,132.0,4.8,3.8,55.0,20
2024-07-26T01:00,37.1,18.2,125.0,4.0,3.5,57.0,21
2024-07-26T02:00,26.2,13.5,118.0,3.4,3.2,57.0,25
2024-07-26T03:00,18.3,9.6,112.0,3.0,3.1,55.0,28
2024-07-26T04:00,10.6,5.8,107.0,2.9,3.1,51.0,30
2024-07-26T05:00,5.5,4.0,113.0,2.7,3.1,57.0,31
2024-07-26T06:00,3.2,2.3,122.0,3.8,3.4,53.0,32
2024-07-26T07:00,2.1,1.4,133.0,5.3,3.7,49.0,32
2024-07-26T08:00,4.0,2.2,140.0,6.1,3.9,45.0,32
2024-07-26T09:00,8.0,4.0,137.0,5.7,3.7,44.0,32
2024-07-26T10:00,12.5,5.9,128.0,4.7,3.4,44.0,32
2024-07-26T11:00,10.5,4.4,121.0,3.8,3.2,45.0,33
2024-07-26T12:00,14.9,7.1,118.0,3.3,3.2,46.0,33
2024-07-26T13:00,21.7,10.1,117.0,3.0,3.3,46.0,34
2024-07-26T14:00,12.0,6.0,116.0,2.9,3.3,46.0,36
2024-07-26T15:00,14.5,6.4,116.0,3.3,3.1,43.0,36
2024-07-26T16:00,14.3,7.5,116.0,4.0,2.7,40.0,37
2024-07-26T17:00,7.5,4.6,125.0,5.9,3.4,35.0,38
2024-07-26T18:00,9.9,4.7,126.0,6.1,3.5,35.0,38
2024-07-26T19:00,12.2,5.9,126.0,6.3,3.7,36.0,37
2024-07-26T20:00,13.9,5.7,126.0,6.2,3.7,36.0,37
2024-07-26T21:00,5.7,2.8,124.0,5.7,3.5,37.0,37
2024-07-26T22:00,2.3,1.3,122.0,5.0,3.2,37.0,37
2024-07-26T23:00,3.1,1.6,118.0,4.2,2.9,38.0,36
2024-07-27T00:00,4.9,2.4,112.0,3.4,2.6,38.0,35
2024-07-27T01:00,4.9,2.4,104.0,2.7,2.2,38.0,32
2024-07-27T02:00,5.0,2.4,99.0,2.2,2.0,38.0,28
2024-07-27T03:00,5.5,2.6,97.0,2.0,2.0,38.0,26
2024-07-27T04:00,4.0,1.9,97.0,2.1,2.1,37.0,24
2024-07-27T05:00,5.2,2.8,96.0,2.1,2.1,36.0,23
2024-07-27T06:00,4.6,2.3,105.0,3.0,2.3,35.0,23
2024-07-27T07:00,6.2,2.5,117.0,4.1,2.6,34.0,23
2024-07-27T08:00,9.4,3.5,124.0,4.7,2.8,34.0,23
2024-07-27T09:00,12.7,5.5,121.0,4.0,2.7,37.0,23
2024-07-27T10:00,11.1,4.6,114.0,2.8,2.5,42.0,24
2024-07-27T11:00,12.6,5.1,109.0,1.9,2.4,46.0,23
2024-07-27T12:00,17.3,6.3,109.0,1.8,2.4,47.0,24
2024-07-27T13:00,34.6,11.9,112.0,2.1,2.6,47.0,23
2024-07-27T14:00,34.6,13.6,116.0,2.7,2.7,46.0,24
2024-07-27T15:00,34.7,14.6,120.0,3.8,2.9,43.0,26
2024-07-27T16:00,32.7,14.1,126.0,5.2,3.1,39.0,27
2024-07-27T17:00,27.2,12.6,131.0,5.7,3.5,39.0,29
2024-07-27T18:00,21.2,10.2,135.0,6.5,3.7,37.0,31
2024-07-27T19:00,11.7,6.3,140.0,7.7,3.9,34.0,32
2024-07-27T20:00,5.3,3.2,144.0,8.5,4.1,32.0,32
2024-07-27T21:00,3.4,2.1,147.0,8.7,4.3,30.0,32
2024-07-27T22:00,4.5,2.8,150.0,8.6,4.4,29.0,31
2024-07-27T23:00,5.4,3.4,147.0,8.0,4.3,29.0,32
2024-07-28T00:00,3.3,2.1,134.0,6.4,3.7,31.0,32
2024-07-28T01:00,3.4,1.9,117.0,4.4,2.9,34.0,32
2024-07-28T02:00,7.2,3.2,104.0,2.9,2.3,36.0,32
2024-07-28T03:00,7.5,3.6,99.0,2.4,2.2,36.0,32
2024-07-28T04:00,4.6,2.7,100.0,2.4,2.4,36.0,32
2024-07-28T05:00,1.2,0.9,104.0,2.7,2.6,39.0,33
2024-07-28T06:00,1.9,1.3,115.0,4.2,3.0,36.0,32
2024-07-28T07:00,3.3,2.1,131.0,6.2,3.4,32.0,32
2024-07-28T08:00,8.3,4.2,142.0,7.4,3.8,29.0,32
2024-07-28T09:00,11.4,5.8,144.0,7.2,3.9,30.0,32
2024-07-28T10:00,9.8,5.4,142.0,6.2,3.9,32.0,32
2024-07-28T11:00,7.9,4.7,139.0,5.4,3.9,35.0,32
2024-07-28T12:00,8.4,5.1,138.0,5.1,3.9,38.0,32
2024-07-28T13:00,11.0,6.1,137.0,4.9,4.0,42.0,32
2024-07-28T14:00,10.3,5.6,136.0,4.9,3.9,44.0,31
2024-07-28T15:00,7.1,4.1,136.0,5.2,3.7,44.0,29
2024-07-28T16:00,3.7,2.3,136.0,5.7,3.3,42.0,26
2024-07-28T17:00,2.8,2.0,147.0,8.3,3.8,35.0,24
2024-07-28T18:00,3.1,2.2,159.0,9.7,4.5,34.0,21
2024-07-28T19:00,4.3,3.1,175.0,11.6,5.5,32.0,19
2024-07-28T20:00,4.3,3.0,186.0,12.6,6.1,31.0,18
2024-07-28T21:00,2.9,2.0,187.0,12.2,6.0,31.0,18
2024-07-28T22:00,2.7,1.9,182.0,10.9,5.6,33.0,18
2024-07-28T23:00,2.4,1.7,173.0,9.4,5.0,34.0,18
2024-07-29T00:00,1.8,1.2,158.0,7.7,4.3,35.0,18
2024-07-29T01:00,1.6,1.1,139.0,5.7,3.5,36.0,18
2024-07-29T02:00,1.3,0.9,125.0,4.2,2.9,37.0,17
2024-07-29T03:00,1.2,0.8,119.0,3.4,2.6,37.0,17
2024-07-29T04:00,1.6,1.0,119.0,3.1,2.4,37.0,16
2024-07-29T05:00,4.1,1.5,127.0,4.3,3.5,35.0,16
2024-07-29T06:00,1.5,0.8,133.0,4.9,3.5,36.0,16
2024-07-29T07:00,1.9,1.3,140.0,5.6,3.6,36.0,17
2024-07-29T08:00,2.4,1.5,145.0,6.0,3.6,37.0,17
2024-07-29T09:00,2.9,1.9,143.0,5.7,3.5,37.0,17
2024-07-29T10:00,4.6,2.6,138.0,5.1,3.4,38.0,17
2024-07-29T11:00,4.8,2.9,135.0,4.6,3.3,39.0,17
2024-07-29T12:00,5.6,3.3,135.0,4.2,3.4,43.0,17
2024-07-29T13:00,9.8,5.4,136.0,3.8,3.6,47.0,17
2024-07-29T14:00,10.4,6.3,138.0,3.8,3.7,50.0,18
2024-07-29T15:00,7.4,4.5,142.0,4.5,3.6,49.0,19
2024-07-29T16:00,9.7,5.6,146.0,5.7,3.5,46.0,20
2024-07-29T17:00,23.6,10.5,134.0,4.8,3.3,48.0,20
2024-07-29T18:00,21.2,10.3,144.0,6.6,3.8,44.0,21
2024-07-29T19:00,13.8,7.6,158.0,8.9,4.5,38.0,21
2024-07-29T20:00,8.3,5.3,168.0,10.6,5.0,33.0,21
2024-07-29T21:00,4.8,3.3,172.0,10.9,5.2,31.0,21
2024-07-29T22:00,5.0,3.3,172.0,10.5,5.1,31.0,20
2024-07-29T23:00,4.4,2.9,167.0,9.7,4.9,31.0,20
2024-07-30T00:00,3.3,2.1,154.0,8.2,4.3,32.0,20
2024-07-30T01:00,3.1,1.8,137.0,6.3,3.5,33.0,20
2024-07-30T02:00,3.0,1.8,124.0,4.8,2.9,34.0,20
2024-07-30T03:00,6.4,2.9,118.0,4.1,2.8,35.0,20
2024-07-30T04:00,5.2,2.7,116.0,3.8,2.9,36.0,21
2024-07-30T05:00,3.8,1.6,119.0,3.9,2.8,35.0,21
2024-07-30T06:00,2.5,1.4,128.0,4.5,3.2,35.0,21
2024-07-30T07:00,2.5,1.6,140.0,5.3,3.6,34.0,21
2024-07-30T08:00,3.1,2.0,147.0,5.6,3.9,36.0,22
2024-07-30T09:00,7.0,2.8,145.0,4.8,3.8,42.0,22
2024-07-30T10:00,20.8,6.0,140.0,3.5,3.4,51.0,22
2024-07-30T11:00,22.2,7.4,135.0,2.5,3.2,57.0,23
2024-07-30T12:00,24.0,8.0,134.0,2.2,3.1,59.0,24
2024-07-30T13:00,34.5,9.4,134.0,2.3,3.1,60.0,25
2024-07-30T14:00,31.9,11.8,136.0,2.8,3.2,58.0,26
2024-07-30T15:00,17.8,7.9,140.0,3.8,3.4,54.0,27
2024-07-30T16:00,10.1,4.8,145.0,5.2,3.8,49.0,28
2024-07-30T17:00,14.2,5.8,143.0,5.6,3.2,43.0,28
2024-07-30T18:00,10.8,5.5,147.0,6.4,3.5,41.0,27
2024-07-30T19:00,8.1,5.0,153.0,7.6,4.0,39.0,25
2024-07-30T20:00,7.1,4.7,158.0,8.6,4.4,36.0,25
2024-07-30T21:00,7.1,4.7,164.0,9.4,4.7,34.0,25
2024-07-30T22:00,5.5,3.8,170.0,10.0,5.0,31.0,25
2024-07-30T23:00,5.0,3.4,170.0,9.9,5.0,30.0,25
2024-07-31T00:00,4.4,2.7,159.0,8.6,4.6,31.0,25
2024-07-31T01:00,3.2,2.0,142.0,6.7,3.9,33.0,25
2024-07-31T02:00,2.2,1.5,128.0,5.2,3.4,35.0,25
2024-07-31T03:00,1.5,1.1,121.0,4.4,3.3,36.0,25
2024-07-31T04:00,1.3,0.9,117.0,4.0,3.4,37.0,25
2024-07-31T05:00,1.4,1.0,125.0,4.7,4.1,35.0,24
2024-07-31T06:00,3.3,2.3,135.0,5.4,4.1,36.0,24
2024-07-31T07:00,6.5,4.2,149.0,6.4,4.0,39.0,25
2024-07-31T08:00,5.1,3.1,156.0,6.7,3.9,41.0,25
2024-07-31T09:00,4.6,2.9,148.0,5.7,3.6,44.0,25
2024-07-31T10:00,5.3,3.2,133.0,4.0,3.3,48.0,25
2024-07-31T11:00,7.7,3.4,123.0,2.9,3.1,50.0,25
2024-07-31T12:00,11.7,5.2,123.0,2.8,3.1,50.0,24
2024-07-31T13:00,10.4,5.0,127.0,3.3,3.3,50.0,23
2024-07-31T14:00,12.6,6.1,131.0,4.0,3.4,48.0,22
2024-07-31T15:00,12.6,6.5,133.0,4.7,3.5,46.0,21
2024-07-31T16:00,8.6,5.1,134.0,5.6,3.5,43.0,22
2024-07-31T17:00,10.2,4.1,129.0,4.6,2.5,41.0,22
2024-07-31T18:00,14.4,6.1,140.0,6.2,3.4,38.0,22
2024-07-31T19:00,14.8,7.3,154.0,8.4,4.6,34.0,21
2024-07-31T20:00,12.4,6.5,165.0,10.0,5.5,31.0,21
2024-07-31T21:00,9.8,5.8,170.0,10.5,5.7,29.0,21
2024-07-31T22:00,8.4,5.3,171.0,10.3,5.4,28.0,22
2024-07-31T23:00,7.8,4.6,168.0,9.7,5.0,28.0,22
2024-08-01T00:00,7.3,4.0,157.0,8.4,4.4,29.0,22
2024-08-01T01:00,6.3,3.3,140.0,6.6,3.6,30.0,22
2024-08-01T02:00,4.7,2.5,128.0,5.2,2.9,31.0,23
2024-08-01T03:00,3.6,2.2,122.0,4.5,2.3,32.0,23
2024-08-01T04:00,3.2,2.1,119.0,4.2,1.7,32.0,23
2024-08-01T05:00,1.5,1.0,126.0,4.4,3.3,31.0,24
2024-08-01T06:00,1.2,0.9,131.0,4.6,3.3,33.0,24
2024-08-01T07:00,2.3,1.3,139.0,4.9,3.2,37.0,23
2024-08-01T08:00,2.9,1.7,143.0,4.9,3.2,40.0,23
2024-08-01T09:00,3.2,2.0,142.0,4.3,3.2,43.0,22
2024-08-01T10:00,3.7,2.2,137.0,3.4,3.2,46.0,22
2024-08-01T11:00,6.9,3.6,133.0,2.7,3.2,49.0,22
2024-08-01T12:00,9.3,5.0,129.0,2.4,3.0,51.0,22
2024-08-01T13:00,7.8,4.3,125.0,2.3,2.8,53.0,22
2024-08-01T14:00,9.2,4.8,124.0,2.7,2.8,53.0,22
2024-08-01T15:00,8.4,4.6,129.0,3.9,3.1,50.0,22
2024-08-01T16:00,9.4,5.3,136.0,5.7,3.5,45.0,22
2024-08-01T17:00,10.5,5.6,135.0,5.4,3.6,45.0,23
2024-08-01T18:00,7.0,4.2,146.0,7.3,4.2,41.0,23
2024-08-01T19:00,6.0,3.9,161.0,9.8,4.9,35.0,22
2024-08-01T20:00,6.6,4.4,171.0,11.4,5.4,31.0,22
2024-08-01T21:00,5.2,3.5,171.0,11.2,5.3,30.0,20
2024-08-01T22:00,3.6,2.5,165.0,9.9,4.9,30.0,19
2024-08-01T23:00,2.7,1.9,156.0,8.4,4.4,31.0,18
2024-08-02T00:00,1.9,1.3,141.0,6.5,3.6,34.0,18
2024-08-02T01:00,1.8,1.1,122.0,4.4,2.6,38.0,17
2024-08-02T02:00,1.9,1.0,108.0,2.8,1.9,41.0,17
2024-08-02T03:00,1.4,0.9,103.0,2.3,1.7,41.0,16
2024-08-02T04:00,1.7,1.0,102.0,2.4,1.9,39.0,16
2024-08-02T05:00,1.1,0.7,109.0,3.3,2.4,36.0,16
2024-08-02T06:00,2.1,1.4,111.0,3.6,2.4,36.0,17
2024-08-02T07:00,2.2,1.5,113.0,4.0,2.4,35.0,17
2024-08-02T08:00,3.6,2.1,113.0,4.1,2.4,36.0,17
2024-08-02T09:00,6.5,3.6,109.0,3.6,2.4,39.0,18
2024-08-02T10:00,4.4,2.6,102.0,2.7,2.4,43.0,18
2024-08-02T11:00,2.9,1.8,98.0,2.1,2.4,46.0,18
2024-08-02T12:00,3.4,2.0,97.0,1.9,2.5,48.0,18
2024-08-02T13:00,6.3,3.7,98.0,1.9,2.8,50.0,18
2024-08-02T14:00,4.4,2.7,101.0,2.2,2.9,51.0,19
2024-08-02T15:00,3.2,2.1,106.0,2.7,2.9,50.0,20
2024-08-02T16:00,6.3,4.0,113.0,3.4,2.9,47.0,21
2024-08-02T17:00,11.3,6.3,128.0,4.5,3.0,44.0,22
2024-08-02T18:00,9.9,5.6,128.0,5.2,3.1,42.0,22
2024-08-02T19:00,7.3,4.5,129.0,6.3,3.3,38.0,22
2024-08-02T20:00,3.9,2.6,129.0,6.9,3.4,36.0,21
2024-08-02T21:00,2.5,1.7,128.0,6.9,3.4,35.0,21
2024-08-02T22:00,2.2,1.6,127.0,6.4,3.3,36.0,20
2024-08-02T23:00,2.1,1.4,124.0,5.9,3.2,36.0,19
2024-08-03T00:00,1.5,1.1,118.0,5.2,3.1,37.0,18
2024-08-03T01:00,1.2,0.8,111.0,4.4,2.9,37.0,18
2024-08-03T02:00,0.9,0.7,104.0,3.7,2.7,38.0,17
2024-08-03T03:00,0.8,0.5,97.0,3.0,2.4,39.0,17
2024-08-03T04:00,0.9,0.6,91.0,2.3,2.0,40.0,17
2024-08-03T05:00,0.9,0.5,97.0,3.0,2.2,36.0,17
2024-08-03T06:00,0.9,0.6,103.0,3.8,2.4,35.0,17
2024-08-03T07:00,2.2,1.3,111.0,4.8,2.8,33.0,17
2024-08-03T08:00,4.4,2.7,116.0,5.2,3.0,33.0,17
2024-08-03T09:00,3.4,2.2,115.0,4.5,3.0,37.0,17
2024-08-03T10:00,3.1,1.9,111.0,3.3,2.9,43.0,17
2024-08-03T11:00,3.4,2.3,108.0,2.4,2.8,47.0,17
2024-08-03T12:00,2.2,1.5,107.0,2.0,2.7,49.0,18
2024-08-03T13:00,2.0,1.3,107.0,1.9,2.5,50.0,18
2024-08-03T14:00,4.3,2.7,108.0,2.1,2.4,49.0,19
2024-08-03T15:00,7.5,4.7,110.0,2.7,2.3,47.0,20
2024-08-03T16:00,3.9,2.5,113.0,3.6,2.2,44.0,21
2024-08-03T17:00,11.0,6.3,131.0,6.8,3.2,37.0,21
2024-08-03T18:00,8.5,5.1,130.0,7.0,3.3,36.0,21
2024-08-03T19:00,5.2,3.4,129.0,7.2,3.5,34.0,21
2024-08-03T20:00,4.8,3.1,127.0,7.1,3.6,33.0,20
2024-08-03T21:00,4.3,2.8,122.0,6.5,3.5,33.0,19
2024-08-03T22:00,4.3,2.8,116.0,5.6,3.2,34.0,18
2024-08-03T23:00,4.4,2.4,111.0,4.8,3.0,35.0,17
2024-08-04T00:00,3.8,2.1,108.0,4.3,2.7,35.0,17
2024-08-04T01:00,2.3,1.5,105.0,3.8,2.5,35.0,16
2024-08-04T02:00,1.9,1.2,103.0,3.5,2.3,35.0,16
2024-08-04T03:00,1.6,1.0,101.0,3.2,2.3,35.0,16
2024-08-04T04:00,1.5,1.0,99.0,3.0,2.4,35.0,16
2024-08-04T05:00,1.7,1.2,106.0,2.7,2.6,39.0,16
2024-08-04T06:00,2.3,1.5,117.0,4.0,2.9,36.0,16
2024-08-04T07:00,2.4,1.6,131.0,5.7,3.2,32.0,17
2024-08-04T08:00,2.7,1.9,140.0,6.6,3.5,31.0,16
2024-08-04T09:00,2.3,1.6,137.0,5.9,3.6,35.0,16
2024-08-04T10:00,2.9,2.0,129.0,4.5,3.7,41.0,16
2024-08-04T11:00,2.5,1.8,122.0,3.5,3.7,44.0,16
2024-08-04T12:00,3.1,2.2,119.0,3.6,3.5,42.0,17
2024-08-04T13:00,3.1,2.2,116.0,4.1,3.3,38.0,17
2024-08-04T14:00,3.0,2.1,116.0,4.7,3.1,35.0,17
2024-08-04T15:00,3.1,2.2,118.0,5.3,3.0,33.0,17
2024-08-04T16:00,2.1,1.5,121.0,6.0,2.9,32.0,17
2024-08-04T17:00,5.0,3.5,131.0,7.2,3.2,30.0,17
2024-08-04T18:00,6.8,4.4,134.0,7.4,3.6,30.0,17
2024-08-04T19:00,8.4,5.4,138.0,7.7,4.1,30.0,16
2024-08-04T20:00,5.4,3.7,141.0,7.8,4.4,30.0,16
2024-08-04T21:00,3.2,2.3,141.0,7.5,4.3,30.0,15
2024-08-04T22:00,2.6,1.8,139.0,6.9,3.9,31.0,14
2024-08-04T23:00,2.2,1.5,136.0,6.3,3.6,31.0,14
2024-08-05T00:00,1.8,1.3,131.0,5.6,3.3,31.0,14
2024-08-05T01:00,1.6,1.1,124.0,4.9,3.0,31.0,14
2024-08-05T02:00,1.6,1.1,118.0,4.3,2.7,31.0,14
2024-08-05T03:00,1.7,1.1,111.0,3.7,2.6,31.0,14
2024-08-05T04:00,2.1,1.3,104.0,3.2,2.5,32.0,14
2024-08-05T05:00,2.2,1.4,97.0,2.6,2.1,33.0,14
2024-08-05T06:00,4.2,2.4,103.0,3.0,2.2,32.0,15
2024-08-05T07:00,5.8,3.2,111.0,3.5,2.4,31.0,15
2024-08-05T08:00,7.4,4.0,117.0,3.7,2.6,32.0,15
2024-08-05T09:00,9.5,5.2,118.0,3.3,2.8,36.0,15
2024-08-05T10:00,11.2,5.6,116.0,2.6,2.9,41.0,15
2024-08-05T11:00,11.2,5.5,114.0,2.0,3.0,46.0,16
2024-08-05T12:00,14.1,6.3,113.0,1.7,3.0,49.0,16
2024-08-05T13:00,18.7,8.2,112.0,1.6,3.0,52.0,17
2024-08-05T14:00,21.9,9.8,113.0,1.9,3.0,52.0,18
2024-08-05T15:00,15.8,8.1,118.0,2.7,3.1,49.0,20
2024-08-05T16:00,12.5,6.8,125.0,3.8,3.3,45.0,21
2024-08-05T17:00,23.3,11.3,127.0,4.3,3.3,42.0,22
2024-08-05T18:00,18.3,9.5,136.0,5.9,3.9,38.0,24
2024-08-05T19:00,16.0,9.3,149.0,8.1,4.7,32.0,25
2024-08-05T20:00,14.3,8.4,159.0,9.7,5.2,28.0,26
2024-08-05T21:00,11.3,7.0,166.0,10.4,5.3,25.0,27
2024-08-05T22:00,8.0,5.2,170.0,10.5,5.2,24.0,28
2024-08-05T23:00,6.5,4.4,167.0,9.9,4.8,24.0,29
2024-08-06T00:00,5.2,3.3,151.0,8.1,3.9,26.0,30
2024-08-06T01:00,4.7,2.9,128.0,5.5,2.7,30.0,30
2024-08-06T02:00,6.9,3.5,111.0,3.6,1.9,33.0,30
2024-08-06T03:00,6.0,3.1,105.0,3.0,1.8,33.0,31
2024-08-06T04:00,4.6,2.7,105.0,3.1,2.1,32.0,31
2024-08-06T05:00,5.7,3.3,105.0,2.9,1.8,33.0,32
2024-08-06T06:00,4.4,2.6,114.0,3.6,2.3,32.0,32
2024-08-06T07:00,4.9,3.0,126.0,4.6,3.0,30.0,32
2024-08-06T08:00,7.5,4.1,134.0,5.1,3.5,31.0,32
2024-08-06T09:00,11.2,5.6,134.0,4.6,3.8,36.0,32
2024-08-06T10:00,13.6,6.5,130.0,3.7,3.9,42.0,32
2024-08-06T11:00,15.0,6.8,126.0,3.0,4.0,47.0,33
2024-08-06T12:00,15.1,5.8,123.0,2.9,3.9,48.0,33
2024-08-06T13:00,14.8,5.9,119.0,3.1,3.8,46.0,33
2024-08-06T14:00,16.2,6.4,117.0,3.4,3.7,45.0,32
2024-08-06T15:00,14.2,6.1,117.0,3.6,3.7,44.0,31
2024-08-06T16:00,14.7,6.3,118.0,4.0,3.8,43.0,31
2024-08-06T17:00,11.1,6.8,155.0,7.7,5.2,39.0,31
2024-08-06T18:00,10.1,6.0,164.0,9.6,5.6,34.0,30
2024-08-06T19:00,9.0,5.6,177.0,12.2,6.1,28.0,29
2024-08-06T20:00,8.0,5.2,183.0,13.6,6.3,24.0,28
2024-08-06T21:00,5.6,3.8,177.0,12.9,6.1,24.0,27
2024-08-06T22:00,4.8,3.3,166.0,11.1,5.6,25.0,27
2024-08-06T23:00,4.2,2.9,154.0,9.4,5.1,27.0,26
2024-08-07T00:00,3.8,2.6,145.0,8.2,4.7,28.0,26
2024-08-07T01:00,3.2,2.1,135.0,7.2,4.3,29.0,26
2024-08-07T02:00,2.7,1.8,128.0,6.3,4.0,30.0,25
2024-08-07T03:00,2.3,1.6,123.0,5.6,3.8,30.0,25
2024-08-07T04:00,2.2,1.5,119.0,5.2,3.6,30.0,25
2024-08-07T05:00,2.3,1.6,116.0,4.8,3.4,30.0,24
2024-08-07T06:00,2.2,1.4,121.0,5.0,3.4,30.0,24
2024-08-07T07:00,3.2,1.7,128.0,5.3,3.4,31.0,24
2024-08-07T08:00,5.0,2.6,132.0,5.2,3.4,33.0,23
2024-08-07T09:00,9.3,4.3,130.0,4.5,3.4,37.0,23
2024-08-07T10:00,10.1,4.9,125.0,3.4,3.4,43.0,23
2024-08-07T11:00,10.7,5.0,121.0,2.6,3.4,48.0,22
2024-08-07T12:00,12.9,5.1,119.0,2.1,3.2,52.0,22
2024-08-07T13:00,14.1,5.4,119.0,1.8,3.0,54.0,22
2024-08-07T14:00,14.6,5.5,120.0,2.0,3.0,55.0,22
2024-08-07T15:00,16.9,6.0,122.0,2.8,3.3,53.0,22
2024-08-07T16:00,17.5,6.5,126.0,4.0,3.8,49.0,22
2024-08-07T17:00,21.3,6.8,127.0,3.9,3.0,45.0,23
2024-08-07T18:00,18.6,7.1,138.0,5.8,3.8,41.0,23
2024-08-07T19:00,17.1,7.6,153.0,8.4,5.0,34.0,23
2024-08-07T20:00,17.5,7.7,162.0,10.1,5.8,30.0,22
2024-08-07T21:00,17.3,7.8,162.0,10.2,6.0,29.0,23
2024-08-07T22:00,16.4,7.9,156.0,9.4,5.8,29.0,24
2024-08-07T23:00,14.8,7.2,147.0,8.3,5.4,30.0,25
2024-08-08T00:00,11.3,6.0,135.0,7.0,4.5,31.0,26
2024-08-08T01:00,7.6,4.0,120.0,5.4,3.2,33.0,27
2024-08-08T02:00,5.3,2.8,109.0,4.3,2.4,34.0,27
2024-08-08T03:00,4.2,2.3,105.0,3.9,2.3,34.0,27
2024-08-08T04:00,3.7,2.1,105.0,3.8,2.5,33.0,27
2024-08-08T05:00,4.4,2.4,108.0,3.9,2.7,34.0,28
2024-08-08T06:00,6.2,3.0,115.0,4.3,2.9,34.0,28
2024-08-08T07:00,7.8,3.6,124.0,4.8,3.1,34.0,28
2024-08-08T08:00,8.6,3.9,131.0,4.9,3.3,36.0,29
2024-08-08T09:00,9.2,4.6,133.0,4.2,3.4,42.0,29
2024-08-08T10:00,11.6,5.2,133.0,3.1,3.4,50.0,29
2024-08-08T11:00,14.1,5.6,133.0,2.3,3.4,57.0,29
2024-08-08T12:00,14.6,5.9,133.0,1.9,3.3,61.0,29
2024-08-08T13:00,11.8,4.9,133.0,1.7,3.0,63.0,29
2024-08-08T14:00,11.2,5.0,133.0,1.8,2.9,63.0,29
2024-08-08T15:00,12.7,5.2,133.0,2.1,2.8,61.0,29
2024-08-08T16:00,13.2,5.5,133.0,2.7,2.7,56.0,29
2024-08-08T17:00,30.9,12.4,149.0,4.3,4.7,60.0,29
2024-08-08T18:00,28.1,12.1,163.0,6.8,5.6,53.0,30
2024-08-08T19:00,24.4,12.3,183.0,10.2,6.9,43.0,31
2024-08-08T20:00,23.7,12.5,198.0,12.8,7.9,35.0,32
2024-08-08T21:00,21.7,11.6,207.0,13.9,8.4,30.0,33
2024-08-08T22:00,20.5,11.7,212.0,14.2,8.5,27.0,34
2024-08-08T23:00,19.6,11.5,208.0,13.6,8.2,26.0,35
2024-08-09T00:00,19.3,11.1,190.0,11.7,7.0,27.0,36
2024-08-09T01:00,17.8,9.7,163.0,9.0,5.2,29.0,37
2024-08-09T02:00,15.6,8.8,142.0,6.8,3.9,31.0,39
2024-08-09T03:00,13.3,7.2,131.0,5.8,3.5,32.0,40
2024-08-09T04:00,9.1,4.9,125.0,5.3,3.6,32.0,41
2024-08-09T05:00,2.5,1.6,123.0,4.5,3.3,34.0,42
2024-08-09T06:00,2.1,1.4,132.0,5.4,3.6,33.0,42
2024-08-09T07:00,2.0,1.4,145.0,6.5,3.9,32.0,41
2024-08-09T08:00,3.0,2.1,153.0,7.0,4.0,33.0,41
2024-08-09T09:00,4.6,3.0,151.0,6.1,3.6,37.0,40
2024-08-09T10:00,6.1,3.7,145.0,4.4,3.0,43.0,40
2024-08-09T11:00,9.3,4.8,140.0,3.1,2.6,48.0,40
2024-08-09T12:00,14.1,5.7,139.0,2.4,2.4,52.0,39
2024-08-09T13:00,20.1,7.4,138.0,2.0,2.4,55.0,39
2024-08-09T14:00,23.3,8.3,139.0,2.0,2.6,57.0,40
2024-08-09T15:00,25.0,8.9,139.0,2.4,2.9,56.0,41
2024-08-09T16:00,25.1,9.3,140.0,3.2,3.4,54.0,42
2024-08-09T17:00,15.5,5.6,143.0,4.3,2.8,42.0,42
2024-08-09T18:00,14.7,6.3,152.0,6.1,3.6,38.0,41
2024-08-09T19:00,14.3,7.1,165.0,8.6,4.7,32.0,40
2024-08-09T20:00,13.2,6.8,173.0,10.3,5.5,28.0,38
2024-08-09T21:00,12.0,6.6,172.0,10.4,5.9,27.0,37
2024-08-09T22:00,10.9,6.3,165.0,9.7,6.1,27.0,36
2024-08-09T23:00,10.6,6.0,157.0,8.8,6.0,27.0,35
2024-08-10T00:00,11.7,6.4,146.0,7.7,5.3,28.0,33
2024-08-10T01:00,14.0,6.9,132.0,6.4,4.4,29.0,32
2024-08-10T02:00,14.3,7.1,122.0,5.5,3.6,29.0,32
2024-08-10T03:00,14.2,7.4,118.0,5.2,3.2,28.0,31
2024-08-10T04:00,15.4,8.1,117.0,5.2,3.1,27.0,31
2024-08-10T05:00,9.4,5.4,119.0,5.2,3.9,28.0,32
2024-08-10T06:00,10.1,5.6,125.0,5.3,4.1,28.0,33
2024-08-10T07:00,11.3,6.0,133.0,5.5,4.2,29.0,34
2024-08-10T08:00,11.7,5.9,138.0,5.3,4.3,32.0,35
2024-08-10T09:00,12.7,5.6,135.0,4.5,4.1,38.0,36
2024-08-10T10:00,11.9,5.3,129.0,3.4,3.8,45.0,36
2024-08-10T11:00,10.7,4.7,124.0,2.5,3.4,51.0,37
2024-08-10T12:00,11.7,5.3,122.0,2.0,2.9,54.0,37
2024-08-10T13:00,11.3,5.2,120.0,1.8,2.3,54.0,37
2024-08-10T14:00,9.6,4.6,121.0,1.8,2.0,54.0,36
2024-08-10T15:00,12.0,4.8,123.0,2.1,2.1,53.0,35
2024-08-10T16:00,11.8,5.0,127.0,2.7,2.6,51.0,34
2024-08-10T17:00,16.6,6.7,129.0,3.6,2.9,45.0,33
2024-08-10T18:00,15.7,7.0,136.0,5.4,4.0,41.0,34
2024-08-10T19:00,16.1,7.9,146.0,7.8,5.4,35.0,34
2024-08-10T20:00,15.9,8.1,153.0,9.5,6.5,31.0,34
2024-08-10T21:00,14.5,7.8,155.0,10.0,7.0,29.0,34
2024-08-10T22:00,13.5,7.7,155.0,9.7,7.1,27.0,35
2024-08-10T23:00,13.0,7.6,151.0,9.1,6.8,27.0,35
2024-08-11T00:00,11.8,7.0,141.0,8.0,5.6,28.0,35
2024-08-11T01:00,10.7,6.5,127.0,6.4,4.0,29.0,35
2024-08-11T02:00,10.6,6.3,116.0,5.2,2.8,30.0,35
2024-08-11T03:00,8.6,4.8,111.0,4.5,2.4,30.0,35
2024-08-11T04:00,6.3,3.7,109.0,4.2,2.4,31.0,34
2024-08-11T05:00,5.3,3.3,107.0,3.6,2.0,32.0,33
2024-08-11T06:00,4.5,2.8,116.0,4.0,2.7,32.0,33
2024-08-11T07:00,5.7,3.5,129.0,4.5,3.6,32.0,32
2024-08-11T08:00,7.3,4.3,137.0,4.6,4.2,34.0,32
2024-08-11T09:00,10.5,5.5,137.0,4.0,4.3,40.0,31
2024-08-11T10:00,10.7,5.8,132.0,3.0,4.2,49.0,31
2024-08-11T11:00,11.0,6.0,127.0,2.3,4.0,55.0,31
2024-08-11T12:00,10.4,5.4,123.0,2.0,3.7,57.0,32
2024-08-11T13:00,10.4,5.2,119.0,1.8,3.3,57.0,32
2024-08-11T14:00,10.3,5.0,117.0,2.0,3.1,55.0,32
2024-08-11T15:00,9.7,4.6,118.0,2.5,3.2,53.0,32
2024-08-11T16:00,10.7,5.4,122.0,3.3,3.5,49.0,32
2024-08-11T17:00,16.2,8.1,131.0,4.8,3.8,43.0,32
2024-08-11T18:00,14.7,8.1,139.0,6.4,4.5,39.0,32
2024-08-11T19:00,13.4,7.9,151.0,8.5,5.4,33.0,33
2024-08-11T20:00,13.6,8.1,161.0,10.2,6.1,28.0,33
2024-08-11T21:00,13.6,8.2,168.0,11.1,6.4,25.0,33
2024-08-11T22:00,13.8,8.5,172.0,11.5,6.6,23.0,33
2024-08-11T23:00,13.2,8.5,172.0,11.4,6.5,22.0,33
2024-08-12T00:00,11.4,7.4,165.0,10.6,6.1,21.0,33
2024-08-12T01:00,11.1,7.1,152.0,9.4,5.5,21.0,33
2024-08-12T02:00,10.8,7.0,141.0,8.2,4.9,22.0,33
2024-08-12T03:00,10.6,6.9,131.0,7.2,4.4,23.0,33
2024-08-12T04:00,9.7,6.2,121.0,6.3,3.9,25.0,34
2024-08-12T05:00,6.7,4.3,111.0,4.9,3.4,27.0,34
2024-08-12T06:00,7.0,4.0,119.0,5.2,3.5,27.0,35
2024-08-12T07:00,7.7,4.3,130.0,5.5,3.7,27.0,35
2024-08-12T08:00,8.6,4.8,137.0,5.4,3.8,29.0,35
2024-08-12T09:00,10.1,5.4,135.0,4.5,3.7,35.0,35
2024-08-12T10:00,11.6,6.1,128.0,3.1,3.6,44.0,35
2024-08-12T11:00,11.4,5.6,123.0,2.2,3.5,51.0,35
2024-08-12T12:00,9.6,4.9,123.0,2.0,3.5,54.0,35
2024-08-12T13:00,10.7,5.6,126.0,2.2,3.7,56.0,35
2024-08-12T14:00,11.7,6.7,128.0,2.5,3.7,56.0,35
2024-08-12T15:00,10.9,6.2,127.0,2.5,3.5,54.0,36
2024-08-12T16:00,11.1,6.3,126.0,2.6,3.2,51.0,36
2024-08-12T17:00,19.2,10.2,136.0,3.4,2.7,45.0,36
2024-08-12T18:00,19.7,11.0,157.0,6.6,4.2,39.0,37
2024-08-12T19:00,20.1,12.3,187.0,11.0,6.2,31.0,37
2024-08-12T20:00,21.3,13.3,209.0,14.3,7.9,24.0,38
2024-08-12T21:00,21.9,13.8,219.0,15.5,8.9,21.0,40
2024-08-12T22:00,22.5,14.4,223.0,15.5,9.5,19.0,41
2024-08-12T23:00,23.3,14.9,219.0,14.9,9.5,18.0,42
2024-08-13T00:00,23.3,14.5,205.0,13.4,8.7,18.0,44
2024-08-13T01:00,22.8,14.3,183.0,11.3,7.3,19.0,45
2024-08-13T02:00,22.3,13.9,165.0,9.6,6.2,20.0,47
2024-08-13T03:00,22.0,13.3,154.0,8.7,5.6,20.0,49
2024-08-13T04:00,21.8,13.1,145.0,8.2,5.3,20.0,50
2024-08-13T05:00,11.7,7.2,120.0,5.9,4.1,25.0,51
2024-08-13T06:00,12.3,7.1,124.0,5.8,4.3,26.0,51
2024-08-13T07:00,13.4,7.3,130.0,5.7,4.6,27.0,51
2024-08-13T08:00,15.7,7.5,134.0,5.3,4.7,30.0,51
2024-08-13T09:00,18.3,7.8,135.0,4.4,4.6,37.0,51
2024-08-13T10:00,22.0,8.3,134.0,3.3,4.4,45.0,52
2024-08-13T11:00,24.7,9.1,133.0,2.5,4.3,53.0,52
2024-08-13T12:00,25.3,9.1,132.0,2.1,4.3,60.0,52
2024-08-13T13:00,25.4,9.0,132.0,2.0,4.3,66.0,52
2024-08-13T14:00,23.6,9.0,133.0,2.2,4.5,70.0,53
2024-08-13T15:00,22.5,9.0,134.0,2.3,4.8,71.0,53
2024-08-13T16:00,21.6,9.3,136.0,2.7,5.2,70.0,53
2024-08-13T17:00,42.5,16.7,153.0,4.6,4.5,69.0,53
2024-08-13T18:00,37.8,16.8,175.0,8.1,5.8,59.0,54
2024-08-13T19:00,33.2,17.5,207.0,12.8,7.7,45.0,54
2024-08-13T20:00,32.4,17.7,232.0,16.5,9.4,34.0,55
2024-08-13T21:00,31.7,17.4,247.0,18.2,10.7,28.0,55
2024-08-13T22:00,30.5,17.1,256.0,18.8,11.8,25.0,55
2024-08-13T23:00,28.1,16.9,257.0,18.5,12.4,23.0,56
2024-08-14T00:00,26.7,16.5,246.0,17.0,12.3,23.0,56
2024-08-14T01:00,26.6,16.0,226.0,14.6,11.8,24.0,56
2024-08-14T02:00,26.1,15.4,211.0,12.8,11.4,24.0,56
2024-08-14T03:00,26.4,15.0,205.0,12.3,11.6,22.0,56
2024-08-14T04:00,26.0,14.9,203.0,12.4,11.9,19.0,56
2024-08-14T05:00,26.3,15.4,208.0,11.9,12.7,19.0,56
2024-08-14T06:00,29.1,15.4,198.0,10.4,12.1,22.0,57
2024-08-14T07:00,31.1,15.5,184.0,8.3,11.3,27.0,58
2024-08-14T08:00,34.0,14.3,173.0,6.5,10.3,33.0,58
2024-08-14T09:00,35.6,13.4,167.0,5.4,9.1,41.0,59
2024-08-14T10:00,39.3,13.2,163.0,4.5,7.9,51.0,59
2024-08-14T11:00,41.3,13.9,160.0,3.8,6.9,61.0,60
2024-08-14T12:00,44.4,14.9,158.0,3.1,6.3,71.0,60
2024-08-14T13:00,48.3,16.4,158.0,2.5,6.1,80.0,61
2024-08-14T14:00,54.4,18.0,160.0,2.4,6.2,88.0,61
2024-08-14T15:00,53.7,18.7,164.0,3.0,6.8,93.0,62
2024-08-14T16:00,49.2,19.0,170.0,4.1,7.7,96.0,63
2024-08-14T17:00,56.5,22.5,179.0,5.2,7.9,92.0,63
2024-08-14T18:00,45.9,22.0,200.0,8.1,10.4,88.0,64
2024-08-14T19:00,40.0,21.9,229.0,12.1,14.0,83.0,64
2024-08-14T20:00,38.0,22.3,251.0,15.1,16.9,78.0,65
2024-08-14T21:00,36.4,21.7,261.0,16.1,18.6,73.0,65
2024-08-14T22:00,36.6,21.4,264.0,16.2,19.7,68.0,65
2024-08-14T23:00,36.0,21.6,265.0,15.9,20.3,63.0,66
2024-08-15T00:00,37.0,22.0,264.0,15.5,20.2,57.0,66
2024-08-15T01:00,36.9,22.3,261.0,14.8,19.5,50.0,66
2024-08-15T02:00,37.0,22.6,258.0,14.1,18.8,44.0,67
2024-08-15T03:00,38.9,23.3,255.0,13.4,18.2,39.0,67
2024-08-15T04:00,40.9,24.2,252.0,12.7,17.7,35.0,68
2024-08-15T05:00,40.6,24.2,250.0,12.7,19.2,29.0,69
2024-08-15T06:00,41.8,23.1,240.0,11.9,19.5,29.0,70
2024-08-15T07:00,47.1,19.7,225.0,10.6,19.8,29.0,70
2024-08-15T08:00,49.7,20.1,210.0,9.3,19.2,33.0,70
2024-08-15T09:00,54.8,19.3,196.0,7.8,17.1,44.0,71
2024-08-15T10:00,61.0,19.1,183.0,6.2,14.1,58.0,71
2024-08-15T11:00,63.1,19.7,173.0,4.8,11.6,72.0,72
2024-08-15T12:00,63.3,20.7,167.0,3.7,10.0,83.0,72
2024-08-15T13:00,61.9,21.0,165.0,2.9,8.9,93.0,73
2024-08-15T14:00,61.2,21.3,165.0,2.7,8.4,101.0,73
2024-08-15T15:00,58.7,21.5,169.0,3.2,8.8,106.0,73
2024-08-15T16:00,56.7,21.8,175.0,4.2,9.9,108.0,74
2024-08-15T17:00,50.4,21.2,190.0,6.2,11.3,101.0,74
2024-08-15T18:00,44.9,21.1,198.0,7.7,12.1,93.0,74
2024-08-15T19:00,38.8,19.4,209.0,9.9,13.3,83.0,74
2024-08-15T20:00,35.7,17.5,219.0,11.8,14.2,72.0,73
2024-08-15T21:00,34.0,17.1,228.0,13.1,14.8,63.0,73
2024-08-15T22:00,33.3,17.0,237.0,14.1,15.1,54.0,73
2024-08-15T23:00,31.7,17.2,243.0,14.8,15.3,46.0,72
2024-08-16T00:00,30.6,17.1,246.0,15.0,15.2,40.0,72
2024-08-16T01:00,28.5,16.9,247.0,14.9,14.9,34.0,72
2024-08-16T02:00,30.2,17.9,246.0,14.6,14.5,30.0,71
2024-08-16T03:00,32.8,19.0,241.0,14.1,14.2,26.0,71
2024-08-16T04:00,33.4,18.7,234.0,13.3,13.9,24.0,71
2024-08-16T05:00,28.1,15.8,201.0,11.4,13.9,26.0,70
2024-08-16T06:00,28.9,15.2,198.0,10.3,12.7,27.0,69
2024-08-16T07:00,32.2,13.9,193.0,8.7,11.1,28.0,69
2024-08-16T08:00,33.4,13.1,187.0,7.1,9.5,32.0,68
2024-08-16T09:00,36.1,13.2,180.0,5.5,8.0,41.0,68
2024-08-16T10:00,40.2,13.6,173.0,3.9,6.5,54.0,67
2024-08-16T11:00,46.6,14.5,167.0,2.7,5.4,64.0,67
2024-08-16T12:00,48.3,14.9,162.0,2.2,4.8,70.0,66
2024-08-16T13:00,45.8,15.0,159.0,2.1,4.7,74.0,66
2024-08-16T14:00,39.9,14.3,157.0,2.3,4.7,76.0,66
2024-08-16T15:00,32.4,13.9,155.0,2.6,4.8,75.0,65
2024-08-16T16:00,31.4,14.4,155.0,3.3,5.2,71.0,64
2024-08-16T17:00,30.6,13.9,177.0,6.2,6.8,66.0,64
2024-08-16T18:00,30.0,15.2,193.0,8.6,8.4,61.0,63
2024-08-16T19:00,29.9,16.1,214.0,12.0,10.7,54.0,63
2024-08-16T20:00,31.1,16.6,231.0,14.5,12.6,48.0,63
2024-08-16T21:00,31.1,16.6,238.0,15.5,13.7,43.0,62
2024-08-16T22:00,30.7,16.8,240.0,15.7,14.5,39.0,62
2024-08-16T23:00,29.9,16.8,238.0,15.6,15.0,35.0,62
2024-08-17T00:00,28.7,16.4,231.0,15.1,15.3,32.0,62
2024-08-17T01:00,30.3,16.4,221.0,14.3,15.3,30.0,62
2024-08-17T02:00,31.7,16.9,216.0,13.8,15.4,27.0,62
2024-08-17T03:00,30.6,17.3,220.0,14.2,15.5,23.0,62
2024-08-17T04:00,30.7,17.9,229.0,14.9,15.7,19.0,62
2024-08-17T05:00,34.1,17.2,200.0,13.1,17.4,23.0,62
2024-08-17T06:00,37.5,17.6,203.0,12.5,16.5,23.0,62
2024-08-17T07:00,39.0,17.9,206.0,11.5,15.2,23.0,62
2024-08-17T08:00,41.4,18.2,207.0,10.2,13.7,28.0,63
2024-08-17T09:00,49.6,20.8,203.0,8.2,12.0,39.0,63
2024-08-17T10:00,47.3,19.6,197.0,5.9,10.1,55.0,64
2024-08-17T11:00,48.8,20.0,191.0,4.1,8.5,69.0,64
2024-08-17T12:00,46.6,19.6,185.0,3.0,7.4,82.0,65
2024-08-17T13:00,45.8,19.8,179.0,2.4,6.7,93.0,65
2024-08-17T14:00,44.6,19.6,178.0,2.6,6.4,98.0,65
2024-08-17T15:00,38.5,18.2,183.0,4.0,6.6,92.0,66
2024-08-17T16:00,34.6,18.2,192.0,6.2,7.2,80.0,66
2024-08-17T17:00,41.6,22.1,208.0,7.9,7.4,80.0,66
2024-08-17T18:00,42.4,24.5,246.0,12.3,9.5,72.0,67
2024-08-17T19:00,42.4,26.2,299.0,18.2,12.3,61.0,68
2024-08-17T20:00,42.4,26.6,334.0,22.1,14.8,53.0,68
2024-08-17T21:00,41.6,25.8,337.0,22.2,16.4,51.0,69
2024-08-17T22:00,39.2,24.6,324.0,20.3,17.6,51.0,70
2024-08-17T23:00,36.0,23.2,305.0,18.0,18.3,52.0,71
2024-08-18T00:00,33.6,21.8,280.0,15.4,18.2,53.0,71
2024-08-18T01:00,30.7,19.7,251.0,12.5,17.6,55.0,72
2024-08-18T02:00,27.1,16.9,231.0,10.5,17.0,54.0,72
2024-08-18T03:00,25.6,15.7,229.0,10.3,16.3,48.0,72
2024-08-18T04:00,25.4,16.1,237.0,11.1,15.6,40.0,72
2024-08-18T05:00,18.9,11.8,217.0,7.0,12.2,63.0,72
2024-08-18T06:00,19.3,12.0,225.0,8.0,11.8,62.0,71
2024-08-18T07:00,19.6,12.3,235.0,9.2,11.2,62.0,71
2024-08-18T08:00,19.5,12.3,240.0,9.5,10.2,64.0,70
2024-08-18T09:00,18.7,11.9,234.0,7.9,8.5,72.0,70
2024-08-18T10:00,17.2,11.1,223.0,5.3,6.4,82.0,69
2024-08-18T11:00,16.4,10.7,213.0,3.4,4.7,90.0,68
2024-08-18T12:00,15.0,9.8,207.0,2.8,3.6,94.0,68
2024-08-18T13:00,13.9,9.2,203.0,2.8,2.9,95.0,67
2024-08-18T14:00,15.8,10.7,203.0,3.4,2.8,95.0,66
2024-08-18T15:00,16.1,11.0,206.0,4.3,3.4,93.0,65
2024-08-18T16:00,16.2,11.1,212.0,5.8,4.7,89.0,65
2024-08-18T17:00,31.1,21.4,217.0,6.6,4.5,86.0,64
2024-08-18T18:00,32.9,22.6,254.0,10.8,6.7,76.0,64
2024-08-18T19:00,35.2,24.4,305.0,16.7,9.7,62.0,64
2024-08-18T20:00,34.0,23.6,347.0,21.2,12.1,51.0,64
2024-08-18T21:00,32.8,22.8,373.0,23.3,13.5,46.0,64
2024-08-18T22:00,34.1,23.7,390.0,24.1,14.3,43.0,63
2024-08-18T23:00,37.0,25.8,400.0,24.1,14.6,40.0,63
2024-08-19T00:00,37.5,26.1,402.0,23.3,14.4,36.0,64
2024-08-19T01:00,37.8,26.4,397.0,21.7,13.9,32.0,64
2024-08-19T02:00,36.4,25.4,386.0,19.8,13.1,30.0,64
2024-08-19T03:00,32.4,22.5,367.0,17.5,12.2,30.0,65
2024-08-19T04:00,23.7,16.6,342.0,15.0,11.2,31.0,66
2024-08-19T05:00,18.9,13.3,262.0,8.8,8.8,48.0,66
2024-08-19T06:00,18.3,12.9,264.0,9.0,7.8,48.0,66
2024-08-19T07:00,17.7,12.5,267.0,9.2,6.4,50.0,66
2024-08-19T08:00,19.9,14.1,265.0,8.8,5.2,55.0,66
2024-08-19T09:00,20.7,14.6,255.0,7.0,4.2,67.0,66
2024-08-19T10:00,20.2,14.2,242.0,4.6,3.4,84.0,66
2024-08-19T11:00,29.1,20.3,232.0,2.8,2.9,98.0,66
2024-08-19T12:00,22.9,16.0,229.0,2.0,2.7,109.0,67
2024-08-19T13:00,23.3,16.2,229.0,1.8,2.9,117.0,68
2024-08-19T14:00,23.9,16.7,231.0,2.2,3.3,121.0,68
2024-08-19T15:00,23.5,16.4,232.0,3.2,3.9,119.0,69
2024-08-19T16:00,23.2,16.2,235.0,4.8,4.7,112.0,69
2024-08-19T17:00,26.7,18.9,261.0,9.4,7.6,90.0,70
2024-08-19T18:00,24.6,17.3,267.0,10.3,8.3,88.0,69
2024-08-19T19:00,23.5,16.6,275.0,11.7,9.3,85.0,69
2024-08-19T20:00,23.2,16.4,289.0,13.2,10.2,80.0,68
2024-08-19T21:00,22.9,16.1,312.0,15.0,11.1,73.0,68
2024-08-19T22:00,24.3,17.1,339.0,16.9,12.1,64.0,67
2024-08-19T23:00,25.0,17.6,360.0,18.1,12.6,57.0,67
2024-08-20T00:00,24.6,17.3,369.0,18.3,12.5,51.0,66
2024-08-20T01:00,24.6,17.3,372.0,17.9,11.9,46.0,65
2024-08-20T02:00,24.0,16.9,368.0,16.9,11.5,43.0,65
2024-08-20T03:00,24.0,16.9,356.0,15.0,11.3,42.0,64
2024-08-20T04:00,19.7,13.8,338.0,12.6,11.3,44.0,64
2024-08-20T05:00,14.7,10.3,353.0,13.4,10.9,39.0,63
2024-08-20T06:00,16.3,11.4,343.0,12.5,11.7,48.0,63
2024-08-20T07:00,18.7,13.1,329.0,11.1,12.6,61.0,63
2024-08-20T08:00,20.3,14.3,311.0,9.4,12.5,75.0,63
2024-08-20T09:00,22.4,15.7,289.0,6.9,10.5,91.0,63
2024-08-20T10:00,23.9,16.8,263.0,4.1,7.4,108.0,63
2024-08-20T11:00,23.4,16.5,241.0,2.1,4.9,118.0,63
2024-08-20T12:00,21.6,15.1,223.0,1.4,3.4,117.0,63
2024-08-20T13:00,20.5,14.2,208.0,1.5,2.4,109.0,63
2024-08-20T14:00,21.8,15.0,199.0,2.0,1.9,101.0,63
2024-08-20T15:00,21.9,15.0,197.0,2.7,1.9,97.0,63
2024-08-20T16:00,22.1,15.1,202.0,3.8,2.5,94.0,63
2024-08-20T17:00,29.0,20.3,228.0,6.7,4.8,89.0,62
2024-08-20T18:00,29.2,20.5,248.0,9.3,7.0,83.0,63
2024-08-20T19:00,29.3,20.7,275.0,12.7,9.9,74.0,63
2024-08-20T20:00,28.2,19.9,290.0,14.7,11.7,67.0,63
2024-08-20T21:00,26.8,19.0,281.0,13.8,11.4,65.0,63
2024-08-20T22:00,23.2,16.5,259.0,11.4,9.9,66.0,64
2024-08-20T23:00,15.9,11.4,239.0,9.2,8.3,66.0,64
2024-08-21T00:00,11.8,8.5,225.0,7.8,6.8,65.0,63
2024-08-21T01:00,9.1,6.5,212.0,6.7,5.2,63.0,62
2024-08-21T02:00,7.9,5.7,205.0,6.1,4.1,61.0,62
2024-08-21T03:00,7.7,5.5,205.0,6.3,3.8,57.0,61
2024-08-21T04:00,8.1,5.8,210.0,6.9,4.1,53.0,60
2024-08-21T05:00,10.4,7.4,251.0,10.4,7.3,40.0,59
2024-08-21T06:00,13.0,9.2,256.0,10.5,6.7,43.0,59
2024-08-21T07:00,18.3,12.8,263.0,10.4,5.9,47.0,59
2024-08-21T08:00,21.7,15.3,265.0,9.7,5.0,55.0,59
2024-08-21T09:00,21.8,15.4,256.0,7.6,4.1,68.0,59
2024-08-21T10:00,19.6,13.9,242.0,4.8,3.2,85.0,59
2024-08-21T11:00,19.9,14.1,231.0,2.7,2.5,98.0,59
2024-08-21T12:00,19.0,13.4,226.0,1.8,1.9,106.0,58
2024-08-21T13:00,15.7,11.1,225.0,1.7,1.5,110.0,58
2024-08-21T14:00,14.6,10.2,226.0,2.1,1.5,111.0,58
2024-08-21T15:00,14.5,10.2,229.0,3.0,2.0,109.0,58
2024-08-21T16:00,15.2,10.7,234.0,4.5,2.8,104.0,57
2024-08-21T17:00,27.1,19.2,256.0,6.7,3.6,96.0,57
2024-08-21T18:00,27.1,19.2,276.0,9.2,5.3,90.0,57
2024-08-21T19:00,28.0,19.8,304.0,12.7,7.7,81.0,57
2024-08-21T20:00,29.8,21.1,326.0,15.3,9.7,74.0,57
2024-08-21T21:00,32.5,22.9,336.0,16.2,11.0,69.0,57
2024-08-21T22:00,32.7,23.1,341.0,16.3,12.0,66.0,57
2024-08-21T23:00,32.5,22.9,342.0,16.0,12.4,63.0,58
2024-08-22T00:00,32.2,22.7,339.0,15.3,12.0,60.0,58
2024-08-22T01:00,31.1,21.9,333.0,14.2,11.1,56.0,60
2024-08-22T02:00,31.3,22.1,329.0,13.2,10.2,53.0,61
2024-08-22T03:00,30.2,21.3,331.0,12.6,9.6,48.0,62
2024-08-22T04:00,27.0,19.0,334.0,12.0,9.0,42.0,63
2024-08-22T05:00,23.2,16.4,348.0,11.7,10.0,43.0,64
2024-08-22T06:00,21.9,15.5,342.0,11.6,11.1,52.0,65
2024-08-22T07:00,24.9,17.5,334.0,11.4,12.6,66.0,66
2024-08-22T08:00,25.7,18.0,323.0,10.6,13.2,80.0,66
2024-08-22T09:00,26.4,18.5,309.0,8.7,12.0,94.0,66
2024-08-22T10:00,26.7,18.7,294.0,6.1,9.8,108.0,66
2024-08-22T11:00,26.4,18.5,280.0,4.1,7.9,120.0,67
2024-08-22T12:00,25.6,17.9,270.0,2.9,6.8,130.0,67
2024-08-22T13:00,25.0,17.4,261.0,2.3,5.9,137.0,67
2024-08-22T14:00,27.2,18.9,253.0,2.4,5.4,137.0,68
2024-08-22T15:00,27.3,18.9,242.0,3.4,5.1,126.0,69
2024-08-22T16:00,22.0,15.3,231.0,5.1,5.2,107.0,69
2024-08-22T17:00,29.4,20.3,225.0,4.9,3.0,95.0,71
2024-08-22T18:00,27.9,19.3,261.0,9.9,4.3,79.0,71
2024-08-22T19:00,27.9,19.4,310.0,16.7,6.2,58.0,70
2024-08-22T20:00,29.3,20.4,337.0,20.8,7.6,43.0,70
2024-08-22T21:00,28.0,19.5,323.0,19.8,8.4,41.0,70
2024-08-22T22:00,24.4,17.0,287.0,16.2,8.7,46.0,69
2024-08-22T23:00,21.0,14.5,256.0,13.1,8.7,49.0,69
2024-08-23T00:00,17.1,11.8,240.0,11.7,8.0,45.0,68
2024-08-23T01:00,10.4,7.3,228.0,10.9,6.9,40.0,67
2024-08-23T02:00,9.1,6.4,220.0,10.3,6.1,35.0,66
2024-08-23T03:00,9.1,6.4,216.0,10.0,5.9,33.0,65
2024-08-23T04:00,9.4,6.6,216.0,10.0,6.0,31.0,64
2024-08-23T05:00,16.9,11.9,275.0,13.3,6.5,19.0,63
2024-08-23T06:00,13.1,9.3,264.0,12.7,6.7,21.0,63
2024-08-23T07:00,13.0,9.2,249.0,11.8,6.8,25.0,62
2024-08-23T08:00,10.8,7.7,231.0,10.5,6.7,30.0,61
2024-08-23T09:00,9.1,6.4,210.0,8.3,5.9,38.0,61
2024-08-23T10:00,8.4,5.9,187.0,5.6,4.8,48.0,60
2024-08-23T11:00,7.5,5.3,169.0,3.7,4.0,55.0,59
2024-08-23T12:00,7.1,5.0,158.0,3.0,3.6,58.0,58
2024-08-23T13:00,7.2,5.0,151.0,3.1,3.5,57.0,57
2024-08-23T14:00,7.0,4.8,149.0,3.6,3.5,56.0,56
2024-08-23T15:00,7.4,5.1,152.0,4.4,3.6,54.0,55
2024-08-23T16:00,7.9,5.4,159.0,5.6,3.9,50.0,53
2024-08-23T17:00,10.0,6.7,169.0,7.7,3.9,40.0,53
2024-08-23T18:00,9.2,6.3,188.0,10.1,4.6,35.0,52
2024-08-23T19:00,10.4,7.3,215.0,13.4,5.6,29.0,51
2024-08-23T20:00,11.4,8.0,235.0,15.8,6.5,24.0,49
2024-08-23T21:00,10.9,7.7,244.0,16.4,7.1,21.0,46
2024-08-23T22:00,11.0,7.8,246.0,16.1,7.6,20.0,43
2024-08-23T23:00,10.3,7.3,241.0,15.3,7.8,20.0,41
2024-08-24T00:00,7.2,5.1,227.0,13.9,7.7,21.0,39
2024-08-24T01:00,5.2,3.7,206.0,11.9,7.3,22.0,38
2024-08-24T02:00,4.6,3.3,189.0,10.3,7.0,24.0,37
2024-08-24T03:00,4.1,2.9,177.0,9.0,6.7,26.0,36
2024-08-24T04:00,3.8,2.6,167.0,8.0,6.4,28.0,36
2024-08-24T05:00,4.9,3.2,171.0,8.5,7.2,27.0,35
2024-08-24T06:00,4.5,3.0,185.0,9.5,7.6,27.0,33
2024-08-24T07:00,5.9,4.0,205.0,10.7,8.1,26.0,31
2024-08-24T08:00,6.5,4.5,216.0,11.4,8.6,28.0,30
2024-08-24T09:00,5.9,4.1,211.0,10.9,9.0,34.0,29
2024-08-24T10:00,5.5,3.9,198.0,9.8,9.4,41.0,29
2024-08-24T11:00,5.5,3.9,185.0,8.6,9.1,46.0,28
2024-08-24T12:00,6.4,4.7,172.0,7.5,7.6,45.0,28
2024-08-24T13:00,4.4,3.2,159.0,6.3,5.4,41.0,28
2024-08-24T14:00,2.6,1.9,151.0,5.6,3.8,38.0,27
2024-08-24T15:00,2.5,1.8,150.0,5.6,3.2,37.0,27
2024-08-24T16:00,3.6,2.7,154.0,6.1,3.2,36.0,26
2024-08-24T17:00,5.8,3.5,163.0,8.1,3.9,33.0,25
2024-08-24T18:00,4.1,2.9,163.0,8.0,4.0,33.0,25
2024-08-24T19:00,3.9,2.8,163.0,7.8,4.1,34.0,24
2024-08-24T20:00,3.1,2.2,161.0,7.4,4.1,35.0,23
2024-08-24T21:00,2.8,2.0,157.0,6.6,3.9,36.0,21
2024-08-24T22:00,3.4,2.4,151.0,5.6,3.5,37.0,20
2024-08-24T23:00,3.7,2.6,145.0,4.7,3.2,38.0,19
2024-08-25T00:00,2.2,1.6,140.0,3.9,3.0,38.0,18
2024-08-25T01:00,1.2,0.9,134.0,3.2,2.8,38.0,17
2024-08-25T02:00,0.9,0.7,130.0,2.7,2.7,38.0,17
2024-08-25T03:00,1.2,0.9,126.0,2.3,2.5,38.0,17
2024-08-25T04:00,1.2,0.9,123.0,2.2,2.4,38.0,17
2024-08-25T05:00,0.4,0.3,116.0,2.0,2.0,39.0,17
2024-08-25T06:00,0.6,0.4,125.0,3.0,2.3,37.0,18
2024-08-25T07:00,1.3,0.9,137.0,4.4,2.7,34.0,18
2024-08-25T08:00,2.0,1.5,144.0,5.1,3.0,33.0,17
2024-08-25T09:00,2.1,1.5,141.0,4.5,2.9,35.0,17
2024-08-25T10:00,2.6,1.8,133.0,3.3,2.6,38.0,17
2024-08-25T11:00,2.2,1.5,127.0,2.3,2.4,42.0,17
2024-08-25T12:00,4.8,3.2,127.0,1.9,2.4,46.0,17
2024-08-25T13:00,5.9,3.9,129.0,1.9,2.6,51.0,18
2024-08-25T14:00,7.8,4.8,133.0,2.2,2.7,54.0,18
2024-08-25T15:00,7.4,4.8,139.0,3.1,2.7,53.0,19
2024-08-25T16:00,3.9,2.5,147.0,4.5,2.6,50.0,20
2024-08-25T17:00,2.6,1.6,153.0,6.5,3.0,47.0,21
2024-08-25T18:00,2.5,1.7,150.0,6.3,3.0,48.0,22
2024-08-25T19:00,2.2,1.5,147.0,6.0,3.1,50.0,23
2024-08-25T20:00,2.4,1.7,143.0,5.7,3.1,51.0,23
2024-08-25T21:00,2.8,2.0,140.0,5.6,3.1,50.0,23
2024-08-25T22:00,2.4,1.7,137.0,5.4,3.1,47.0,23
2024-08-25T23:00,2.9,1.8,133.0,5.2,3.0,45.0,23
2024-08-26T00:00,3.2,2.0,126.0,4.7,2.8,44.0,22
2024-08-26T01:00,2.0,1.4,119.0,4.0,2.6,43.0,22
2024-08-26T02:00,1.7,1.2,112.0,3.5,2.4,42.0,22
2024-08-26T03:00,2.1,1.3,106.0,3.0,2.3,42.0,22
2024-08-26T04:00,1.4,0.9,101.0,2.7,2.2,42.0,21
2024-08-26T05:00,3.4,2.1,100.0,2.6,2.3,40.0,21
2024-08-26T06:00,2.2,1.5,112.0,3.6,2.6,39.0,20
2024-08-26T07:00,2.0,1.4,128.0,4.9,3.1,38.0,20
2024-08-26T08:00,3.5,2.3,139.0,5.6,3.3,39.0,19
2024-08-26T09:00,5.1,3.1,138.0,4.9,3.1,43.0,19
2024-08-26T10:00,4.3,2.8,131.0,3.4,2.8,49.0,19
2024-08-26T11:00,3.9,2.4,125.0,2.4,2.5,53.0,19
2024-08-26T12:00,6.1,4.0,123.0,2.2,2.5,55.0,20
2024-08-26T13:00,5.6,3.6,122.0,2.3,2.5,55.0,21
2024-08-26T14:00,5.2,3.2,122.0,2.7,2.6,54.0,22
2024-08-26T15:00,7.9,5.1,124.0,3.4,2.7,51.0,22
2024-08-26T16:00,5.3,3.7,127.0,4.4,2.7,48.0,23
2024-08-26T17:00,8.7,5.1,130.0,5.5,2.9,42.0,24
2024-08-26T18:00,7.2,4.5,132.0,6.1,3.1,40.0,24
2024-08-26T19:00,6.4,4.3,135.0,6.8,3.5,37.0,23
2024-08-26T20:00,6.1,4.1,137.0,7.3,3.7,35.0,22
2024-08-26T21:00,4.9,3.4,139.0,7.3,3.8,34.0,21
2024-08-26T22:00,3.9,2.8,141.0,7.1,3.8,35.0,20
2024-08-26T23:00,2.6,1.8,139.0,6.6,3.7,35.0,19
2024-08-27T00:00,1.6,1.1,131.0,5.6,3.3,35.0,18
2024-08-27T01:00,1.3,0.9,120.0,4.4,2.7,36.0,17
2024-08-27T02:00,1.1,0.8,112.0,3.5,2.3,36.0,17
2024-08-27T03:00,1.0,0.7,108.0,3.1,2.2,36.0,16
2024-08-27T04:00,0.9,0.6,108.0,2.9,2.2,36.0,16
2024-08-27T05:00,1.4,0.9,109.0,2.8,1.9,37.0,16
2024-08-27T06:00,1.2,0.8,116.0,3.4,2.1,36.0,17
2024-08-27T07:00,1.5,1.0,126.0,4.1,2.4,35.0,17
2024-08-27T08:00,2.8,1.7,131.0,4.4,2.6,36.0,17
2024-08-27T09:00,4.2,2.7,127.0,3.7,2.5,39.0,17
2024-08-27T10:00,4.3,2.8,119.0,2.6,2.2,44.0,17
2024-08-27T11:00,3.5,2.1,113.0,1.8,2.0,48.0,17
2024-08-27T12:00,5.0,2.6,110.0,1.5,2.1,50.0,18
2024-08-27T13:00,6.9,4.0,109.0,1.5,2.2,52.0,19
2024-08-27T14:00,7.4,4.4,110.0,1.9,2.4,52.0,20
2024-08-27T15:00,6.5,4.2,115.0,2.8,2.6,50.0,21
2024-08-27T16:00,6.7,4.3,122.0,4.0,2.8,46.0,22
2024-08-27T17:00,4.0,2.6,120.0,3.7,2.1,40.0,22
2024-08-27T18:00,5.3,3.5,128.0,4.9,2.6,38.0,22
2024-08-27T19:00,4.2,2.9,139.0,6.6,3.3,34.0,22
2024-08-27T20:00,3.3,2.3,146.0,7.6,3.7,32.0,21
2024-08-27T21:00,2.8,1.9,146.0,7.5,3.7,32.0,20
2024-08-27T22:00,2.6,1.8,143.0,6.8,3.4,32.0,19
2024-08-27T23:00,2.3,1.6,138.0,6.0,3.1,33.0,18
2024-08-28T00:00,1.6,1.1,131.0,5.1,2.8,34.0,17
2024-08-28T01:00,1.5,1.0,121.0,4.0,2.4,35.0,16
2024-08-28T02:00,1.2,0.8,114.0,3.2,2.1,36.0,16
2024-08-28T03:00,1.1,0.8,109.0,2.8,2.0,36.0,16
2024-08-28T04:00,1.3,0.9,107.0,2.6,2.0,35.0,16
2024-08-28T05:00,3.4,2.1,113.0,2.9,0.8,32.0,16
2024-08-28T06:00,3.0,2.0,119.0,3.2,1.3,32.0,16
2024-08-28T07:00,5.3,3.1,128.0,3.5,1.9,32.0,16
2024-08-28T08:00,6.9,3.7,132.0,3.6,2.4,33.0,16
2024-08-28T09:00,9.8,5.0,128.0,3.2,2.5,36.0,16
2024-08-28T10:00,10.9,5.5,120.0,2.5,2.4,40.0,16
2024-08-28T11:00,7.7,3.8,114.0,1.9,2.3,43.0,16
2024-08-28T12:00,6.3,3.0,110.0,1.5,2.1,46.0,16
2024-08-28T13:00,6.3,2.9,108.0,1.2,2.0,48.0,17
2024-08-28T14:00,8.3,3.7,109.0,1.4,1.9,48.0,18
2024-08-28T15:00,10.4,5.5,113.0,2.2,2.0,46.0,19
2024-08-28T16:00,9.3,5.0,120.0,3.5,2.2,41.0,20
2024-08-28T17:00,23.1,11.0,120.0,4.0,3.2,44.0,20
2024-08-28T18:00,17.8,9.5,127.0,5.4,3.5,39.0,21
2024-08-28T19:00,14.5,8.1,136.0,7.2,3.8,31.0,21
2024-08-28T20:00,11.7,7.0,142.0,8.4,4.0,26.0,20
2024-08-28T21:00,7.7,4.8,141.0,8.4,3.8,24.0,21
2024-08-28T22:00,5.7,3.6,137.0,7.8,3.5,24.0,22
2024-08-28T23:00,5.0,3.2,131.0,7.0,3.1,25.0,22
2024-08-29T00:00,4.1,2.6,122.0,5.9,2.6,26.0,22
2024-08-29T01:00,3.8,2.4,111.0,4.6,2.1,27.0,23
2024-08-29T02:00,4.4,2.6,103.0,3.7,1.8,28.0,23
2024-08-29T03:00,4.5,2.5,102.0,3.4,1.8,28.0,24
2024-08-29T04:00,3.8,2.2,104.0,3.5,1.9,27.0,24
2024-08-29T05:00,2.7,1.5,107.0,3.4,2.1,27.0,24
2024-08-29T06:00,3.6,1.9,115.0,3.8,2.3,27.0,24
2024-08-29T07:00,4.9,2.5,126.0,4.3,2.7,27.0,24
2024-08-29T08:00,5.8,3.0,133.0,4.4,2.9,29.0,24
2024-08-29T09:00,8.4,4.2,132.0,3.7,2.9,34.0,24
2024-08-29T10:00,9.7,5.0,127.0,2.7,2.8,42.0,24
2024-08-29T11:00,11.9,5.6,122.0,1.9,2.7,47.0,23
2024-08-29T12:00,14.6,6.5,118.0,1.5,2.5,49.0,24
2024-08-29T13:00,16.6,6.8,114.0,1.4,2.2,50.0,25
2024-08-29T14:00,17.9,6.7,114.0,1.7,2.2,49.0,26
2024-08-29T15:00,18.5,6.7,120.0,2.6,2.5,47.0,26
2024-08-29T16:00,20.0,7.6,129.0,3.9,3.1,45.0,27
2024-08-29T17:00,29.0,11.4,142.0,4.6,3.5,45.0,27
2024-08-29T18:00,27.1,11.4,153.0,6.3,4.2,40.0,27
2024-08-29T19:00,24.8,11.0,167.0,8.7,5.1,33.0,28
2024-08-29T20:00,21.7,10.4,176.0,10.2,5.6,27.0,28
2024-08-29T21:00,17.5,9.1,175.0,10.2,5.3,25.0,29
2024-08-29T22:00,14.3,8.1,168.0,9.5,4.6,24.0,30
2024-08-29T23:00,12.4,6.8,159.0,8.4,3.9,24.0,31
2024-08-30T00:00,10.6,5.4,146.0,7.0,3.1,25.0,32
2024-08-30T01:00,9.3,4.3,130.0,5.3,2.3,27.0,33
2024-08-30T02:00,8.4,3.6,119.0,4.0,1.7,29.0,33
2024-08-30T03:00,7.2,3.3,114.0,3.5,1.4,29.0,33
2024-08-30T04:00,6.5,3.4,114.0,3.4,1.3,28.0,34
2024-08-30T05:00,5.7,2.8,121.0,4.1,2.4,27.0,34
2024-08-30T06:00,3.9,2.1,129.0,4.6,2.7,27.0,34
2024-08-30T07:00,4.1,2.4,139.0,5.2,3.2,27.0,34
2024-08-30T08:00,4.9,2.9,145.0,5.4,3.5,29.0,34
2024-08-30T09:00,7.5,3.9,143.0,4.6,3.7,35.0,34
2024-08-30T10:00,10.9,5.0,137.0,3.3,3.7,43.0,34
2024-08-30T11:00,14.1,5.3,131.0,2.3,3.7,50.0,34
2024-08-30T12:00,17.5,6.0,126.0,1.8,3.5,54.0,34
2024-08-30T13:00,18.1,6.1,122.0,1.7,3.2,57.0,34
2024-08-30T14:00,19.3,6.1,120.0,1.8,3.1,57.0,34
2024-08-30T15:00,22.4,6.6,120.0,2.2,3.2,55.0,34
2024-08-30T16:00,24.5,7.0,122.0,3.0,3.4,51.0,34
2024-08-30T17:00,23.4,7.5,138.0,4.6,3.7,46.0,33
2024-08-30T18:00,22.2,7.9,145.0,6.2,4.4,41.0,33
2024-08-30T19:00,20.5,7.9,154.0,8.3,5.3,33.0,32
2024-08-30T20:00,18.3,7.2,160.0,9.9,6.0,27.0,31
2024-08-30T21:00,16.4,7.4,162.0,10.4,6.1,24.0,30
2024-08-30T22:00,15.6,7.3,162.0,10.3,5.9,23.0,30
2024-08-30T23:00,12.7,6.3,158.0,9.8,5.6,23.0,30
2024-08-31T00:00,10.9,5.3,146.0,8.6,5.1,23.0,30
2024-08-31T01:00,8.4,4.2,131.0,7.0,4.4,24.0,30
2024-08-31T02:00,6.7,3.6,119.0,5.8,3.9,25.0,30
2024-08-31T03:00,5.8,3.2,114.0,5.3,3.8,25.0,30
2024-08-31T04:00,5.1,2.9,113.0,5.2,3.8,24.0,29
2024-08-31T05:00,5.3,3.0,103.0,3.8,2.7,29.0,29
2024-08-31T06:00,5.4,2.9,112.0,4.3,3.1,28.0,29
2024-08-31T07:00,6.1,3.2,124.0,5.0,3.6,27.0,30
2024-08-31T08:00,8.3,3.8,132.0,5.2,4.0,29.0,30
2024-08-31T09:00,11.6,4.8,132.0,4.4,4.0,37.0,30
2024-08-31T10:00,14.1,5.3,127.0,3.1,3.8,47.0,30
2024-08-31T11:00,17.0,6.0,123.0,2.2,3.6,55.0,30
2024-08-31T12:00,17.6,6.3,121.0,1.9,3.2,56.0,30
2024-08-31T13:00,19.4,7.0,119.0,2.0,2.6,55.0,31
2024-08-31T14:00,19.6,7.5,120.0,2.4,2.5,53.0,31
2024-08-31T15:00,19.0,8.0,124.0,3.1,3.1,53.0,31
2024-08-31T16:00,18.6,8.2,130.0,4.0,4.0,52.0,31
2024-08-31T17:00,22.9,10.3,151.0,4.8,5.5,64.0,32
2024-08-31T18:00,20.4,10.6,163.0,7.1,6.6,56.0,32
2024-08-31T19:00,18.4,10.4,179.0,10.2,8.0,44.0,33
2024-08-31T20:00,17.3,10.1,190.0,12.4,9.1,34.0,33
2024-08-31T21:00,16.7,9.9,193.0,13.1,9.5,28.0,34
2024-08-31T22:00,15.9,9.6,191.0,12.9,9.4,24.0,35
2024-08-31T23:00,14.5,9.2,184.0,12.2,9.0,22.0,35
2024-09-01T00:00,12.4,7.9,171.0,10.9,8.1,21.0,36
2024-09-01T01:00,10.6,6.8,153.0,9.1,6.8,22.0,37
2024-09-01T02:00,8.8,5.7,138.0,7.6,5.5,23.0,37
2024-09-01T03:00,8.4,5.6,127.0,6.5,4.2,24.0,38
2024-09-01T04:00,10.7,7.1,120.0,5.7,3.1,24.0,38
2024-09-01T05:00,13.5,8.6,127.0,6.8,5.6,23.0,39
2024-09-01T06:00,15.4,8.8,134.0,7.1,5.7,24.0,40
2024-09-01T07:00,19.1,8.5,143.0,7.4,5.9,25.0,42
2024-09-01T08:00,19.0,8.7,148.0,7.5,6.1,27.0,43
2024-09-01T09:00,21.0,8.4,145.0,7.0,6.3,30.0,44
2024-09-01T10:00,24.2,8.1,139.0,6.2,6.5,35.0,45
2024-09-01T11:00,26.5,8.2,136.0,5.8,6.8,38.0,46
2024-09-01T12:00,26.0,8.8,142.0,6.2,7.4,40.0,46
2024-09-01T13:00,24.2,9.3,152.0,7.1,8.0,41.0,47
2024-09-01T14:00,24.4,10.4,160.0,7.9,8.4,41.0,47
2024-09-01T15:00,23.9,10.6,163.0,8.3,8.2,41.0,48
2024-09-01T16:00,21.0,10.1,165.0,8.6,7.8,41.0,49
2024-09-01T17:00,20.5,10.4,188.0,11.8,8.9,33.0,49
2024-09-01T18:00,18.7,9.7,190.0,12.3,9.6,32.0,49
2024-09-01T19:00,17.2,9.5,192.0,12.9,10.5,31.0,49
2024-09-01T20:00,17.4,9.5,193.0,13.3,11.2,29.0,49
2024-09-01T21:00,18.2,9.8,193.0,13.3,11.6,27.0,48
2024-09-01T22:00,19.2,10.2,191.0,13.0,11.7,25.0,48
2024-09-01T23:00,19.3,10.4,185.0,12.3,11.2,24.0,49
2024-09-02T00:00,20.4,10.5,170.0,10.7,9.7,24.0,49
2024-09-02T01:00,20.6,10.1,150.0,8.5,7.6,25.0,49
2024-09-02T02:00,18.3,8.6,136.0,7.0,6.1,26.0,50
2024-09-02T03:00,17.2,7.7,132.0,6.5,5.7,26.0,50
2024-09-02T04:00,13.3,6.1,134.0,6.6,6.0,25.0,50
2024-09-02T05:00,5.1,2.4,129.0,5.5,4.7,25.0,50
2024-09-02T06:00,3.5,1.7,136.0,6.4,5.2,25.0,50
2024-09-02T07:00,4.1,2.3,145.0,7.7,5.9,24.0,48
2024-09-02T08:00,5.5,3.0,152.0,8.4,6.5,25.0,47
2024-09-02T09:00,7.3,4.0,155.0,7.9,7.0,28.0,45
2024-09-02T10:00,9.3,4.4,155.0,6.9,7.5,32.0,44
2024-09-02T11:00,10.6,5.7,155.0,6.2,7.9,36.0,43
2024-09-02T12:00,13.0,6.8,154.0,6.1,8.1,40.0,43
2024-09-02T13:00,15.4,7.9,153.0,6.4,8.1,44.0,42
2024-09-02T14:00,16.0,8.6,154.0,6.9,8.1,46.0,42
2024-09-02T15:00,16.2,8.4,158.0,7.9,7.9,45.0,42
2024-09-02T16:00,16.9,8.7,163.0,9.2,7.7,41.0,41
2024-09-02T17:00,6.4,4.0,190.0,15.4,12.8,24.0,41
2024-09-02T18:00,4.7,3.1,189.0,15.0,12.5,25.0,39
2024-09-02T19:00,3.8,2.6,187.0,14.5,12.0,26.0,38
2024-09-02T20:00,3.4,2.4,185.0,13.8,11.5,26.0,36
2024-09-02T21:00,3.2,2.2,184.0,13.0,11.0,25.0,35
2024-09-02T22:00,2.7,1.9,182.0,12.1,10.4,24.0,33
2024-09-02T23:00,2.4,1.7,177.0,11.0,9.6,24.0,31
2024-09-03T00:00,2.3,1.6,166.0,9.4,8.3,25.0,29
2024-09-03T01:00,2.4,1.6,152.0,7.6,6.8,28.0,27
2024-09-03T02:00,2.2,1.5,141.0,6.2,5.6,29.0,25
2024-09-03T03:00,1.9,1.3,134.0,5.6,5.1,28.0,23
2024-09-03T04:00,1.9,1.3,130.0,5.4,4.9,27.0,22
2024-09-03T05:00,2.6,1.7,119.0,4.3,3.3,30.0,21
2024-09-03T06:00,4.6,2.7,126.0,4.9,3.3,30.0,20
2024-09-03T07:00,6.6,3.5,136.0,5.7,3.2,29.0,21
2024-09-03T08:00,5.8,3.1,141.0,5.9,3.2,31.0,21
2024-09-03T09:00,5.4,3.0,138.0,5.0,3.4,37.0,21
2024-09-03T10:00,6.2,3.6,131.0,3.6,3.6,44.0,21
2024-09-03T11:00,7.7,4.1,126.0,2.5,3.7,50.0,21
2024-09-03T12:00,9.6,4.4,123.0,2.0,3.3,52.0,20
2024-09-03T13:00,11.1,4.7,122.0,1.9,2.7,52.0,20
2024-09-03T14:00,10.8,5.0,124.0,2.2,2.4,51.0,19
2024-09-03T15:00,11.0,5.7,131.0,3.2,2.7,49.0,20
2024-09-03T16:00,12.4,6.8,140.0,4.7,3.4,45.0,21
2024-09-03T17:00,13.6,7.3,151.0,5.9,4.5,45.0,22
2024-09-03T18:00,12.8,7.2,162.0,7.8,5.1,40.0,22
2024-09-03T19:00,12.6,7.4,177.0,10.3,6.0,33.0,22
2024-09-03T20:00,12.2,7.5,184.0,11.7,6.3,28.0,21
2024-09-03T21:00,12.1,7.7,175.0,10.8,5.7,28.0,21
2024-09-03T22:00,11.7,7.0,158.0,8.8,4.5,30.0,22
2024-09-03T23:00,9.4,5.3,142.0,7.1,3.7,32.0,23
2024-09-04T00:00,6.6,3.7,132.0,6.2,3.5,32.0,24
2024-09-04T01:00,4.8,2.9,123.0,5.5,3.6,33.0,25
2024-09-04T02:00,4.1,2.5,117.0,4.9,3.6,33.0,25
2024-09-04T03:00,4.5,2.8,111.0,4.2,3.2,34.0,25
2024-09-04T04:00,6.5,3.5,108.0,3.5,2.8,36.0,26
2024-09-04T05:00,3.2,1.4,109.0,3.2,3.1,37.0,26
2024-09-04T06:00,3.7,1.9,121.0,4.1,3.5,36.0,26
2024-09-04T07:00,6.1,3.3,137.0,5.4,4.0,35.0,26
2024-09-04T08:00,9.7,4.9,148.0,6.0,4.4,36.0,26
2024-09-04T09:00,15.2,7.1,147.0,5.3,4.5,41.0,26
2024-09-04T10:00,19.8,8.3,141.0,4.0,4.4,48.0,27
2024-09-04T11:00,21.8,8.7,136.0,3.0,4.2,54.0,28
2024-09-04T12:00,21.7,8.8,134.0,2.6,4.0,56.0,29
2024-09-04T13:00,18.8,8.3,134.0,2.5,3.7,57.0,30
2024-09-04T14:00,15.0,6.6,134.0,2.7,3.5,56.0,31
2024-09-04T15:00,13.7,6.5,135.0,3.3,3.5,53.0,32
2024-09-04T16:00,11.6,6.1,138.0,4.3,3.6,49.0,32
2024-09-04T17:00,16.9,8.6,148.0,5.3,4.0,50.0,32
2024-09-04T18:00,13.4,7.5,156.0,6.8,4.5,45.0,32
2024-09-04T19:00,12.3,7.5,167.0,8.9,5.3,38.0,32
2024-09-04T20:00,11.6,7.1,174.0,10.2,5.7,33.0,32
2024-09-04T21:00,11.0,6.8,173.0,10.1,5.5,32.0,32
2024-09-04T22:00,9.7,6.0,168.0,9.3,5.1,32.0,32
2024-09-04T23:00,9.2,6.0,162.0,8.4,4.6,33.0,32
2024-09-05T00:00,7.9,5.2,153.0,7.5,4.1,33.0,32
2024-09-05T01:00,6.7,4.4,143.0,6.4,3.6,33.0,32
2024-09-05T02:00,5.5,3.7,136.0,5.7,3.3,32.0,32
2024-09-05T03:00,4.4,2.9,134.0,5.5,3.4,30.0,33
2024-09-05T04:00,3.2,2.2,134.0,5.6,3.7,28.0,33
2024-09-05T05:00,3.9,2.6,116.0,3.6,2.5,35.0,32
2024-09-05T06:00,4.1,2.6,124.0,4.3,2.7,35.0,33
2024-09-05T07:00,7.3,4.1,136.0,5.2,3.0,34.0,33
2024-09-05T08:00,11.9,6.1,144.0,5.6,3.3,36.0,33
2024-09-05T09:00,14.4,8.2,146.0,4.8,3.5,41.0,33
2024-09-05T10:00,17.8,9.0,144.0,3.5,3.6,49.0,34
2024-09-05T11:00,16.9,7.7,142.0,2.5,3.7,55.0,34
2024-09-05T12:00,13.9,6.3,140.0,2.0,3.6,59.0,33
2024-09-05T13:00,12.1,6.2,139.0,1.9,3.4,62.0,33
2024-09-05T14:00,13.2,7.0,139.0,2.1,3.2,62.0,32
2024-09-05T15:00,13.7,7.3,142.0,2.7,3.1,58.0,32
2024-09-05T16:00,9.8,5.8,147.0,3.8,3.1,52.0,33
2024-09-05T17:00,10.1,5.5,167.0,6.4,3.5,44.0,33
2024-09-05T18:00,10.2,6.1,174.0,7.6,4.1,41.0,32
2024-09-05T19:00,9.2,5.8,182.0,9.2,4.9,36.0,32
2024-09-05T20:00,8.8,5.9,188.0,10.2,5.5,33.0,31
2024-09-05T21:00,7.3,5.0,188.0,10.2,5.6,32.0,31
2024-09-05T22:00,5.5,3.7,186.0,9.5,5.4,32.0,30
2024-09-05T23:00,5.3,3.6,180.0,8.7,5.1,32.0,30
2024-09-06T00:00,4.0,2.6,170.0,7.6,4.7,32.0,29
2024-09-06T01:00,3.7,2.4,157.0,6.3,4.2,33.0,29
2024-09-06T02:00,4.0,2.6,146.0,5.2,3.7,34.0,28
2024-09-06T03:00,4.3,2.7,138.0,4.4,3.2,35.0,28
2024-09-06T04:00,4.1,2.5,131.0,3.7,2.8,37.0,28
2024-09-06T05:00,3.1,2.0,130.0,3.7,3.2,37.0,28
2024-09-06T06:00,3.6,2.2,136.0,4.2,3.4,37.0,28
2024-09-06T07:00,5.3,2.9,145.0,4.9,3.6,37.0,28
2024-09-06T08:00,7.9,4.0,151.0,5.2,3.8,38.0,28
2024-09-06T09:00,10.4,4.9,151.0,4.8,3.8,41.0,27
2024-09-06T10:00,11.9,5.8,147.0,4.0,3.7,45.0,26
2024-09-06T11:00,14.3,6.3,144.0,3.3,3.6,49.0,26
2024-09-06T12:00,16.6,6.5,142.0,2.7,3.5,55.0,25
2024-09-06T13:00,19.0,7.0,140.0,2.2,3.5,61.0,25
2024-09-06T14:00,17.5,7.2,140.0,2.2,3.5,64.0,25
2024-09-06T15:00,15.0,7.2,141.0,2.8,3.5,62.0,26
2024-09-06T16:00,12.7,7.1,143.0,3.8,3.6,57.0,26
2024-09-06T17:00,18.3,8.7,159.0,5.4,3.6,48.0,26
2024-09-06T18:00,16.9,8.9,168.0,6.9,4.4,44.0,27
2024-09-06T19:00,15.3,8.6,181.0,9.0,5.5,38.0,27
2024-09-06T20:00,14.6,8.7,193.0,10.7,6.3,33.0,28
2024-09-06T21:00,14.0,8.8,207.0,11.9,6.7,29.0,28
2024-09-06T22:00,15.8,10.4,221.0,12.8,6.8,25.0,29
2024-09-06T23:00,17.0,10.8,223.0,12.7,6.5,23.0,31
2024-09-07T00:00,16.2,9.0,204.0,10.9,5.6,25.0,33
2024-09-07T01:00,13.9,8.1,173.0,8.2,4.4,28.0,34
2024-09-07T02:00,14.2,8.1,148.0,6.0,3.5,31.0,35
2024-09-07T03:00,12.5,7.2,137.0,5.1,3.2,32.0,37
2024-09-07T04:00,10.3,6.0,132.0,4.8,3.1,32.0,38
2024-09-07T05:00,5.8,3.6,133.0,4.5,2.9,31.0,39
2024-09-07T06:00,7.3,4.1,138.0,4.9,3.2,31.0,39
2024-09-07T07:00,7.2,3.9,144.0,5.3,3.5,32.0,39
2024-09-07T08:00,8.3,4.5,146.0,5.3,3.8,34.0,40
2024-09-07T09:00,10.2,5.2,141.0,4.5,3.9,40.0,40
2024-09-07T10:00,11.1,5.5,132.0,3.2,3.8,47.0,40
2024-09-07T11:00,10.0,5.1,125.0,2.2,3.7,53.0,40
2024-09-07T12:00,8.7,4.6,120.0,1.8,3.4,55.0,39
2024-09-07T13:00,9.2,4.8,116.0,1.6,2.9,56.0,39
2024-09-07T14:00,9.0,4.7,116.0,1.9,2.7,55.0,38
2024-09-07T15:00,9.0,4.5,122.0,2.7,2.9,53.0,38
2024-09-07T16:00,8.4,4.6,131.0,3.9,3.4,49.0,37
2024-09-07T17:00,15.4,7.9,143.0,4.7,3.8,48.0,37
2024-09-07T18:00,13.3,7.5,157.0,6.8,4.5,42.0,36
2024-09-07T19:00,13.6,8.1,175.0,9.6,5.4,34.0,36
2024-09-07T20:00,12.9,7.9,188.0,11.5,6.1,28.0,36
2024-09-07T21:00,12.4,8.0,190.0,11.8,6.3,26.0,36
2024-09-07T22:00,11.4,7.5,185.0,11.1,6.2,25.0,36
2024-09-07T23:00,10.4,6.9,177.0,10.2,5.9,25.0,35
2024-09-08T00:00,8.2,5.4,164.0,8.9,5.3,26.0,34
2024-09-08T01:00,6.5,4.2,148.0,7.2,4.5,27.0,33
2024-09-08T02:00,5.7,3.8,137.0,6.0,4.0,28.0,32
2024-09-08T03:00,5.5,3.6,133.0,5.7,4.0,27.0,31
2024-09-08T04:00,5.3,3.6,134.0,5.9,4.2,26.0,31
2024-09-08T05:00,6.1,4.0,124.0,4.7,3.3,29.0,30
2024-09-08T06:00,6.2,3.9,129.0,5.0,3.6,29.0,30
2024-09-08T07:00,7.9,5.0,135.0,5.3,3.9,29.0,30
2024-09-08T08:00,9.2,5.3,138.0,5.2,4.2,31.0,30
2024-09-08T09:00,9.5,5.4,135.0,4.3,4.3,39.0,30
2024-09-08T10:00,10.8,5.9,129.0,2.9,4.3,49.0,31
2024-09-08T11:00,11.6,6.3,124.0,1.9,4.1,56.0,31
2024-09-08T12:00,12.3,6.7,121.0,1.6,3.5,57.0,31
2024-09-08T13:00,11.7,6.2,118.0,1.6,2.8,54.0,31
2024-09-08T14:00,13.1,6.8,119.0,2.0,2.4,52.0,32
2024-09-08T15:00,11.4,6.2,124.0,2.7,2.8,51.0,32
2024-09-08T16:00,11.5,6.7,133.0,3.7,3.5,51.0,33
2024-09-08T17:00,14.8,8.2,143.0,4.8,4.1,49.0,33
2024-09-08T18:00,13.6,8.1,157.0,7.1,5.1,43.0,33
2024-09-08T19:00,13.3,8.4,176.0,10.2,6.5,34.0,33
2024-09-08T20:00,12.3,7.9,188.0,12.2,7.3,27.0,33
2024-09-08T21:00,11.6,7.7,187.0,12.2,7.1,25.0,33
2024-09-08T22:00,10.6,7.1,180.0,11.2,6.4,25.0,33
2024-09-08T23:00,9.8,6.7,171.0,10.0,5.7,25.0,33
2024-09-09T00:00,9.0,6.1,161.0,8.9,5.1,25.0,33
2024-09-09T01:00,8.4,5.7,149.0,7.8,4.6,25.0,33
2024-09-09T02:00,7.6,5.2,140.0,6.8,4.2,26.0,34
2024-09-09T03:00,6.1,4.2,133.0,6.1,4.1,27.0,34
2024-09-09T04:00,5.2,3.6,128.0,5.6,4.2,27.0,34
2024-09-09T05:00,5.3,3.6,122.0,4.5,3.5,31.0,34
2024-09-09T06:00,5.3,3.5,130.0,4.9,3.8,31.0,34
2024-09-09T07:00,6.0,3.9,141.0,5.4,4.2,31.0,34
2024-09-09T08:00,7.0,4.5,147.0,5.4,4.5,33.0,34
2024-09-09T09:00,7.6,4.8,144.0,4.6,4.4,39.0,33
2024-09-09T10:00,7.9,5.0,137.0,3.3,4.2,48.0,33
2024-09-09T11:00,8.2,5.2,131.0,2.3,4.0,55.0,33
2024-09-09T12:00,7.8,5.0,130.0,1.9,3.8,60.0,33
2024-09-09T13:00,7.7,4.9,130.0,1.9,3.6,64.0,32
2024-09-09T14:00,8.9,5.8,131.0,2.1,3.5,65.0,32
2024-09-09T15:00,8.5,5.6,132.0,2.6,3.3,61.0,32
2024-09-09T16:00,6.6,4.5,134.0,3.3,3.1,55.0,32
2024-09-09T17:00,10.8,6.5,148.0,5.4,4.4,48.0,31
2024-09-09T18:00,10.6,6.8,162.0,7.7,5.1,41.0,31
2024-09-09T19:00,11.3,7.3,180.0,10.9,6.0,32.0,31
2024-09-09T20:00,11.1,7.3,193.0,13.0,6.6,25.0,30
2024-09-09T21:00,10.7,7.1,195.0,13.2,6.7,23.0,30
2024-09-09T22:00,10.6,7.0,190.0,12.4,6.6,23.0,30
2024-09-09T23:00,11.4,7.6,182.0,11.3,6.2,24.0,30
2024-09-10T00:00,11.8,7.7,169.0,9.9,5.5,25.0,30
2024-09-10T01:00,10.7,7.1,152.0,8.1,4.5,26.0,31
2024-09-10T02:00,9.6,6.3,137.0,6.6,3.8,28.0,31
2024-09-10T03:00,8.4,5.6,126.0,5.5,3.4,30.0,31
2024-09-10T04:00,6.7,4.3,117.0,4.8,3.3,32.0,32
2024-09-10T05:00,6.7,4.4,123.0,5.4,4.3,30.0,32
2024-09-10T06:00,5.8,3.7,130.0,6.1,4.6,30.0,32
2024-09-10T07:00,5.7,3.6,140.0,7.0,5.0,29.0,32
2024-09-10T08:00,6.1,3.9,145.0,7.2,5.1,31.0,32
2024-09-10T09:00,6.3,4.2,140.0,6.2,4.6,36.0,32
2024-09-10T10:00,6.4,4.3,131.0,4.4,3.9,42.0,32
2024-09-10T11:00,5.7,3.9,122.0,3.1,3.2,48.0,31
2024-09-10T12:00,5.1,3.5,116.0,2.4,2.8,52.0,31
2024-09-10T13:00,6.0,4.1,111.0,2.0,2.5,54.0,31
2024-09-10T14:00,4.9,3.3,110.0,2.2,2.4,55.0,31
2024-09-10T15:00,5.8,3.9,116.0,3.2,2.7,52.0,30
2024-09-10T16:00,7.9,5.3,126.0,4.7,3.3,48.0,30
2024-09-10T17:00,11.8,7.1,135.0,5.4,3.2,43.0,30
2024-09-10T18:00,10.9,6.9,148.0,7.0,3.9,39.0,30
2024-09-10T19:00,11.5,7.5,166.0,9.3,4.9,35.0,30
2024-09-10T20:00,12.1,7.9,180.0,10.9,5.7,31.0,30
2024-09-10T21:00,12.2,8.0,187.0,11.4,6.2,30.0,30
2024-09-10T22:00,12.0,7.9,189.0,11.1,6.5,30.0,30
2024-09-10T23:00,11.8,7.9,186.0,10.5,6.4,30.0,31
2024-09-11T00:00,10.7,7.2,175.0,9.3,5.7,31.0,31
2024-09-11T01:00,9.5,6.3,160.0,7.6,4.7,32.0,31
2024-09-11T02:00,8.2,5.5,146.0,6.1,3.8,34.0,30
2024-09-11T03:00,6.9,4.7,136.0,5.0,3.3,35.0,30
2024-09-11T04:00,5.7,3.8,128.0,4.1,3.0,37.0,30
2024-09-11T05:00,5.8,4.1,133.0,4.5,3.1,35.0,30
2024-09-11T06:00,3.9,2.7,141.0,5.0,3.4,36.0,30
2024-09-11T07:00,3.1,2.2,152.0,5.7,3.8,37.0,30
2024-09-11T08:00,3.7,2.6,157.0,5.8,4.0,39.0,29
2024-09-11T09:00,3.8,2.6,151.0,4.8,3.6,44.0,29
2024-09-11T10:00,3.9,2.7,139.0,3.2,3.0,51.0,29
2024-09-11T11:00,3.5,2.4,130.0,2.0,2.6,56.0,28
2024-09-11T12:00,3.6,2.5,129.0,1.7,2.5,59.0,28
2024-09-11T13:00,4.2,2.8,131.0,1.9,2.6,61.0,28
2024-09-11T14:00,5.5,3.7,134.0,2.3,2.7,61.0,27
2024-09-11T15:00,6.2,4.2,138.0,3.0,2.9,60.0,27
2024-09-11T16:00,6.4,4.4,142.0,3.9,3.2,57.0,27
2024-09-11T17:00,8.6,5.9,153.0,5.6,3.7,53.0,27
2024-09-11T18:00,8.1,5.6,161.0,7.1,4.2,48.0,27
2024-09-11T19:00,8.3,5.8,173.0,9.0,4.9,40.0,27
2024-09-11T20:00,8.0,5.6,179.0,10.3,5.3,35.0,26
2024-09-11T21:00,7.5,5.3,177.0,10.3,5.2,33.0,26
2024-09-11T22:00,7.6,5.3,170.0,9.5,4.8,33.0,25
2024-09-11T23:00,6.4,4.3,161.0,8.5,4.3,33.0,24
2024-09-12T00:00,6.5,3.8,150.0,7.1,3.7,34.0,24
2024-09-12T01:00,8.8,4.5,139.0,5.5,3.0,36.0,23
2024-09-12T02:00,9.5,4.6,130.0,4.3,2.6,37.0,22
2024-09-12T03:00,9.0,4.4,127.0,3.9,2.6,37.0,22
2024-09-12T04:00,7.7,4.0,128.0,4.0,2.9,36.0,22
2024-09-12T05:00,6.9,3.7,128.0,3.8,2.5,37.0,22
2024-09-12T06:00,6.8,3.4,136.0,4.3,2.9,37.0,22
2024-09-12T07:00,7.1,3.7,147.0,5.0,3.5,37.0,22
2024-09-12T08:00,10.5,5.3,152.0,5.1,3.8,39.0,23
2024-09-12T09:00,17.8,7.3,146.0,4.2,3.8,46.0,23
2024-09-12T10:00,21.9,9.0,135.0,2.8,3.5,55.0,24
2024-09-12T11:00,27.9,10.9,127.0,1.8,3.3,62.0,26
2024-09-12T12:00,24.4,10.1,124.0,1.4,3.1,66.0,28
2024-09-12T13:00,24.4,10.3,124.0,1.3,3.0,68.0,30
2024-09-12T14:00,25.7,10.6,125.0,1.5,3.0,68.0,31
2024-09-12T15:00,27.0,11.0,126.0,1.9,3.1,66.0,33
2024-09-12T16:00,28.8,11.5,127.0,2.5,3.3,62.0,34
2024-09-12T17:00,38.3,14.6,144.0,3.9,3.7,60.0,36
2024-09-12T18:00,33.2,14.8,164.0,6.6,4.7,52.0,38
2024-09-12T19:00,32.1,15.6,191.0,10.4,6.2,42.0,40
2024-09-12T20:00,31.9,16.1,212.0,13.2,7.2,33.0,43
2024-09-12T21:00,31.8,16.3,225.0,14.3,7.7,28.0,45
2024-09-12T22:00,31.5,16.2,232.0,14.4,7.8,25.0,47
2024-09-12T23:00,31.3,16.6,228.0,13.5,7.3,24.0,50
2024-09-13T00:00,33.2,16.3,203.0,11.0,5.8,27.0,51
2024-09-13T01:00,31.9,15.6,167.0,7.6,3.8,31.0,52
2024-09-13T02:00,32.6,13.2,139.0,5.0,2.4,35.0,53
2024-09-13T03:00,28.3,10.3,129.0,4.1,2.2,35.0,53
2024-09-13T04:00,22.2,8.8,128.0,4.0,2.5,34.0,54
2024-09-13T05:00,14.1,5.9,129.0,4.0,3.0,35.0,54
2024-09-13T06:00,13.9,6.4,135.0,4.4,3.4,35.0,55
2024-09-13T07:00,16.6,7.1,143.0,4.9,3.9,35.0,55
2024-09-13T08:00,18.5,7.7,147.0,5.0,4.2,38.0,55
2024-09-13T09:00,25.8,9.1,142.0,4.1,4.1,46.0,55
2024-09-13T10:00,36.0,10.7,132.0,2.7,3.7,57.0,55
2024-09-13T11:00,43.9,12.2,124.0,1.7,3.4,65.0,55
2024-09-13T12:00,49.1,13.5,120.0,1.3,3.2,69.0,56
2024-09-13T13:00,52.3,14.4,119.0,1.3,3.0,71.0,56
2024-09-13T14:00,48.2,14.0,119.0,1.6,3.0,71.0,56
2024-09-13T15:00,42.5,12.9,120.0,2.1,3.2,68.0,56
2024-09-13T16:00,39.9,12.6,122.0,2.9,3.5,63.0,57
2024-09-13T17:00,32.8,12.3,136.0,3.9,3.6,55.0,57
2024-09-13T18:00,27.2,11.9,151.0,6.3,4.6,48.0,56
2024-09-13T19:00,24.5,12.1,173.0,9.5,5.9,38.0,56
2024-09-13T20:00,23.9,12.3,188.0,11.8,6.9,30.0,56
2024-09-13T21:00,23.7,12.2,194.0,12.4,7.3,27.0,56
2024-09-13T22:00,23.1,12.1,194.0,12.1,7.4,26.0,55
2024-09-13T23:00,22.9,12.1,187.0,11.2,7.1,26.0,55
2024-09-14T00:00,21.0,11.8,169.0,9.3,6.0,28.0,55
2024-09-14T01:00,20.2,9.8,144.0,6.9,4.4,31.0,54
2024-09-14T02:00,15.6,7.8,125.0,5.0,3.3,33.0,54
2024-09-14T03:00,10.8,5.8,118.0,4.4,3.1,33.0,53
2024-09-14T04:00,7.9,4.5,118.0,4.4,3.3,31.0,53
2024-09-14T05:00,7.5,4.3,122.0,4.5,3.6,32.0,53
2024-09-14T06:00,7.1,4.2,127.0,4.7,3.8,33.0,53
2024-09-14T07:00,9.8,4.5,135.0,4.9,4.1,34.0,52
2024-09-14T08:00,13.2,5.8,138.0,4.8,4.2,37.0,52
2024-09-14T09:00,16.8,6.9,134.0,4.0,4.0,43.0,52
2024-09-14T10:00,17.5,7.3,126.0,2.9,3.7,51.0,52
2024-09-14T11:00,17.7,7.9,120.0,2.1,3.4,57.0,52
2024-09-14T12:00,19.3,8.4,117.0,1.8,3.2,61.0,51
2024-09-14T13:00,19.2,8.5,115.0,1.8,3.0,63.0,51
2024-09-14T14:00,17.0,7.9,114.0,1.9,2.9,63.0,50
2024-09-14T15:00,16.2,7.9,111.0,1.9,2.7,61.0,50
2024-09-14T16:00,16.5,7.7,109.0,2.2,2.6,56.0,49
2024-09-14T17:00,19.7,9.3,131.0,4.2,3.7,54.0,48
2024-09-14T18:00,18.1,9.4,146.0,6.4,4.3,47.0,47
2024-09-14T19:00,18.2,10.0,166.0,9.5,5.3,36.0,46
2024-09-14T20:00,19.0,10.7,185.0,12.0,6.1,28.0,46
2024-09-14T21:00,19.4,11.2,203.0,13.7,6.9,23.0,46
2024-09-14T22:00,19.4,11.4,220.0,14.8,7.7,20.0,45
2024-09-14T23:00,17.6,10.4,223.0,14.7,7.9,19.0,45
2024-09-15T00:00,13.9,7.7,203.0,12.7,7.2,21.0,45
2024-09-15T01:00,11.0,6.1,170.0,9.6,5.9,25.0,44
2024-09-15T02:00,8.0,4.7,143.0,7.1,4.9,28.0,43
2024-09-15T03:00,5.7,3.5,130.0,5.9,4.4,29.0,42
2024-09-15T04:00,4.3,2.8,123.0,5.4,4.0,29.0,42
2024-09-15T05:00,4.4,2.9,122.0,5.3,4.5,29.0,41
2024-09-15T06:00,4.1,2.7,127.0,5.4,4.7,31.0,41
2024-09-15T07:00,4.9,3.1,134.0,5.4,4.9,34.0,41
2024-09-15T08:00,6.2,3.8,137.0,5.1,4.9,38.0,40
2024-09-15T09:00,7.9,4.5,132.0,4.2,4.3,44.0,40
2024-09-15T10:00,10.1,5.6,123.0,3.0,3.5,52.0,39
2024-09-15T11:00,12.3,6.6,117.0,2.1,2.8,58.0,39
2024-09-15T12:00,11.7,6.3,116.0,1.7,2.5,62.0,39
2024-09-15T13:00,12.8,7.1,118.0,1.6,2.5,65.0,38
2024-09-15T14:00,14.6,7.8,120.0,1.7,2.5,66.0,38
2024-09-15T15:00,18.7,9.4,120.0,1.7,2.4,66.0,38
2024-09-15T16:00,22.2,11.0,121.0,1.9,2.5,65.0,38
2024-09-15T17:00,24.3,12.0,139.0,3.3,3.1,60.0,39
2024-09-15T18:00,23.2,12.7,164.0,6.6,4.6,53.0,40
2024-09-15T19:00,23.2,13.4,199.0,11.1,6.8,43.0,40
2024-09-15T20:00,23.5,14.0,227.0,14.5,8.3,34.0,41
2024-09-15T21:00,23.7,14.5,244.0,16.0,8.8,28.0,42
2024-09-15T22:00,23.7,14.7,255.0,16.3,8.8,23.0,43
2024-09-15T23:00,23.9,15.1,251.0,15.6,8.3,21.0,43
2024-09-16T00:00,24.0,14.8,224.0,13.2,7.0,23.0,44
2024-09-16T01:00,23.9,14.2,183.0,9.7,5.3,28.0,46
2024-09-16T02:00,23.9,12.9,151.0,7.0,4.0,31.0,48
2024-09-16T03:00,21.9,12.0,138.0,5.9,3.5,31.0,50
2024-09-16T04:00,21.1,11.1,135.0,5.6,3.5,30.0,51
2024-09-16T05:00,18.9,10.1,133.0,4.9,3.4,34.0,51
2024-09-16T06:00,17.4,9.7,143.0,5.3,4.2,34.0,52
2024-09-16T07:00,18.9,10.0,156.0,5.7,5.4,34.0,52
2024-09-16T08:00,20.4,9.5,165.0,5.7,6.1,38.0,53
2024-09-16T09:00,23.9,9.9,164.0,4.7,6.1,49.0,53
2024-09-16T10:00,27.9,10.9,157.0,3.3,5.7,64.0,54
2024-09-16T11:00,30.4,11.8,152.0,2.2,5.3,76.0,54
2024-09-16T12:00,30.9,12.3,150.0,1.8,5.2,83.0,55
2024-09-16T13:00,29.9,12.5,150.0,1.8,5.1,88.0,55
2024-09-16T14:00,30.0,13.1,151.0,2.0,5.1,90.0,56
2024-09-16T15:00,31.2,14.1,151.0,2.3,4.9,90.0,56
2024-09-16T16:00,32.4,14.8,152.0,2.8,4.8,87.0,56
2024-09-16T17:00,30.4,16.1,171.0,5.7,6.3,80.0,57
2024-09-16T18:00,25.7,15.1,192.0,8.7,7.5,69.0,57
2024-09-16T19:00,22.8,14.1,221.0,12.7,9.1,53.0,57
2024-09-16T20:00,20.4,12.9,242.0,15.7,10.4,40.0,57
2024-09-16T21:00,18.8,12.1,250.0,16.6,11.1,33.0,57
2024-09-16T22:00,18.3,11.7,250.0,16.5,11.5,30.0,57
2024-09-16T23:00,18.9,12.2,247.0,15.8,11.6,27.0,57
2024-09-17T00:00,20.0,13.0,239.0,14.6,11.1,25.0,56
2024-09-17T01:00,21.0,13.4,227.0,12.9,10.2,25.0,56
2024-09-17T02:00,21.0,13.2,216.0,11.5,9.8,25.0,56
2024-09-17T03:00,23.4,13.6,205.0,10.6,10.2,25.0,56
2024-09-17T04:00,24.2,13.7,195.0,10.0,11.0,26.0,56
2024-09-17T05:00,29.5,15.7,195.0,10.4,14.5,29.0,57
2024-09-17T06:00,33.4,16.8,197.0,10.2,15.4,30.0,57
2024-09-17T07:00,37.5,17.3,199.0,9.9,16.6,33.0,58
2024-09-17T08:00,45.6,17.8,198.0,9.1,16.7,40.0,58
2024-09-17T09:00,50.3,18.2,192.0,7.3,14.5,56.0,59
2024-09-17T10:00,54.2,19.6,182.0,4.9,11.2,77.0,59
2024-09-17T11:00,55.1,20.6,175.0,3.1,8.7,95.0,60
2024-09-17T12:00,53.2,21.1,171.0,2.2,7.7,106.0,61
2024-09-17T13:00,50.9,21.5,170.0,1.9,7.5,113.0,62
2024-09-17T14:00,48.4,21.9,172.0,2.2,7.8,118.0,62
2024-09-17T15:00,48.1,22.6,177.0,3.0,8.7,120.0,63
2024-09-17T16:00,48.8,24.1,186.0,4.3,10.0,119.0,64
2024-09-17T17:00,54.0,27.7,199.0,6.1,11.7,115.0,64
2024-09-17T18:00,51.2,28.1,225.0,9.0,13.6,106.0,65
2024-09-17T19:00,51.5,28.9,262.0,12.9,16.1,94.0,66
2024-09-17T20:00,51.3,28.6,292.0,16.0,18.1,83.0,67
2024-09-17T21:00,49.2,27.5,310.0,17.5,19.1,73.0,69
2024-09-17T22:00,49.8,27.4,321.0,18.1,19.5,64.0,70
2024-09-17T23:00,48.1,26.6,323.0,17.8,19.3,57.0,71
2024-09-18T00:00,48.7,26.8,312.0,16.3,18.3,52.0,72
2024-09-18T01:00,49.6,26.7,293.0,14.0,16.6,49.0,73
2024-09-18T02:00,49.9,26.1,277.0,12.1,15.2,46.0,74
2024-09-18T03:00,51.0,26.1,269.0,11.0,14.1,42.0,75
2024-09-18T04:00,51.5,26.6,264.0,10.3,13.2,38.0,76
2024-09-18T05:00,52.4,26.5,253.0,10.6,15.3,36.0,77
2024-09-18T06:00,61.9,26.8,244.0,10.3,15.5,37.0,78
2024-09-18T07:00,59.5,26.1,231.0,9.7,15.6,39.0,79
2024-09-18T08:00,58.8,23.9,218.0,8.7,15.0,46.0,80
2024-09-18T09:00,58.9,22.4,205.0,6.8,13.0,64.0,80
2024-09-18T10:00,60.8,22.1,191.0,4.4,10.2,88.0,81
2024-09-18T11:00,62.6,22.0,180.0,2.6,8.0,106.0,81
2024-09-18T12:00,62.2,21.9,173.0,1.9,7.0,115.0,81
2024-09-18T13:00,60.8,22.4,169.0,1.7,6.5,119.0,81
2024-09-18T14:00,56.7,22.2,167.0,2.0,6.5,120.0,81
2024-09-18T15:00,52.9,22.2,165.0,2.4,6.8,120.0,81
2024-09-18T16:00,48.4,21.8,166.0,3.2,7.5,117.0,81
2024-09-18T17:00,49.7,22.6,178.0,5.5,8.3,105.0,81
2024-09-18T18:00,44.8,23.5,209.0,9.3,9.8,92.0,80
2024-09-18T19:00,43.9,24.8,253.0,14.6,11.8,74.0,80
2024-09-18T20:00,42.4,24.7,289.0,18.7,13.3,58.0,80
2024-09-18T21:00,41.6,24.7,313.0,20.7,14.1,47.0,79
2024-09-18T22:00,41.7,24.7,329.0,21.4,14.4,39.0,79
2024-09-18T23:00,40.3,24.0,333.0,21.2,14.1,33.0,79
2024-09-19T00:00,38.4,22.7,318.0,19.6,12.8,29.0,79
2024-09-19T01:00,37.4,21.9,291.0,17.0,10.8,28.0,78
2024-09-19T02:00,36.7,21.3,267.0,14.8,9.3,27.0,78
2024-09-19T03:00,36.1,20.8,252.0,13.5,8.5,25.0,78
2024-09-19T04:00,35.9,20.5,241.0,12.6,8.2,23.0,77
2024-09-19T05:00,32.6,18.3,216.0,10.8,9.9,29.0,77
2024-09-19T06:00,34.7,19.2,217.0,10.7,11.2,34.0,76
2024-09-19T07:00,42.1,19.9,218.0,10.6,12.9,42.0,76
2024-09-19T08:00,45.5,20.2,215.0,9.7,13.6,54.0,75
2024-09-19T09:00,51.0,21.4,204.0,7.5,12.4,75.0,75
2024-09-19T10:00,51.5,21.4,189.0,4.6,10.1,99.0,75
2024-09-19T11:00,51.5,21.1,177.0,2.4,8.2,117.0,75
2024-09-19T12:00,48.9,20.3,170.0,1.6,7.0,122.0,75
2024-09-19T13:00,46.3,19.3,165.0,1.6,6.1,120.0,74
2024-09-19T14:00,43.1,18.2,164.0,2.0,5.8,117.0,74
2024-09-19T15:00,42.3,18.0,162.0,2.2,6.1,116.0,74
2024-09-19T16:00,43.0,19.4,163.0,2.8,7.0,114.0,74
2024-09-19T17:00,48.5,22.9,175.0,5.4,7.8,101.0,73
2024-09-19T18:00,45.4,24.8,217.0,9.9,9.7,89.0,73
2024-09-19T19:00,45.3,26.6,275.0,16.1,12.4,72.0,73
2024-09-19T20:00,45.9,27.8,323.0,20.9,14.5,57.0,74
2024-09-19T21:00,46.1,28.4,353.0,23.0,15.7,48.0,74
2024-09-19T22:00,46.9,28.9,374.0,23.7,16.5,41.0,74
2024-09-19T23:00,47.7,29.3,381.0,23.4,16.5,36.0,74
2024-09-20T00:00,47.0,28.8,370.0,21.9,15.5,33.0,75
2024-09-20T01:00,46.9,28.4,346.0,19.3,13.8,31.0,75
2024-09-20T02:00,46.3,27.7,324.0,17.0,12.3,29.0,76
2024-09-20T03:00,45.9,27.2,309.0,15.3,10.7,25.0,76
2024-09-20T04:00,44.6,26.8,295.0,13.8,9.3,22.0,77
2024-09-20T05:00,41.4,25.3,243.0,10.1,12.6,35.0,77
2024-09-20T06:00,48.7,26.8,236.0,10.1,14.5,40.0,78
2024-09-20T07:00,51.2,26.3,226.0,9.9,16.9,49.0,79
2024-09-20T08:00,57.2,28.1,217.0,9.2,18.0,60.0,79
2024-09-20T09:00,51.3,25.1,209.0,7.3,16.6,77.0,80
2024-09-20T10:00,48.2,23.9,200.0,4.8,13.8,97.0,80
2024-09-20T11:00,44.7,22.5,193.0,2.9,11.1,112.0,80
2024-09-20T12:00,45.9,23.2,186.0,2.1,8.7,118.0,80
2024-09-20T13:00,63.3,32.1,180.0,2.0,6.4,119.0,80
2024-09-20T14:00,39.5,21.2,178.0,2.5,5.1,118.0,81
2024-09-20T15:00,36.7,20.4,180.0,3.4,5.3,115.0,82
2024-09-20T16:00,31.5,18.3,187.0,4.8,6.5,110.0,82
2024-09-20T17:00,35.9,21.3,197.0,6.2,6.7,108.0,82
2024-09-20T18:00,34.7,21.6,238.0,10.7,8.5,94.0,82
2024-09-20T19:00,33.9,22.2,295.0,16.8,11.1,75.0,81
2024-09-20T20:00,35.0,23.4,342.0,21.5,13.2,60.0,81
2024-09-20T21:00,36.9,24.7,372.0,23.6,14.7,52.0,81
2024-09-20T22:00,37.7,25.2,393.0,24.2,15.7,47.0,80
2024-09-20T23:00,39.5,26.2,399.0,23.5,16.2,44.0,80
2024-09-21T00:00,40.9,27.3,384.0,21.0,15.7,42.0,80
2024-09-21T01:00,42.1,27.7,355.0,17.1,14.6,42.0,80
2024-09-21T02:00,42.3,27.4,326.0,13.7,13.9,43.0,80
2024-09-21T03:00,42.6,25.9,299.0,11.1,14.0,46.0,80
2024-09-21T04:00,41.0,25.4,272.0,9.0,14.5,50.0,80
2024-09-21T05:00,43.8,24.8,222.0,7.5,16.0,56.0,80
2024-09-21T06:00,46.1,25.0,222.0,8.4,17.1,53.0,79
2024-09-21T07:00,46.9,25.4,222.0,9.7,18.5,49.0,79
2024-09-21T08:00,45.5,23.9,219.0,9.9,18.5,51.0,79
2024-09-21T09:00,42.4,22.2,209.0,8.2,15.7,65.0,79
2024-09-21T10:00,42.6,22.7,195.0,5.5,11.4,85.0,79
2024-09-21T11:00,37.8,20.7,185.0,3.5,7.9,100.0,79
2024-09-21T12:00,39.0,21.7,182.0,2.8,6.1,106.0,78
2024-09-21T13:00,38.4,21.9,182.0,2.8,5.1,106.0,78
2024-09-21T14:00,39.5,22.9,188.0,3.4,4.9,106.0,78
2024-09-21T15:00,40.4,24.5,199.0,4.7,5.5,106.0,78
2024-09-21T16:00,39.3,24.6,216.0,6.7,6.9,106.0,78
2024-09-21T17:00,47.3,30.0,243.0,8.8,10.7,106.0,79
2024-09-21T18:00,46.1,30.3,278.0,12.2,12.6,99.0,79
2024-09-21T19:00,45.4,30.3,328.0,16.9,15.3,89.0,80
2024-09-21T20:00,45.2,30.6,367.0,20.2,17.5,80.0,81
2024-09-21T21:00,46.4,31.4,389.0,21.1,18.9,73.0,81
2024-09-21T22:00,48.1,32.2,402.0,20.7,19.9,68.0,82
2024-09-21T23:00,48.8,32.6,401.0,19.3,20.5,64.0,82
2024-09-22T00:00,51.2,33.9,380.0,16.5,20.5,63.0,83
2024-09-22T01:00,52.2,33.8,345.0,12.8,20.1,64.0,83
2024-09-22T02:00,51.7,33.5,314.0,10.0,19.9,63.0,84
2024-09-22T03:00,48.3,31.1,292.0,9.1,20.3,58.0,84
2024-09-22T04:00,47.5,30.4,274.0,9.1,21.0,51.0,85
2024-09-22T05:00,40.4,25.1,249.0,10.4,22.1,41.0,85
2024-09-22T06:00,42.3,25.3,240.0,10.4,21.1,40.0,85
2024-09-22T07:00,43.7,25.3,227.0,10.2,19.7,39.0,85
2024-09-22T08:00,44.5,24.6,215.0,9.5,17.6,44.0,85
2024-09-22T09:00,46.2,24.9,206.0,7.7,14.5,60.0,85
2024-09-22T10:00,46.4,25.1,198.0,5.3,10.8,81.0,85
2024-09-22T11:00,47.3,26.0,192.0,3.5,7.8,98.0,85
2024-09-22T12:00,45.6,25.4,186.0,2.5,5.9,108.0,86
2024-09-22T13:00,45.3,25.6,182.0,2.0,4.6,113.0,86
2024-09-22T14:00,42.5,24.2,184.0,2.4,4.1,115.0,86
2024-09-22T15:00,43.1,24.9,194.0,3.8,4.6,112.0,87
2024-09-22T16:00,42.5,25.7,209.0,6.1,5.8,105.0,87
2024-09-22T17:00,55.2,32.9,215.0,6.9,5.8,105.0,87
2024-09-22T18:00,54.6,34.2,257.0,11.0,8.3,96.0,87
2024-09-22T19:00,54.5,35.2,315.0,16.5,11.9,84.0,87
2024-09-22T20:00,53.2,34.9,359.0,20.3,15.1,74.0,88
2024-09-22T21:00,53.2,35.2,378.0,20.9,17.5,70.0,88
2024-09-22T22:00,52.9,35.3,383.0,19.8,19.6,67.0,88
2024-09-22T23:00,53.8,36.1,381.0,18.1,20.7,65.0,88
2024-09-23T00:00,55.3,37.1,372.0,16.0,20.5,61.0,89
2024-09-23T01:00,55.2,37.6,357.0,13.3,19.5,56.0,89
2024-09-23T02:00,55.2,37.3,339.0,11.1,18.4,52.0,89
2024-09-23T03:00,54.7,36.9,319.0,9.6,17.7,49.0,90
2024-09-23T04:00,49.8,32.4,298.0,8.4,17.1,47.0,90
2024-09-23T05:00,14.2,10.1,274.0,8.9,15.0,39.0,90
2024-09-23T06:00,20.8,13.4,270.0,9.3,14.4,44.0,89
2024-09-23T07:00,28.3,17.4,265.0,9.7,13.5,52.0,88
2024-09-23T08:00,32.6,19.9,258.0,9.4,11.9,62.0,87
2024-09-23T09:00,35.6,21.7,249.0,7.7,9.1,76.0,87
2024-09-23T10:00,33.6,20.9,238.0,5.2,5.7,91.0,87
2024-09-23T11:00,30.4,19.3,231.0,3.4,3.1,103.0,87
2024-09-23T12:00,27.9,18.0,228.0,2.5,1.8,109.0,86
2024-09-23T13:00,26.1,17.1,227.0,2.3,1.3,110.0,85
2024-09-23T14:00,22.2,14.8,231.0,2.9,1.6,108.0,85
2024-09-23T15:00,24.6,16.5,237.0,4.7,2.8,101.0,84
2024-09-23T16:00,27.7,18.7,248.0,7.4,4.9,91.0,83
2024-09-23T17:00,44.1,29.6,255.0,9.6,8.1,94.0,83
2024-09-23T18:00,42.1,28.9,287.0,13.1,9.8,86.0,83
2024-09-23T19:00,40.2,28.0,331.0,17.8,12.1,75.0,82
2024-09-23T20:00,38.5,27.0,355.0,20.3,13.7,67.0,82
2024-09-23T21:00,35.3,24.6,342.0,18.7,13.9,66.0,81
2024-09-23T22:00,29.6,20.7,311.0,15.0,13.3,68.0,80
2024-09-23T23:00,22.2,15.6,285.0,11.9,12.6,69.0,79
2024-09-24T00:00,16.8,11.9,275.0,10.4,11.9,67.0,77
2024-09-24T01:00,14.6,10.4,271.0,9.6,11.0,63.0,75
2024-09-24T02:00,9.6,6.8,268.0,8.9,10.3,60.0,73
2024-09-24T03:00,7.2,5.1,264.0,8.2,9.8,57.0,71
2024-09-24T04:00,6.6,4.7,262.0,7.7,9.4,55.0,68
2024-09-24T05:00,9.7,6.6,279.0,8.6,12.2,54.0,66
2024-09-24T06:00,10.5,7.1,291.0,9.5,12.7,58.0,66
2024-09-24T07:00,13.0,8.9,306.0,10.6,13.4,63.0,65
2024-09-24T08:00,17.2,11.6,313.0,10.6,13.1,73.0,65
2024-09-24T09:00,23.9,15.9,303.0,8.4,11.2,92.0,64
2024-09-24T10:00,26.3,17.1,284.0,5.2,8.4,114.0,64
2024-09-24T11:00,29.0,19.0,267.0,2.8,6.1,130.0,63
2024-09-24T12:00,29.8,19.6,256.0,2.0,4.5,133.0,63
2024-09-24T13:00,26.3,17.4,248.0,2.1,3.4,129.0,63
2024-09-24T14:00,27.2,18.1,244.0,2.8,3.0,123.0,63
2024-09-24T15:00,27.3,18.4,243.0,4.3,3.8,115.0,64
2024-09-24T16:00,27.6,18.9,245.0,6.4,5.4,104.0,64
2024-09-24T17:00,29.5,20.4,274.0,10.8,8.5,88.0,66
2024-09-24T18:00,27.6,19.2,299.0,13.7,10.6,80.0,66
2024-09-24T19:00,26.8,18.7,333.0,17.8,13.5,68.0,62
2024-09-24T20:00,25.8,18.2,358.0,20.5,15.8,59.0,62
2024-09-24T21:00,25.1,17.7,368.0,20.9,17.1,53.0,61
2024-09-24T22:00,22.3,15.7,369.0,20.0,17.8,49.0,60
2024-09-24T23:00,17.6,12.4,361.0,18.5,18.0,47.0,60
2024-09-25T00:00,13.0,9.2,340.0,16.1,17.6,47.0,60
2024-09-25T01:00,9.6,6.8,310.0,13.1,16.7,49.0,60
2024-09-25T02:00,7.5,5.3,287.0,10.7,15.9,50.0,59
2024-09-25T03:00,6.7,4.7,276.0,9.3,15.3,49.0,59
2024-09-25T04:00,5.4,3.8,271.0,8.5,14.7,46.0,59
2024-09-25T05:00,4.2,2.9,251.0,7.2,13.5,55.0,59
2024-09-25T06:00,3.8,2.7,259.0,9.1,13.2,51.0,59
2024-09-25T07:00,4.3,3.0,270.0,11.7,12.8,46.0,58
2024-09-25T08:00,5.5,3.9,275.0,13.1,12.3,45.0,58
2024-09-25T09:00,5.3,3.7,267.0,12.1,11.5,52.0,57
2024-09-25T10:00,5.4,3.8,253.0,9.8,10.6,63.0,56
2024-09-25T11:00,6.6,4.6,241.0,8.0,9.9,73.0,55
2024-09-25T12:00,7.0,4.9,236.0,7.3,9.5,79.0,54
2024-09-25T13:00,9.1,6.4,233.0,7.0,9.3,84.0,53
2024-09-25T14:00,10.0,7.0,230.0,7.2,9.0,85.0,52
2024-09-25T15:00,10.7,7.5,226.0,8.1,8.3,80.0,51
2024-09-25T16:00,7.8,5.6,222.0,9.4,7.5,70.0,50
2024-09-25T17:00,21.2,14.5,259.0,12.9,9.8,64.0,48
2024-09-25T18:00,18.9,13.2,257.0,13.4,9.5,61.0,47
2024-09-25T19:00,10.4,7.3,253.0,14.1,9.1,57.0,45
2024-09-25T20:00,5.5,3.9,246.0,14.1,8.5,53.0,43
2024-09-25T21:00,4.8,3.4,236.0,12.9,7.5,51.0,39
2024-09-25T22:00,3.5,2.4,223.0,11.1,6.2,50.0,36
2024-09-25T23:00,3.8,2.7,208.0,9.3,5.1,49.0,33
2024-09-26T00:00,3.1,2.1,191.0,7.7,4.3,48.0,31
2024-09-26T01:00,2.1,1.5,171.0,6.1,3.7,47.0,29
2024-09-26T02:00,1.5,1.1,154.0,4.7,3.2,47.0,28
2024-09-26T03:00,2.8,2.0,136.0,3.3,2.6,48.0,27
2024-09-26T04:00,2.0,1.4,121.0,2.2,2.1,50.0,26
2024-09-26T05:00,1.3,0.9,134.0,3.1,3.1,53.0,26
2024-09-26T06:00,1.7,1.2,141.0,4.0,3.2,52.0,25
2024-09-26T07:00,2.7,1.9,151.0,5.2,3.2,50.0,25
2024-09-26T08:00,3.1,2.2,158.0,5.8,3.3,51.0,25
2024-09-26T09:00,3.6,2.5,158.0,5.1,3.3,57.0,24
2024-09-26T10:00,4.6,3.2,154.0,3.7,3.3,64.0,24
2024-09-26T11:00,5.3,3.7,150.0,2.7,3.3,69.0,25
2024-09-26T12:00,6.4,4.5,147.0,2.5,3.4,68.0,26
2024-09-26T13:00,6.8,4.7,143.0,2.8,3.4,65.0,27
2024-09-26T14:00,5.5,3.9,142.0,3.3,3.5,60.0,28
2024-09-26T15:00,4.6,3.3,144.0,4.2,3.5,55.0,28
2024-09-26T16:00,4.9,3.5,147.0,5.3,3.6,49.0,28
2024-09-26T17:00,4.7,3.5,159.0,7.0,3.4,41.0,28
2024-09-26T18:00,8.2,5.7,161.0,7.2,3.7,41.0,27
2024-09-26T19:00,10.4,7.1,165.0,7.5,4.1,40.0,26
2024-09-26T20:00,10.2,7.0,167.0,7.7,4.4,39.0,24
2024-09-26T21:00,10.0,6.9,168.0,7.8,4.4,38.0,23
2024-09-26T22:00,10.7,7.3,168.0,7.7,4.2,36.0,21
2024-09-26T23:00,10.1,6.8,166.0,7.4,4.0,35.0,20
2024-09-27T00:00,7.3,4.9,159.0,6.6,3.6,34.0,20
2024-09-27T01:00,4.8,3.2,149.0,5.5,3.2,34.0,21
2024-09-27T02:00,3.1,2.1,141.0,4.6,2.8,34.0,21
2024-09-27T03:00,2.1,1.4,136.0,4.2,2.6,33.0,22
2024-09-27T04:00,1.9,1.3,134.0,4.0,2.5,32.0,21
2024-09-27T05:00,2.1,1.1,125.0,2.8,2.2,41.0,21
2024-09-27T06:00,2.7,1.7,134.0,3.7,2.4,41.0,22
2024-09-27T07:00,2.9,1.9,147.0,5.0,2.7,41.0,22
2024-09-27T08:00,3.0,2.0,154.0,5.5,2.9,43.0,22
2024-09-27T09:00,4.8,3.1,152.0,4.7,2.9,47.0,22
2024-09-27T10:00,7.3,4.8,145.0,3.2,2.8,53.0,22
2024-09-27T11:00,10.5,6.7,139.0,2.1,2.7,58.0,22
2024-09-27T12:00,12.3,7.7,137.0,1.6,2.5,61.0,23
2024-09-27T13:00,13.6,8.1,135.0,1.4,2.2,63.0,24
2024-09-27T14:00,14.9,8.5,136.0,1.6,2.1,63.0,24
2024-09-27T15:00,15.9,8.8,139.0,2.2,2.3,61.0,25
2024-09-27T16:00,16.2,9.1,143.0,3.3,2.8,57.0,27
2024-09-27T17:00,18.7,10.5,165.0,5.9,3.5,49.0,28
2024-09-27T18:00,16.2,9.8,173.0,6.8,3.9,47.0,30
2024-09-27T19:00,15.7,9.8,183.0,8.0,4.4,44.0,31
2024-09-27T20:00,13.3,8.5,188.0,8.6,4.6,42.0,31
2024-09-27T21:00,8.9,5.9,182.0,8.3,4.3,40.0,31
2024-09-27T22:00,7.8,5.2,170.0,7.4,3.8,39.0,31
2024-09-27T23:00,6.1,3.9,160.0,6.5,3.2,38.0,31
2024-09-28T00:00,5.2,3.5,153.0,5.8,2.5,36.0,30
2024-09-28T01:00,5.7,3.9,147.0,5.0,1.6,34.0,30
2024-09-28T02:00,5.6,3.7,143.0,4.4,1.2,33.0,30
2024-09-28T03:00,3.7,2.4,140.0,3.9,1.4,33.0,30
2024-09-28T04:00,2.9,1.9,139.0,3.5,2.0,34.0,31
2024-09-28T05:00,2.3,1.6,145.0,3.6,2.5,34.0,31
2024-09-28T06:00,2.5,1.7,154.0,4.2,2.9,34.0,31
2024-09-28T07:00,2.8,1.9,166.0,5.0,3.5,34.0,31
2024-09-28T08:00,3.2,2.1,172.0,5.3,3.8,36.0,31
2024-09-28T09:00,4.0,2.6,168.0,4.4,3.7,42.0,31
2024-09-28T10:00,5.3,3.3,159.0,3.0,3.4,50.0,31
2024-09-28T11:00,6.8,4.0,151.0,1.9,3.2,57.0,30
2024-09-28T12:00,8.1,4.7,148.0,1.5,3.2,61.0,30
2024-09-28T13:00,8.5,5.0,147.0,1.6,3.2,64.0,29
2024-09-28T14:00,8.6,5.2,147.0,1.9,3.3,64.0,28
2024-09-28T15:00,8.3,5.0,148.0,2.5,3.4,62.0,28
2024-09-28T16:00,8.1,5.0,151.0,3.4,3.5,57.0,27
2024-09-28T17:00,8.6,5.1,153.0,4.4,3.0,46.0,26
2024-09-28T18:00,8.8,5.5,168.0,6.6,4.0,41.0,27
2024-09-28T19:00,9.6,6.2,189.0,9.6,5.4,33.0,26
2024-09-28T20:00,9.7,6.4,208.0,12.0,6.5,27.0,25
2024-09-28T21:00,9.4,6.3,224.0,13.3,7.1,23.0,23
2024-09-28T22:00,9.5,6.5,237.0,14.1,7.3,20.0,22
2024-09-28T23:00,11.8,8.1,245.0,14.2,6.9,18.0,23
2024-09-29T00:00,14.8,10.2,245.0,13.6,5.1,15.0,24
2024-09-29T01:00,18.9,13.0,239.0,12.4,2.7,13.0,25
2024-09-29T02:00,20.1,13.8,228.0,11.1,1.2,13.0,27
2024-09-29T03:00,21.7,14.9,209.0,9.6,1.7,16.0,30
2024-09-29T04:00,16.9,11.2,185.0,8.0,3.3,21.0,32
2024-09-29T05:00,17.0,11.6,180.0,7.2,2.5,20.0,35
2024-09-29T06:00,17.1,11.1,181.0,7.0,3.4,24.0,37
2024-09-29T07:00,16.9,10.9,181.0,6.7,4.7,30.0,39
2024-09-29T08:00,15.7,9.6,180.0,6.1,5.5,37.0,41
2024-09-29T09:00,15.1,9.1,175.0,5.0,5.3,47.0,43
2024-09-29T10:00,15.0,8.9,167.0,3.5,4.7,58.0,44
2024-09-29T11:00,15.1,8.9,161.0,2.5,4.2,67.0,46
2024-09-29T12:00,14.5,8.6,157.0,2.0,4.0,73.0,47
2024-09-29T13:00,13.9,8.3,154.0,1.8,4.0,78.0,48
2024-09-29T14:00,13.6,8.2,155.0,2.2,4.1,79.0,48
2024-09-29T15:00,12.7,7.8,158.0,3.1,4.1,75.0,49
2024-09-29T16:00,12.3,7.8,165.0,4.5,4.2,68.0,50
2024-09-29T17:00,17.9,10.7,169.0,6.1,5.8,68.0,50
2024-09-29T18:00,18.2,11.6,198.0,9.7,7.4,59.0,51
2024-09-29T19:00,18.3,11.9,240.0,14.7,9.7,46.0,51
2024-09-29T20:00,20.0,13.1,279.0,19.0,11.7,35.0,52
2024-09-29T21:00,23.0,15.1,316.0,22.0,13.2,27.0,52
2024-09-29T22:00,25.9,17.3,351.0,24.4,14.4,21.0,53
2024-09-29T23:00,27.0,18.2,371.0,25.5,14.9,17.0,54
2024-09-30T00:00,26.8,18.2,367.0,24.9,14.4,15.0,54
2024-09-30T01:00,27.0,18.3,349.0,23.2,13.3,15.0,55
2024-09-30T02:00,27.5,18.6,330.0,21.2,12.3,15.0,55
2024-09-30T03:00,27.9,18.8,315.0,19.3,11.5,14.0,56
2024-09-30T04:00,27.3,18.4,299.0,17.3,10.7,14.0,56
2024-09-30T05:00,25.6,17.4,272.0,13.6,10.8,16.0,57
2024-09-30T06:00,26.3,17.3,262.0,12.8,11.9,22.0,57
2024-09-30T07:00,27.0,17.5,248.0,11.6,13.4,31.0,58
2024-09-30T08:00,27.5,17.8,234.0,10.0,13.9,43.0,58
2024-09-30T09:00,27.2,17.5,219.0,7.7,12.5,61.0,59
2024-09-30T10:00,25.8,16.3,203.0,5.0,10.2,81.0,59
2024-09-30T11:00,23.9,14.6,192.0,3.0,8.2,97.0,60
2024-09-30T12:00,22.9,13.7,186.0,2.1,7.0,105.0,60
2024-09-30T13:00,22.1,13.2,184.0,1.9,6.2,108.0,61
2024-09-30T14:00,21.7,13.0,186.0,2.3,5.8,109.0,61
2024-09-30T15:00,21.9,13.4,182.0,2.4,5.9,110.0,62
2024-09-30T16:00,22.6,13.9,182.0,3.1,6.4,110.0,62
2024-09-30T17:00,21.8,13.9,210.0,5.8,6.6,104.0,63
2024-09-30T18:00,31.9,21.2,365.0,22.8,10.4,82.0,63
2024-09-30T19:00,42.7,29.0,581.0,46.1,15.7,51.0,64
2024-09-30T20:00,51.7,35.3,759.0,63.2,20.0,27.0,65
2024-09-30T21:00,58.4,40.0,866.0,68.7,22.3,16.0,67
2024-09-30T22:00,62.2,42.8,936.0,68.1,23.7,12.0,69
2024-09-30T23:00,62.2,43.0,964.0,64.6,24.5,11.0,71
2024-10-01T00:00,61.2,42.3,934.0,58.2,24.7,14.0,73
2024-10-01T01:00,64.0,44.4,864.0,49.0,24.4,21.0,74
2024-10-01T02:00,68.9,47.6,802.0,40.8,24.3,27.0,77
2024-10-01T03:00,74.3,51.3,771.0,35.0,24.8,28.0,79
2024-10-01T04:00,78.9,54.5,748.0,30.3,25.6,29.0,81
2024-10-01T05:00,77.5,53.6,609.0,17.1,25.2,47.0,84
2024-10-01T06:00,77.3,53.1,578.0,16.2,25.2,60.0,87
2024-10-01T07:00,78.9,54.4,532.0,14.7,25.0,79.0,90
2024-10-01T08:00,68.0,46.6,475.0,12.6,23.3,95.0,93
2024-10-01T09:00,48.4,32.5,397.0,9.2,18.9,107.0,95
2024-10-01T10:00,38.2,25.0,308.0,5.1,13.1,117.0,96
2024-10-01T11:00,32.1,20.8,242.0,2.2,8.6,124.0,97
2024-10-01T12:00,29.9,19.3,217.0,1.2,6.5,127.0,97
2024-10-01T13:00,27.8,18.0,216.0,1.4,5.7,128.0,98
2024-10-01T14:00,27.2,17.7,221.0,2.1,5.5,128.0,98
2024-10-01T15:00,28.1,18.3,218.0,2.5,5.7,130.0,99
2024-10-01T16:00,29.7,19.6,220.0,3.4,6.5,132.0,99
2024-10-01T17:00,29.1,19.3,239.0,7.7,5.6,112.0,99
2024-10-01T18:00,29.8,20.2,295.0,13.3,7.5,97.0,100
2024-10-01T19:00,32.0,21.9,375.0,21.1,10.3,76.0,100
2024-10-01T20:00,36.4,25.1,454.0,28.1,12.8,57.0,99
2024-10-01T21:00,38.9,27.0,529.0,33.1,14.9,43.0,98
2024-10-01T22:00,43.4,30.2,603.0,37.2,16.9,31.0,97
2024-10-01T23:00,48.5,33.8,667.0,41.1,18.4,21.0,96
2024-10-02T00:00,51.7,36.0,717.0,45.4,19.4,14.0,96
2024-10-02T01:00,53.7,37.4,757.0,49.5,19.9,9.0,95
2024-10-02T02:00,54.5,38.0,785.0,51.7,20.0,6.0,95
2024-10-02T03:00,54.2,37.7,807.0,51.6,19.6,2.0,94
2024-10-02T04:00,53.9,37.5,817.0,49.6,18.8,0.0,93
2024-10-02T05:00,50.4,35.2,603.0,28.8,17.1,18.0,91
2024-10-02T06:00,52.0,36.2,568.0,24.9,21.2,46.0,90
2024-10-02T07:00,55.1,38.1,518.0,19.4,26.7,84.0,89
2024-10-02T08:00,64.3,44.0,460.0,14.2,29.2,116.0,87
2024-10-02T09:00,48.7,32.6,389.0,9.6,26.0,134.0,87
2024-10-02T10:00,42.4,28.5,311.0,5.4,19.7,144.0,87
2024-10-02T11:00,37.0,24.9,255.0,2.5,14.6,151.0,87
2024-10-02T12:00,36.8,24.8,236.0,1.6,12.0,155.0,88
2024-10-02T13:00,35.6,24.0,238.0,2.1,10.5,155.0,88
2024-10-02T14:00,39.8,27.0,245.0,3.1,9.6,153.0,89
2024-10-02T15:00,40.9,27.8,250.0,4.2,9.4,148.0,99
2024-10-02T16:00,40.6,27.7,260.0,5.8,9.9,141.0,112
2024-10-02T17:00,37.0,25.4,268.0,7.9,10.6,129.0,118
2024-10-02T18:00,36.7,25.3,293.0,10.2,11.4,121.0,117
2024-10-02T19:00,37.5,25.8,329.0,13.4,12.4,109.0,112
2024-10-02T20:00,40.2,27.8,358.0,15.6,13.2,98.0,103
2024-10-02T21:00,41.2,28.6,377.0,16.1,13.5,88.0,92
2024-10-02T22:00,43.0,29.9,389.0,15.7,13.6,80.0,92
2024-10-02T23:00,45.8,31.9,390.0,14.5,13.5,75.0,92
2024-10-03T00:00,45.8,31.9,374.0,12.1,13.1,76.0,92
2024-10-03T01:00,43.0,29.7,347.0,9.0,12.5,82.0,92
2024-10-03T02:00,42.4,29.2,322.0,6.5,11.9,86.0,91
2024-10-03T03:00,43.9,30.0,304.0,5.3,11.3,88.0,91
2024-10-03T04:00,43.1,29.4,288.0,4.7,10.6,88.0,90
2024-10-03T05:00,44.7,30.4,275.0,4.5,10.3,93.0,89
2024-10-03T06:00,43.9,29.5,271.0,5.6,9.8,91.0,89
2024-10-03T07:00,43.1,28.8,264.0,7.2,9.1,90.0,88
2024-10-03T08:00,39.3,26.0,254.0,7.7,8.3,91.0,88
2024-10-03T09:00,33.6,21.8,238.0,6.3,7.2,99.0,86
2024-10-03T10:00,30.9,20.0,220.0,4.0,6.0,110.0,85
2024-10-03T11:00,28.3,18.4,204.0,2.3,4.9,117.0,85
2024-10-03T12:00,29.8,19.4,193.0,1.7,4.1,119.0,84
2024-10-03T13:00,24.7,16.1,185.0,1.7,3.5,117.0,84
2024-10-03T14:00,22.9,14.9,182.0,2.3,3.3,113.0,83
2024-10-03T15:00,22.2,14.6,183.0,3.4,3.6,105.0,82
2024-10-03T16:00,21.1,13.8,188.0,5.1,4.2,93.0,81
2024-10-03T17:00,25.6,16.7,199.0,7.3,5.6,84.0,80
2024-10-03T18:00,25.3,16.6,224.0,10.4,6.8,74.0,79
2024-10-03T19:00,24.8,16.4,258.0,14.6,8.5,59.0,79
2024-10-03T20:00,25.3,16.9,283.0,17.5,9.6,47.0,78
2024-10-03T21:00,25.4,17.1,293.0,18.1,9.8,40.0,77
2024-10-03T22:00,26.5,18.0,293.0,17.3,9.4,36.0,76
2024-10-03T23:00,29.2,19.8,287.0,16.1,8.8,34.0,75
2024-10-04T00:00,31.3,21.4,271.0,14.2,7.9,33.0,74
2024-10-04T01:00,32.8,22.2,247.0,11.9,6.8,34.0,73
2024-10-04T02:00,32.7,22.3,228.0,10.0,6.1,35.0,73
2024-10-04T03:00,32.4,21.9,217.0,9.2,6.0,35.0,72
2024-10-04T04:00,33.8,22.8,210.0,8.9,6.3,34.0,72
2024-10-04T05:00,33.3,22.6,213.0,8.5,6.1,34.0,71
2024-10-04T06:00,33.8,22.6,210.0,8.4,6.5,38.0,71
2024-10-04T07:00,33.8,22.4,205.0,8.2,7.0,44.0,70
2024-10-04T08:00,27.5,17.8,199.0,7.6,7.2,52.0,70
2024-10-04T09:00,25.0,16.0,192.0,6.0,6.8,65.0,69
2024-10-04T10:00,23.2,14.8,183.0,4.0,6.1,80.0,68
2024-10-04T11:00,22.1,14.1,176.0,2.5,5.4,91.0,68
2024-10-04T12:00,20.2,12.8,168.0,2.0,4.7,93.0,68
2024-10-04T13:00,21.6,13.6,161.0,2.1,4.0,90.0,67
2024-10-04T14:00,23.0,14.6,160.0,2.7,3.9,87.0,67
2024-10-04T15:00,19.6,12.7,167.0,3.8,4.6,86.0,67
2024-10-04T16:00,21.7,14.3,179.0,5.4,6.0,84.0,67
2024-10-04T17:00,22.6,14.7,177.0,6.5,6.8,87.0,67
2024-10-04T18:00,26.1,17.2,208.0,10.0,8.6,78.0,67
2024-10-04T19:00,28.0,18.7,252.0,14.8,11.0,67.0,67
2024-10-04T20:00,29.3,19.6,285.0,18.2,12.8,56.0,67
2024-10-04T21:00,29.5,19.8,301.0,19.3,13.3,48.0,67
2024-10-04T22:00,31.0,21.0,308.0,19.0,13.1,42.0,67
2024-10-04T23:00,33.2,22.6,304.0,17.9,12.8,38.0,68
2024-10-05T00:00,31.9,21.4,283.0,15.6,12.2,37.0,68
2024-10-05T01:00,31.3,21.1,253.0,12.4,11.5,39.0,68
2024-10-05T02:00,30.9,20.9,231.0,10.2,11.1,39.0,68
2024-10-05T03:00,31.3,21.4,227.0,9.7,11.3,36.0,68
2024-10-05T04:00,31.8,21.8,233.0,10.1,11.8,31.0,68
2024-10-05T05:00,28.5,19.5,223.0,10.8,13.5,28.0,67
2024-10-05T06:00,30.6,20.8,226.0,10.6,14.4,30.0,67
2024-10-05T07:00,32.4,21.7,230.0,10.3,15.6,34.0,67
2024-10-05T08:00,28.5,18.7,228.0,9.4,15.6,43.0,67
2024-10-05T09:00,26.4,16.9,217.0,7.3,13.5,61.0,67
2024-10-05T10:00,24.7,15.6,200.0,4.7,10.4,85.0,67
2024-10-05T11:00,22.9,14.3,187.0,2.7,7.8,103.0,67
2024-10-05T12:00,21.5,13.4,179.0,1.8,6.5,113.0,67
2024-10-05T13:00,21.4,13.3,175.0,1.5,5.8,118.0,67
2024-10-05T14:00,21.7,13.5,177.0,2.0,5.5,120.0,67
2024-10-05T15:00,23.7,14.8,183.0,3.2,5.5,120.0,67
2024-10-05T16:00,23.8,15.0,195.0,5.1,6.0,117.0,67
2024-10-05T17:00,37.0,22.9,210.0,8.4,6.1,102.0,67
2024-10-05T18:00,43.5,27.9,316.0,18.5,8.5,84.0,68
2024-10-05T19:00,49.2,32.2,461.0,32.3,12.0,59.0,69
2024-10-05T20:00,53.4,35.4,570.0,41.6,15.0,41.0,70
2024-10-05T21:00,55.6,37.1,608.0,42.4,17.1,34.0,71
2024-10-05T22:00,54.9,37.0,610.0,38.6,18.7,34.0,73
2024-10-05T23:00,54.5,36.7,596.0,33.9,20.2,36.0,74
2024-10-06T00:00,56.2,38.0,569.0,29.0,21.6,40.0,75
2024-10-06T01:00,61.0,41.3,526.0,23.3,23.0,46.0,76
2024-10-06T02:00,66.1,45.1,489.0,18.3,24.1,52.0,78
2024-10-06T03:00,69.8,47.6,463.0,14.5,25.4,57.0,80
2024-10-06T04:00,71.7,48.8,442.0,11.4,26.6,62.0,82
2024-10-06T05:00,71.9,49.1,510.0,13.7,22.7,47.0,84
2024-10-06T06:00,72.9,49.9,489.0,13.1,22.1,60.0,86
2024-10-06T07:00,73.8,50.6,458.0,12.1,21.1,77.0,89
2024-10-06T08:00,60.3,40.3,416.0,10.5,18.7,92.0,91
2024-10-06T09:00,47.5,30.3,351.0,7.7,13.7,102.0,93
2024-10-06T10:00,48.2,29.9,275.0,4.2,7.4,109.0,94
2024-10-06T11:00,65.9,39.7,220.0,1.8,2.8,114.0,95
2024-10-06T12:00,73.1,43.9,205.0,1.2,1.5,115.0,97
2024-10-06T13:00,54.7,33.4,211.0,1.7,1.8,112.0,99
2024-10-06T14:00,56.6,34.9,220.0,2.5,2.3,110.0,101
2024-10-06T15:00,56.8,35.2,216.0,2.4,2.1,111.0,103
2024-10-06T16:00,53.1,32.8,216.0,2.6,1.9,112.0,105
2024-10-06T17:00,62.9,39.6,239.0,6.8,2.8,98.0,107
2024-10-06T18:00,64.7,41.6,305.0,13.0,4.6,85.0,109
2024-10-06T19:00,66.8,44.0,395.0,21.4,7.1,66.0,110
2024-10-06T20:00,70.1,46.4,446.0,25.9,8.5,55.0,111
2024-10-06T21:00,70.5,46.6,424.0,22.8,7.9,56.0,113
2024-10-06T22:00,67.5,45.3,365.0,15.9,6.3,65.0,114
2024-10-06T23:00,64.3,43.0,312.0,10.0,5.0,72.0,114
2024-10-07T00:00,60.8,40.5,280.0,6.9,4.4,77.0,115
2024-10-07T01:00,59.6,40.3,254.0,5.0,4.0,81.0,115
2024-10-07T02:00,56.6,38.5,240.0,3.9,3.9,83.0,115
2024-10-07T03:00,54.6,37.5,242.0,4.1,4.1,79.0,115
2024-10-07T04:00,53.3,36.9,254.0,5.2,4.5,73.0,114
2024-10-07T05:00,47.0,32.6,284.0,7.1,5.6,72.0,112
2024-10-07T06:00,49.5,33.8,297.0,7.6,6.3,76.0,111
2024-10-07T07:00,53.2,36.2,315.0,8.1,7.2,81.0,109
2024-10-07T08:00,61.5,40.0,322.0,7.9,7.9,90.0,107
2024-10-07T09:00,71.5,44.7,309.0,6.2,8.2,105.0,107
2024-10-07T10:00,75.2,45.6,285.0,3.7,8.3,122.0,109
2024-10-07T11:00,74.5,44.7,265.0,1.9,8.2,135.0,111
2024-10-07T12:00,71.7,42.8,251.0,1.2,7.8,140.0,111
2024-10-07T13:00,68.2,40.5,239.0,1.0,7.1,141.0,111
2024-10-07T14:00,65.0,38.6,236.0,1.7,6.7,138.0,112
2024-10-07T15:00,62.2,37.0,236.0,2.6,6.3,133.0,112
2024-10-07T16:00,60.1,36.1,243.0,4.3,6.2,126.0,112
2024-10-07T17:00,62.6,38.3,266.0,8.3,6.3,109.0,113
2024-10-07T18:00,62.9,39.5,324.0,13.5,7.5,95.0,112
2024-10-07T19:00,64.3,40.6,404.0,20.8,9.2,77.0,112
2024-10-07T20:00,65.7,41.9,470.0,25.9,10.4,61.0,112
2024-10-07T21:00,66.6,42.7,509.0,27.3,10.9,52.0,111
2024-10-07T22:00,66.4,42.7,533.0,26.7,11.1,46.0,111
2024-10-07T23:00,65.0,41.9,540.0,25.0,10.8,43.0,111
2024-10-08T00:00,62.2,40.0,521.0,21.9,9.9,42.0,111
2024-10-08T01:00,59.6,38.5,484.0,17.8,8.5,43.0,111
2024-10-08T02:00,58.3,37.7,450.0,14.2,7.5,45.0,110
2024-10-08T03:00,58.0,37.5,427.0,11.8,7.1,47.0,110
2024-10-08T04:00,56.1,37.1,407.0,10.0,7.0,49.0,110
2024-10-08T05:00,48.1,33.3,403.0,10.3,6.5,39.0,110
2024-10-08T06:00,50.4,34.8,395.0,10.0,6.8,52.0,110
2024-10-08T07:00,54.7,37.6,383.0,9.5,7.1,72.0,110
2024-10-08T08:00,59.3,38.9,363.0,8.5,7.3,90.0,111
2024-10-08T09:00,63.3,40.5,328.0,6.4,7.3,107.0,111
2024-10-08T10:00,64.3,39.9,285.0,3.7,7.1,123.0,110
2024-10-08T11:00,60.5,37.0,253.0,1.7,6.9,134.0,109
2024-10-08T12:00,58.1,35.4,238.0,0.8,6.5,139.0,109
2024-10-08T13:00,57.0,34.7,233.0,0.7,6.0,139.0,108
2024-10-08T14:00,56.8,34.5,236.0,1.5,5.7,137.0,107
2024-10-08T15:00,57.2,34.7,241.0,2.8,5.6,132.0,107
2024-10-08T16:00,58.7,35.7,255.0,5.0,5.6,125.0,107
2024-10-08T17:00,73.8,45.5,292.0,9.4,6.5,113.0,107
2024-10-08T18:00,79.2,49.8,401.0,20.7,10.1,95.0,107
2024-10-08T19:00,83.6,53.2,549.0,35.9,15.0,71.0,108
2024-10-08T20:00,84.5,54.5,647.0,45.0,18.0,53.0,110
2024-10-08T21:00,82.9,53.7,647.0,42.2,17.5,49.0,111
2024-10-08T22:00,79.4,51.1,597.0,33.2,15.2,52.0,112
2024-10-08T23:00,75.9,48.8,547.0,25.1,12.9,54.0,113
2024-10-09T00:00,72.6,46.7,514.0,20.3,11.3,53.0,114
2024-10-09T01:00,70.1,45.1,481.0,16.5,9.7,52.0,114
2024-10-09T02:00,68.0,43.7,452.0,13.5,8.6,51.0,115
2024-10-09T03:00,62.2,41.4,430.0,11.5,8.0,49.0,116
2024-10-09T04:00,59.1,40.0,413.0,10.4,7.9,48.0,116
2024-10-09T05:00,56.8,37.6,290.0,4.9,8.6,69.0,117
2024-10-09T06:00,55.2,36.7,291.0,5.2,8.0,72.0,117
2024-10-09T07:00,53.7,35.4,291.0,5.6,7.1,75.0,117
2024-10-09T08:00,53.2,34.7,285.0,5.6,6.4,79.0,117
2024-10-09T09:00,51.1,33.2,268.0,4.8,6.1,82.0,116
2024-10-09T10:00,43.3,27.8,245.0,3.6,6.0,85.0,116
2024-10-09T11:00,38.3,24.4,227.0,2.7,5.8,88.0,114
2024-10-09T12:00,35.7,22.8,218.0,2.3,5.2,91.0,113
2024-10-09T13:00,34.6,21.9,213.0,2.3,4.5,93.0,112
2024-10-09T14:00,32.4,20.6,213.0,2.7,4.0,94.0,111
2024-10-09T15:00,31.3,20.0,211.0,3.1,3.7,96.0,109
2024-10-09T16:00,30.6,19.7,213.0,4.0,3.6,96.0,108
2024-10-09T17:00,46.0,29.9,267.0,8.7,7.3,90.0,106
2024-10-09T18:00,49.2,32.6,308.0,12.2,8.4,79.0,104
2024-10-09T19:00,50.8,34.1,362.0,16.8,9.9,64.0,102
2024-10-09T20:00,49.9,33.9,392.0,19.2,10.4,53.0,100
2024-10-09T21:00,47.1,32.1,375.0,17.2,9.1,51.0,99
2024-10-09T22:00,41.6,28.2,333.0,12.9,6.9,54.0,97
2024-10-09T23:00,36.0,24.6,294.0,9.2,5.1,57.0,95
2024-10-10T00:00,30.0,20.8,266.0,7.0,4.1,58.0,93
2024-10-10T01:00,25.2,17.6,240.0,5.3,3.5,60.0,91
2024-10-10T02:00,21.8,15.2,221.0,4.1,3.2,60.0,89
2024-10-10T03:00,19.4,13.5,209.0,3.5,3.2,59.0,87
2024-10-10T04:00,17.3,12.0,203.0,3.5,3.5,57.0,85
2024-10-10T05:00,15.9,11.1,199.0,3.5,3.5,53.0,82
2024-10-10T06:00,16.1,11.2,205.0,4.2,3.6,54.0,80
2024-10-10T07:00,16.6,11.6,213.0,5.0,3.7,56.0,78
2024-10-10T08:00,16.4,11.1,215.0,5.3,3.8,60.0,77
2024-10-10T09:00,15.7,10.6,207.0,4.4,3.8,68.0,75
2024-10-10T10:00,13.2,8.9,194.0,3.0,3.6,78.0,73
2024-10-10T11:00,11.9,8.1,182.0,1.9,3.4,86.0,71
2024-10-10T12:00,11.8,8.1,173.0,1.5,2.9,90.0,70
2024-10-10T13:00,11.2,7.7,166.0,1.6,2.2,91.0,69
2024-10-10T14:00,11.1,7.7,165.0,2.2,1.8,90.0,68
2024-10-10T15:00,11.7,8.0,162.0,2.9,1.6,87.0,67
2024-10-10T16:00,12.3,8.5,163.0,4.2,1.6,81.0,66
2024-10-10T17:00,19.3,13.1,191.0,6.2,2.5,82.0,65
2024-10-10T18:00,22.9,15.6,233.0,10.1,3.4,71.0,64
2024-10-10T19:00,25.5,17.4,290.0,15.3,4.6,55.0,62
2024-10-10T20:00,25.0,17.1,323.0,18.2,5.3,44.0,61
2024-10-10T21:00,22.8,15.5,309.0,16.5,5.0,42.0,60
2024-10-10T22:00,20.3,14.0,271.0,12.4,4.2,44.0,58
2024-10-10T23:00,20.1,13.8,238.0,8.8,3.6,47.0,57
2024-10-11T00:00,19.2,13.2,219.0,6.8,3.4,48.0,56
2024-10-11T01:00,17.4,12.0,205.0,5.2,3.3,50.0,56
2024-10-11T02:00,15.5,10.7,195.0,4.2,3.3,51.0,55
2024-10-11T03:00,13.9,9.6,190.0,3.7,3.4,51.0,55
2024-10-11T04:00,13.2,9.1,190.0,3.7,3.6,50.0,55
2024-10-11T05:00,13.4,9.3,200.0,3.8,3.2,46.0,55
2024-10-11T06:00,12.8,8.8,206.0,4.6,3.7,46.0,54
2024-10-11T07:00,12.3,8.5,215.0,5.6,4.4,46.0,54
2024-10-11T08:00,12.7,8.7,217.0,6.0,4.8,49.0,54
2024-10-11T09:00,13.6,9.3,208.0,5.1,4.9,57.0,54
2024-10-11T10:00,13.9,9.5,194.0,3.5,4.8,66.0,54
2024-10-11T11:00,13.6,9.2,181.0,2.3,4.4,74.0,54
2024-10-11T12:00,13.4,9.1,171.0,1.8,3.5,77.0,54
2024-10-11T13:00,12.7,8.6,162.0,1.8,2.4,78.0,54
2024-10-11T14:00,13.1,8.9,161.0,2.5,1.7,77.0,54
2024-10-11T15:00,14.3,9.7,165.0,3.6,1.6,75.0,54
2024-10-11T16:00,15.7,10.7,177.0,5.5,1.9,71.0,54
2024-10-11T17:00,14.0,9.6,201.0,8.1,3.1,69.0,54
2024-10-11T18:00,19.3,13.4,251.0,12.7,4.4,60.0,54
2024-10-11T19:00,22.0,15.3,319.0,19.0,6.2,47.0,54
2024-10-11T20:00,23.7,16.4,360.0,22.4,7.2,39.0,54
2024-10-11T21:00,23.7,16.5,349.0,20.4,6.9,39.0,54
2024-10-11T22:00,23.2,16.1,311.0,15.7,5.8,43.0,54
2024-10-11T23:00,20.3,14.1,277.0,11.5,4.9,47.0,54
2024-10-12T00:00,19.4,13.4,256.0,9.1,4.3,48.0,54
2024-10-12T01:00,18.8,13.0,239.0,7.3,3.9,48.0,54
2024-10-12T02:00,18.6,12.9,226.0,6.0,3.7,48.0,54
2024-10-12T03:00,18.4,12.7,218.0,5.2,3.8,47.0,54
2024-10-12T04:00,18.1,12.6,214.0,4.9,4.1,45.0,54
2024-10-12T05:00,18.7,12.9,224.0,5.9,4.3,45.0,55
2024-10-12T06:00,20.1,13.9,229.0,6.4,4.6,47.0,55
2024-10-12T07:00,22.1,15.1,234.0,7.0,5.0,51.0,55
2024-10-12T08:00,22.2,15.2,233.0,6.9,5.1,56.0,56
2024-10-12T09:00,21.7,14.7,218.0,5.5,4.9,65.0,56
2024-10-12T10:00,19.6,13.2,196.0,3.4,4.5,76.0,57
2024-10-12T11:00,18.1,12.2,178.0,1.9,3.9,83.0,57
2024-10-12T12:00,15.9,10.7,166.0,1.4,3.1,83.0,57
2024-10-12T13:00,14.5,9.8,158.0,1.4,2.2,80.0,58
2024-10-12T14:00,12.8,8.7,157.0,2.1,1.6,76.0,58
2024-10-12T15:00,14.5,9.9,164.0,3.5,1.6,74.0,58
2024-10-12T16:00,15.5,10.6,179.0,5.5,1.9,71.0,58
2024-10-12T17:00,18.2,12.5,208.0,8.9,2.8,60.0,58
2024-10-12T18:00,21.4,14.7,270.0,14.9,4.7,51.0,58
2024-10-12T19:00,25.4,17.6,356.0,23.0,7.4,38.0,58
2024-10-12T20:00,28.8,20.0,428.0,28.9,9.3,28.0,58
2024-10-12T21:00,33.4,23.2,480.0,30.7,10.0,23.0,58
2024-10-12T22:00,36.2,25.1,517.0,30.1,10.0,21.0,59
2024-10-12T23:00,32.2,22.5,521.0,27.9,9.4,21.0,60
2024-10-13T00:00,25.4,17.7,469.0,23.5,7.9,24.0,60
2024-10-13T01:00,21.3,14.8,382.0,17.4,5.9,30.0,61
2024-10-13T02:00,19.1,13.3,310.0,12.4,4.3,35.0,61
2024-10-13T03:00,17.5,12.1,268.0,9.4,3.6,38.0,61
2024-10-13T04:00,16.2,11.2,240.0,7.4,3.4,41.0,61
2024-10-13T05:00,17.0,11.7,284.0,9.3,4.1,35.0,61
2024-10-13T06:00,17.5,12.0,268.0,8.8,4.6,38.0,61
2024-10-13T07:00,17.3,11.8,245.0,8.0,5.4,42.0,60
2024-10-13T08:00,18.2,12.3,224.0,6.9,5.7,48.0,60
2024-10-13T09:00,19.3,13.1,209.0,5.3,5.3,58.0,60
2024-10-13T10:00,17.9,12.1,195.0,3.5,4.6,71.0,60
2024-10-13T11:00,15.5,10.6,184.0,2.2,3.9,81.0,60
2024-10-13T12:00,15.1,10.3,173.0,1.5,3.4,87.0,60
2024-10-13T13:00,13.9,9.4,164.0,1.3,3.0,90.0,60
2024-10-13T14:00,12.8,8.7,161.0,1.7,2.8,91.0,60
2024-10-13T15:00,12.5,8.5,158.0,2.2,2.8,89.0,60
2024-10-13T16:00,12.8,8.8,162.0,3.5,2.9,85.0,59
2024-10-13T17:00,22.1,14.7,180.0,7.1,3.3,73.0,59
2024-10-13T18:00,24.5,16.5,247.0,14.0,5.0,63.0,59
2024-10-13T19:00,29.7,20.1,340.0,23.3,7.4,49.0,60
2024-10-13T20:00,32.9,22.5,412.0,29.9,9.2,38.0,60
2024-10-13T21:00,34.7,23.7,442.0,31.1,10.1,31.0,60
2024-10-13T22:00,34.5,23.7,451.0,29.5,10.4,27.0,60
2024-10-13T23:00,33.8,23.4,450.0,27.2,10.2,24.0,60
2024-10-14T00:00,31.4,21.8,442.0,24.7,9.4,22.0,60
2024-10-14T01:00,29.7,20.6,426.0,21.7,8.1,22.0,60
2024-10-14T02:00,26.7,18.5,404.0,18.7,7.0,22.0,61
2024-10-14T03:00,24.1,16.7,378.0,16.1,6.3,22.0,61
2024-10-14T04:00,22.8,15.7,346.0,13.7,5.7,23.0,62
2024-10-14T05:00,18.5,12.8,273.0,11.2,7.7,30.0,62
2024-10-14T06:00,17.6,12.2,266.0,10.2,7.2,38.0,62
2024-10-14T07:00,18.9,13.0,255.0,8.8,6.4,50.0,62
2024-10-14T08:00,18.0,12.5,241.0,7.2,5.5,61.0,62
2024-10-14T09:00,14.6,10.0,220.0,5.4,4.4,72.0,62
2024-10-14T10:00,13.8,9.4,195.0,3.5,3.2,82.0,62
2024-10-14T11:00,14.3,9.7,177.0,2.1,2.3,90.0,62
2024-10-14T12:00,14.0,9.5,169.0,1.5,1.9,94.0,62
2024-10-14T13:00,14.4,9.8,168.0,1.5,1.9,95.0,62
2024-10-14T14:00,14.8,10.0,171.0,2.1,2.0,95.0,62
2024-10-14T15:00,14.8,10.0,166.0,2.3,1.8,94.0,62
2024-10-14T16:00,14.9,10.1,167.0,3.0,1.8,92.0,62
2024-10-14T17:00,18.9,12.7,203.0,6.7,2.7,85.0,62
2024-10-14T18:00,26.1,17.8,299.0,15.7,4.9,69.0,62
2024-10-14T19:00,32.9,22.6,431.0,28.0,7.9,47.0,62
2024-10-14T20:00,34.6,23.8,521.0,36.0,10.3,31.0,62
2024-10-14T21:00,32.2,22.3,532.0,35.7,11.4,26.0,62
2024-10-14T22:00,32.0,22.2,501.0,31.1,11.8,26.0,62
2024-10-14T23:00,31.0,21.5,468.0,26.5,11.8,27.0,62
2024-10-15T00:00,30.3,21.1,446.0,23.4,11.5,26.0,62
2024-10-15T01:00,30.0,21.0,423.0,20.4,10.8,26.0,62
2024-10-15T02:00,28.3,19.7,395.0,17.4,9.9,27.0,62
2024-10-15T03:00,26.7,18.6,360.0,14.4,8.5,30.0,62
2024-10-15T04:00,24.0,16.8,320.0,11.5,6.9,34.0,62
2024-10-15T05:00,12.8,8.9,218.0,5.3,3.6,54.0,62
2024-10-15T06:00,14.1,9.8,225.0,5.8,4.4,58.0,62
2024-10-15T07:00,15.4,10.7,234.0,6.4,5.5,63.0,62
2024-10-15T08:00,17.2,11.9,240.0,6.5,6.0,70.0,61
2024-10-15T09:00,20.4,14.1,238.0,5.4,5.4,79.0,61
2024-10-15T10:00,20.7,14.3,233.0,3.8,4.2,90.0,62
2024-10-15T11:00,23.5,16.2,228.0,2.5,3.2,99.0,62
2024-10-15T12:00,21.6,14.9,224.0,1.8,2.6,106.0,63
2024-10-15T13:00,20.5,14.2,220.0,1.5,2.1,111.0,63
2024-10-15T14:00,19.7,13.6,221.0,1.8,1.9,114.0,63
2024-10-15T15:00,19.7,13.6,221.0,2.4,2.0,114.0,64
2024-10-15T16:00,20.2,13.9,225.0,3.7,2.5,112.0,64
2024-10-15T17:00,35.6,24.5,245.0,7.6,3.3,97.0,64
2024-10-15T18:00,40.9,28.2,319.0,14.3,5.4,81.0,65
2024-10-15T19:00,43.0,29.7,419.0,23.3,8.2,60.0,66
2024-10-15T20:00,46.1,32.0,485.0,28.8,10.1,45.0,66
2024-10-15T21:00,47.1,32.7,482.0,27.4,10.0,43.0,67
2024-10-15T22:00,43.5,30.3,445.0,22.5,9.0,47.0,68
2024-10-15T23:00,39.2,27.3,416.0,18.5,8.0,49.0,69
2024-10-16T00:00,37.4,26.0,415.0,17.1,7.6,44.0,69
2024-10-16T01:00,37.4,26.0,422.0,16.7,7.4,37.0,69
2024-10-16T02:00,37.0,25.8,424.0,16.0,6.9,32.0,70
2024-10-16T03:00,38.4,26.8,416.0,14.7,5.9,29.0,70
2024-10-16T04:00,38.9,27.1,404.0,13.3,4.7,29.0,71
2024-10-16T05:00,37.5,26.1,388.0,12.9,6.6,33.0,72
2024-10-16T06:00,39.2,27.3,373.0,12.4,6.5,40.0,73
2024-10-16T07:00,37.3,25.9,351.0,11.7,6.3,50.0,74
2024-10-16T08:00,36.7,25.4,326.0,10.3,5.8,62.0,76
2024-10-16T09:00,32.2,22.2,295.0,7.7,4.8,77.0,77
2024-10-16T10:00,27.0,18.6,261.0,4.4,3.4,94.0,77
2024-10-16T11:00,23.8,16.4,233.0,2.0,2.4,106.0,78
2024-10-16T12:00,21.2,14.6,214.0,0.9,1.9,108.0,78
2024-10-16T13:00,18.5,12.7,203.0,0.7,1.6,105.0,78
2024-10-16T14:00,17.7,12.1,202.0,1.5,1.6,100.0,78
2024-10-16T15:00,18.3,12.5,216.0,3.6,1.7,94.0,77
2024-10-16T16:00,19.5,13.4,240.0,6.7,1.9,87.0,77
2024-10-16T17:00,21.0,14.5,243.0,6.6,2.5,80.0,77
2024-10-16T18:00,27.0,18.7,367.0,19.4,5.5,63.0,77
2024-10-16T19:00,36.8,25.6,541.0,37.0,9.7,40.0,76
2024-10-16T20:00,43.0,29.9,681.0,49.8,12.8,22.0,75
2024-10-16T21:00,47.6,33.2,767.0,54.2,14.2,14.0,75
2024-10-16T22:00,49.8,34.7,820.0,53.8,14.6,11.0,75
2024-10-16T23:00,48.7,34.0,825.0,50.3,14.1,12.0,76
2024-10-17T00:00,41.6,29.0,756.0,42.5,12.4,17.0,76
2024-10-17T01:00,34.2,23.9,639.0,31.7,9.8,25.0,76
2024-10-17T02:00,32.7,22.8,541.0,22.9,7.7,31.0,76
2024-10-17T03:00,31.2,21.8,491.0,18.5,6.6,32.0,76
2024-10-17T04:00,25.6,17.8,460.0,16.1,5.9,32.0,76
2024-10-17T05:00,18.7,13.0,244.0,4.8,3.7,61.0,75
2024-10-17T06:00,19.9,13.9,254.0,6.1,4.3,61.0,74
2024-10-17T07:00,21.5,15.0,268.0,7.8,5.0,62.0,73
2024-10-17T08:00,21.7,15.1,276.0,8.4,5.6,68.0,72
2024-10-17T09:00,22.2,15.5,273.0,6.8,5.9,83.0,71
2024-10-17T10:00,26.4,18.3,263.0,4.1,5.9,103.0,71
2024-10-17T11:00,30.2,20.9,254.0,2.1,5.9,117.0,71
2024-10-17T12:00,32.4,22.4,243.0,1.4,5.7,119.0,71
2024-10-17T13:00,31.4,21.7,232.0,1.5,5.5,115.0,72
2024-10-17T14:00,31.8,21.9,232.0,2.6,5.3,107.0,72
2024-10-17T15:00,33.8,23.3,246.0,5.0,5.3,96.0,73
2024-10-17T16:00,35.5,24.6,269.0,8.4,5.4,82.0,74
2024-10-17T17:00,39.0,26.8,282.0,8.2,6.8,93.0,75
2024-10-17T18:00,36.1,24.9,279.0,7.9,6.6,89.0,76
2024-10-17T19:00,30.2,21.0,274.0,7.4,6.4,83.0,76
2024-10-17T20:00,25.4,17.7,272.0,7.2,6.1,76.0,76
2024-10-17T21:00,23.2,16.2,276.0,7.6,5.9,69.0,75
2024-10-17T22:00,22.2,15.4,283.0,8.3,5.7,62.0,74
2024-10-17T23:00,21.2,14.7,286.0,8.6,5.5,56.0,72
2024-10-18T00:00,20.4,14.1,283.0,8.2,5.4,51.0,71
2024-10-18T01:00,20.2,13.9,276.0,7.5,5.2,48.0,69
2024-10-18T02:00,20.0,13.7,268.0,6.8,5.1,45.0,69
2024-10-18T03:00,20.1,13.6,259.0,6.2,5.0,43.0,68
2024-10-18T04:00,20.1,13.6,248.0,5.6,4.8,41.0,67
2024-10-18T05:00,16.9,11.4,210.0,4.3,6.0,46.0,67
2024-10-18T06:00,17.1,11.6,223.0,5.2,5.7,44.0,67
2024-10-18T07:00,17.7,11.8,241.0,6.4,5.2,43.0,67
2024-10-18T08:00,17.1,11.4,248.0,6.8,4.7,46.0,66
2024-10-18T09:00,17.4,11.6,235.0,5.5,4.1,58.0,66
2024-10-18T10:00,15.4,10.1,213.0,3.4,3.4,75.0,66
2024-10-18T11:00,13.7,9.0,194.0,1.9,2.8,87.0,65
2024-10-18T12:00,13.1,8.6,183.0,1.4,2.3,91.0,64
2024-10-18T13:00,12.3,8.1,175.0,1.5,1.8,91.0,63
2024-10-18T14:00,11.6,7.7,176.0,2.2,1.6,89.0,62
2024-10-18T15:00,11.7,7.9,185.0,3.6,1.7,87.0,61
2024-10-18T16:00,12.7,8.5,201.0,5.6,2.1,83.0,60
2024-10-18T17:00,17.9,12.0,218.0,9.7,3.5,71.0,58
2024-10-18T18:00,24.2,16.4,289.0,15.8,4.9,60.0,57
2024-10-18T19:00,28.0,19.2,385.0,24.0,6.9,44.0,57
2024-10-18T20:00,28.8,19.8,450.0,28.9,8.2,34.0,56
2024-10-18T21:00,29.6,20.5,454.0,27.5,8.3,34.0,57
2024-10-18T22:00,27.8,19.2,426.0,22.8,7.8,39.0,57
2024-10-18T23:00,25.6,17.8,394.0,18.2,7.1,43.0,57
2024-10-19T00:00,23.9,16.5,364.0,14.8,6.3,44.0,58
2024-10-19T01:00,21.9,15.1,330.0,11.5,5.4,45.0,58
2024-10-19T02:00,20.7,14.3,302.0,9.0,4.7,46.0,58
2024-10-19T03:00,20.2,14.0,285.0,7.5,4.2,47.0,58
2024-10-19T04:00,20.4,14.2,275.0,6.6,3.9,47.0,58
2024-10-19T05:00,19.3,13.4,298.0,8.0,4.5,40.0,58
2024-10-19T06:00,20.2,14.0,290.0,7.8,4.7,49.0,58
2024-10-19T07:00,19.3,13.4,278.0,7.4,5.1,62.0,58
2024-10-19T08:00,17.7,12.3,267.0,6.7,5.1,74.0,58
2024-10-19T09:00,15.7,10.9,258.0,5.4,4.6,85.0,58
2024-10-19T10:00,14.4,10.0,249.0,3.8,3.8,96.0,58
2024-10-19T11:00,15.0,10.4,240.0,2.6,3.2,105.0,58
2024-10-19T12:00,14.7,10.2,231.0,1.9,2.8,111.0,59
2024-10-19T13:00,14.1,9.8,222.0,1.6,2.5,116.0,59
2024-10-19T14:00,14.1,9.8,217.0,2.0,2.4,116.0,59
2024-10-19T15:00,14.3,9.9,217.0,3.4,2.4,111.0,59
2024-10-19T16:00,14.7,10.2,222.0,5.4,2.7,101.0,59
2024-10-19T17:00,25.6,17.6,231.0,8.3,3.6,89.0,59
2024-10-19T18:00,27.1,18.7,242.0,9.5,4.5,84.0,60
2024-10-19T19:00,27.5,19.0,257.0,11.2,5.7,77.0,60
2024-10-19T20:00,24.4,16.9,265.0,11.9,6.4,72.0,60
2024-10-19T21:00,19.1,13.3,257.0,10.8,6.2,72.0,60
2024-10-19T22:00,15.9,11.1,242.0,8.9,5.5,74.0,59
2024-10-19T23:00,14.9,10.4,232.0,7.4,4.9,75.0,58
2024-10-20T00:00,14.4,10.0,233.0,7.1,4.8,72.0,58
2024-10-20T01:00,14.9,10.4,240.0,7.4,4.8,67.0,57
2024-10-20T02:00,15.9,11.1,245.0,7.5,4.8,63.0,57
2024-10-20T03:00,16.8,11.7,246.0,7.2,4.8,60.0,57
2024-10-20T04:00,17.3,12.0,246.0,6.8,4.8,58.0,57
2024-10-20T05:00,12.2,8.5,230.0,6.3,4.4,59.0,56
2024-10-20T06:00,9.7,6.7,231.0,6.3,4.0,64.0,56
2024-10-20T07:00,9.8,6.9,231.0,6.2,3.3,71.0,55
2024-10-20T08:00,7.8,5.5,231.0,5.9,2.8,78.0,55
2024-10-20T09:00,7.8,5.5,229.0,5.0,2.4,86.0,54
2024-10-20T10:00,7.8,5.4,226.0,3.7,2.1,93.0,54
2024-10-20T11:00,8.8,6.2,223.0,2.8,1.9,100.0,54
2024-10-20T12:00,10.0,7.0,220.0,2.3,1.7,105.0,53
2024-10-20T13:00,10.7,7.4,217.0,2.0,1.5,109.0,53
2024-10-20T14:00,11.5,8.0,217.0,2.5,1.5,110.0,53
2024-10-20T15:00,11.8,8.2,212.0,3.2,1.7,106.0,53
2024-10-20T16:00,13.2,9.2,209.0,4.5,2.0,99.0,52
2024-10-20T17:00,17.2,11.9,227.0,7.8,3.0,90.0,52
2024-10-20T18:00,21.6,15.0,316.0,16.2,5.2,74.0,52
2024-10-20T19:00,27.7,19.3,435.0,27.4,8.2,51.0,52
2024-10-20T20:00,32.6,22.8,506.0,33.8,9.9,36.0,52
2024-10-20T21:00,31.9,22.3,484.0,30.7,9.3,35.0,52
2024-10-20T22:00,26.0,18.2,412.0,22.8,7.4,40.0,53
2024-10-20T23:00,21.9,15.3,346.0,15.8,5.7,45.0,53
2024-10-21T00:00,17.8,12.4,300.0,11.6,4.6,47.0,54
2024-10-21T01:00,16.4,11.4,258.0,8.4,3.7,49.0,54
2024-10-21T02:00,15.0,10.4,228.0,6.2,3.1,49.0,54
2024-10-21T03:00,14.5,10.1,214.0,5.4,3.1,46.0,54
2024-10-21T04:00,14.3,10.0,212.0,5.5,3.4,43.0,54
2024-10-21T05:00,14.1,9.9,206.0,5.3,3.7,42.0,54
2024-10-21T06:00,15.3,10.7,210.0,6.0,3.8,45.0,54
2024-10-21T07:00,15.9,11.1,215.0,6.8,3.9,50.0,54
2024-10-21T08:00,16.5,11.5,215.0,6.9,3.8,57.0,54
2024-10-21T09:00,18.8,12.9,207.0,5.5,3.3,67.0,55
2024-10-21T10:00,19.2,13.2,194.0,3.4,2.6,80.0,56
2024-10-21T11:00,17.3,11.8,184.0,1.9,2.1,89.0,56
2024-10-21T12:00,16.9,11.5,177.0,1.3,1.8,93.0,57
2024-10-21T13:00,16.1,10.9,171.0,1.4,1.7,94.0,57
2024-10-21T14:00,15.1,10.3,172.0,2.0,1.8,93.0,57
2024-10-21T15:00,15.5,10.6,174.0,2.9,2.1,92.0,57
2024-10-21T16:00,16.7,11.4,182.0,4.4,2.6,89.0,58
2024-10-21T17:00,22.8,15.5,224.0,10.7,3.8,69.0,58
2024-10-21T18:00,25.6,17.5,266.0,14.3,4.9,60.0,58
2024-10-21T19:00,28.2,19.4,324.0,19.2,6.5,46.0,58
2024-10-21T20:00,29.6,20.5,361.0,22.0,7.4,37.0,58
2024-10-21T21:00,28.2,19.5,360.0,20.9,7.2,34.0,58
2024-10-21T22:00,27.6,19.2,338.0,17.7,6.4,35.0,58
2024-10-21T23:00,27.0,18.7,312.0,14.5,5.5,37.0,58
2024-10-22T00:00,25.8,17.9,286.0,11.8,4.7,40.0,58
2024-10-22T01:00,24.4,17.0,256.0,9.0,3.9,43.0,59
2024-10-22T02:00,23.1,16.0,231.0,6.8,3.3,47.0,59
2024-10-22T03:00,21.4,14.8,211.0,5.4,3.0,49.0,60
2024-10-22T04:00,19.8,13.8,196.0,4.6,3.0,52.0,60
2024-10-22T05:00,22.5,15.6,200.0,4.6,3.7,55.0,60
2024-10-22T06:00,23.1,16.1,206.0,5.0,4.2,58.0,61
2024-10-22T07:00,25.4,17.6,215.0,5.6,5.0,63.0,61
2024-10-22T08:00,26.1,18.2,219.0,5.6,5.2,70.0,62
2024-10-22T09:00,23.1,16.0,216.0,4.6,4.5,81.0,62
2024-10-22T10:00,20.5,14.2,209.0,3.0,3.4,93.0,62
2024-10-22T11:00,20.3,14.0,203.0,1.9,2.5,103.0,62
2024-10-22T12:00,19.5,13.5,198.0,1.4,2.0,107.0,63
2024-10-22T13:00,19.1,13.2,195.0,1.3,1.7,109.0,63
2024-10-22T14:00,19.2,13.3,197.0,1.8,1.6,108.0,63
2024-10-22T15:00,19.2,13.3,199.0,2.4,1.7,107.0,63
2024-10-22T16:00,20.1,13.9,206.0,3.7,2.0,105.0,63
2024-10-22T17:00,20.6,14.3,219.0,7.5,3.1,93.0,64
2024-10-22T18:00,29.4,20.4,305.0,15.4,4.9,77.0,63
2024-10-22T19:00,35.6,24.8,422.0,26.0,7.3,55.0,64
2024-10-22T20:00,35.5,24.7,497.0,32.2,8.8,40.0,64
2024-10-22T21:00,34.6,24.0,487.0,29.6,8.4,37.0,64
2024-10-22T22:00,34.2,23.8,435.0,22.6,7.1,41.0,65
2024-10-22T23:00,34.1,23.7,392.0,16.8,6.0,43.0,65
2024-10-23T00:00,33.4,23.3,377.0,14.3,5.4,41.0,66
2024-10-23T01:00,33.3,23.2,370.0,12.9,4.9,38.0,66
2024-10-23T02:00,33.4,23.3,366.0,11.9,4.6,35.0,66
2024-10-23T03:00,33.3,23.2,363.0,11.1,4.5,32.0,67
2024-10-23T04:00,33.2,23.1,363.0,10.7,4.6,30.0,68
2024-10-23T05:00,31.7,22.1,337.0,9.0,4.5,33.0,68
2024-10-23T06:00,33.5,23.4,327.0,8.4,5.4,44.0,69
2024-10-23T07:00,36.3,25.3,312.0,7.5,6.5,61.0,70
2024-10-23T08:00,38.0,26.4,295.0,6.4,7.1,77.0,70
2024-10-23T09:00,38.9,27.1,274.0,4.8,6.6,93.0,71
2024-10-23T10:00,34.7,24.2,250.0,3.1,5.5,108.0,72
2024-10-23T11:00,30.7,21.4,233.0,1.8,4.6,120.0,72
2024-10-23T12:00,29.9,20.8,224.0,1.2,4.1,126.0,73
2024-10-23T13:00,28.8,20.0,222.0,1.2,3.9,127.0,74
2024-10-23T14:00,27.4,18.9,226.0,1.9,3.8,126.0,74
2024-10-23T15:00,28.3,19.5,235.0,3.4,3.8,122.0,75
2024-10-23T16:00,30.9,21.2,251.0,5.6,3.9,114.0,75
2024-10-23T17:00,39.0,26.8,283.0,11.2,5.0,93.0,76
2024-10-23T18:00,45.1,31.0,352.0,17.2,6.8,81.0,77
2024-10-23T19:00,50.1,34.3,448.0,25.3,9.3,64.0,77
2024-10-23T20:00,53.2,36.4,516.0,30.5,11.0,52.0,78
2024-10-23T21:00,53.3,36.6,533.0,30.1,11.4,49.0,79
2024-10-23T22:00,54.5,37.4,523.0,26.7,11.0,52.0,80
2024-10-23T23:00,54.8,37.5,507.0,23.2,10.5,54.0,81
2024-10-24T00:00,53.7,36.7,489.0,20.2,9.9,55.0,82
2024-10-24T01:00,51.9,35.6,466.0,17.1,9.2,56.0,83
2024-10-24T02:00,50.4,34.6,444.0,14.4,8.7,57.0,84
2024-10-24T03:00,49.2,33.6,424.0,12.3,8.5,58.0,85
2024-10-24T04:00,48.3,32.9,407.0,10.7,8.6,59.0,86
2024-10-24T05:00,49.2,33.4,421.0,10.7,9.5,59.0,87
2024-10-24T06:00,52.9,35.6,426.0,10.9,10.3,67.0,88
2024-10-24T07:00,58.8,39.6,432.0,11.0,11.3,78.0,89
2024-10-24T08:00,66.8,42.6,424.0,10.3,11.9,92.0,90
2024-10-24T09:00,74.7,46.2,389.0,7.8,11.6,110.0,91
2024-10-24T10:00,74.0,44.7,340.0,4.3,10.8,131.0,93
2024-10-24T11:00,73.3,43.7,301.0,1.8,10.0,145.0,94
2024-10-24T12:00,73.3,43.5,280.0,0.8,9.2,149.0,96
2024-10-24T13:00,74.0,43.9,268.0,0.7,8.4,147.0,98
2024-10-24T14:00,74.0,43.8,269.0,1.8,7.8,141.0,100
2024-10-24T15:00,73.1,43.2,277.0,3.9,7.3,133.0,102
2024-10-24T16:00,72.9,43.3,297.0,7.0,7.0,121.0,104
2024-10-24T17:00,93.1,56.9,355.0,15.1,7.0,102.0,107
2024-10-24T18:00,99.2,61.2,458.0,24.9,9.8,86.0,110
2024-10-24T19:00,102.7,63.8,603.0,38.4,13.8,65.0,113
2024-10-24T20:00,105.9,66.4,732.0,49.0,17.6,47.0,116
2024-10-24T21:00,108.3,68.0,829.0,53.9,21.2,38.0,119
2024-10-24T22:00,110.1,69.4,909.0,55.9,24.7,33.0,123
2024-10-24T23:00,110.8,69.8,960.0,56.9,26.9,29.0,126
2024-10-25T00:00,110.4,69.4,971.0,57.7,27.1,25.0,129
2024-10-25T01:00,109.4,68.5,952.0,57.4,26.0,23.0,133
2024-10-25T02:00,107.3,66.8,921.0,55.1,24.7,23.0,136
2024-10-25T03:00,104.3,64.7,875.0,49.6,23.5,25.0,139
2024-10-25T04:00,101.0,62.4,816.0,42.1,22.0,29.0,143
2024-10-25T05:00,108.7,67.1,891.0,45.7,23.2,25.0,146
2024-10-25T06:00,109.0,67.3,838.0,39.3,20.9,43.0,149
2024-10-25T07:00,114.1,71.2,760.0,30.1,17.6,69.0,151
2024-10-25T08:00,106.9,65.7,669.0,21.5,14.3,93.0,152
2024-10-25T09:00,88.5,52.4,554.0,13.9,11.0,115.0,152
2024-10-25T10:00,84.3,48.0,426.0,6.8,7.6,137.0,153
2024-10-25T11:00,84.3,46.2,333.0,1.9,5.2,151.0,153
2024-10-25T12:00,82.0,44.4,298.0,0.0,4.3,156.0,153
2024-10-25T13:00,80.1,43.5,299.0,0.0,4.4,154.0,153
2024-10-25T14:00,79.2,43.3,317.0,1.7,4.8,148.0,153
2024-10-25T15:00,78.9,43.4,341.0,5.1,5.0,139.0,153
2024-10-25T16:00,77.8,43.7,381.0,10.4,5.4,127.0,153
2024-10-25T17:00,76.1,44.7,432.0,16.5,6.9,115.0,153
2024-10-25T18:00,80.6,48.4,534.0,26.6,10.0,99.0,152
2024-10-25T19:00,83.8,51.3,676.0,40.3,14.4,76.0,152
2024-10-25T20:00,86.1,53.6,787.0,49.8,18.0,59.0,152
2024-10-25T21:00,86.1,53.9,841.0,50.8,20.2,53.0,151
2024-10-25T22:00,83.8,52.9,864.0,47.6,21.6,53.0,151
2024-10-25T23:00,79.6,50.3,866.0,44.2,22.0,53.0,150
2024-10-26T00:00,74.3,46.9,842.0,42.3,20.8,50.0,149
2024-10-26T01:00,69.6,43.9,796.0,40.3,18.5,48.0,147
2024-10-26T02:00,65.9,41.4,753.0,37.8,16.6,46.0,144
2024-10-26T03:00,63.1,39.7,718.0,34.2,15.9,44.0,142
2024-10-26T04:00,61.2,38.4,684.0,30.0,15.6,43.0,139
2024-10-26T05:00,67.8,42.6,839.0,37.0,19.3,37.0,136
2024-10-26T06:00,67.5,42.7,895.0,32.9,17.2,51.0,134
2024-10-26T07:00,73.1,46.9,965.0,27.1,14.2,72.0,131
2024-10-26T08:00,69.6,44.4,958.0,20.9,11.4,92.0,129
2024-10-26T09:00,66.6,41.6,801.0,14.0,9.0,112.0,127
2024-10-26T10:00,58.6,36.3,567.0,6.8,6.7,131.0,125
2024-10-26T11:00,50.3,31.3,386.0,1.7,5.1,144.0,124
2024-10-26T12:00,46.1,28.8,302.0,0.0,4.3,146.0,123
2024-10-26T13:00,44.7,28.0,271.0,0.1,4.1,140.0,121
2024-10-26T14:00,44.8,28.1,284.0,1.6,4.1,133.0,119
2024-10-26T15:00,45.6,28.5,350.0,3.9,4.1,126.0,118
2024-10-26T16:00,46.7,29.0,461.0,7.4,4.4,117.0,116
2024-10-26T17:00,59.6,37.5,587.0,14.3,5.3,101.0,115
2024-10-26T18:00,64.7,41.1,720.0,20.3,7.1,89.0,114
2024-10-26T19:00,68.0,43.3,868.0,28.8,9.7,73.0,113
2024-10-26T20:00,71.5,45.5,1021.0,36.2,12.4,59.0,112
2024-10-26T21:00,75.0,47.7,1228.0,41.4,15.4,50.0,112
2024-10-26T22:00,78.5,49.8,1442.0,45.6,18.5,44.0,111
2024-10-26T23:00,80.3,50.9,1506.0,48.1,20.7,38.0,111
2024-10-27T00:00,80.3,50.5,1295.0,48.5,21.3,33.0,111
2024-10-27T01:00,79.6,49.7,936.0,47.3,20.9,29.0,111
2024-10-27T02:00,78.7,48.7,652.0,45.4,20.4,26.0,112
2024-10-27T03:00,77.1,47.3,526.0,42.9,20.1,22.0,112
2024-10-27T04:00,75.0,45.8,476.0,39.7,19.6,20.0,113
2024-10-27T05:00,73.3,45.2,481.0,34.1,18.3,29.0,114
2024-10-27T06:00,75.0,46.1,579.0,31.6,18.4,46.0,114
2024-10-27T07:00,81.3,50.5,732.0,27.9,18.4,69.0,115
2024-10-27T08:00,85.7,52.3,804.0,23.1,17.5,93.0,115
2024-10-27T09:00,81.3,46.2,710.0,16.2,14.8,117.0,116
2024-10-27T10:00,70.3,37.8,535.0,8.2,11.2,140.0,116
2024-10-27T11:00,63.6,33.3,396.0,2.5,8.5,157.0,116
2024-10-27T12:00,63.3,32.9,332.0,0.3,7.7,164.0,117
2024-10-27T13:00,61.5,32.1,303.0,0.4,7.8,164.0,117
2024-10-27T14:00,58.7,31.0,311.0,1.9,8.1,160.0,117
2024-10-27T15:00,55.6,29.6,345.0,4.2,8.0,152.0,118
2024-10-27T16:00,54.8,30.7,415.0,8.0,8.2,139.0,118
2024-10-27T17:00,54.9,32.9,550.0,15.2,11.2,137.0,120
2024-10-27T18:00,62.6,38.6,824.0,22.8,14.6,119.0,125
2024-10-27T19:00,70.3,44.5,1163.0,33.2,19.3,95.0,120
2024-10-27T20:00,77.8,49.6,1370.0,40.5,23.9,77.0,117
2024-10-27T21:00,85.2,54.4,1334.0,42.0,28.1,71.0,118
2024-10-27T22:00,93.1,59.4,1166.0,40.4,32.1,72.0,119
2024-10-27T23:00,99.0,62.9,1008.0,37.6,35.0,74.0,120
2024-10-28T00:00,102.4,64.5,907.0,33.6,36.2,77.0,121
2024-10-28T01:00,101.7,64.7,816.0,28.3,36.2,80.0,122
2024-10-28T02:00,96.6,63.1,734.0,23.9,36.2,84.0,124
2024-10-28T03:00,96.6,62.4,643.0,20.6,36.8,86.0,125
2024-10-28T04:00,96.2,61.5,561.0,18.2,37.4,87.0,127
2024-10-28T05:00,95.0,60.3,546.0,18.8,39.4,91.0,129
2024-10-28T06:00,98.0,61.5,674.0,20.7,37.0,99.0,130
2024-10-28T07:00,104.1,65.0,869.0,23.0,33.3,110.0,132
2024-10-28T08:00,104.1,62.4,955.0,22.6,28.8,122.0,133
2024-10-28T09:00,81.5,45.8,820.0,16.7,22.5,135.0,134
2024-10-28T10:00,70.3,37.4,577.0,8.1,15.3,148.0,134
2024-10-28T11:00,64.7,32.9,387.0,1.8,9.8,156.0,134
2024-10-28T12:00,61.0,31.0,298.0,0.0,7.4,156.0,134
2024-10-28T13:00,57.7,29.5,263.0,0.0,6.8,152.0,134
2024-10-28T14:00,55.4,28.5,300.0,1.9,6.7,144.0,134
2024-10-28T15:00,53.8,28.1,453.0,4.7,6.5,134.0,133
2024-10-28T16:00,53.0,29.2,678.0,9.1,6.8,122.0,133
2024-10-28T17:00,52.0,31.0,868.0,17.4,8.8,113.0,133
2024-10-28T18:00,62.4,38.4,990.0,30.1,13.3,94.0,133
2024-10-28T19:00,71.2,44.8,1077.0,47.4,19.5,69.0,133
2024-10-28T20:00,81.5,51.8,1114.0,59.0,24.7,50.0,133
2024-10-28T21:00,92.9,59.4,1084.0,60.1,27.7,43.0,133
2024-10-28T22:00,99.2,63.3,1004.0,55.5,29.7,43.0,134
2024-10-28T23:00,102.2,65.4,917.0,48.8,30.8,48.0,134
2024-10-29T00:00,105.9,67.5,824.0,39.7,30.9,60.0,134
2024-10-29T01:00,109.2,70.5,723.0,28.4,30.2,76.0,135
2024-10-29T02:00,119.2,77.1,655.0,19.5,29.5,89.0,135
2024-10-29T03:00,123.4,78.9,636.0,14.5,28.7,94.0,137
2024-10-29T04:00,128.1,81.5,649.0,11.8,27.9,95.0,138
2024-10-29T05:00,111.8,71.7,684.0,7.0,35.2,138.0,141
2024-10-29T06:00,118.7,75.9,776.0,10.5,35.5,132.0,142
2024-10-29T07:00,120.1,76.4,890.0,15.1,35.6,125.0,143
2024-10-29T08:00,121.1,77.1,915.0,16.9,33.4,123.0,144
2024-10-29T09:00,115.9,71.7,765.0,13.3,26.9,134.0,146
2024-10-29T10:00,91.5,51.0,526.0,6.9,18.1,150.0,149
2024-10-29T11:00,74.5,38.3,340.0,2.2,10.9,159.0,150
2024-10-29T12:00,65.4,33.1,250.0,0.4,6.9,154.0,150
2024-10-29T13:00,60.8,30.5,213.0,0.2,4.5,142.0,150
2024-10-29T14:00,58.4,29.5,241.0,2.0,3.4,130.0,150
2024-10-29T15:00,60.1,31.0,375.0,6.6,3.7,120.0,150
2024-10-29T16:00,61.7,33.6,574.0,13.2,5.3,111.0,150
2024-10-29T17:00,60.5,36.0,727.0,20.3,7.2,102.0,151
2024-10-29T18:00,71.7,43.9,790.0,23.9,10.6,93.0,151
2024-10-29T19:00,78.5,49.1,807.0,28.6,15.4,80.0,151
2024-10-29T20:00,82.2,51.1,803.0,30.8,20.1,73.0,151
2024-10-29T21:00,88.0,54.6,781.0,28.1,24.4,78.0,151
2024-10-29T22:00,89.2,56.1,738.0,22.9,28.6,89.0,151
2024-10-29T23:00,87.8,55.1,687.0,18.4,31.3,97.0,151
2024-10-30T00:00,83.1,53.6,622.0,15.8,31.8,98.0,150
2024-10-30T01:00,85.4,55.5,549.0,14.0,30.8,96.0,150
2024-10-30T02:00,86.8,56.7,507.0,12.5,29.9,94.0,148
2024-10-30T03:00,89.4,58.4,512.0,10.8,29.7,93.0,146
2024-10-30T04:00,92.4,60.3,548.0,9.4,29.4,91.0,144
2024-10-30T05:00,97.8,62.9,597.0,11.3,28.1,81.0,141
2024-10-30T06:00,99.7,61.5,683.0,14.5,27.7,79.0,141
2024-10-30T07:00,101.7,64.0,783.0,18.6,26.9,78.0,139
2024-10-30T08:00,101.7,65.2,813.0,19.8,24.8,84.0,138
2024-10-30T09:00,89.9,52.4,709.0,15.3,20.2,105.0,137
2024-10-30T10:00,78.0,43.8,535.0,7.8,14.2,133.0,135
2024-10-30T11:00,69.4,38.6,396.0,2.3,9.5,151.0,134
2024-10-30T12:00,61.0,33.6,324.0,0.2,7.0,152.0,134
2024-10-30T13:00,57.6,31.9,287.0,0.1,5.7,144.0,134
2024-10-30T14:00,54.4,30.5,294.0,1.9,5.0,134.0,134
2024-10-30T15:00,53.2,30.2,355.0,5.3,4.5,124.0,134
2024-10-30T16:00,52.6,30.3,459.0,10.7,4.5,111.0,134
2024-10-30T17:00,84.3,50.1,588.0,18.9,6.2,104.0,134
2024-10-30T18:00,92.9,56.3,762.0,30.4,9.7,87.0,135
2024-10-30T19:00,99.9,61.5,961.0,46.3,14.7,63.0,136
2024-10-30T20:00,105.0,65.4,1102.0,59.1,19.3,43.0,138
2024-10-30T21:00,108.7,68.2,1125.0,65.6,23.3,32.0,139
2024-10-30T22:00,113.4,71.5,1090.0,69.1,27.0,26.0,141
2024-10-30T23:00,117.8,74.5,1099.0,71.2,29.4,21.0,142
2024-10-31T00:00,119.7,75.4,1228.0,73.0,29.8,16.0,144
2024-10-31T01:00,117.8,74.5,1401.0,73.5,28.9,12.0,147
2024-10-31T02:00,114.1,71.9,1486.0,71.9,28.1,10.0,149
2024-10-31T03:00,110.1,69.6,1400.0,67.5,28.0,9.0,150
2024-10-31T04:00,106.6,67.8,1226.0,60.9,28.0,10.0,150
2024-10-31T05:00,99.4,63.1,1084.0,58.2,25.9,12.0,151
2024-10-31T06:00,99.4,62.9,1042.0,48.5,22.5,31.0,151
2024-10-31T07:00,101.7,64.7,1033.0,34.9,17.7,58.0,151
2024-10-31T08:00,101.0,64.0,971.0,22.9,13.6,84.0,151
2024-10-31T09:00,93.8,59.3,794.0,14.2,10.8,108.0,151
2024-10-31T10:00,83.8,53.2,564.0,7.1,8.6,130.0,151
2024-10-31T11:00,71.2,45.2,390.0,2.3,7.2,146.0,151
2024-10-31T12:00,64.3,40.7,308.0,0.3,6.9,151.0,151
2024-10-31T13:00,60.5,38.4,281.0,0.5,7.3,149.0,152
2024-10-31T14:00,57.7,36.8,303.0,2.0,7.7,144.0,152
2024-10-31T15:00,55.4,35.4,397.0,4.6,7.7,135.0,152
2024-10-31T16:00,55.5,35.6,541.0,8.4,7.8,122.0,152
2024-10-31T17:00,79.2,52.2,660.0,12.4,8.4,104.0,152
2024-10-31T18:00,84.8,56.3,719.0,15.8,9.2,93.0,152
2024-10-31T19:00,87.1,58.2,752.0,20.8,10.3,77.0,152
2024-10-31T20:00,86.1,57.9,791.0,26.0,11.9,63.0,152
2024-10-31T21:00,88.7,59.8,868.0,31.9,14.3,51.0,152
2024-10-31T22:00,92.7,62.9,950.0,38.0,17.1,40.0,152
2024-10-31T23:00,94.1,64.0,968.0,42.0,18.9,32.0,151
2024-11-01T00:00,92.7,63.3,862.0,43.0,18.9,27.0,151
2024-11-01T01:00,89.9,61.5,693.0,41.9,17.9,24.0,151
2024-11-01T02:00,87.3,60.3,568.0,39.0,16.6,25.0,150
2024-11-01T03:00,84.1,58.2,528.0,33.5,15.3,29.0,150
2024-11-01T04:00,82.0,56.8,533.0,26.3,13.7,36.0,149
2024-11-01T05:00,74.7,52.0,572.0,20.6,12.5,42.0,148
2024-11-01T06:00,77.5,54.0,684.0,18.5,11.8,53.0,147
2024-11-01T07:00,80.6,56.2,830.0,15.4,10.9,70.0,146
2024-11-01T08:00,78.5,54.5,889.0,12.1,10.1,87.0,145
2024-11-01T09:00,72.6,50.2,776.0,8.5,9.6,105.0,144
2024-11-01T10:00,67.3,46.2,577.0,4.7,9.3,124.0,143
2024-11-01T11:00,61.5,42.0,420.0,2.0,8.9,138.0,142
2024-11-01T12:00,58.8,40.2,356.0,0.9,8.1,145.0,142
2024-11-01T13:00,57.2,39.0,336.0,0.9,7.3,146.0,142
2024-11-01T14:00,56.1,38.2,340.0,2.0,6.7,144.0,142
2024-11-01T15:00,55.9,38.1,355.0,3.4,6.3,138.0,142
2024-11-01T16:00,56.8,38.6,394.0,5.9,6.1,127.0,142
2024-11-01T17:00,72.6,49.5,478.0,10.3,7.0,115.0,143
2024-11-01T18:00,87.3,59.6,638.0,20.6,9.9,99.0,142
2024-11-01T19:00,94.8,64.7,844.0,34.9,13.9,76.0,143
2024-11-01T20:00,100.1,68.5,1022.0,46.9,18.0,57.0,143
2024-11-01T21:00,104.1,71.2,1160.0,54.0,22.1,45.0,144
2024-11-01T22:00,106.6,73.1,1271.0,58.7,26.2,37.0,146
2024-11-01T23:00,106.6,73.3,1319.0,61.9,29.0,30.0,147
2024-11-02T00:00,104.8,72.2,1270.0,64.1,29.9,25.0,148
2024-11-02T01:00,103.8,71.7,1158.0,64.7,29.5,22.0,149
2024-11-02T02:00,107.6,74.3,1051.0,63.0,28.0,20.0,150
2024-11-02T03:00,109.2,75.4,961.0,58.0,25.2,18.0,150
2024-11-02T04:00,110.4,76.4,875.0,50.7,21.3,18.0,151
2024-11-02T05:00,85.0,59.0,828.0,22.1,11.6,43.0,151
2024-11-02T06:00,84.8,58.9,868.0,20.1,11.2,52.0,152
2024-11-02T07:00,86.1,60.1,945.0,17.3,10.7,65.0,152
2024-11-02T08:00,84.5,58.4,945.0,14.0,10.4,81.0,152
2024-11-02T09:00,81.5,55.9,783.0,9.8,10.7,103.0,152
2024-11-02T10:00,71.0,47.8,544.0,5.2,11.2,127.0,152
2024-11-02T11:00,60.3,39.1,363.0,1.9,11.3,144.0,152
2024-11-02T12:00,53.2,33.8,296.0,0.4,10.4,149.0,152
2024-11-02T13:00,49.9,31.3,288.0,0.3,8.9,147.0,152
2024-11-02T14:00,48.2,30.0,311.0,1.7,7.9,141.0,152
2024-11-02T15:00,46.9,29.2,358.0,4.6,7.2,133.0,151
2024-11-02T16:00,45.9,28.4,436.0,9.1,7.0,121.0,151
2024-11-02T17:00,56.7,36.6,545.0,14.5,7.8,102.0,151
2024-11-02T18:00,63.6,41.4,707.0,20.6,9.6,91.0,151
2024-11-02T19:00,67.8,44.2,900.0,29.0,12.2,75.0,150
2024-11-02T20:00,70.3,46.0,1055.0,34.8,14.1,62.0,148
2024-11-02T21:00,71.9,47.1,1161.0,36.0,15.0,56.0,145
2024-11-02T22:00,72.9,47.8,1229.0,34.6,15.2,52.0,143
2024-11-02T23:00,71.2,46.8,1219.0,31.9,14.8,50.0,140
2024-11-03T00:00,67.8,44.5,1068.0,27.4,13.2,48.0,137
2024-11-03T01:00,65.7,43.1,839.0,21.5,10.8,48.0,135
2024-11-03T02:00,64.7,42.5,679.0,16.9,9.2,48.0,132
2024-11-03T03:00,64.5,42.6,669.0,14.6,8.9,49.0,128
2024-11-03T04:00,65.0,43.2,728.0,13.5,9.4,51.0,125
2024-11-03T05:00,65.7,43.5,759.0,14.4,10.2,51.0,121
2024-11-03T06:00,69.2,46.0,725.0,14.8,10.2,56.0,120
2024-11-03T07:00,73.8,49.2,664.0,15.2,10.2,63.0,118
2024-11-03T08:00,76.6,51.1,589.0,14.3,10.3,76.0,117
2024-11-03T09:00,81.5,54.6,489.0,10.6,10.6,101.0,117
2024-11-03T10:00,79.2,53.3,376.0,5.6,11.0,132.0,116
2024-11-03T11:00,71.0,47.4,294.0,1.9,11.0,154.0,117
2024-11-03T12:00,65.0,42.7,259.0,0.5,10.1,160.0,118
2024-11-03T13:00,60.8,39.5,255.0,0.4,8.9,156.0,119
2024-11-03T14:00,57.5,37.3,285.0,1.8,7.9,149.0,120
2024-11-03T15:00,55.8,36.1,353.0,4.9,7.4,139.0,120
2024-11-03T16:00,54.9,35.5,453.0,9.5,7.3,125.0,121
2024-11-03T17:00,71.2,46.6,572.0,13.2,7.4,105.0,122
2024-11-03T18:00,77.5,51.0,737.0,17.1,8.6,96.0,123
2024-11-03T19:00,80.8,53.2,919.0,22.4,10.3,84.0,124
2024-11-03T20:00,82.7,54.5,1022.0,26.3,11.7,74.0,125
2024-11-03T21:00,83.8,55.2,990.0,27.6,12.6,68.0,126
2024-11-03T22:00,85.0,56.0,878.0,27.5,13.2,64.0,127
2024-11-03T23:00,84.1,55.4,752.0,26.0,13.2,62.0,127
2024-11-04T00:00,81.0,53.3,609.0,22.4,12.2,61.0,128
2024-11-04T01:00,78.2,51.1,451.0,17.5,10.7,61.0,129
2024-11-04T02:00,75.7,49.2,351.0,13.5,9.6,61.0,130
2024-11-04T03:00,73.6,47.6,349.0,11.4,9.4,61.0,131
2024-11-04T04:00,71.9,46.3,405.0,10.2,9.8,62.0,131
2024-11-04T05:00,69.6,44.2,473.0,9.2,10.0,68.0,132
2024-11-04T06:00,71.2,45.2,563.0,11.2,10.7,69.0,132
2024-11-04T07:00,74.7,47.6,663.0,13.9,11.6,72.0,132
2024-11-04T08:00,76.4,48.2,696.0,14.5,12.0,80.0,131
2024-11-04T09:00,75.9,47.0,597.0,11.1,11.3,98.0,131
2024-11-04T10:00,69.2,41.7,430.0,5.7,10.1,122.0,130
2024-11-04T11:00,67.5,39.7,305.0,1.7,9.0,139.0,129
2024-11-04T12:00,66.4,38.9,261.0,0.3,8.1,145.0,128
2024-11-04T13:00,65.4,38.3,260.0,0.3,7.4,144.0,128
2024-11-04T14:00,64.5,38.0,299.0,1.7,6.9,140.0,128
2024-11-04T15:00,64.0,37.7,379.0,4.5,6.6,132.0,128
2024-11-04T16:00,63.6,37.6,499.0,8.6,6.5,120.0,128
2024-11-04T17:00,82.0,50.5,651.0,14.8,5.9,102.0,128
2024-11-04T18:00,88.0,55.1,878.0,21.2,7.7,89.0,129
2024-11-04T19:00,91.3,57.4,1137.0,30.0,10.2,72.0,129
2024-11-04T20:00,94.5,59.8,1288.0,36.9,12.4,57.0,130
2024-11-04T21:00,96.6,61.7,1252.0,40.7,14.2,48.0,130
2024-11-04T22:00,97.6,62.9,1108.0,42.5,15.6,41.0,131
2024-11-04T23:00,95.9,61.9,950.0,41.5,15.9,38.0,132
2024-11-05T00:00,91.0,59.0,782.0,35.8,14.1,39.0,132
2024-11-05T01:00,86.6,56.1,600.0,27.3,11.1,43.0,133
2024-11-05T02:00,82.9,53.7,482.0,20.4,8.9,47.0,133
2024-11-05T03:00,80.3,51.9,469.0,17.0,8.2,49.0,134
2024-11-05T04:00,78.5,50.6,520.0,15.3,8.3,50.0,134
2024-11-05T05:00,75.0,47.8,590.0,13.6,8.3,51.0,135
2024-11-05T06:00,78.0,49.4,700.0,14.6,8.7,55.0,135
2024-11-05T07:00,83.6,52.6,828.0,15.7,9.3,61.0,135
2024-11-05T08:00,87.5,54.1,867.0,15.2,9.4,72.0,136
2024-11-05T09:00,89.9,54.1,733.0,11.4,8.8,92.0,137
2024-11-05T10:00,84.5,50.1,509.0,5.9,7.8,117.0,137
2024-11-05T11:00,81.5,47.4,339.0,1.9,6.9,136.0,138
2024-11-05T12:00,82.2,46.8,280.0,0.3,6.3,144.0,139
2024-11-05T13:00,80.1,45.6,275.0,0.2,5.8,145.0,140
2024-11-05T14:00,78.0,44.5,295.0,1.8,5.6,142.0,141
2024-11-05T15:00,76.1,43.5,312.0,5.2,5.5,135.0,141
2024-11-05T16:00,75.0,43.0,355.0,10.4,5.8,123.0,142
2024-11-05T17:00,99.7,59.3,479.0,15.7,6.4,111.0,142
2024-11-05T18:00,106.2,64.0,782.0,22.4,8.4,97.0,143
2024-11-05T19:00,109.9,66.8,1165.0,31.9,11.3,77.0,144
2024-11-05T20:00,112.7,68.9,1391.0,40.3,14.4,60.0,145
2024-11-05T21:00,114.6,70.8,1312.0,47.2,18.2,48.0,146
2024-11-05T22:00,118.5,73.3,1075.0,53.0,22.3,38.0,147
2024-11-05T23:00,121.5,75.4,882.0,55.1,24.5,32.0,148
2024-11-06T00:00,120.1,74.3,809.0,51.5,23.4,32.0,150
2024-11-06T01:00,116.4,71.7,779.0,44.3,20.3,35.0,150
2024-11-06T02:00,112.0,68.9,767.0,37.2,17.4,38.0,151
2024-11-06T03:00,107.6,66.1,766.0,30.9,15.2,39.0,151
2024-11-06T04:00,103.1,63.3,782.0,24.8,13.1,40.0,152
2024-11-06T05:00,101.7,61.9,812.0,19.6,11.4,46.0,152
2024-11-06T06:00,102.7,62.6,888.0,20.6,11.6,51.0,152
2024-11-06T07:00,106.6,65.4,978.0,21.7,11.7,59.0,153
2024-11-06T08:00,109.4,66.6,981.0,20.6,11.6,73.0,153
2024-11-06T09:00,108.5,63.6,812.0,15.1,10.9,98.0,154
2024-11-06T10:00,109.0,62.4,557.0,7.5,9.8,129.0,154
2024-11-06T11:00,104.5,58.4,367.0,1.9,9.0,151.0,154
2024-11-06T12:00,100.6,55.9,302.0,0.0,8.5,159.0,155
2024-11-06T13:00,97.1,54.0,303.0,0.3,8.3,159.0,155
2024-11-06T14:00,95.2,52.9,349.0,1.9,8.2,155.0,155
2024-11-06T15:00,93.1,51.8,465.0,4.5,8.0,147.0,155
2024-11-06T16:00,91.0,50.8,625.0,8.5,7.9,135.0,156
2024-11-06T17:00,89.4,52.0,729.0,15.4,8.6,126.0,156
2024-11-06T18:00,93.6,55.3,715.0,24.3,11.3,108.0,156
2024-11-06T19:00,95.7,57.3,645.0,36.3,15.0,83.0,155
2024-11-06T20:00,96.4,58.3,610.0,43.0,17.2,65.0,155
2024-11-06T21:00,92.7,56.5,667.0,39.8,16.5,59.0,155
2024-11-06T22:00,83.6,51.1,759.0,31.4,14.3,59.0,154
2024-11-06T23:00,72.9,44.4,803.0,23.4,12.2,61.0,154
2024-11-07T00:00,65.9,39.8,745.0,17.4,10.4,64.0,153
2024-11-07T01:00,63.3,38.0,640.0,11.9,8.6,69.0,152
2024-11-07T02:00,63.1,37.6,571.0,7.9,7.5,74.0,151
2024-11-07T03:00,63.8,38.0,573.0,6.0,7.6,77.0,149
2024-11-07T04:00,65.2,38.4,611.0,5.7,8.4,80.0,146
2024-11-07T05:00,69.2,40.6,665.0,4.5,10.1,91.0,144
2024-11-07T06:00,71.9,42.4,762.0,7.6,10.7,86.0,142
2024-11-07T07:00,76.1,45.3,874.0,11.8,11.5,80.0,140
2024-11-07T08:00,80.3,47.5,899.0,13.6,12.2,83.0,137
2024-11-07T09:00,88.0,51.0,753.0,10.8,12.7,105.0,135
2024-11-07T10:00,95.7,55.2,519.0,5.7,13.2,135.0,134
2024-11-07T11:00,91.7,51.5,345.0,1.9,13.2,158.0,133
2024-11-07T12:00,87.5,48.9,285.0,0.4,12.5,166.0,133
2024-11-07T13:00,83.1,46.6,284.0,0.2,11.5,165.0,132
2024-11-07T14:00,80.1,44.9,323.0,1.8,10.7,160.0,131
2024-11-07T15:00,78.2,44.0,380.0,5.0,10.1,152.0,130
2024-11-07T16:00,77.5,43.8,476.0,10.0,9.8,139.0,130
2024-11-07T17:00,114.8,67.3,655.0,18.6,10.5,126.0,129
2024-11-07T18:00,120.6,71.5,1030.0,25.8,12.9,111.0,130
2024-11-07T19:00,123.9,74.3,1488.0,35.5,16.3,90.0,132
2024-11-07T20:00,128.1,77.1,1731.0,41.6,18.5,74.0,134
2024-11-07T21:00,129.9,78.7,1572.0,41.3,18.9,66.0,136
2024-11-07T22:00,126.7,77.3,1197.0,37.5,18.2,62.0,138
2024-11-07T23:00,117.6,71.7,872.0,32.2,16.7,60.0,141
2024-11-08T00:00,108.7,66.1,677.0,25.0,14.0,61.0,144
2024-11-08T01:00,103.4,62.9,531.0,16.3,10.5,65.0,146
2024-11-08T02:00,100.1,60.8,456.0,9.9,8.0,68.0,149
2024-11-08T03:00,98.0,59.5,483.0,7.4,7.3,69.0,150
2024-11-08T04:00,96.6,58.6,581.0,7.1,7.5,69.0,151
2024-11-08T05:00,94.5,57.2,680.0,6.5,7.8,73.0,152
2024-11-08T06:00,96.9,58.7,787.0,8.9,8.4,71.0,152
2024-11-08T07:00,100.6,61.5,896.0,12.0,9.2,69.0,153
2024-11-08T08:00,105.9,64.5,917.0,13.1,10.1,76.0,153
2024-11-08T09:00,119.0,71.2,774.0,10.3,11.1,100.0,154
2024-11-08T10:00,123.9,72.6,543.0,5.5,12.1,133.0,154
2024-11-08T11:00,114.1,67.3,370.0,1.9,12.6,157.0,155
2024-11-08T12:00,105.5,62.2,314.0,0.5,12.0,164.0,155
2024-11-08T13:00,101.7,59.8,316.0,0.4,10.8,163.0,156
2024-11-08T14:00,99.0,58.3,342.0,1.8,9.9,157.0,156
2024-11-08T15:00,98.0,57.7,384.0,5.2,9.5,148.0,156
2024-11-08T16:00,95.7,56.5,451.0,10.1,9.4,134.0,157
2024-11-08T17:00,98.7,59.5,538.0,14.6,9.9,119.0,157
2024-11-08T18:00,103.4,62.9,666.0,18.9,11.2,109.0,157
2024-11-08T19:00,105.7,64.7,813.0,24.7,13.1,94.0,157
2024-11-08T20:00,106.9,65.4,911.0,27.6,14.1,83.0,156
2024-11-08T21:00,106.2,65.0,926.0,25.2,13.7,79.0,156
2024-11-08T22:00,103.4,63.3,893.0,20.0,12.6,77.0,156
2024-11-08T23:00,100.1,60.8,841.0,15.2,11.4,77.0,155
2024-11-09T00:00,98.7,59.6,769.0,11.5,10.4,77.0,155
2024-11-09T01:00,99.2,59.4,678.0,8.2,9.3,78.0,155
2024-11-09T02:00,99.4,59.3,610.0,6.0,8.6,78.0,155
2024-11-09T03:00,99.2,59.0,577.0,5.1,8.4,76.0,155
2024-11-09T04:00,98.5,58.4,566.0,5.2,8.5,73.0,155
2024-11-09T05:00,93.6,55.6,579.0,7.3,9.3,72.0,155
2024-11-09T06:00,96.4,57.5,648.0,10.8,10.0,69.0,155
2024-11-09T07:00,100.8,60.8,743.0,15.3,11.0,66.0,154
2024-11-09T08:00,106.4,63.8,769.0,17.1,11.5,71.0,154
2024-11-09T09:00,114.8,67.3,660.0,13.3,11.3,94.0,154
2024-11-09T10:00,115.0,66.4,483.0,6.6,10.7,125.0,154
2024-11-09T11:00,106.6,61.0,351.0,1.7,10.0,148.0,154
2024-11-09T12:00,100.1,57.2,306.0,0.0,9.1,155.0,154
2024-11-09T13:00,95.2,54.5,307.0,0.1,8.0,153.0,154
2024-11-09T14:00,91.7,52.5,338.0,1.7,7.2,148.0,154
2024-11-09T15:00,89.9,51.6,395.0,5.3,6.8,139.0,153
2024-11-09T16:00,88.9,51.1,483.0,10.4,6.8,126.0,153
2024-11-09T17:00,91.7,54.5,606.0,14.4,7.5,110.0,153
2024-11-09T18:00,100.4,60.1,821.0,18.3,8.8,101.0,153
2024-11-09T19:00,105.0,63.1,1070.0,23.4,10.5,89.0,153
2024-11-09T20:00,109.2,65.7,1186.0,26.5,11.7,80.0,153
2024-11-09T21:00,112.0,67.5,1051.0,25.6,12.0,77.0,153
2024-11-09T22:00,113.2,68.2,782.0,22.6,11.7,78.0,153
2024-11-09T23:00,111.5,66.8,564.0,19.3,11.1,78.0,153
2024-11-10T00:00,108.0,64.7,464.0,15.9,10.0,76.0,153
2024-11-10T01:00,104.5,62.6,415.0,12.1,8.7,74.0,153
2024-11-10T02:00,101.0,60.5,400.0,9.3,7.7,73.0,153
2024-11-10T03:00,97.8,58.7,415.0,7.8,7.5,72.0,154
2024-11-10T04:00,94.8,56.8,464.0,7.3,7.6,72.0,154
2024-11-10T05:00,92.7,55.8,540.0,8.0,8.0,73.0,153
2024-11-10T06:00,94.1,56.7,682.0,11.3,8.7,71.0,153
2024-11-10T07:00,97.8,59.4,850.0,15.6,9.7,69.0,153
2024-11-10T08:00,102.0,61.9,918.0,17.2,10.2,74.0,153
2024-11-10T09:00,110.8,65.7,795.0,13.4,10.0,93.0,153
2024-11-10T10:00,107.3,62.9,571.0,6.8,9.4,120.0,153
2024-11-10T11:00,93.8,55.2,400.0,1.9,8.8,140.0,153
2024-11-10T12:00,85.4,50.1,335.0,0.2,8.3,148.0,153
2024-11-10T13:00,82.7,48.5,322.0,0.3,7.7,148.0,153
2024-11-10T14:00,81.7,47.8,346.0,1.8,7.4,145.0,153
2024-11-10T15:00,81.7,48.0,393.0,5.1,7.3,137.0,152
2024-11-10T16:00,82.9,48.7,478.0,10.0,7.4,125.0,152
2024-11-10T17:00,105.0,63.1,632.0,14.4,7.4,111.0,152
2024-11-10T18:00,112.2,68.2,926.0,17.2,8.5,104.0,153
2024-11-10T19:00,116.2,70.5,1289.0,20.9,10.0,95.0,153
2024-11-10T20:00,118.7,72.2,1545.0,22.7,10.8,88.0,153
2024-11-10T21:00,118.7,72.2,1617.0,20.8,10.3,85.0,153
2024-11-10T22:00,117.6,71.5,1581.0,17.0,9.1,85.0,153
2024-11-10T23:00,114.6,69.4,1490.0,13.4,8.0,84.0,153
2024-11-11T00:00,111.1,67.1,1337.0,10.6,7.1,81.0,154
2024-11-11T01:00,109.0,65.9,1129.0,8.1,6.4,78.0,154
2024-11-11T02:00,105.9,64.0,938.0,6.4,5.9,75.0,154
2024-11-11T03:00,103.4,62.4,776.0,5.7,5.9,73.0,154
2024-11-11T04:00,101.5,61.2,631.0,5.9,6.3,70.0,154
2024-11-11T05:00,102.0,61.5,545.0,6.2,6.6,69.0,154
2024-11-11T06:00,103.8,62.9,568.0,9.2,7.6,66.0,154
2024-11-11T07:00,108.7,66.1,649.0,13.2,8.9,64.0,154
2024-11-11T08:00,115.5,70.3,674.0,14.8,9.6,69.0,155
2024-11-11T09:00,118.7,71.0,574.0,11.5,9.2,91.0,155
2024-11-11T10:00,121.1,71.5,418.0,5.7,8.2,120.0,155
2024-11-11T11:00,115.5,68.2,303.0,1.5,7.3,142.0,155
2024-11-11T12:00,109.7,65.0,269.0,0.2,6.8,149.0,156
2024-11-11T13:00,103.8,61.7,276.0,0.5,6.4,147.0,156
2024-11-11T14:00,98.7,58.8,300.0,1.7,6.2,142.0,157
2024-11-11T15:00,93.6,56.0,340.0,3.8,6.2,134.0,157
2024-11-11T16:00,89.9,54.0,398.0,6.9,6.3,124.0,157
2024-11-11T17:00,125.7,76.1,457.0,10.6,7.0,116.0,157
2024-11-11T18:00,126.7,77.8,521.0,14.1,8.2,107.0,158
2024-11-11T19:00,128.5,79.4,585.0,18.8,9.8,95.0,158
2024-11-11T20:00,128.1,79.4,618.0,21.3,10.9,87.0,158
2024-11-11T21:00,126.2,78.2,599.0,19.6,11.1,86.0,158
2024-11-11T22:00,123.4,76.6,550.0,15.6,10.8,89.0,159
2024-11-11T23:00,118.3,73.1,501.0,11.9,10.5,91.0,159
2024-11-12T00:00,115.7,71.2,459.0,9.1,10.1,92.0,159
2024-11-12T01:00,114.3,70.1,418.0,6.6,9.7,94.0,159
2024-11-12T02:00,112.9,69.2,393.0,4.9,9.4,94.0,159
2024-11-12T03:00,111.3,68.0,391.0,4.1,9.3,92.0,159
2024-11-12T04:00,109.7,67.1,405.0,4.2,9.3,90.0,159
2024-11-12T05:00,110.1,67.5,431.0,6.3,9.5,81.0,160
2024-11-12T06:00,111.8,68.9,486.0,8.5,9.8,78.0,160
2024-11-12T07:00,114.3,71.0,553.0,11.5,10.2,76.0,160
2024-11-12T08:00,111.1,68.7,576.0,12.5,10.5,82.0,160
2024-11-12T09:00,101.3,62.6,513.0,9.8,10.8,105.0,160
2024-11-12T10:00,88.5,54.6,406.0,5.1,10.9,136.0,160
2024-11-12T11:00,80.1,49.2,326.0,1.7,11.0,159.0,159
2024-11-12T12:00,78.0,48.0,300.0,0.4,10.8,166.0,159
2024-11-12T13:00,75.9,46.8,300.0,0.3,10.4,165.0,158
2024-11-12T14:00,73.6,45.4,312.0,1.8,10.2,160.0,158
2024-11-12T15:00,71.0,44.0,332.0,5.0,9.9,151.0,157
2024-11-12T16:00,69.8,43.2,365.0,9.7,9.8,138.0,157
2024-11-12T17:00,55.2,53.1,410.0,17.3,11.8,124.0,157
2024-11-12T18:00,62.2,60.1,476.0,24.3,13.1,109.0,156
2024-11-12T19:00,65.2,63.1,554.0,33.7,14.9,88.0,155
2024-11-12T20:00,67.3,65.0,614.0,39.2,16.0,72.0,155
2024-11-12T21:00,67.8,65.7,652.0,37.3,15.7,67.0,155
2024-11-12T22:00,66.6,64.5,673.0,31.5,14.6,67.0,154
2024-11-12T23:00,62.6,60.8,660.0,25.5,13.7,69.0,154
2024-11-13T00:00,58.6,57.0,584.0,20.1,13.1,71.0,153
2024-11-13T01:00,56.2,54.8,475.0,14.6,12.6,75.0,153
2024-11-13T02:00,54.6,53.4,405.0,10.5,12.4,79.0,153
2024-11-13T03:00,53.3,52.2,411.0,8.4,12.7,82.0,152
2024-11-13T04:00,52.2,51.0,455.0,7.6,13.4,85.0,152
2024-11-13T05:00,53.3,52.0,501.0,8.7,14.4,84.0,151
2024-11-13T06:00,54.8,53.6,550.0,11.0,14.4,84.0,151
2024-11-13T07:00,57.5,56.3,600.0,14.1,14.5,84.0,150
2024-11-13T08:00,51.6,50.6,608.0,15.0,14.5,92.0,149
2024-11-13T09:00,46.8,45.9,536.0,11.7,14.6,114.0,147
2024-11-13T10:00,44.1,43.2,421.0,6.2,14.7,142.0,146
2024-11-13T11:00,42.5,41.4,335.0,2.1,14.3,162.0,144
2024-11-13T12:00,39.7,38.6,308.0,0.6,13.2,165.0,144
2024-11-13T13:00,36.6,35.4,309.0,0.4,11.6,160.0,143
2024-11-13T14:00,33.9,32.7,316.0,1.8,10.4,151.0,141
2024-11-13T15:00,32.1,30.9,318.0,5.2,9.8,140.0,140
2024-11-13T16:00,31.3,30.2,325.0,10.2,9.6,127.0,139
2024-11-13T17:00,38.3,37.6,353.0,16.1,9.9,108.0,137
2024-11-13T18:00,43.7,42.8,418.0,21.7,11.3,97.0,136
2024-11-13T19:00,46.7,45.9,504.0,29.2,13.1,81.0,134
2024-11-13T20:00,46.9,46.1,569.0,33.0,14.0,69.0,132
2024-11-13T21:00,43.8,43.1,603.0,29.6,12.9,66.0,130
2024-11-13T22:00,39.0,38.5,618.0,22.4,10.9,66.0,128
2024-11-13T23:00,34.3,34.1,605.0,16.4,9.1,67.0,125
2024-11-14T00:00,30.9,30.6,547.0,13.2,8.0,66.0,122
2024-11-14T01:00,28.8,28.6,462.0,11.0,7.3,65.0,120
2024-11-14T02:00,27.9,27.8,398.0,9.6,7.1,64.0,117
2024-11-14T03:00,27.6,27.6,371.0,8.8,7.7,64.0,114
2024-11-14T04:00,27.9,27.8,365.0,8.7,9.0,64.0,112
2024-11-14T05:00,28.7,28.5,386.0,9.3,11.0,66.0,109
2024-11-14T06:00,31.5,31.3,461.0,11.3,12.9,67.0,107
2024-11-14T07:00,35.9,35.6,562.0,13.9,15.5,69.0,105
2024-11-14T08:00,35.3,34.9,610.0,14.5,16.9,77.0,102
2024-11-14T09:00,37.6,36.8,552.0,11.3,16.3,99.0,101
2024-11-14T10:00,41.2,40.2,441.0,6.1,14.6,127.0,100
2024-11-14T11:00,40.3,39.3,353.0,2.3,12.5,146.0,100
2024-11-14T12:00,37.0,36.3,319.0,0.9,10.0,147.0,99
2024-11-14T13:00,32.0,31.4,309.0,0.8,7.2,137.0,99
2024-11-14T14:00,29.0,28.5,306.0,2.0,5.3,127.0,99
2024-11-14T15:00,27.6,27.1,305.0,3.9,4.6,119.0,99
2024-11-14T16:00,28.1,27.6,311.0,7.2,4.8,111.0,98
2024-11-14T17:00,46.1,45.3,327.0,19.1,6.6,90.0,98
2024-11-14T18:00,55.5,54.7,360.0,28.6,9.9,76.0,99
2024-11-14T19:00,61.5,60.5,402.0,41.3,14.5,56.0,100
2024-11-14T20:00,62.6,62.2,439.0,48.9,17.3,43.0,101
2024-11-14T21:00,61.2,60.8,466.0,46.8,16.9,43.0,103
2024-11-14T22:00,55.5,55.2,486.0,39.6,14.9,50.0,105
2024-11-14T23:00,48.7,48.4,496.0,31.9,12.6,57.0,106
2024-11-15T00:00,41.9,41.8,485.0,24.5,10.3,62.0,108
2024-11-15T01:00,37.4,37.1,462.0,16.7,7.8,68.0,109
2024-11-15T02:00,35.4,35.0,454.0,11.2,6.1,72.0,110
2024-11-15T03:00,34.7,34.3,476.0,9.5,5.8,73.0,111
2024-11-15T04:00,34.5,34.1,512.0,10.0,6.3,73.0,111
2024-11-15T05:00,32.1,31.9,542.0,11.3,6.0,63.0,112
2024-11-15T06:00,32.9,32.6,565.0,11.5,6.0,66.0,112
2024-11-15T07:00,33.8,33.5,582.0,11.7,6.2,71.0,112
2024-11-15T08:00,29.4,29.1,571.0,10.9,6.5,81.0,112
2024-11-15T09:00,31.4,31.0,508.0,8.3,7.4,99.0,112
2024-11-15T10:00,36.8,36.3,416.0,4.8,8.5,122.0,111
2024-11-15T11:00,38.0,37.4,347.0,2.3,9.2,138.0,111
2024-11-15T12:00,36.1,35.5,321.0,1.4,9.0,142.0,110
2024-11-15T13:00,33.3,32.8,316.0,1.4,8.3,139.0,110
2024-11-15T14:00,32.8,32.4,321.0,2.4,7.8,134.0,110
2024-11-15T15:00,31.5,31.1,330.0,4.0,7.6,129.0,111
2024-11-15T16:00,32.4,32.0,348.0,6.6,7.6,123.0,111
2024-11-15T17:00,62.6,61.7,374.0,14.6,8.6,106.0,112
2024-11-15T18:00,73.6,72.6,419.0,23.0,10.0,89.0,113
2024-11-15T19:00,79.4,78.5,473.0,34.4,11.9,66.0,115
2024-11-15T20:00,77.8,77.1,504.0,42.0,13.6,49.0,117
2024-11-15T21:00,76.1,75.7,490.0,42.1,14.9,43.0,119
2024-11-15T22:00,78.0,77.3,453.0,38.3,15.9,42.0,120
2024-11-15T23:00,80.6,80.1,429.0,34.7,16.4,41.0,123
2024-11-16T00:00,80.3,79.6,436.0,32.5,16.2,38.0,126
2024-11-16T01:00,81.7,81.0,456.0,30.4,15.4,35.0,130
2024-11-16T02:00,83.1,82.2,467.0,28.9,14.9,32.0,134
2024-11-16T03:00,86.8,85.9,455.0,28.7,14.8,28.0,139
2024-11-16T04:00,89.4,88.5,434.0,29.0,15.0,25.0,145
2024-11-16T05:00,93.4,92.4,426.0,34.8,14.8,19.0,150
2024-11-16T06:00,89.2,88.2,448.0,30.4,15.4,31.0,152
2024-11-16T07:00,78.7,78.0,483.0,24.1,16.2,49.0,154
2024-11-16T08:00,60.5,60.1,497.0,18.0,16.3,71.0,155
2024-11-16T09:00,47.1,46.6,471.0,12.1,15.0,101.0,156
2024-11-16T10:00,46.1,45.4,426.0,6.3,12.9,134.0,156
2024-11-16T11:00,44.5,43.8,387.0,2.2,11.1,158.0,157
2024-11-16T12:00,43.0,42.4,364.0,0.6,10.1,165.0,157
2024-11-16T13:00,41.7,41.1,347.0,0.8,9.4,161.0,157
2024-11-16T14:00,40.9,40.3,339.0,2.2,8.9,154.0,157
2024-11-16T15:00,39.9,39.3,335.0,4.3,8.5,146.0,157
2024-11-16T16:00,39.5,39.0,339.0,7.6,8.4,135.0,158
2024-11-16T17:00,60.5,59.8,367.0,25.5,9.7,98.0,158
2024-11-16T18:00,67.5,66.8,433.0,37.0,12.1,79.0,158
2024-11-16T19:00,73.6,72.9,523.0,52.7,15.5,53.0,158
2024-11-16T20:00,78.5,78.0,615.0,63.8,18.3,33.0,157
2024-11-16T21:00,83.4,82.9,728.0,66.8,20.2,25.0,158
2024-11-16T22:00,87.1,86.6,843.0,65.2,21.6,22.0,158
2024-11-16T23:00,85.9,85.2,885.0,60.6,21.8,24.0,158
2024-11-17T00:00,75.9,75.4,791.0,52.0,19.9,30.0,158
2024-11-17T01:00,65.0,64.5,625.0,40.4,16.8,41.0,158
2024-11-17T02:00,56.9,56.5,496.0,30.0,14.7,51.0,158
2024-11-17T03:00,50.8,50.3,452.0,21.9,14.6,60.0,157
2024-11-17T04:00,46.3,45.9,446.0,15.0,15.4,68.0,156
2024-11-17T05:00,43.2,42.7,450.0,11.2,16.2,79.0,154
2024-11-17T06:00,43.4,42.7,465.0,12.1,16.8,79.0,153
2024-11-17T07:00,45.3,44.6,491.0,13.1,17.7,80.0,152
2024-11-17T08:00,45.5,44.7,494.0,12.8,17.8,87.0,151
2024-11-17T09:00,45.9,44.7,452.0,9.8,16.6,108.0,150
2024-11-17T10:00,44.8,43.5,387.0,5.5,14.8,136.0,150
2024-11-17T11:00,43.3,42.3,337.0,2.3,13.1,156.0,150
2024-11-17T12:00,43.3,42.4,317.0,1.0,11.9,163.0,150
2024-11-17T13:00,43.8,42.8,313.0,0.8,10.9,162.0,150
2024-11-17T14:00,43.4,42.6,313.0,1.9,10.1,157.0,150
2024-11-17T15:00,42.5,41.7,311.0,4.7,9.5,147.0,150
2024-11-17T16:00,41.6,40.7,314.0,8.8,9.2,133.0,150
2024-11-17T17:00,42.4,41.7,335.0,12.5,9.2,115.0,150
2024-11-17T18:00,46.4,45.8,398.0,17.2,10.1,103.0,149
2024-11-17T19:00,47.4,46.7,479.0,23.4,11.3,86.0,147
2024-11-17T20:00,47.1,46.4,525.0,26.8,11.9,73.0,144
2024-11-17T21:00,45.4,44.7,503.0,24.6,11.2,69.0,141
2024-11-17T22:00,42.7,42.1,445.0,19.5,9.9,70.0,137
2024-11-17T23:00,40.7,40.2,398.0,15.0,9.1,71.0,132
2024-11-18T00:00,40.4,39.6,375.0,12.1,9.2,73.0,127
2024-11-18T01:00,41.0,40.0,361.0,9.8,9.7,75.0,124
2024-11-18T02:00,41.7,40.5,361.0,8.2,10.5,77.0,121
2024-11-18T03:00,42.4,41.1,377.0,7.5,11.4,78.0,120
2024-11-18T04:00,43.0,41.6,406.0,7.6,12.6,78.0,119
2024-11-18T05:00,45.9,44.4,442.0,10.3,13.3,74.0,118
2024-11-18T06:00,48.8,47.1,499.0,12.7,14.1,72.0,118
2024-11-18T07:00,53.1,51.5,563.0,15.8,15.3,71.0,119
2024-11-18T08:00,48.3,46.9,584.0,16.6,16.1,79.0,119
2024-11-18T09:00,47.3,45.4,523.0,12.9,16.3,106.0,120
2024-11-18T10:00,48.0,46.0,420.0,6.9,16.2,142.0,120
2024-11-18T11:00,44.2,42.5,341.0,2.4,15.7,168.0,120
2024-11-18T12:00,40.4,38.9,316.0,0.8,14.5,174.0,120
2024-11-18T13:00,37.7,36.4,317.0,0.7,12.8,170.0,120
2024-11-18T14:00,35.5,34.3,323.0,1.8,11.4,162.0,119
2024-11-18T15:00,34.0,32.8,327.0,4.3,10.4,153.0,118
2024-11-18T16:00,32.8,31.8,336.0,7.9,9.6,140.0,117
2024-11-18T17:00,33.8,32.8,355.0,11.0,9.0,128.0,125
2024-11-18T18:00,37.4,36.4,394.0,13.8,9.3,118.0,130
2024-11-18T19:00,39.3,38.4,443.0,17.5,9.7,104.0,125
2024-11-18T20:00,40.4,39.3,476.0,19.5,10.1,94.0,114
2024-11-18T21:00,40.9,39.9,480.0,18.2,10.3,90.0,113
2024-11-18T22:00,41.3,40.4,469.0,15.2,10.3,90.0,112
2024-11-18T23:00,41.4,40.6,454.0,12.5,10.6,90.0,112
2024-11-19T00:00,41.4,40.6,435.0,10.7,11.2,89.0,112
2024-11-19T01:00,42.1,41.3,412.0,9.3,11.9,89.0,112
2024-11-19T02:00,43.2,42.3,404.0,8.4,12.7,89.0,112
2024-11-19T03:00,44.6,43.5,413.0,8.0,13.6,88.0,113
2024-11-19T04:00,46.3,45.2,437.0,8.2,14.5,87.0,113
2024-11-19T05:00,49.5,48.2,483.0,9.5,14.9,87.0,113
2024-11-19T06:00,54.1,52.7,586.0,12.3,15.8,85.0,114
2024-11-19T07:00,60.1,58.7,712.0,15.9,17.0,84.0,114
2024-11-19T08:00,56.6,55.4,763.0,17.0,17.6,91.0,115
2024-11-19T09:00,57.7,56.2,671.0,13.1,17.3,115.0,116
2024-11-19T10:00,58.4,56.8,504.0,6.8,16.5,148.0,117
2024-11-19T11:00,55.3,53.7,377.0,2.1,15.5,171.0,118
2024-11-19T12:00,51.5,49.9,337.0,0.5,14.1,178.0,119
2024-11-19T13:00,48.7,47.3,336.0,0.6,12.5,176.0,120
2024-11-19T14:00,47.3,45.9,344.0,2.0,11.4,170.0,122
2024-11-19T15:00,46.6,45.3,347.0,4.9,11.1,161.0,123
2024-11-19T16:00,46.3,45.2,358.0,9.1,11.2,148.0,124
2024-11-19T17:00,58.6,57.4,390.0,15.1,11.8,126.0,136
2024-11-19T18:00,65.0,63.8,464.0,18.7,12.9,116.0,138
2024-11-19T19:00,66.6,65.2,558.0,23.4,14.3,102.0,132
2024-11-19T20:00,66.4,65.0,615.0,25.6,15.1,91.0,134
2024-11-19T21:00,63.6,62.4,606.0,23.0,14.5,87.0,136
2024-11-19T22:00,58.9,58.0,560.0,17.9,13.2,86.0,139
2024-11-19T23:00,54.1,53.3,513.0,13.5,12.4,85.0,140
2024-11-20T00:00,50.2,49.5,471.0,10.8,12.6,84.0,142
2024-11-20T01:00,47.8,47.1,427.0,8.7,13.4,83.0,143
2024-11-20T02:00,46.6,45.8,401.0,7.3,14.3,83.0,143
2024-11-20T03:00,45.9,45.2,396.0,6.5,15.3,83.0,144
2024-11-20T04:00,45.9,45.1,408.0,6.4,16.4,84.0,144
2024-11-20T05:00,47.3,46.3,441.0,7.8,16.6,80.0,144
2024-11-20T06:00,50.4,49.4,522.0,10.3,17.6,79.0,144
2024-11-20T07:00,54.0,52.9,623.0,13.6,18.9,78.0,143
2024-11-20T08:00,51.1,50.1,667.0,14.7,19.5,85.0,143
2024-11-20T09:00,50.8,49.0,597.0,11.5,18.6,108.0,142
2024-11-20T10:00,49.6,47.0,468.0,6.1,17.0,138.0,141
2024-11-20T11:00,48.1,45.6,371.0,2.1,15.4,161.0,140
2024-11-20T12:00,46.6,44.4,343.0,0.6,14.1,169.0,140
2024-11-20T13:00,45.2,43.1,347.0,0.6,12.9,170.0,139
2024-11-20T14:00,44.5,42.5,358.0,2.1,12.0,166.0,139
2024-11-20T15:00,43.8,41.8,361.0,5.7,11.5,157.0,138
2024-11-20T16:00,43.8,41.9,372.0,10.9,11.3,144.0,138
2024-11-20T17:00,59.8,57.6,411.0,18.0,11.8,128.0,137
2024-11-20T18:00,66.6,64.3,507.0,23.7,13.1,115.0,138
2024-11-20T19:00,69.4,67.1,632.0,31.5,14.9,96.0,138
2024-11-20T20:00,71.9,69.6,723.0,36.4,16.0,81.0,138
2024-11-20T21:00,73.8,71.2,757.0,36.3,15.9,73.0,138
2024-11-20T22:00,73.8,71.2,757.0,33.3,15.1,67.0,139
2024-11-20T23:00,68.7,66.4,724.0,29.3,14.0,64.0,141
2024-11-21T00:00,60.8,58.9,638.0,24.0,12.4,62.0,142
2024-11-21T01:00,54.1,52.4,520.0,17.6,10.5,62.0,143
2024-11-21T02:00,49.1,47.5,437.0,12.8,9.4,62.0,143
2024-11-21T03:00,46.0,44.4,412.0,10.4,9.6,62.0,144
2024-11-21T04:00,44.7,43.0,422.0,9.6,10.6,63.0,144
2024-11-21T05:00,43.4,41.7,461.0,9.1,11.0,68.0,143
2024-11-21T06:00,46.7,44.8,559.0,12.4,12.1,66.0,143
2024-11-21T07:00,52.3,50.3,687.0,16.7,13.6,66.0,142
2024-11-21T08:00,50.4,48.8,742.0,18.2,14.8,74.0,142
2024-11-21T09:00,51.6,49.2,656.0,14.2,15.4,101.0,142
2024-11-21T10:00,53.1,50.5,498.0,7.4,15.7,137.0,142
2024-11-21T11:00,49.6,47.3,379.0,2.4,15.6,164.0,142
2024-11-21T12:00,48.0,45.8,346.0,0.6,14.7,174.0,142
2024-11-21T13:00,46.6,44.4,352.0,0.5,13.3,176.0,143
2024-11-21T14:00,45.8,43.7,365.0,2.3,12.4,172.0,143
2024-11-21T15:00,45.6,43.5,374.0,5.8,11.9,164.0,143
2024-11-21T16:00,46.1,44.0,391.0,11.2,11.8,152.0,143
2024-11-21T17:00,64.0,61.5,421.0,24.0,13.1,136.0,143
2024-11-21T18:00,72.4,69.8,475.0,34.8,16.3,116.0,144
2024-11-21T19:00,80.8,78.0,543.0,49.8,20.8,89.0,144
2024-11-21T20:00,89.2,86.6,600.0,62.0,25.0,66.0,145
2024-11-21T21:00,98.3,95.5,644.0,69.5,29.2,53.0,147
2024-11-21T22:00,106.2,103.4,678.0,74.1,33.1,45.0,150
2024-11-21T23:00,109.4,106.6,685.0,74.4,34.6,40.0,151
2024-11-22T00:00,107.1,104.3,646.0,68.3,32.1,39.0,152
2024-11-22T01:00,101.7,99.0,579.0,57.7,27.3,41.0,153
2024-11-22T02:00,94.3,91.7,528.0,47.4,22.8,44.0,155
2024-11-22T03:00,87.5,85.2,496.0,37.9,19.3,46.0,156
2024-11-22T04:00,82.4,80.3,478.0,28.6,16.2,48.0,157
2024-11-22T05:00,82.2,80.1,506.0,24.5,15.1,55.0,158
2024-11-22T06:00,80.3,78.2,634.0,24.3,14.7,57.0,160
2024-11-22T07:00,81.0,79.2,808.0,23.8,14.2,62.0,161
2024-11-22T08:00,72.2,70.5,890.0,21.5,13.7,75.0,161
2024-11-22T09:00,66.8,65.0,790.0,15.6,13.5,104.0,162
2024-11-22T10:00,65.0,62.6,600.0,7.9,13.5,141.0,163
2024-11-22T11:00,60.3,58.2,452.0,2.3,13.2,169.0,163
2024-11-22T12:00,56.6,54.5,404.0,0.3,12.3,179.0,163
2024-11-22T13:00,54.1,52.2,399.0,0.5,11.3,180.0,164
2024-11-22T14:00,52.3,50.3,403.0,2.3,10.5,175.0,164
2024-11-22T15:00,51.5,49.5,397.0,5.7,10.1,167.0,164
2024-11-22T16:00,50.6,48.8,399.0,10.8,10.1,154.0,164
2024-11-22T17:00,67.1,64.7,431.0,18.5,10.8,139.0,164
2024-11-22T18:00,75.9,73.6,527.0,27.9,13.3,120.0,164
2024-11-22T19:00,81.7,79.4,654.0,40.8,16.8,94.0,164
2024-11-22T20:00,88.2,85.7,732.0,51.2,20.0,72.0,165
2024-11-22T21:00,95.5,93.1,713.0,57.2,23.1,59.0,164
2024-11-22T22:00,102.9,100.4,646.0,60.5,26.0,51.0,164
2024-11-22T23:00,105.5,102.9,598.0,60.3,27.0,45.0,164
2024-11-23T00:00,102.0,99.4,597.0,54.9,24.9,43.0,164
2024-11-23T01:00,95.5,93.1,616.0,45.9,21.0,43.0,164
2024-11-23T02:00,89.2,87.1,634.0,37.6,17.6,45.0,164
2024-11-23T03:00,84.5,82.4,635.0,30.8,15.5,47.0,164
2024-11-23T04:00,81.0,79.2,636.0,24.6,14.0,49.0,164
2024-11-23T05:00,67.3,65.9,671.0,12.0,11.7,72.0,164
2024-11-23T06:00,69.6,68.0,793.0,15.6,12.4,70.0,163
2024-11-23T07:00,74.7,73.3,948.0,20.4,13.3,69.0,163
2024-11-23T08:00,69.2,68.0,1008.0,21.9,13.9,79.0,163
2024-11-23T09:00,65.0,63.3,881.0,16.9,14.0,109.0,163
2024-11-23T10:00,62.9,61.0,658.0,8.7,13.8,150.0,163
2024-11-23T11:00,61.5,59.6,488.0,2.6,13.5,181.0,163
2024-11-23T12:00,60.3,58.4,434.0,0.6,12.9,194.0,163
2024-11-23T13:00,59.8,57.9,432.0,0.8,12.1,197.0,163
2024-11-23T14:00,59.6,57.5,442.0,2.4,11.5,194.0,163
2024-11-23T15:00,59.5,57.4,452.0,5.1,11.0,186.0,163
2024-11-23T16:00,59.6,57.6,473.0,9.4,10.7,171.0,163
2024-11-23T17:00,69.4,67.3,500.0,17.9,12.5,158.0,164
2024-11-23T18:00,79.6,77.5,533.0,28.4,15.4,137.0,166
2024-11-23T19:00,88.2,86.1,572.0,43.0,19.5,107.0,164
2024-11-23T20:00,99.2,96.9,606.0,55.4,23.5,82.0,164
2024-11-23T21:00,109.0,106.6,633.0,64.4,27.7,66.0,164
2024-11-23T22:00,119.0,116.6,656.0,71.2,31.8,53.0,165
2024-11-23T23:00,123.9,121.5,676.0,72.3,33.2,46.0,165
2024-11-24T00:00,120.1,118.0,694.0,64.3,30.0,45.0,166
2024-11-24T01:00,112.0,109.7,709.0,50.7,24.1,48.0,166
2024-11-24T02:00,102.9,100.8,714.0,38.3,19.1,51.0,167
2024-11-24T03:00,96.2,94.1,691.0,28.8,16.0,53.0,167
2024-11-24T04:00,92.2,90.1,658.0,20.6,13.8,55.0,168
2024-11-24T05:00,86.6,84.8,664.0,12.5,12.2,65.0,168
2024-11-24T06:00,89.2,87.1,768.0,15.1,12.7,65.0,168
2024-11-24T07:00,94.3,92.2,912.0,18.5,13.3,66.0,169
2024-11-24T08:00,92.2,90.3,968.0,19.3,13.8,76.0,170
2024-11-24T09:00,91.5,88.9,847.0,14.8,14.0,105.0,170
2024-11-24T10:00,89.2,85.9,639.0,7.7,14.1,144.0,171
2024-11-24T11:00,85.2,82.0,479.0,2.4,14.0,173.0,172
2024-11-24T12:00,80.8,77.8,427.0,0.6,13.5,183.0,172
2024-11-24T13:00,77.1,74.0,425.0,0.6,12.7,183.0,173
2024-11-24T14:00,74.3,71.0,432.0,2.2,12.2,178.0,173
2024-11-24T15:00,72.4,69.4,434.0,5.5,11.9,168.0,174
2024-11-24T16:00,71.5,68.5,446.0,10.3,11.8,153.0,174
2024-11-24T17:00,95.5,91.7,474.0,17.5,12.6,136.0,175
2024-11-24T18:00,104.5,100.6,528.0,24.1,14.3,121.0,175
2024-11-24T19:00,109.4,105.2,598.0,33.0,16.6,99.0,176
2024-11-24T20:00,112.0,107.8,655.0,38.1,17.8,82.0,177
2024-11-24T21:00,112.2,107.8,696.0,36.3,17.0,74.0,177
2024-11-24T22:00,107.3,103.4,723.0,30.7,15.1,70.0,177
2024-11-24T23:00,97.6,94.3,720.0,25.0,13.6,68.0,177
2024-11-25T00:00,88.9,86.1,660.0,19.8,12.7,69.0,176
2024-11-25T01:00,84.3,81.5,569.0,14.4,12.1,72.0,175
2024-11-25T02:00,82.4,79.4,505.0,10.5,12.1,75.0,174
2024-11-25T03:00,82.2,78.7,488.0,8.5,13.0,76.0,173
2024-11-25T04:00,82.2,78.2,497.0,8.0,14.6,77.0,173
2024-11-25T05:00,79.9,75.7,528.0,7.6,16.6,82.0,172
2024-11-25T06:00,82.9,78.0,606.0,11.2,17.7,79.0,172
2024-11-25T07:00,88.5,83.4,705.0,15.8,19.2,75.0,172
2024-11-25T08:00,83.4,78.9,743.0,17.7,19.9,81.0,172
2024-11-25T09:00,79.6,73.1,662.0,14.0,19.0,104.0,171
2024-11-25T10:00,76.8,69.8,522.0,7.4,17.3,137.0,171
2024-11-25T11:00,71.7,64.7,414.0,2.5,15.5,161.0,170
2024-11-25T12:00,66.1,60.3,382.0,0.9,13.8,170.0,170
2024-11-25T13:00,62.2,56.8,383.0,0.9,12.1,171.0,169
2024-11-25T14:00,59.6,54.7,386.0,2.1,10.8,168.0,169
2024-11-25T15:00,58.0,53.3,378.0,4.7,10.0,162.0,168
2024-11-25T16:00,56.9,52.5,372.0,8.4,9.5,151.0,168
2024-11-25T17:00,60.1,56.7,380.0,11.7,10.1,143.0,167
2024-11-25T18:00,63.8,60.1,413.0,14.3,10.7,132.0,166
2024-11-25T19:00,64.0,60.5,461.0,17.8,11.5,116.0,165
2024-11-25T20:00,62.9,60.1,498.0,19.4,12.1,105.0,164
2024-11-25T21:00,59.8,57.6,517.0,17.5,12.3,103.0,162
2024-11-25T22:00,56.6,54.6,526.0,13.7,12.4,105.0,161
2024-11-25T23:00,53.2,51.3,529.0,10.5,12.5,107.0,159
2024-11-26T00:00,50.8,48.8,522.0,8.6,12.8,106.0,158
2024-11-26T01:00,49.8,47.6,508.0,7.3,13.1,104.0,157
2024-11-26T02:00,50.1,47.6,499.0,6.5,13.6,103.0,156
2024-11-26T03:00,51.0,48.1,493.0,6.1,14.2,102.0,155
2024-11-26T04:00,52.2,49.0,494.0,6.2,14.9,101.0,154
2024-11-26T05:00,52.7,49.6,519.0,6.7,15.0,100.0,153
2024-11-26T06:00,56.7,53.3,607.0,9.9,15.4,97.0,153
2024-11-26T07:00,61.5,58.0,721.0,14.1,16.1,93.0,152
2024-11-26T08:00,57.9,55.4,768.0,15.8,16.8,97.0,151
2024-11-26T09:00,57.4,54.5,685.0,12.5,17.8,117.0,150
2024-11-26T10:00,55.9,52.9,536.0,6.6,18.9,146.0,149
2024-11-26T11:00,53.6,50.4,418.0,2.2,19.2,167.0,147
2024-11-26T12:00,51.6,48.5,370.0,0.8,18.3,174.0,146
2024-11-26T13:00,50.1,47.1,354.0,0.9,16.6,173.0,145
2024-11-26T14:00,47.8,45.1,348.0,2.0,15.2,169.0,144
2024-11-26T15:00,46.2,43.5,344.0,4.4,14.2,161.0,143
2024-11-26T16:00,45.1,42.5,350.0,7.9,13.4,150.0,142
2024-11-26T17:00,55.6,52.7,378.0,12.6,12.5,139.0,141
2024-11-26T18:00,58.2,55.1,451.0,15.3,12.6,128.0,140
2024-11-26T19:00,56.9,54.0,544.0,18.8,12.8,112.0,140
2024-11-26T20:00,54.4,51.6,597.0,20.3,12.9,101.0,139
2024-11-26T21:00,50.4,48.0,571.0,17.8,12.7,98.0,138
2024-11-26T22:00,46.8,44.8,504.0,13.4,12.4,99.0,137
2024-11-26T23:00,44.9,43.1,448.0,9.6,12.4,100.0,136
2024-11-27T00:00,44.5,42.3,420.0,7.6,12.8,100.0,135
2024-11-27T01:00,44.5,41.9,401.0,6.3,13.5,99.0,135
2024-11-27T02:00,44.5,41.6,391.0,5.6,14.1,98.0,134
2024-11-27T03:00,44.2,41.2,383.0,5.1,14.3,96.0,133
2024-11-27T04:00,44.1,41.0,383.0,5.2,14.5,94.0,133
2024-11-27T05:00,44.6,41.0,406.0,6.7,13.0,86.0,132
2024-11-27T06:00,47.5,43.8,482.0,10.2,13.5,82.0,131
2024-11-27T07:00,51.6,48.0,581.0,14.9,14.2,77.0,130
2024-11-27T08:00,48.3,45.9,624.0,16.8,14.9,82.0,129
2024-11-27T09:00,45.8,43.0,555.0,13.3,15.6,106.0,128
2024-11-27T10:00,43.3,40.9,430.0,7.0,16.3,139.0,127
2024-11-27T11:00,40.4,38.0,335.0,2.3,16.4,163.0,126
2024-11-27T12:00,39.9,37.5,305.0,0.6,15.3,172.0,124
2024-11-27T13:00,38.6,36.3,305.0,0.5,13.5,172.0,123
2024-11-27T14:00,37.4,35.2,315.0,1.9,12.1,167.0,122
2024-11-27T15:00,36.4,34.3,321.0,5.2,11.4,158.0,121
2024-11-27T16:00,36.0,34.0,337.0,10.0,11.1,144.0,120
2024-11-27T17:00,47.5,45.5,385.0,15.5,11.2,133.0,126
2024-11-27T18:00,52.9,50.6,505.0,18.9,11.9,122.0,132
2024-11-27T19:00,54.4,52.3,657.0,23.4,12.9,106.0,128
2024-11-27T20:00,52.9,51.0,741.0,25.2,13.6,95.0,118
2024-11-27T21:00,49.2,47.8,695.0,22.0,13.6,93.0,118
2024-11-27T22:00,46.6,45.5,580.0,16.2,13.4,95.0,118
2024-11-27T23:00,44.9,43.9,482.0,11.3,13.3,98.0,118
2024-11-28T00:00,44.4,43.3,431.0,8.6,13.7,100.0,118
2024-11-28T01:00,45.1,43.8,397.0,6.8,14.3,102.0,118
2024-11-28T02:00,46.2,44.7,375.0,5.6,14.6,104.0,118
2024-11-28T03:00,47.6,45.8,361.0,4.8,14.4,104.0,118
2024-11-28T04:00,48.8,46.6,359.0,4.5,13.9,103.0,119
2024-11-28T05:00,49.4,47.0,380.0,5.8,13.7,99.0,119
2024-11-28T06:00,51.1,48.5,454.0,8.5,13.7,95.0,120
2024-11-28T07:00,54.1,51.5,551.0,12.0,13.8,90.0,121
2024-11-28T08:00,51.3,49.4,590.0,13.4,13.6,92.0,121
2024-11-28T09:00,49.5,46.6,513.0,10.5,13.2,109.0,121
2024-11-28T10:00,43.5,39.5,377.0,5.5,12.5,132.0,122
2024-11-28T11:00,35.3,30.9,273.0,1.8,11.7,149.0,122
2024-11-28T12:00,30.6,26.4,240.0,0.7,10.6,153.0,121
2024-11-28T13:00,27.8,23.9,239.0,0.8,9.3,150.0,120
2024-11-28T14:00,26.3,22.7,246.0,1.7,8.4,145.0,118
2024-11-28T15:00,25.5,22.2,253.0,3.4,8.1,139.0,117
2024-11-28T16:00,25.0,22.0,269.0,6.0,8.1,131.0,116
2024-11-28T17:00,36.0,33.2,293.0,8.3,8.2,121.0,115
2024-11-28T18:00,38.1,35.3,333.0,11.1,8.5,110.0,113
2024-11-28T19:00,39.1,36.4,382.0,14.9,8.9,94.0,112
2024-11-28T20:00,39.3,36.8,416.0,17.0,9.1,83.0,110
2024-11-28T21:00,39.0,36.7,423.0,16.0,9.0,80.0,109
2024-11-28T22:00,38.8,36.7,416.0,13.3,8.7,80.0,107
2024-11-28T23:00,38.4,36.4,402.0,10.9,8.4,81.0,106
2024-11-29T00:00,37.8,35.9,380.0,9.3,8.3,81.0,106
2024-11-29T01:00,37.8,35.7,352.0,7.9,8.2,82.0,105
2024-11-29T02:00,37.8,35.6,335.0,7.0,8.1,82.0,104
2024-11-29T03:00,37.8,35.5,330.0,6.4,8.1,83.0,103
2024-11-29T04:00,37.7,35.4,336.0,6.2,8.1,83.0,102
2024-11-29T05:00,37.5,35.0,363.0,6.9,7.8,80.0,101
2024-11-29T06:00,38.1,35.6,441.0,9.3,8.0,76.0,100
2024-11-29T07:00,39.9,37.6,540.0,12.5,8.3,71.0,99
2024-11-29T08:00,35.7,34.0,584.0,13.7,8.9,74.0,98
2024-11-29T09:00,30.2,28.1,520.0,10.8,10.1,93.0,96
2024-11-29T10:00,30.3,27.9,401.0,5.8,11.6,120.0,95
2024-11-29T11:00,31.8,29.0,310.0,2.1,12.6,141.0,94
2024-11-29T12:00,31.4,28.4,282.0,0.8,12.5,150.0,94
2024-11-29T13:00,31.3,27.9,283.0,0.7,12.0,153.0,94
2024-11-29T14:00,31.3,27.7,293.0,2.0,11.5,151.0,94
2024-11-29T15:00,31.4,27.8,306.0,5.2,11.4,145.0,95
2024-11-29T16:00,32.0,28.4,327.0,9.7,11.3,134.0,95
2024-11-29T17:00,46.1,40.7,355.0,16.1,11.5,124.0,98
2024-11-29T18:00,52.4,46.9,396.0,19.7,12.5,114.0,104
2024-11-29T19:00,54.7,49.4,444.0,24.4,13.8,99.0,103
2024-11-29T20:00,54.7,49.6,477.0,26.3,14.5,89.0,98
2024-11-29T21:00,52.5,48.1,486.0,22.8,14.1,87.0,99
2024-11-29T22:00,50.5,47.3,481.0,16.6,13.0,90.0,100
2024-11-29T23:00,49.6,47.0,468.0,11.5,12.2,92.0,101
2024-11-30T00:00,49.1,46.8,443.0,9.0,11.8,93.0,102
2024-11-30T01:00,49.7,47.3,412.0,7.6,11.7,93.0,103
2024-11-30T02:00,50.3,47.8,395.0,6.8,11.7,94.0,105
2024-11-30T03:00,51.1,48.4,399.0,6.0,11.9,95.0,106
2024-11-30T04:00,51.8,49.0,418.0,5.8,12.2,95.0,107
2024-11-30T05:00,52.6,49.7,459.0,6.8,12.9,95.0,109
2024-11-30T06:00,56.3,53.2,552.0,10.6,14.0,92.0,110
2024-11-30T07:00,62.9,59.8,666.0,15.7,15.4,89.0,112
2024-11-30T08:00,59.8,57.3,716.0,17.8,16.7,93.0,114
2024-11-30T09:00,53.6,50.9,642.0,14.2,17.8,112.0,117
2024-11-30T10:00,50.6,48.4,503.0,7.7,18.7,139.0,119
2024-11-30T11:00,46.0,44.4,396.0,2.8,18.7,158.0,121
2024-11-30T12:00,39.8,38.5,358.0,1.0,17.0,164.0,123
2024-11-30T13:00,35.3,34.1,351.0,0.7,14.4,163.0,124
2024-11-30T14:00,32.6,31.2,355.0,2.2,12.3,157.0,125
2024-11-30T15:00,31.1,29.5,353.0,5.0,11.1,148.0,125
2024-11-30T16:00,30.2,28.5,361.0,9.5,10.5,136.0,125
2024-11-30T17:00,53.6,50.4,407.0,18.7,12.5,134.0,125
2024-11-30T18:00,62.6,59.4,529.0,32.4,15.8,112.0,126
2024-11-30T19:00,71.9,68.7,688.0,51.2,20.5,82.0,128
2024-11-30T20:00,81.0,77.8,795.0,64.4,24.1,58.0,130
2024-11-30T21:00,88.5,85.0,805.0,68.1,26.3,48.0,132
2024-11-30T22:00,90.6,87.3,763.0,66.4,27.5,44.0,136
2024-11-30T23:00,85.0,81.7,714.0,60.4,26.8,44.0,140
2024-12-01T00:00,74.7,72.2,666.0,48.0,22.6,49.0,144
2024-12-01T01:00,64.5,62.4,610.0,31.5,16.5,57.0,147
2024-12-01T02:00,58.7,56.8,566.0,18.8,11.9,63.0,148
2024-12-01T03:00,57.6,56.0,536.0,13.3,10.5,64.0,149
2024-12-01T04:00,58.7,57.0,518.0,11.6,10.8,64.0,150
2024-12-01T05:00,60.5,58.7,529.0,13.1,11.4,62.0,150
2024-12-01T06:00,64.0,61.9,603.0,15.5,11.9,63.0,151
2024-12-01T07:00,70.1,68.2,705.0,18.5,12.8,65.0,151
2024-12-01T08:00,67.3,65.7,745.0,19.1,13.7,74.0,151
2024-12-01T09:00,66.1,64.0,661.0,14.7,15.2,99.0,151
2024-12-01T10:00,60.8,59.3,515.0,7.7,16.9,131.0,152
2024-12-01T11:00,51.0,49.9,401.0,2.6,17.3,152.0,152
2024-12-01T12:00,42.6,41.9,357.0,0.8,15.4,153.0,152
2024-12-01T13:00,36.8,36.2,344.0,0.7,12.3,143.0,152
2024-12-01T14:00,30.5,30.0,341.0,2.1,9.9,132.0,152
2024-12-01T15:00,29.0,28.6,341.0,4.8,8.8,122.0,152
2024-12-01T16:00,29.3,29.0,351.0,8.9,8.4,111.0,152
2024-12-01T17:00,43.1,42.5,369.0,17.5,9.8,101.0,152
2024-12-01T18:00,49.6,49.0,397.0,29.5,12.1,82.0,152
2024-12-01T19:00,55.4,54.8,433.0,45.7,15.2,57.0,152
2024-12-01T20:00,59.8,59.3,471.0,55.7,17.1,38.0,151
2024-12-01T21:00,60.3,59.8,516.0,54.0,16.8,32.0,151
2024-12-01T22:00,57.0,56.6,562.0,46.0,15.4,33.0,150
2024-12-01T23:00,50.2,49.8,591.0,38.0,13.6,35.0,147
2024-12-02T00:00,43.0,42.7,587.0,31.5,11.5,37.0,144
2024-12-02T01:00,36.1,35.9,564.0,25.0,9.1,39.0,140
2024-12-02T02:00,30.5,30.4,548.0,19.5,7.3,42.0,138
2024-12-02T03:00,27.1,27.0,545.0,15.5,6.6,44.0,135
2024-12-02T04:00,25.4,25.2,548.0,12.6,6.6,46.0,132
2024-12-02T05:00,24.0,23.7,558.0,8.8,7.0,50.0,129
2024-12-02T06:00,23.7,23.5,594.0,10.1,8.2,51.0,125
2024-12-02T07:00,26.2,25.8,637.0,11.8,9.8,52.0,121
2024-12-02T08:00,27.4,27.1,637.0,12.1,10.8,58.0,117
2024-12-02T09:00,29.1,28.8,550.0,9.5,10.6,73.0,113
2024-12-02T10:00,27.4,27.1,418.0,5.5,9.7,92.0,109
2024-12-02T11:00,21.4,21.2,320.0,2.5,8.6,106.0,105
2024-12-02T12:00,18.9,18.7,289.0,1.6,7.3,110.0,102
2024-12-02T13:00,15.7,15.6,292.0,1.7,5.7,109.0,100
2024-12-02T14:00,13.6,13.5,300.0,2.2,4.5,107.0,98
2024-12-02T15:00,12.5,12.4,306.0,3.1,3.9,104.0,97
2024-12-02T16:00,12.0,12.0,318.0,4.3,3.6,100.0,96
2024-12-02T17:00,23.1,23.0,335.0,5.1,3.8,85.0,95
2024-12-02T18:00,25.6,25.4,360.0,8.0,4.3,77.0,93
2024-12-02T19:00,27.7,27.6,389.0,12.0,5.1,67.0,91
2024-12-02T20:00,28.9,28.7,409.0,14.4,5.6,59.0,89
2024-12-02T21:00,28.8,28.6,414.0,13.7,5.6,57.0,87
2024-12-02T22:00,27.7,27.6,410.0,11.5,5.4,59.0,84
2024-12-02T23:00,25.6,25.5,401.0,9.3,5.6,61.0,82
2024-12-03T00:00,23.3,23.2,384.0,7.6,6.6,64.0,80
2024-12-03T01:00,22.1,22.0,362.0,6.0,7.9,67.0,78
2024-12-03T02:00,21.2,21.1,347.0,4.9,9.1,68.0,77
2024-12-03T03:00,20.3,20.2,346.0,4.7,9.8,66.0,77
2024-12-03T04:00,19.5,19.4,353.0,5.0,10.3,62.0,76
2024-12-03T05:00,20.7,20.5,363.0,5.3,11.9,61.0,76
2024-12-03T06:00,20.1,20.0,382.0,6.3,12.2,60.0,75
2024-12-03T07:00,20.5,20.4,404.0,7.6,12.4,59.0,75
2024-12-03T08:00,20.7,20.5,411.0,8.1,12.1,61.0,75
2024-12-03T09:00,20.5,20.4,387.0,6.9,10.7,69.0,74
2024-12-03T10:00,17.7,17.6,348.0,4.9,8.6,81.0,73
2024-12-03T11:00,16.8,16.7,315.0,3.2,6.7,91.0,73
2024-12-03T12:00,15.3,15.3,296.0,2.3,5.2,97.0,72
2024-12-03T13:00,13.9,13.8,284.0,1.7,3.9,102.0,72
2024-12-03T14:00,12.0,11.9,279.0,1.9,2.9,103.0,72
2024-12-03T15:00,10.9,10.8,280.0,3.0,2.4,101.0,72
2024-12-03T16:00,10.4,10.2,288.0,4.7,2.3,96.0,72
2024-12-03T17:00,21.5,21.0,307.0,6.6,2.4,90.0,72
2024-12-03T18:00,22.5,22.1,348.0,10.1,3.2,79.0,71
2024-12-03T19:00,23.3,23.0,399.0,14.8,4.3,65.0,71
2024-12-03T20:00,23.2,22.8,431.0,17.2,5.3,56.0,71
2024-12-03T21:00,21.4,21.2,430.0,14.9,5.9,58.0,70
2024-12-03T22:00,21.2,21.1,410.0,10.3,6.4,65.0,70
2024-12-03T23:00,21.4,21.2,385.0,6.7,6.9,70.0,69
2024-12-04T00:00,20.8,20.6,355.0,5.4,7.4,69.0,69
2024-12-04T01:00,20.3,20.1,319.0,5.2,7.8,66.0,69
2024-12-04T02:00,19.8,19.6,295.0,5.2,8.1,62.0,69
2024-12-04T03:00,19.6,19.4,290.0,5.3,8.2,58.0,68
2024-12-04T04:00,19.6,19.4,295.0,5.6,8.1,53.0,68
2024-12-04T05:00,23.5,23.3,303.0,5.3,8.6,54.0,68
2024-12-04T06:00,22.1,21.8,314.0,5.9,7.8,55.0,69
2024-12-04T07:00,21.0,20.7,328.0,6.7,6.6,57.0,69
2024-12-04T08:00,18.0,17.7,332.0,6.8,5.5,62.0,69
2024-12-04T09:00,15.5,15.2,317.0,5.6,4.7,72.0,69
2024-12-04T10:00,13.0,12.7,293.0,3.6,4.1,84.0,68
2024-12-04T11:00,13.4,12.9,274.0,2.2,3.5,94.0,68
2024-12-04T12:00,14.1,13.4,264.0,1.6,3.0,100.0,67
2024-12-04T13:00,14.5,13.8,258.0,1.4,2.5,104.0,67
2024-12-04T14:00,16.5,15.7,260.0,1.8,2.2,106.0,67
2024-12-04T15:00,16.7,15.9,272.0,2.0,1.8,106.0,68
2024-12-04T16:00,15.9,15.2,290.0,2.7,1.5,103.0,68
2024-12-04T17:00,16.7,15.9,312.0,8.3,3.0,85.0,68
2024-12-04T18:00,23.9,23.2,331.0,16.7,5.0,71.0,68
2024-12-04T19:00,28.8,28.2,353.0,28.1,7.8,52.0,68
2024-12-04T20:00,29.8,29.2,389.0,35.8,9.8,37.0,68
2024-12-04T21:00,30.6,29.9,456.0,36.7,10.5,32.0,69
2024-12-04T22:00,31.3,30.7,538.0,33.9,10.3,31.0,70
2024-12-04T23:00,30.4,29.8,588.0,30.3,9.8,31.0,70
2024-12-05T00:00,27.4,27.0,584.0,26.4,8.7,32.0,71
2024-12-05T01:00,24.6,24.2,549.0,21.7,7.1,34.0,72
2024-12-05T02:00,22.1,21.7,512.0,17.6,5.8,35.0,72
2024-12-05T03:00,20.1,19.8,472.0,14.5,5.0,35.0,72
2024-12-05T04:00,19.0,18.7,429.0,12.1,4.5,34.0,72
2024-12-05T05:00,20.4,20.0,414.0,12.8,5.1,32.0,72
2024-12-05T06:00,20.2,19.9,460.0,12.5,5.5,35.0,72
2024-12-05T07:00,22.3,22.0,532.0,12.0,6.0,40.0,72
2024-12-05T08:00,21.4,21.1,561.0,10.8,6.4,49.0,72
2024-12-05T09:00,18.4,18.0,499.0,8.1,6.7,68.0,72
2024-12-05T10:00,15.6,15.2,393.0,4.8,6.8,91.0,72
2024-12-05T11:00,14.6,14.1,311.0,2.3,6.7,109.0,72
2024-12-05T12:00,14.4,13.9,282.0,1.3,6.1,116.0,73
2024-12-05T13:00,14.3,13.7,278.0,1.3,5.4,118.0,73
2024-12-05T14:00,14.5,13.9,282.0,2.1,4.8,117.0,73
2024-12-05T15:00,15.1,14.4,275.0,2.5,4.4,116.0,72
2024-12-05T16:00,15.1,14.4,276.0,3.8,4.2,113.0,72
2024-12-05T17:00,28.1,26.5,333.0,14.8,6.1,90.0,72
2024-12-05T18:00,36.1,34.6,508.0,26.0,8.5,74.0,73
2024-12-05T19:00,40.7,39.5,739.0,41.4,11.7,51.0,74
2024-12-05T20:00,44.9,43.8,881.0,52.6,14.5,33.0,75
2024-12-05T21:00,47.7,46.7,854.0,56.6,16.6,24.0,76
2024-12-05T22:00,50.1,49.0,737.0,56.5,18.1,20.0,77
2024-12-05T23:00,49.8,49.0,630.0,52.9,18.2,19.0,79
2024-12-06T00:00,44.9,44.2,562.0,44.0,15.7,23.0,80
2024-12-06T01:00,38.3,37.7,502.0,31.6,11.7,30.0,82
2024-12-06T02:00,32.4,31.9,457.0,21.6,8.5,36.0,83
2024-12-06T03:00,29.8,29.3,430.0,16.4,6.9,38.0,83
2024-12-06T04:00,28.1,27.7,417.0,13.7,6.0,38.0,84
2024-12-06T05:00,34.0,33.4,411.0,18.5,7.1,29.0,85
2024-12-06T06:00,33.4,32.9,416.0,17.4,7.2,35.0,86
2024-12-06T07:00,37.5,36.9,427.0,15.7,7.4,44.0,87
2024-12-06T08:00,31.4,31.0,424.0,13.4,7.2,57.0,88
2024-12-06T09:00,26.4,26.0,392.0,9.7,6.5,77.0,89
2024-12-06T10:00,23.1,22.6,346.0,5.4,5.4,102.0,90
2024-12-06T11:00,21.2,20.7,310.0,2.3,4.6,120.0,90
2024-12-06T12:00,20.6,20.1,294.0,1.3,4.1,127.0,91
2024-12-06T13:00,20.5,19.9,288.0,1.4,3.7,128.0,91
2024-12-06T14:00,20.8,20.2,291.0,2.2,3.6,127.0,92
2024-12-06T15:00,21.3,20.7,287.0,2.4,3.3,126.0,92
2024-12-06T16:00,22.9,22.2,290.0,3.1,3.3,124.0,93
2024-12-06T17:00,37.6,36.6,347.0,9.2,4.7,109.0,93
2024-12-06T18:00,47.4,46.2,516.0,16.8,7.4,95.0,94
2024-12-06T19:00,50.2,49.1,738.0,27.4,11.2,76.0,95
2024-12-06T20:00,55.6,54.7,877.0,36.0,14.3,59.0,96
2024-12-06T21:00,60.5,59.6,856.0,41.7,16.7,46.0,97
2024-12-06T22:00,67.3,66.4,753.0,45.4,18.4,36.0,98
2024-12-06T23:00,69.4,68.7,666.0,45.0,18.4,31.0,99
2024-12-07T00:00,58.9,58.1,625.0,37.5,15.3,34.0,101
2024-12-07T01:00,47.3,46.6,599.0,25.9,10.4,42.0,102
2024-12-07T02:00,41.3,40.7,594.0,17.2,6.8,48.0,103
2024-12-07T03:00,38.8,38.2,619.0,14.4,5.7,47.0,104
2024-12-07T04:00,37.6,37.0,665.0,14.5,5.8,44.0,105
2024-12-07T05:00,59.4,58.6,710.0,29.8,12.9,32.0,106
2024-12-07T06:00,61.5,60.5,769.0,29.1,12.8,37.0,109
2024-12-07T07:00,69.2,68.5,828.0,27.8,12.7,44.0,111
2024-12-07T08:00,57.0,56.3,824.0,24.7,12.2,57.0,115
2024-12-07T09:00,34.5,33.8,704.0,17.8,11.1,80.0,117
2024-12-07T10:00,28.1,27.5,522.0,9.0,9.6,108.0,118
2024-12-07T11:00,23.1,22.6,378.0,2.6,8.4,129.0,119
2024-12-07T12:00,19.6,19.2,312.0,0.6,7.6,137.0,119
2024-12-07T13:00,17.5,17.2,285.0,1.0,7.0,139.0,119
2024-12-07T14:00,16.0,15.8,276.0,2.2,6.5,137.0,118
2024-12-07T15:00,14.8,14.6,282.0,3.4,6.0,135.0,118
2024-12-07T16:00,13.8,13.6,307.0,5.3,5.7,129.0,117
2024-12-07T17:00,12.7,12.7,340.0,8.5,6.0,114.0,116
2024-12-07T18:00,16.1,16.1,374.0,14.0,7.3,99.0,114
2024-12-07T19:00,18.9,18.9,416.0,21.7,9.2,79.0,111
2024-12-07T20:00,21.7,21.6,480.0,28.5,11.4,62.0,108
2024-12-07T21:00,24.3,24.2,597.0,33.4,14.1,52.0,104
2024-12-07T22:00,28.3,28.2,736.0,37.3,17.1,44.0,101
2024-12-07T23:00,32.6,32.4,816.0,40.1,19.4,39.0,97
2024-12-08T00:00,34.7,34.3,784.0,41.4,20.4,35.0,95
2024-12-08T01:00,36.4,36.0,694.0,41.4,20.7,33.0,93
2024-12-08T02:00,39.1,38.6,619.0,41.1,21.2,32.0,92
2024-12-08T03:00,41.7,41.2,583.0,40.2,22.3,32.0,92
2024-12-08T04:00,43.8,43.3,562.0,38.9,23.6,33.0,92
2024-12-08T05:00,40.2,39.6,567.0,28.8,22.0,41.0,92
2024-12-08T06:00,41.4,40.7,631.0,31.2,23.5,42.0,91
2024-12-08T07:00,46.1,45.4,719.0,34.0,25.3,44.0,89
2024-12-08T08:00,39.0,38.4,738.0,33.3,25.4,52.0,88
2024-12-08T09:00,25.0,24.2,620.0,25.5,22.1,73.0,86
2024-12-08T10:00,17.9,16.9,432.0,14.1,16.9,101.0,85
2024-12-08T11:00,14.0,13.1,286.0,5.5,12.6,122.0,85
2024-12-08T12:00,11.8,11.0,227.0,2.3,10.0,132.0,84
2024-12-08T13:00,10.6,10.0,209.0,1.8,8.1,135.0,83
2024-12-08T14:00,10.0,9.5,208.0,2.4,6.9,135.0,83
2024-12-08T15:00,9.6,9.1,212.0,3.1,6.2,133.0,82
2024-12-08T16:00,9.6,9.2,233.0,4.8,6.0,127.0,82
2024-12-08T17:00,12.2,12.0,276.0,8.7,7.8,121.0,81
2024-12-08T18:00,15.4,15.3,355.0,14.9,9.6,107.0,81
2024-12-08T19:00,19.3,19.2,456.0,23.5,12.2,87.0,82
2024-12-08T20:00,23.7,23.5,543.0,31.0,14.9,70.0,81
2024-12-08T21:00,28.2,28.0,602.0,36.3,18.0,59.0,81
2024-12-08T22:00,33.4,33.2,647.0,40.4,21.2,52.0,82
2024-12-08T23:00,36.8,36.6,678.0,42.8,23.6,47.0,82
2024-12-09T00:00,37.4,37.1,691.0,42.5,24.4,45.0,82
2024-12-09T01:00,39.1,38.9,691.0,40.4,24.3,45.0,83
2024-12-09T02:00,42.0,41.7,695.0,38.6,24.1,45.0,83
2024-12-09T03:00,44.7,44.4,705.0,37.8,24.2,42.0,83
2024-12-09T04:00,46.4,46.1,718.0,37.3,24.3,38.0,83
2024-12-09T05:00,50.5,50.1,749.0,36.8,27.1,40.0,84
2024-12-09T06:00,51.6,51.1,837.0,38.2,26.2,40.0,84
2024-12-09T07:00,56.8,56.2,942.0,39.6,24.9,40.0,85
2024-12-09T08:00,49.0,48.5,956.0,37.2,22.7,50.0,86
2024-12-09T09:00,22.5,21.8,794.0,27.1,18.9,77.0,87
2024-12-09T10:00,17.6,16.7,541.0,13.2,14.3,114.0,87
2024-12-09T11:00,15.7,15.0,349.0,3.0,10.5,140.0,87
2024-12-09T12:00,14.8,14.2,285.0,0.0,8.4,148.0,87
2024-12-09T13:00,14.6,14.0,282.0,0.4,7.2,147.0,87
2024-12-09T14:00,14.7,14.1,289.0,2.1,6.4,142.0,87
2024-12-09T15:00,14.9,14.4,289.0,4.1,6.0,136.0,88
2024-12-09T16:00,15.1,14.5,299.0,7.3,6.0,127.0,88
2024-12-09T17:00,30.0,29.0,321.0,15.6,7.2,117.0,89
2024-12-09T18:00,38.1,37.0,362.0,24.0,9.4,99.0,94
2024-12-09T19:00,42.1,41.0,414.0,35.3,12.5,74.0,92
2024-12-09T20:00,44.2,43.2,455.0,41.5,14.6,58.0,93
2024-12-09T21:00,44.7,43.5,478.0,38.0,14.8,58.0,95
2024-12-09T22:00,41.9,40.9,489.0,29.5,14.0,66.0,96
2024-12-09T23:00,36.9,35.7,486.0,21.6,13.4,74.0,97
2024-12-10T00:00,33.4,32.2,458.0,16.2,13.3,80.0,97
2024-12-10T01:00,32.1,30.9,416.0,11.5,13.4,85.0,96
2024-12-10T02:00,31.4,30.0,385.0,8.1,13.6,89.0,96
2024-12-10T03:00,30.7,29.2,370.0,6.4,14.0,90.0,95
2024-12-10T04:00,30.0,28.5,365.0,6.1,14.5,89.0,93
2024-12-10T05:00,32.7,30.9,383.0,8.7,14.5,82.0,92
2024-12-10T06:00,33.3,31.3,450.0,10.9,14.9,80.0,91
2024-12-10T07:00,36.1,34.1,539.0,13.8,15.5,77.0,89
2024-12-10T08:00,32.4,30.7,577.0,14.7,15.7,80.0,87
2024-12-10T09:00,26.1,24.5,514.0,11.8,15.6,93.0,86
2024-12-10T10:00,23.7,22.4,401.0,7.0,15.2,112.0,86
2024-12-10T11:00,24.6,23.6,314.0,3.3,14.2,128.0,87
2024-12-10T12:00,28.0,27.2,287.0,1.8,12.2,137.0,87
2024-12-10T13:00,28.8,28.1,286.0,1.4,9.7,143.0,88
2024-12-10T14:00,27.5,27.0,294.0,2.2,7.9,145.0,89
2024-12-10T15:00,26.1,25.6,299.0,3.4,6.9,142.0,90
2024-12-10T16:00,25.4,24.9,313.0,5.7,6.6,135.0,91
2024-12-10T17:00,26.5,26.1,350.0,12.0,7.6,118.0,92
2024-12-10T18:00,36.3,36.0,440.0,23.5,10.1,99.0,92
2024-12-10T19:00,42.5,42.0,553.0,39.2,13.5,73.0,92
2024-12-10T20:00,45.4,45.1,618.0,50.0,16.1,54.0,92
2024-12-10T21:00,46.9,46.6,589.0,51.8,17.1,47.0,92
2024-12-10T22:00,48.5,48.2,512.0,48.6,17.3,46.0,92
2024-12-10T23:00,48.2,47.8,452.0,43.4,16.8,47.0,93
2024-12-11T00:00,44.5,44.2,433.0,35.9,15.3,48.0,94
2024-12-11T01:00,40.0,39.7,431.0,26.5,13.2,51.0,95
2024-12-11T02:00,36.2,35.9,434.0,18.9,11.9,54.0,95
2024-12-11T03:00,35.0,34.7,434.0,14.5,12.1,56.0,96
2024-12-11T04:00,35.0,34.7,439.0,12.0,13.2,57.0,96
2024-12-11T05:00,36.4,36.2,466.0,11.6,14.0,52.0,97
2024-12-11T06:00,38.3,38.0,548.0,13.4,15.6,51.0,97
2024-12-11T07:00,43.9,43.4,652.0,15.6,17.7,51.0,98
2024-12-11T08:00,42.6,42.3,693.0,15.9,18.6,58.0,98
2024-12-11T09:00,40.6,40.2,609.0,12.3,17.2,81.0,99
2024-12-11T10:00,40.0,39.3,462.0,6.8,14.5,112.0,101
2024-12-11T11:00,40.9,40.2,349.0,2.7,12.0,135.0,103
2024-12-11T12:00,39.9,39.2,312.0,1.2,10.1,144.0,104
2024-12-11T13:00,36.7,35.9,311.0,1.2,8.5,145.0,106
2024-12-11T14:00,34.6,33.9,319.0,2.0,7.3,143.0,106
2024-12-11T15:00,32.9,32.2,328.0,3.4,6.8,140.0,107
2024-12-11T16:00,32.1,31.4,348.0,5.6,6.7,133.0,108
2024-12-11T17:00,36.8,36.1,379.0,9.2,7.7,123.0,108
2024-12-11T18:00,42.8,42.1,430.0,15.9,9.1,108.0,110
2024-12-11T19:00,46.6,45.9,493.0,25.3,11.1,86.0,110
2024-12-11T20:00,49.9,49.1,544.0,32.4,12.8,69.0,111
2024-12-11T21:00,53.1,52.4,576.0,35.9,14.2,59.0,111
2024-12-11T22:00,56.3,55.6,597.0,37.3,15.4,54.0,112
2024-12-11T23:00,57.4,56.6,606.0,36.1,15.8,51.0,112
2024-12-12T00:00,53.9,53.2,599.0,31.1,14.7,52.0,113
2024-12-12T01:00,47.8,47.1,581.0,23.5,12.9,56.0,114
2024-12-12T02:00,40.6,40.2,561.0,17.3,11.7,59.0,115
2024-12-12T03:00,36.0,35.5,529.0,13.4,11.9,60.0,115
2024-12-12T04:00,33.4,33.1,496.0,10.9,12.8,61.0,115
2024-12-12T05:00,32.5,32.1,505.0,10.1,13.8,60.0,115
2024-12-12T06:00,33.8,33.4,614.0,13.5,15.6,58.0,115
2024-12-12T07:00,39.7,39.3,766.0,18.0,18.1,55.0,114
2024-12-12T08:00,38.5,38.3,829.0,19.6,19.4,62.0,114
2024-12-12T09:00,28.8,28.5,713.0,15.4,18.7,85.0,114
2024-12-12T10:00,26.6,26.1,508.0,8.2,16.8,117.0,112
2024-12-12T11:00,28.0,27.4,355.0,2.8,14.9,142.0,111
2024-12-12T12:00,28.9,28.2,318.0,1.1,13.1,152.0,110
2024-12-12T13:00,28.9,28.2,333.0,1.2,11.3,155.0,108
2024-12-12T14:00,28.7,28.0,350.0,2.1,10.1,154.0,108
2024-12-12T15:00,28.3,27.8,347.0,3.4,9.7,151.0,107
2024-12-12T16:00,28.2,27.6,345.0,5.5,9.9,144.0,107
2024-12-12T17:00,36.6,36.0,360.0,10.1,10.7,124.0,106
2024-12-12T18:00,41.7,41.0,411.0,15.9,12.1,110.0,109
2024-12-12T19:00,44.1,43.4,479.0,23.8,14.0,90.0,107
2024-12-12T20:00,46.2,45.5,520.0,28.5,15.1,75.0,106
2024-12-12T21:00,47.3,46.7,509.0,27.5,14.7,68.0,105
2024-12-12T22:00,45.8,45.2,472.0,23.3,13.5,66.0,105
2024-12-12T23:00,39.3,38.9,434.0,18.9,12.2,66.0,104
2024-12-13T00:00,32.2,31.9,402.0,14.7,10.8,67.0,102
2024-12-13T01:00,27.9,27.6,371.0,10.3,9.2,70.0,100
2024-12-13T02:00,26.0,25.6,350.0,7.1,8.3,72.0,98
2024-12-13T03:00,25.3,24.8,342.0,5.7,8.3,71.0,97
2024-12-13T04:00,24.9,24.4,344.0,5.6,9.0,70.0,96
2024-12-13T05:00,23.9,23.3,364.0,5.9,11.0,69.0,96
2024-12-13T06:00,24.4,23.7,422.0,8.3,11.7,66.0,95
2024-12-13T07:00,26.8,26.2,498.0,11.4,12.7,63.0,94
2024-12-13T08:00,27.1,26.6,533.0,12.7,13.5,67.0,93
2024-12-13T09:00,25.7,25.1,488.0,10.2,14.1,86.0,92
2024-12-13T10:00,25.8,25.2,402.0,5.7,14.5,113.0,92
2024-12-13T11:00,25.4,24.8,335.0,2.4,14.4,134.0,92
2024-12-13T12:00,25.7,25.1,312.0,1.2,13.3,143.0,92
2024-12-13T13:00,25.0,24.5,309.0,1.1,11.7,145.0,91
2024-12-13T14:00,24.3,23.8,313.0,1.9,10.4,144.0,91
2024-12-13T15:00,23.9,23.3,314.0,3.4,9.8,141.0,91
2024-12-13T16:00,23.6,23.1,323.0,5.8,9.5,134.0,90
2024-12-13T17:00,29.8,29.3,358.0,8.7,9.0,132.0,90
2024-12-13T18:00,33.2,32.6,450.0,12.2,9.5,120.0,98
2024-12-13T19:00,35.5,34.9,569.0,17.0,10.1,103.0,99
2024-12-13T20:00,36.3,35.7,641.0,19.5,10.5,90.0,92
2024-12-13T21:00,35.5,35.0,625.0,17.7,10.4,86.0,87
2024-12-13T22:00,35.3,34.8,562.0,13.8,10.1,86.0,87
2024-12-13T23:00,35.9,35.4,503.0,10.4,10.2,86.0,86
2024-12-14T00:00,37.0,36.6,459.0,8.7,11.0,86.0,85
2024-12-14T01:00,38.8,38.1,419.0,7.6,12.3,86.0,86
2024-12-14T02:00,40.2,39.5,394.0,6.8,13.3,87.0,87
2024-12-14T03:00,41.3,40.5,388.0,6.1,13.9,88.0,88
2024-12-14T04:00,41.9,41.2,399.0,5.7,14.3,90.0,89
2024-12-14T05:00,42.6,41.8,430.0,6.5,17.0,89.0,90
2024-12-14T06:00,44.1,43.3,510.0,9.9,17.5,84.0,92
2024-12-14T07:00,48.7,47.8,610.0,14.3,18.1,78.0,93
2024-12-14T08:00,47.4,46.8,652.0,16.2,18.5,81.0,95
2024-12-14T09:00,43.2,42.5,580.0,13.0,18.5,102.0,97
2024-12-14T10:00,43.0,42.1,449.0,7.3,18.3,133.0,98
2024-12-14T11:00,44.1,43.3,348.0,3.0,17.7,157.0,99
2024-12-14T12:00,45.1,44.1,314.0,1.5,16.3,167.0,101
2024-12-14T13:00,44.1,43.2,311.0,1.5,14.5,171.0,103
2024-12-14T14:00,42.5,41.6,317.0,2.2,13.2,170.0,105
2024-12-14T15:00,41.2,40.3,320.0,3.6,12.7,167.0,107
2024-12-14T16:00,40.9,40.0,332.0,5.9,12.7,159.0,111
2024-12-14T17:00,39.3,38.8,371.0,8.4,12.3,154.0,127
2024-12-14T18:00,42.8,42.4,466.0,11.9,12.8,139.0,138
2024-12-14T19:00,43.3,42.8,588.0,16.7,13.4,118.0,140
2024-12-14T20:00,41.1,40.6,666.0,19.3,13.9,101.0,131
2024-12-14T21:00,36.7,36.3,661.0,17.8,13.9,93.0,117
2024-12-14T22:00,31.8,31.5,612.0,14.2,13.7,89.0,114
2024-12-14T23:00,27.8,27.6,562.0,11.1,13.7,87.0,113
2024-12-15T00:00,24.8,24.6,521.0,9.4,14.2,85.0,113
2024-12-15T01:00,23.4,23.1,478.0,8.3,15.0,84.0,111
2024-12-15T02:00,22.6,22.3,448.0,7.5,15.8,84.0,110
2024-12-15T03:00,22.3,21.9,423.0,6.8,16.6,84.0,108
2024-12-15T04:00,22.4,22.0,411.0,6.5,17.3,85.0,106
2024-12-15T05:00,24.7,24.3,443.0,8.3,17.7,81.0,104
2024-12-15T06:00,26.8,26.3,577.0,12.0,18.1,76.0,102
2024-12-15T07:00,31.9,31.4,756.0,16.8,18.7,71.0,100
2024-12-15T08:00,32.8,32.4,843.0,18.8,18.9,75.0,99
2024-12-15T09:00,27.4,26.8,749.0,15.0,18.6,98.0,98
2024-12-15T10:00,30.4,29.7,563.0,8.3,17.9,132.0,97
2024-12-15T11:00,35.5,34.8,416.0,3.3,17.0,157.0,96
2024-12-15T12:00,37.8,37.3,360.0,1.5,15.9,168.0,95
2024-12-15T13:00,37.3,36.6,343.0,1.4,14.6,170.0,94
2024-12-15T14:00,35.3,34.7,341.0,2.4,13.5,168.0,94
2024-12-15T15:00,33.4,32.8,341.0,4.5,12.6,160.0,93
2024-12-15T16:00,32.0,31.4,356.0,7.8,11.9,148.0,106
2024-12-15T17:00,44.4,43.7,405.0,12.7,11.8,140.0,122
2024-12-15T18:00,49.1,48.3,526.0,17.0,12.5,128.0,131
2024-12-15T19:00,50.9,50.1,682.0,22.7,13.5,110.0,130
2024-12-15T20:00,50.3,49.6,779.0,25.8,14.0,96.0,120
2024-12-15T21:00,46.2,45.6,764.0,23.9,13.4,88.0,105
2024-12-15T22:00,39.6,39.0,690.0,19.3,12.2,84.0,95
2024-12-15T23:00,32.8,32.5,622.0,15.5,11.5,80.0,96
2024-12-16T00:00,27.4,27.2,581.0,13.6,11.6,76.0,96
2024-12-16T01:00,24.9,24.7,547.0,12.3,12.2,73.0,96
2024-12-16T02:00,23.9,23.7,518.0,11.5,13.1,71.0,96
2024-12-16T03:00,23.6,23.5,478.0,10.7,14.2,70.0,96
2024-12-16T04:00,24.1,24.0,444.0,10.3,15.6,69.0,97
2024-12-16T05:00,24.0,24.0,467.0,11.0,17.0,68.0,97
2024-12-16T06:00,26.1,26.1,623.0,14.5,18.3,65.0,97
2024-12-16T07:00,31.0,30.9,836.0,19.1,20.0,62.0,97
2024-12-16T08:00,30.2,30.0,936.0,20.7,20.8,68.0,97
2024-12-16T09:00,19.3,19.2,810.0,16.4,20.2,91.0,96
2024-12-16T10:00,17.5,17.3,569.0,9.0,18.6,123.0,96
2024-12-16T11:00,16.7,16.4,380.0,3.5,16.8,146.0,95
2024-12-16T12:00,15.6,15.1,306.0,1.4,14.5,154.0,93
2024-12-16T13:00,14.1,13.6,283.0,1.2,11.8,154.0,92
2024-12-16T14:00,13.0,12.4,281.0,2.3,9.9,150.0,90
2024-12-16T15:00,12.4,11.8,287.0,4.7,9.0,143.0,88
2024-12-16T16:00,12.2,11.6,315.0,8.4,8.8,132.0,86
2024-12-16T17:00,18.4,17.6,372.0,12.8,9.2,127.0,99
2024-12-16T18:00,23.5,22.6,487.0,19.0,10.5,113.0,107
2024-12-16T19:00,27.6,26.8,632.0,27.4,12.2,94.0,105
2024-12-16T20:00,30.5,29.7,731.0,32.9,13.4,78.0,93
2024-12-16T21:00,32.1,31.3,748.0,32.8,13.7,70.0,77
2024-12-16T22:00,32.7,32.0,719.0,29.8,13.4,66.0,76
2024-12-16T23:00,31.8,31.2,676.0,26.4,13.1,64.0,76
2024-12-17T00:00,29.6,29.1,614.0,23.0,12.7,63.0,76
2024-12-17T01:00,28.5,28.1,537.0,19.3,12.2,64.0,76
2024-12-17T02:00,28.2,27.8,494.0,16.4,12.1,65.0,76
2024-12-17T03:00,29.2,28.9,498.0,14.6,12.5,65.0,76
2024-12-17T04:00,30.9,30.4,535.0,13.6,13.2,66.0,77
2024-12-17T05:00,31.0,30.7,615.0,12.7,14.5,71.0,77
2024-12-17T06:00,34.1,33.9,794.0,17.0,15.8,68.0,78
2024-12-17T07:00,40.5,40.3,1016.0,22.5,17.6,65.0,78
2024-12-17T08:00,41.8,41.7,1120.0,24.4,18.5,73.0,79
2024-12-17T09:00,31.9,31.7,1002.0,19.0,18.0,101.0,80
2024-12-17T10:00,30.5,30.2,767.0,10.0,16.7,140.0,81
2024-12-17T11:00,31.7,31.2,569.0,3.2,15.3,169.0,82
2024-12-17T12:00,31.4,31.0,460.0,0.9,13.8,179.0,83
2024-12-17T13:00,29.7,29.2,388.0,1.0,12.1,178.0,85
2024-12-17T14:00,28.4,27.7,349.0,2.5,10.8,173.0,86
2024-12-17T15:00,27.9,27.1,350.0,5.5,10.0,165.0,96
2024-12-17T16:00,28.2,27.2,384.0,9.9,9.6,152.0,117
2024-12-17T17:00,42.7,41.2,428.0,15.9,9.7,136.0,134
2024-12-17T18:00,49.4,47.7,485.0,21.2,10.8,122.0,141
2024-12-17T19:00,53.6,51.8,552.0,28.5,12.4,104.0,138
2024-12-17T20:00,56.7,54.9,592.0,33.4,13.7,88.0,124
2024-12-17T21:00,58.7,56.8,579.0,34.0,14.4,79.0,104
2024-12-17T22:00,60.1,58.3,539.0,32.3,14.9,73.0,99
2024-12-17T23:00,60.8,59.0,515.0,29.9,14.9,69.0,102
2024-12-18T00:00,59.6,58.0,524.0,27.2,14.2,66.0,105
2024-12-18T01:00,59.0,57.4,549.0,23.9,13.1,65.0,108
2024-12-18T02:00,58.2,56.7,577.0,20.8,12.4,64.0,111
2024-12-18T03:00,57.6,56.1,594.0,17.8,12.2,64.0,114
2024-12-18T04:00,56.3,54.9,613.0,15.0,12.4,64.0,116
2024-12-18T05:00,46.8,45.8,664.0,10.9,14.3,69.0,119
2024-12-18T06:00,49.0,48.0,797.0,15.6,15.9,64.0,121
2024-12-18T07:00,54.5,53.6,962.0,21.7,18.1,59.0,122
2024-12-18T08:00,55.2,54.6,1033.0,24.0,19.8,65.0,123
2024-12-18T09:00,45.3,44.8,927.0,18.8,20.7,93.0,125
2024-12-18T10:00,44.1,43.5,726.0,9.9,21.1,133.0,126
2024-12-18T11:00,41.9,41.3,555.0,3.2,20.7,162.0,128
2024-12-18T12:00,38.2,37.7,452.0,0.8,18.8,172.0,129
2024-12-18T13:00,35.2,34.7,378.0,0.7,16.0,171.0,129
2024-12-18T14:00,32.8,32.4,338.0,2.4,13.9,167.0,130
2024-12-18T15:00,31.7,31.1,337.0,5.7,12.8,160.0,130
2024-12-18T16:00,31.4,30.9,371.0,10.7,12.4,150.0,131
2024-12-18T17:00,48.5,47.4,429.0,20.0,13.0,138.0,131
2024-12-18T18:00,57.5,56.3,530.0,29.8,15.4,120.0,133
2024-12-18T19:00,63.8,62.6,655.0,43.3,18.8,94.0,133
2024-12-18T20:00,68.2,66.8,739.0,52.9,21.6,74.0,134
2024-12-18T21:00,72.6,71.5,745.0,55.4,23.5,65.0,135
2024-12-18T22:00,77.5,76.1,710.0,54.0,24.8,61.0,137
2024-12-18T23:00,79.2,77.8,673.0,50.3,24.7,58.0,138
2024-12-19T00:00,75.4,74.0,643.0,43.5,22.2,56.0,140
2024-12-19T01:00,69.8,68.5,611.0,34.4,18.3,55.0,142
2024-12-19T02:00,65.2,63.8,590.0,26.8,15.3,55.0,143
2024-12-19T03:00,63.1,61.5,567.0,21.7,14.1,55.0,144
2024-12-19T04:00,62.2,60.5,554.0,18.2,13.8,56.0,145
2024-12-19T05:00,68.5,66.8,603.0,20.7,14.6,53.0,145
2024-12-19T06:00,70.1,68.5,790.0,24.9,15.6,50.0,147
2024-12-19T07:00,75.2,73.3,1039.0,30.3,17.0,48.0,149
2024-12-19T08:00,75.2,73.6,1168.0,31.4,17.5,56.0,150
2024-12-19T09:00,57.2,55.6,1069.0,24.0,16.5,85.0,151
2024-12-19T10:00,49.9,48.1,850.0,12.4,14.6,125.0,151
2024-12-19T11:00,46.3,44.7,658.0,3.7,13.0,156.0,151
2024-12-19T12:00,43.9,42.5,538.0,0.7,12.0,171.0,152
2024-12-19T13:00,42.1,40.9,446.0,0.6,11.3,177.0,152
2024-12-19T14:00,40.9,39.7,394.0,2.5,11.0,179.0,152
2024-12-19T15:00,40.3,39.1,391.0,5.8,11.1,178.0,152
2024-12-19T16:00,41.0,39.7,428.0,11.1,11.6,171.0,152
2024-12-19T17:00,39.9,38.9,499.0,17.0,11.2,149.0,153
2024-12-19T18:00,49.1,48.1,629.0,28.1,13.8,126.0,152
2024-12-19T19:00,57.3,56.3,792.0,43.0,17.5,94.0,152
2024-12-19T20:00,64.3,63.3,904.0,52.3,21.1,72.0,152
2024-12-19T21:00,69.4,68.5,922.0,50.8,24.3,68.0,152
2024-12-19T22:00,69.8,69.4,890.0,43.7,27.4,74.0,152
2024-12-19T23:00,70.5,70.1,855.0,36.2,30.3,82.0,152
2024-12-20T00:00,70.5,69.8,833.0,29.5,33.0,93.0,151
2024-12-20T01:00,72.2,71.5,809.0,22.5,35.4,107.0,151
2024-12-20T02:00,74.0,73.1,786.0,17.2,37.5,117.0,151
2024-12-20T03:00,75.7,74.7,747.0,13.7,39.1,121.0,152
2024-12-20T04:00,77.3,76.1,709.0,11.9,40.2,120.0,152
2024-12-20T05:00,82.7,81.5,730.0,15.3,41.1,113.0,152
2024-12-20T06:00,88.0,86.8,893.0,25.2,42.9,102.0,153
2024-12-20T07:00,101.5,100.4,1115.0,38.3,45.1,88.0,153
2024-12-20T08:00,107.1,106.2,1206.0,43.7,44.9,91.0,154
2024-12-20T09:00,79.4,78.5,1036.0,34.0,40.1,127.0,155
2024-12-20T10:00,66.6,65.4,734.0,16.6,32.8,179.0,156
2024-12-20T11:00,57.2,56.0,504.0,3.6,26.6,216.0,156
2024-12-20T12:00,52.0,51.0,431.0,0.0,22.5,223.0,157
2024-12-20T13:00,50.1,49.0,430.0,0.6,19.4,216.0,157
2024-12-20T14:00,49.0,48.1,440.0,2.4,17.6,208.0,157
2024-12-20T15:00,48.7,47.7,442.0,4.2,17.3,206.0,157
2024-12-20T16:00,49.4,48.5,456.0,7.0,18.2,204.0,171
2024-12-20T17:00,55.6,54.8,483.0,11.5,17.3,179.0,189
2024-12-20T18:00,62.6,61.9,531.0,16.0,19.3,160.0,198
2024-12-20T19:00,66.6,65.9,592.0,22.2,22.1,135.0,195
2024-12-20T20:00,67.5,67.1,649.0,26.4,25.2,115.0,182
2024-12-20T21:00,69.6,69.2,697.0,26.8,28.8,108.0,164
2024-12-20T22:00,73.3,72.6,740.0,25.2,32.7,107.0,159
2024-12-20T23:00,76.1,75.4,772.0,23.2,35.6,107.0,159
2024-12-21T00:00,76.8,75.9,788.0,21.0,36.6,105.0,160
2024-12-21T01:00,77.1,76.1,792.0,18.3,36.5,104.0,160
2024-12-21T02:00,77.8,76.6,790.0,16.1,36.5,103.0,160
2024-12-21T03:00,78.5,77.3,772.0,13.9,37.0,103.0,160
2024-12-21T04:00,80.1,78.7,748.0,12.1,37.7,104.0,160
2024-12-21T05:00,80.8,79.6,749.0,11.8,33.2,99.0,160
2024-12-21T06:00,83.8,82.4,815.0,19.1,35.1,88.0,160
2024-12-21T07:00,91.7,90.3,905.0,28.6,37.6,75.0,160
2024-12-21T08:00,92.0,91.0,932.0,32.7,38.1,77.0,160
2024-12-21T09:00,75.9,74.7,834.0,25.7,35.1,111.0,159
2024-12-21T10:00,65.2,64.0,672.0,13.2,30.2,160.0,159
2024-12-21T11:00,63.8,62.6,539.0,3.8,25.5,196.0,159
2024-12-21T12:00,63.1,62.2,470.0,1.1,21.7,205.0,159
2024-12-21T13:00,61.5,60.5,430.0,1.5,18.1,201.0,160
2024-12-21T14:00,58.8,57.9,405.0,2.4,15.5,196.0,160
2024-12-21T15:00,57.5,56.6,393.0,2.0,14.1,196.0,160
2024-12-21T16:00,56.5,55.5,398.0,2.0,13.7,195.0,160
2024-12-21T17:00,40.4,39.6,411.0,6.3,9.6,157.0,170
2024-12-21T18:00,46.3,45.6,437.0,12.4,11.0,135.0,178
2024-12-21T19:00,48.5,47.8,473.0,20.6,12.9,105.0,174
2024-12-21T20:00,44.9,44.4,502.0,25.9,14.8,82.0,159
2024-12-21T21:00,40.9,40.3,519.0,25.6,16.4,73.0,158
2024-12-21T22:00,39.0,38.4,528.0,22.3,18.0,70.0,158
2024-12-21T23:00,38.4,37.6,528.0,19.2,19.0,69.0,157
2024-12-22T00:00,37.7,36.8,512.0,17.1,19.2,68.0,155
2024-12-22T01:00,38.2,37.1,487.0,15.3,18.9,69.0,154
2024-12-22T02:00,39.6,38.4,466.0,14.2,18.6,69.0,153
2024-12-22T03:00,42.1,40.9,450.0,14.1,18.6,66.0,152
2024-12-22T04:00,48.3,46.9,438.0,14.8,18.6,63.0,151
2024-12-22T05:00,56.5,55.1,449.0,15.3,17.7,56.0,150
2024-12-22T06:00,61.9,60.3,504.0,17.7,18.1,52.0,147
2024-12-22T07:00,61.9,60.5,582.0,20.7,18.7,48.0,145
2024-12-22T08:00,63.6,62.2,632.0,21.1,19.1,56.0,142
2024-12-22T09:00,62.9,61.5,635.0,16.4,19.4,86.0,139
2024-12-22T10:00,62.2,60.8,611.0,9.2,19.4,128.0,138
2024-12-22T11:00,62.9,61.7,570.0,3.7,18.4,158.0,137
2024-12-22T12:00,61.7,60.8,505.0,1.9,15.4,165.0,137
2024-12-22T13:00,57.2,56.2,423.0,1.9,11.2,161.0,137
2024-12-22T14:00,52.4,51.6,361.0,2.4,8.2,156.0,137
2024-12-22T15:00,48.5,47.7,335.0,3.0,7.1,153.0,136
2024-12-22T16:00,45.6,44.8,328.0,4.1,7.0,149.0,135
2024-12-22T17:00,27.0,26.5,329.0,5.2,6.2,136.0,134
2024-12-22T18:00,29.5,29.0,335.0,7.5,7.5,124.0,132
2024-12-22T19:00,28.9,28.3,348.0,10.6,9.2,108.0,131
2024-12-22T20:00,30.2,29.3,363.0,13.3,11.0,94.0,129
2024-12-22T21:00,33.5,32.6,385.0,15.1,12.8,85.0,127
2024-12-22T22:00,37.5,36.4,408.0,16.4,14.5,78.0,126
2024-12-22T23:00,40.0,38.9,416.0,17.0,15.5,72.0,126
2024-12-23T00:00,41.1,39.8,390.0,16.8,15.3,66.0,126
2024-12-23T01:00,43.3,41.8,348.0,16.0,14.4,61.0,127
2024-12-23T02:00,46.7,45.1,324.0,15.0,13.7,57.0,127
2024-12-23T03:00,49.6,47.8,334.0,13.8,13.4,54.0,128
2024-12-23T04:00,51.5,49.7,363.0,12.4,13.2,52.0,129
2024-12-23T05:00,53.0,51.1,401.0,12.3,13.0,51.0,129
2024-12-23T06:00,54.8,53.0,463.0,13.1,14.0,54.0,128
2024-12-23T07:00,58.6,56.6,534.0,14.2,15.3,59.0,128
2024-12-23T08:00,55.8,53.9,566.0,13.9,15.4,68.0,127
2024-12-23T09:00,47.7,46.0,526.0,11.1,13.3,86.0,126
2024-12-23T10:00,36.4,34.8,447.0,7.0,10.0,108.0,125
2024-12-23T11:00,33.8,32.4,379.0,3.9,7.4,125.0,122
2024-12-23T12:00,33.4,32.2,337.0,2.7,6.1,132.0,119
2024-12-23T13:00,32.5,31.5,306.0,2.5,5.5,134.0,116
2024-12-23T14:00,31.8,30.9,292.0,2.8,5.2,134.0,113
2024-12-23T15:00,31.0,30.0,303.0,3.3,5.0,132.0,111
2024-12-23T16:00,30.9,29.9,331.0,4.4,5.1,127.0,109
2024-12-23T17:00,38.3,37.0,364.0,6.4,7.6,120.0,108
2024-12-23T18:00,38.6,37.6,401.0,8.9,10.4,115.0,109
2024-12-23T19:00,44.8,43.8,443.0,12.5,14.3,108.0,110
2024-12-23T20:00,52.6,51.5,481.0,15.7,17.8,101.0,111
2024-12-23T21:00,57.5,56.3,514.0,18.4,20.7,94.0,114
2024-12-23T22:00,61.9,60.8,543.0,20.8,23.3,86.0,116
2024-12-23T23:00,66.1,65.0,563.0,22.3,24.6,78.0,119
2024-12-24T00:00,68.7,67.5,570.0,22.6,23.9,69.0,122
2024-12-24T01:00,72.2,71.0,569.0,22.1,22.0,61.0,124
2024-12-24T02:00,74.5,73.1,566.0,20.9,20.3,55.0,127
2024-12-24T03:00,75.4,73.8,557.0,18.4,19.1,54.0,130
2024-12-24T04:00,76.1,74.7,547.0,15.3,18.0,55.0,133
2024-12-24T05:00,80.8,79.2,552.0,15.8,19.8,55.0,136
2024-12-24T06:00,85.2,83.6,595.0,19.7,20.6,53.0,139
2024-12-24T07:00,96.9,95.0,654.0,24.8,21.5,51.0,142
2024-12-24T08:00,92.0,90.3,676.0,26.2,21.5,58.0,146
2024-12-24T09:00,85.9,83.8,628.0,20.3,19.8,80.0,150
2024-12-24T10:00,86.1,84.3,542.0,10.7,17.0,111.0,151
2024-12-24T11:00,80.3,78.5,467.0,3.6,14.3,134.0,152
2024-12-24T12:00,74.7,73.1,415.0,1.6,11.6,142.0,154
2024-12-24T13:00,63.6,62.4,373.0,2.1,9.0,142.0,155
2024-12-24T14:00,56.9,55.9,349.0,3.0,7.2,141.0,156
2024-12-24T15:00,52.2,51.1,345.0,3.4,6.6,142.0,157
2024-12-24T16:00,50.4,49.4,359.0,4.3,6.8,141.0,157
2024-12-24T17:00,72.2,70.8,387.0,7.1,8.9,123.0,158
2024-12-24T18:00,82.0,80.6,431.0,10.0,12.1,121.0,159
2024-12-24T19:00,92.7,91.7,491.0,13.9,16.5,118.0,160
2024-12-24T20:00,99.2,98.3,560.0,17.3,20.2,114.0,162
2024-12-24T21:00,101.3,100.4,652.0,19.3,22.4,108.0,163
2024-12-24T22:00,102.4,101.3,755.0,20.7,23.8,99.0,164
2024-12-24T23:00,104.5,103.4,823.0,21.8,24.3,90.0,166
2024-12-25T00:00,105.7,104.5,834.0,22.9,23.5,78.0,167
2024-12-25T01:00,106.2,105.0,811.0,23.6,21.8,64.0,168
2024-12-25T02:00,105.7,104.5,780.0,23.4,20.2,54.0,169
2024-12-25T03:00,104.1,102.7,735.0,21.1,18.9,50.0,170
2024-12-25T04:00,102.0,100.8,681.0,17.8,17.6,50.0,171
2024-12-25T05:00,109.4,108.0,662.0,22.1,22.9,49.0,171
2024-12-25T06:00,110.6,109.0,726.0,27.2,23.3,45.0,172
2024-12-25T07:00,117.8,116.2,824.0,33.8,23.7,42.0,173
2024-12-25T08:00,115.7,114.3,856.0,35.3,23.4,48.0,174
2024-12-25T09:00,104.1,102.4,754.0,26.8,21.8,74.0,174
2024-12-25T10:00,99.9,98.3,586.0,13.2,19.5,110.0,175
2024-12-25T11:00,91.0,89.4,451.0,3.1,17.1,138.0,175
2024-12-25T12:00,80.1,78.2,389.0,0.3,14.5,150.0,176
2024-12-25T13:00,70.1,68.2,359.0,1.0,11.8,153.0,176
2024-12-25T14:00,63.8,61.9,344.0,2.3,9.8,154.0,176
2024-12-25T15:00,59.8,58.1,325.0,2.1,8.4,155.0,176
2024-12-25T16:00,57.5,55.8,321.0,2.5,7.7,153.0,176
2024-12-25T17:00,66.1,64.3,363.0,8.1,8.8,129.0,177
2024-12-25T18:00,74.7,73.1,498.0,18.1,10.7,111.0,176
2024-12-25T19:00,80.1,78.2,679.0,31.8,13.4,85.0,176
2024-12-25T20:00,83.6,82.2,807.0,41.8,16.2,65.0,176
2024-12-25T21:00,90.3,88.9,827.0,44.6,19.1,57.0,175
2024-12-25T22:00,96.4,95.2,792.0,43.6,22.1,54.0,175
2024-12-25T23:00,98.7,97.6,763.0,42.1,24.0,51.0,175
2024-12-26T00:00,99.2,98.0,761.0,41.1,24.0,45.0,175
2024-12-26T01:00,100.1,99.2,763.0,39.5,22.8,40.0,174
2024-12-26T02:00,101.7,100.8,767.0,37.3,21.7,36.0,174
2024-12-26T03:00,104.1,102.9,771.0,34.1,21.3,36.0,174
2024-12-26T04:00,101.7,100.6,776.0,30.3,21.0,38.0,174
2024-12-26T05:00,87.5,86.4,777.0,30.1,18.7,34.0,174
2024-12-26T06:00,73.3,71.9,784.0,28.4,16.7,33.0,173
2024-12-26T07:00,61.0,59.8,786.0,25.8,14.0,33.0,172
2024-12-26T08:00,45.5,44.8,747.0,21.9,11.2,41.0,171
2024-12-26T09:00,22.6,22.0,627.0,15.5,8.6,64.0,169
2024-12-26T10:00,17.3,16.6,467.0,7.9,5.9,94.0,166
2024-12-26T11:00,19.1,18.2,345.0,2.3,3.9,117.0,164
2024-12-26T12:00,19.0,17.9,301.0,0.4,2.7,125.0,162
2024-12-26T13:00,18.2,17.1,295.0,0.6,2.2,125.0,160
2024-12-26T14:00,17.5,16.4,296.0,1.6,1.9,122.0,158
2024-12-26T15:00,16.8,15.8,282.0,2.3,1.5,119.0,157
2024-12-26T16:00,16.3,15.3,274.0,3.9,1.3,113.0,156
2024-12-26T17:00,22.9,21.7,300.0,8.7,2.7,99.0,155
2024-12-26T18:00,31.4,30.3,377.0,17.7,5.6,84.0,153
2024-12-26T19:00,39.2,38.2,489.0,30.3,9.8,64.0,152
2024-12-26T20:00,45.9,44.8,613.0,40.4,13.8,48.0,151
2024-12-26T21:00,52.4,51.3,779.0,46.3,17.8,40.0,149
2024-12-26T22:00,61.2,60.1,957.0,49.8,21.7,35.0,145
2024-12-26T23:00,68.5,67.3,1038.0,50.3,23.6,33.0,141
2024-12-27T00:00,68.2,67.1,946.0,46.8,22.1,32.0,138
2024-12-27T01:00,63.1,62.2,758.0,40.3,18.5,32.0,135
2024-12-27T02:00,54.4,53.6,594.0,33.5,15.1,34.0,131
2024-12-27T03:00,44.0,43.5,494.0,26.4,12.6,37.0,126
2024-12-27T04:00,33.6,33.3,419.0,19.0,10.2,41.0,120
2024-12-27T05:00,27.7,27.5,371.0,12.9,8.8,48.0,113
2024-12-27T06:00,20.1,20.0,364.0,11.7,7.3,52.0,107
2024-12-27T07:00,16.8,16.7,385.0,9.9,5.3,57.0,101
2024-12-27T08:00,11.7,11.6,390.0,8.0,3.6,64.0,98
2024-12-27T09:00,9.1,9.0,357.0,6.0,2.7,72.0,95
2024-12-27T10:00,7.7,7.6,310.0,3.9,2.2,81.0,94
2024-12-27T11:00,6.7,6.6,273.0,2.4,1.8,88.0,93
2024-12-27T12:00,6.2,6.0,258.0,1.7,1.6,93.0,92
2024-12-27T13:00,5.9,5.8,255.0,1.7,1.5,96.0,91
2024-12-27T14:00,6.2,6.1,257.0,2.1,1.6,98.0,91
2024-12-27T15:00,6.1,6.0,241.0,2.5,1.7,99.0,90
2024-12-27T16:00,6.5,6.4,232.0,3.4,2.0,97.0,89
2024-12-27T17:00,20.4,19.6,295.0,8.1,2.8,87.0,88
2024-12-27T18:00,25.0,24.3,500.0,15.8,4.4,73.0,88
2024-12-27T19:00,28.9,28.2,777.0,26.4,6.7,53.0,88
2024-12-27T20:00,31.1,30.4,986.0,33.7,8.3,39.0,87
2024-12-27T21:00,36.2,35.5,1082.0,35.5,8.9,33.0,86
2024-12-27T22:00,35.5,34.9,1111.0,34.0,8.8,33.0,84
2024-12-27T23:00,33.6,33.1,1068.0,30.5,8.1,36.0,82
2024-12-28T00:00,24.5,24.0,913.0,24.0,6.4,46.0,80
2024-12-28T01:00,21.4,20.9,686.0,15.3,4.2,59.0,76
2024-12-28T02:00,16.1,15.7,504.0,8.8,2.5,69.0,73
2024-12-28T03:00,12.3,11.9,399.0,5.9,2.0,72.0,70
2024-12-28T04:00,9.0,8.7,338.0,5.1,2.2,72.0,68
2024-12-28T05:00,17.4,17.1,341.0,12.7,4.1,42.0,66
2024-12-28T06:00,20.0,19.7,466.0,15.8,5.3,40.0,65
2024-12-28T07:00,26.7,26.3,654.0,19.7,6.8,37.0,65
2024-12-28T08:00,28.0,27.6,747.0,20.8,7.6,42.0,66
2024-12-28T09:00,18.5,17.9,645.0,16.2,6.8,60.0,67
2024-12-28T10:00,16.6,15.9,448.0,8.6,5.1,86.0,68
2024-12-28T11:00,14.8,14.0,298.0,3.0,3.8,105.0,68
2024-12-28T12:00,14.3,13.6,256.0,1.3,3.2,113.0,69
2024-12-28T13:00,12.4,11.8,262.0,1.4,3.0,114.0,69
2024-12-28T14:00,12.1,11.5,275.0,2.2,3.0,114.0,70
2024-12-28T15:00,12.2,11.7,280.0,2.4,3.0,114.0,70
2024-12-28T16:00,12.0,11.4,293.0,3.3,3.2,112.0,71
2024-12-28T17:00,22.6,21.5,320.0,7.2,4.3,101.0,71
2024-12-28T18:00,30.6,29.6,367.0,13.3,6.4,91.0,71
2024-12-28T19:00,36.9,36.1,429.0,21.7,9.5,77.0,72
2024-12-28T20:00,41.0,40.3,494.0,28.6,12.6,65.0,72
2024-12-28T21:00,46.7,46.1,577.0,32.7,16.0,58.0,73
2024-12-28T22:00,53.4,52.9,663.0,35.3,19.5,54.0,74
2024-12-28T23:00,60.8,60.3,703.0,36.0,21.3,51.0,75
2024-12-29T00:00,66.4,65.9,658.0,34.3,20.3,48.0,78
2024-12-29T01:00,67.3,66.6,565.0,30.7,17.7,45.0,81
2024-12-29T02:00,61.0,60.5,493.0,26.9,15.2,44.0,84
2024-12-29T03:00,55.4,54.7,463.0,22.6,13.2,44.0,88
2024-12-29T04:00,52.2,51.3,452.0,18.2,11.4,46.0,91
2024-12-29T05:00,56.8,56.1,459.0,18.7,11.7,43.0,95
2024-12-29T06:00,54.6,53.9,502.0,21.0,11.3,38.0,98
2024-12-29T07:00,55.2,54.5,563.0,23.8,10.6,32.0,101
2024-12-29T08:00,45.6,45.2,584.0,23.9,9.8,37.0,104
2024-12-29T09:00,31.0,30.4,527.0,18.5,8.6,61.0,105
2024-12-29T10:00,28.9,28.2,431.0,10.3,7.2,95.0,107
2024-12-29T11:00,28.1,27.4,352.0,4.1,6.0,122.0,108
2024-12-29T12:00,27.3,26.5,310.0,2.1,5.3,135.0,109
2024-12-29T13:00,25.3,24.6,286.0,2.0,4.8,141.0,111
2024-12-29T14:00,24.2,23.5,275.0,2.6,4.6,143.0,112
2024-12-29T15:00,25.7,24.9,273.0,2.8,4.4,144.0,113
2024-12-29T16:00,24.5,23.7,285.0,3.6,4.4,141.0,115
2024-12-29T17:00,40.3,38.9,322.0,8.9,4.2,111.0,116
2024-12-29T18:00,48.8,47.5,400.0,18.2,6.5,95.0,118
2024-12-29T19:00,57.9,56.6,501.0,31.0,9.6,72.0,120
2024-12-29T20:00,64.0,62.9,589.0,40.5,12.3,54.0,122
2024-12-29T21:00,68.0,66.8,650.0,44.1,14.2,43.0,124
2024-12-29T22:00,71.9,70.8,697.0,44.3,15.5,36.0,126
2024-12-29T23:00,75.2,73.8,726.0,41.9,15.8,33.0,128
2024-12-30T00:00,74.5,73.1,731.0,35.7,14.3,37.0,130
2024-12-30T01:00,70.5,69.2,718.0,26.8,11.8,46.0,130
2024-12-30T02:00,67.1,65.4,698.0,19.6,9.9,52.0,131
2024-12-30T03:00,65.2,63.8,670.0,15.6,9.4,53.0,131
2024-12-30T04:00,64.0,62.6,635.0,13.3,9.5,52.0,132
2024-12-30T05:00,63.6,62.4,612.0,14.1,9.6,48.0,133
2024-12-30T06:00,63.1,61.9,623.0,16.2,10.4,45.0,134
2024-12-30T07:00,65.9,64.5,647.0,18.8,11.4,41.0,135
2024-12-30T08:00,60.1,59.1,637.0,19.1,11.7,47.0,136
2024-12-30T09:00,45.2,44.5,561.0,14.7,10.8,71.0,137
2024-12-30T10:00,30.5,29.9,452.0,7.9,9.3,104.0,139
2024-12-30T11:00,22.3,21.9,364.0,2.9,7.9,130.0,139
2024-12-30T12:00,19.0,18.6,320.0,1.2,7.0,141.0,138
2024-12-30T13:00,18.6,18.0,297.0,1.3,6.2,146.0,137
2024-12-30T14:00,19.2,18.5,283.0,2.1,5.6,146.0,137
2024-12-30T15:00,19.8,19.0,270.0,2.9,5.1,145.0,136
2024-12-30T16:00,20.1,19.3,266.0,4.4,4.9,140.0,136
2024-12-30T17:00,34.9,33.5,286.0,8.9,5.5,127.0,135
2024-12-30T18:00,41.6,40.0,337.0,17.7,7.3,110.0,135
2024-12-30T19:00,45.8,44.4,412.0,29.9,9.8,86.0,134
2024-12-30T20:00,49.7,48.2,504.0,39.2,11.9,67.0,132
2024-12-30T21:00,52.9,51.3,634.0,43.3,13.4,57.0,131
2024-12-30T22:00,55.8,54.2,780.0,44.5,14.4,53.0,129
2024-12-30T23:00,57.7,56.2,870.0,43.5,14.6,50.0,128
2024-12-31T00:00,56.8,55.3,855.0,39.8,13.4,49.0,126
2024-12-31T01:00,53.1,51.7,783.0,34.0,11.4,50.0,124
2024-12-31T02:00,47.1,46.0,727.0,28.2,9.6,51.0,122
2024-12-31T03:00,40.9,39.8,707.0,22.5,8.3,51.0,120
2024-12-31T04:00,35.5,34.7,704.0,16.9,7.2,51.0,118
2024-12-31T05:00,22.5,22.2,731.0,8.8,5.7,61.0,115
2024-12-31T06:00,22.9,22.5,839.0,12.1,6.4,57.0,110
2024-12-31T07:00,26.1,25.8,978.0,16.5,7.3,52.0,106
2024-12-31T08:00,28.3,28.0,1012.0,18.1,8.0,56.0,102
2024-12-31T09:00,27.4,26.8,838.0,14.2,8.4,77.0,99
2024-12-31T10:00,26.8,26.3,559.0,7.7,8.6,108.0,98
2024-12-31T11:00,23.1,22.7,349.0,2.7,8.5,131.0,98
2024-12-31T12:00,22.2,21.6,286.0,1.2,8.1,141.0,98
2024-12-31T13:00,22.8,21.9,292.0,1.3,7.4,145.0,98
2024-12-31T14:00,23.4,22.4,307.0,2.1,6.9,145.0,98
2024-12-31T15:00,24.0,22.8,308.0,3.1,6.7,143.0,99
2024-12-31T16:00,24.6,23.4,317.0,4.7,6.6,139.0,99
2024-12-31T17:00,26.8,25.9,344.0,7.8,6.9,131.0,99
2024-12-31T18:00,32.5,31.7,401.0,14.2,8.1,117.0,99
2024-12-31T19:00,37.3,36.4,475.0,22.9,9.8,98.0,99
2024-12-31T20:00,41.7,40.9,541.0,29.0,11.1,82.0,97
2024-12-31T21:00,45.9,44.9,598.0,30.4,11.9,74.0,97
2024-12-31T22:00,49.2,48.3,646.0,29.3,12.4,70.0,96
2024-12-31T23:00,49.8,48.9,660.0,26.7,12.4,67.0,96
