time,temperature_2m,relative_humidity_2m,surface_pressure,wind_speed_10m,precipitation,pm10,pm2_5,carbon_monoxide,nitrogen_dioxide,sulphur_dioxide,ozone,us_aqi
2024-01-01 00:00:00,18.3,76,950.4,5.6,0.0,59.8,40.4,830.0,42.6,23.7,43.0,86
2024-01-01 01:00:00,19.7,68,950.7,3.3,0.0,58.4,39.5,841.0,43.5,23.2,39.0,86
2024-01-01 02:00:00,18.7,73,950.0,4.0,0.0,56.9,38.4,835.0,43.1,22.1,36.0,86
2024-01-01 03:00:00,18.3,75,949.9,0.4,0.0,54.8,37.0,802.0,40.2,20.1,34.0,87
2024-01-01 04:00:00,16.5,82,949.5,6.6,0.0,52.3,35.2,752.0,35.9,17.5,33.0,88
2024-01-01 05:00:00,19.3,66,950.3,4.6,0.0,46.6,31.1,650.0,28.4,13.4,37.0,89
2024-01-01 06:00:00,17.9,68,951.5,3.2,0.0,46.1,30.7,662.0,27.1,12.5,37.0,89
2024-01-01 07:00:00,17.3,71,951.9,0.8,0.0,49.9,33.4,676.0,25.1,11.2,38.0,89
2024-01-01 08:00:00,18.4,71,952.8,1.8,0.0,53.8,35.9,659.0,21.7,10.3,47.0,90
2024-01-01 09:00:00,21.5,60,954.1,4.6,0.0,56.0,36.8,585.0,15.6,10.1,73.0,90
2024-01-01 10:00:00,24.2,52,954.2,5.5,0.0,55.2,35.6,481.0,8.1,10.3,108.0,91
2024-01-01 11:00:00,26.5,46,953.7,6.8,0.0,52.9,33.9,397.0,2.7,10.2,135.0,92
2024-01-01 12:00:00,28.2,39,952.6,8.0,0.0,47.8,30.5,355.0,1.0,9.5,145.0,93
2024-01-01 13:00:00,29.0,35,951.4,7.6,0.0,44.0,28.0,333.0,1.2,8.6,146.0,94
2024-01-01 14:00:00,29.4,34,950.5,7.6,0.0,41.9,26.7,321.0,2.0,7.9,146.0,94
2024-01-01 15:00:00,29.5,33,950.0,7.4,0.0,41.0,26.1,305.0,1.7,7.4,148.0,95
2024-01-01 16:00:00,29.1,34,949.7,8.0,0.0,40.6,25.8,299.0,1.8,7.2,149.0,96
2024-01-01 17:00:00,27.3,38,949.5,8.5,0.0,52.9,33.9,356.0,8.5,8.1,137.0,97
2024-01-01 18:00:00,22.4,46,949.6,10.1,0.0,64.7,42.5,460.0,19.4,11.0,115.0,103
2024-01-01 19:00:00,22.5,42,950.5,9.4,0.0,69.8,46.1,604.0,34.4,15.0,85.0,105
2024-01-01 20:00:00,21.2,44,950.9,5.8,0.0,73.8,48.9,725.0,45.4,18.7,62.0,100
2024-01-01 21:00:00,19.9,53,951.2,9.5,0.0,77.1,51.3,796.0,48.2,21.6,53.0,101
2024-01-01 22:00:00,20.9,52,951.3,6.4,0.0,80.3,53.7,844.0,46.9,24.1,50.0,102
2024-01-01 23:00:00,18.6,62,950.7,6.1,0.0,82.0,54.8,881.0,46.0,25.8,48.0,103
2024-01-02 00:00:00,17.4,67,949.9,7.6,0.0,82.7,55.3,913.0,47.6,26.6,43.0,105
2024-01-02 01:00:00,17.0,71,949.5,8.0,0.0,83.4,55.9,934.0,49.7,26.6,37.0,106
2024-01-02 02:00:00,18.2,68,949.4,5.4,0.0,83.8,56.1,943.0,50.2,26.2,33.0,108
2024-01-02 03:00:00,16.4,78,948.6,5.9,0.0,83.4,55.8,934.0,48.2,25.6,29.0,110
2024-01-02 04:00:00,15.9,81,948.7,3.6,0.0,82.2,54.9,914.0,44.7,24.6,27.0,112
2024-01-02 05:00:00,17.0,74,949.1,3.3,0.0,71.2,47.4,848.0,38.6,20.5,31.0,114
2024-01-02 06:00:00,16.1,83,950.1,2.4,0.0,70.8,46.9,852.0,36.3,18.6,32.0,115
2024-01-02 07:00:00,16.6,80,950.8,0.5,0.0,73.6,48.7,851.0,32.7,15.8,35.0,117
2024-01-02 08:00:00,18.4,74,951.7,2.6,0.0,75.9,50.3,808.0,27.6,13.5,46.0,119
2024-01-02 09:00:00,22.0,58,952.9,6.3,0.0,73.1,47.7,681.0,19.5,12.1,73.0,120
2024-01-02 10:00:00,25.1,48,952.9,8.2,0.0,64.5,41.4,511.0,9.9,11.0,107.0,121
2024-01-02 11:00:00,27.3,43,952.3,9.2,0.0,58.8,37.5,381.0,2.9,10.1,134.0,122
2024-01-02 12:00:00,28.6,38,951.2,9.5,0.0,55.9,35.4,330.0,0.6,9.1,145.0,122
2024-01-02 13:00:00,29.4,35,950.1,7.9,0.0,54.4,34.3,321.0,1.0,8.2,148.0,123
2024-01-02 14:00:00,30.0,33,949.3,5.4,0.0,53.0,33.5,320.0,2.0,7.7,148.0,123
2024-01-02 15:00:00,30.0,32,948.6,4.0,0.0,51.7,32.7,308.0,2.2,7.3,149.0,124
2024-01-02 16:00:00,29.5,32,948.7,4.1,0.0,50.9,32.2,306.0,3.0,7.2,147.0,125
2024-01-02 17:00:00,27.9,52,948.5,4.0,0.0,63.8,40.5,345.0,7.1,8.2,132.0,126
2024-01-02 18:00:00,24.7,43,949.1,10.6,0.0,73.8,47.7,447.0,17.3,11.2,112.0,126
2024-01-02 19:00:00,22.1,52,949.6,8.8,0.0,79.9,52.2,589.0,31.4,15.3,84.0,127
2024-01-02 20:00:00,21.7,54,950.6,5.6,0.0,84.1,55.3,711.0,42.1,19.2,62.0,127
2024-01-02 21:00:00,20.7,59,951.0,8.6,0.0,87.8,57.9,788.0,45.9,22.4,52.0,128
2024-01-02 22:00:00,20.1,62,950.9,6.0,0.0,91.5,60.5,845.0,46.3,25.2,48.0,129
2024-01-02 23:00:00,20.1,65,950.7,6.0,0.0,93.6,62.2,894.0,46.9,27.3,44.0,129
2024-01-03 00:00:00,19.1,71,950.0,5.2,0.0,95.2,63.1,944.0,49.8,28.7,38.0,130
2024-01-03 01:00:00,18.1,77,949.4,7.0,0.0,96.9,64.5,987.0,52.9,29.5,32.0,131
2024-01-03 02:00:00,18.3,77,949.0,5.7,0.0,97.8,65.0,1004.0,53.3,28.9,27.0,132
2024-01-03 03:00:00,19.1,73,949.1,1.1,0.0,96.9,64.3,984.0,49.0,26.3,24.0,133
2024-01-03 04:00:00,18.8,75,948.7,3.1,0.0,91.7,60.8,938.0,41.9,22.5,22.0,134
2024-01-03 05:00:00,16.6,87,948.6,5.3,0.0,87.3,57.7,949.0,45.1,25.6,22.0,134
2024-01-03 06:00:00,17.9,82,949.8,2.5,0.0,83.8,55.4,907.0,39.6,22.4,27.0,135
2024-01-03 07:00:00,16.9,88,950.3,3.3,0.0,81.7,54.1,844.0,31.8,18.0,36.0,136
2024-01-03 08:00:00,18.6,80,951.2,1.8,0.0,76.8,50.9,760.0,24.0,14.3,50.0,137
2024-01-03 09:00:00,21.9,64,952.4,5.6,0.0,64.5,42.0,637.0,16.1,12.1,74.0,137
2024-01-03 10:00:00,24.7,53,952.7,6.2,0.0,57.4,36.8,494.0,8.2,10.6,104.0,136
2024-01-03 11:00:00,27.0,45,951.9,5.2,0.0,55.2,35.0,384.0,2.6,9.3,127.0,136
2024-01-03 12:00:00,28.5,39,950.4,3.9,0.0,54.1,34.2,334.0,0.7,8.1,137.0,136
2024-01-03 13:00:00,29.4,35,949.3,4.4,0.0,52.3,33.1,319.0,1.0,7.2,139.0,135
2024-01-03 14:00:00,29.8,33,948.5,7.6,0.0,47.8,30.3,310.0,1.9,6.6,139.0,135
2024-01-03 15:00:00,29.7,32,947.9,5.6,0.0,44.2,28.1,287.0,1.6,6.0,138.0,135
2024-01-03 16:00:00,29.7,29,947.7,3.9,0.0,41.8,26.6,272.0,1.8,5.7,134.0,135
2024-01-03 17:00:00,27.6,39,947.6,4.9,0.0,62.9,40.0,317.0,6.7,7.6,125.0,134
2024-01-03 18:00:00,24.0,44,947.7,7.6,0.0,73.1,47.3,425.0,16.2,10.4,109.0,134
2024-01-03 19:00:00,23.8,44,948.7,5.8,0.0,81.5,53.2,576.0,29.4,14.4,87.0,134
2024-01-03 20:00:00,21.3,56,949.3,6.6,0.0,89.6,58.7,706.0,39.1,18.4,68.0,134
2024-01-03 21:00:00,21.0,64,950.1,6.9,0.0,95.9,63.1,791.0,42.2,22.4,57.0,134
2024-01-03 22:00:00,19.7,74,950.1,7.2,0.0,102.7,67.5,855.0,41.8,26.3,50.0,135
2024-01-03 23:00:00,19.2,77,949.3,5.3,0.0,110.4,72.9,901.0,40.7,29.2,45.0,136
2024-01-04 00:00:00,18.8,78,948.8,5.9,0.0,115.3,76.1,931.0,39.7,30.4,40.0,137
2024-01-04 01:00:00,17.9,85,948.6,5.8,0.0,117.8,77.5,945.0,37.9,30.6,36.0,138
2024-01-04 02:00:00,16.9,91,948.0,6.4,0.0,117.8,77.3,939.0,35.1,30.1,35.0,139
2024-01-04 03:00:00,18.3,84,948.4,3.1,0.0,118.7,77.5,902.0,30.2,28.9,37.0,141
2024-01-04 04:00:00,16.8,92,948.4,4.6,0.0,116.6,76.1,847.0,24.3,27.1,40.0,142
2024-01-04 05:00:00,17.8,86,948.9,3.0,0.0,124.8,81.5,1037.0,38.8,35.4,30.0,144
2024-01-04 06:00:00,17.7,90,949.8,2.3,0.0,126.7,82.7,1088.0,39.8,34.4,33.0,146
2024-01-04 07:00:00,15.9,97,950.3,4.0,0.0,130.9,85.9,1149.0,40.7,32.8,38.0,149
2024-01-04 08:00:00,18.6,86,951.6,1.1,0.0,132.7,87.3,1122.0,37.8,30.0,51.0,151
2024-01-04 09:00:00,21.4,73,952.8,4.7,0.0,103.8,67.3,924.0,27.4,24.8,81.0,152
2024-01-04 10:00:00,24.3,60,953.0,5.4,0.0,84.8,53.9,639.0,13.3,18.5,120.0,153
2024-01-04 11:00:00,26.4,51,952.1,2.6,0.0,79.6,50.1,419.0,2.9,13.4,147.0,153
2024-01-04 12:00:00,27.9,41,950.7,3.1,0.0,72.2,45.3,333.0,0.0,10.9,154.0,153
2024-01-04 13:00:00,29.1,36,949.4,3.7,0.0,62.2,39.2,312.0,0.7,9.6,150.0,154
2024-01-04 14:00:00,29.8,33,948.4,4.5,0.0,55.2,34.8,303.0,2.0,8.9,144.0,154
2024-01-04 15:00:00,30.0,27,947.8,8.6,0.0,50.8,32.1,283.0,2.3,8.1,141.0,154
2024-01-04 16:00:00,29.3,22,947.6,13.0,0.0,47.7,30.3,275.0,3.0,7.8,136.0,154
2024-01-04 17:00:00,27.5,26,948.0,12.6,0.0,37.5,24.0,298.0,6.0,10.3,135.0,154
2024-01-04 18:00:00,24.4,33,948.1,11.5,0.0,44.0,28.8,352.0,10.5,13.2,124.0,154
2024-01-04 19:00:00,22.0,43,949.1,8.2,0.0,49.7,32.8,430.0,16.9,17.3,109.0,153
2024-01-04 20:00:00,21.0,48,949.8,7.6,0.0,56.0,37.1,504.0,22.3,21.3,95.0,153
2024-01-04 21:00:00,19.3,54,949.8,7.9,0.0,61.7,41.1,570.0,25.9,25.0,84.0,152
2024-01-04 22:00:00,20.1,51,950.0,5.5,0.0,68.0,45.4,633.0,28.6,28.5,75.0,151
2024-01-04 23:00:00,19.1,55,949.8,6.0,0.0,75.9,50.8,683.0,30.5,30.9,67.0,151
2024-01-05 00:00:00,16.9,66,948.9,8.6,0.0,80.6,53.9,717.0,31.7,31.5,59.0,150
2024-01-05 01:00:00,17.8,62,949.1,3.6,0.0,82.9,55.4,738.0,32.1,31.0,53.0,148
2024-01-05 02:00:00,17.2,65,948.5,1.0,0.0,83.1,55.4,746.0,31.4,30.2,48.0,146
2024-01-05 03:00:00,15.3,75,947.6,4.7,0.0,81.7,54.6,725.0,28.3,29.4,46.0,143
2024-01-05 04:00:00,16.7,68,948.1,2.5,0.0,80.1,53.3,690.0,24.0,28.5,45.0,141
2024-01-05 05:00:00,13.9,84,948.1,4.0,0.0,77.5,51.7,763.0,25.7,29.1,42.0,139
2024-01-05 06:00:00,14.9,92,949.4,5.1,0.0,78.7,52.3,849.0,29.9,30.2,40.0,136
2024-01-05 07:00:00,14.5,95,950.0,3.4,0.0,83.8,55.9,959.0,35.3,31.5,38.0,132
2024-01-05 08:00:00,17.1,83,951.3,3.5,0.0,92.4,61.7,981.0,36.0,31.1,46.0,129
2024-01-05 09:00:00,20.6,67,952.6,3.1,0.0,76.6,50.3,828.0,27.3,27.6,74.0,127
2024-01-05 10:00:00,23.5,54,952.8,4.6,0.0,60.8,39.2,586.0,14.0,22.4,112.0,125
2024-01-05 11:00:00,25.8,46,952.0,3.5,0.0,59.4,38.1,401.0,4.0,17.8,141.0,123
2024-01-05 12:00:00,27.3,43,950.9,1.0,0.0,58.0,37.0,337.0,1.0,14.6,152.0,122
2024-01-05 13:00:00,28.5,39,949.6,4.0,0.0,56.2,35.9,330.0,1.3,11.9,154.0,121
2024-01-05 14:00:00,29.2,36,948.7,4.0,0.0,52.2,33.4,328.0,2.3,10.0,152.0,121
2024-01-05 15:00:00,29.6,32,948.2,5.8,0.0,47.3,30.3,302.0,2.3,8.7,148.0,121
2024-01-05 16:00:00,29.2,28,948.2,11.4,0.0,43.4,27.8,282.0,3.1,8.0,140.0,120
2024-01-05 17:00:00,27.6,28,948.7,13.2,0.0,68.7,43.9,328.0,6.0,9.0,132.0,120
2024-01-05 18:00:00,24.2,53,949.3,4.9,0.0,77.1,49.9,440.0,16.6,11.4,112.0,122
2024-01-05 19:00:00,23.2,59,950.4,4.6,0.0,86.8,57.0,596.0,31.2,14.8,84.0,125
2024-01-05 20:00:00,21.5,62,950.8,7.0,0.0,89.4,59.1,723.0,41.8,18.2,61.0,127
2024-01-05 21:00:00,20.0,62,950.9,6.6,0.0,87.8,58.3,790.0,44.4,21.6,50.0,129
2024-01-05 22:00:00,18.9,63,950.4,6.5,0.0,87.3,58.2,827.0,42.9,25.0,44.0,131
2024-01-05 23:00:00,18.4,63,950.0,5.4,0.0,90.1,60.1,854.0,41.2,27.5,39.0,132
2024-01-06 00:00:00,17.3,69,949.5,7.4,0.0,93.4,62.4,883.0,41.2,29.0,34.0,133
2024-01-06 01:00:00,19.0,60,949.7,4.0,0.0,94.8,63.3,903.0,41.0,29.6,30.0,134
2024-01-06 02:00:00,18.2,64,949.4,2.4,0.0,92.0,61.5,894.0,38.7,28.9,29.0,135
2024-01-06 03:00:00,17.7,67,949.2,3.4,0.0,85.0,56.7,834.0,32.3,26.1,31.0,136
2024-01-06 04:00:00,16.0,76,948.9,6.2,0.0,78.0,51.9,746.0,23.8,22.0,35.0,136
2024-01-06 05:00:00,16.2,75,949.7,4.7,0.0,69.4,45.8,578.0,13.7,15.3,47.0,136
2024-01-06 06:00:00,17.3,80,949.3,5.9,0.0,73.1,48.1,587.0,14.4,13.7,45.0,135
2024-01-06 07:00:00,16.8,84,949.8,2.5,0.0,82.0,53.6,596.0,15.1,11.6,44.0,135
2024-01-06 08:00:00,19.7,71,951.2,0.4,0.0,88.5,57.4,581.0,14.5,9.9,49.0,135
2024-01-06 09:00:00,22.7,61,952.5,3.5,0.0,82.0,52.6,520.0,11.1,9.2,67.0,134
2024-01-06 10:00:00,25.2,55,952.7,10.0,0.0,67.5,43.1,435.0,6.4,9.0,92.0,134
2024-01-06 11:00:00,26.8,53,951.8,10.2,0.0,57.6,36.7,366.0,2.8,8.7,112.0,135
2024-01-06 12:00:00,27.8,47,950.6,4.9,0.0,50.8,32.1,331.0,1.5,7.9,122.0,135
2024-01-06 13:00:00,28.5,41,949.5,2.7,0.0,48.1,30.6,312.0,1.5,6.9,128.0,134
2024-01-06 14:00:00,29.1,37,948.7,4.0,0.0,45.2,28.8,302.0,2.0,6.2,130.0,134
2024-01-06 15:00:00,29.2,36,948.5,4.5,0.0,42.8,27.4,286.0,1.9,5.5,131.0,133
2024-01-06 16:00:00,29.1,36,948.3,5.1,0.0,41.3,26.4,277.0,2.4,5.1,128.0,133
2024-01-06 17:00:00,28.1,39,948.6,6.6,0.0,70.8,44.9,330.0,5.5,5.8,122.0,133
2024-01-06 18:00:00,24.6,50,950.0,4.5,0.0,80.8,52.5,446.0,17.9,8.7,101.0,133
2024-01-06 19:00:00,21.6,61,950.4,7.4,0.0,85.2,55.8,606.0,34.8,12.7,71.0,133
2024-01-06 20:00:00,21.5,62,951.0,7.9,0.0,88.2,57.9,718.0,45.7,15.4,50.0,133
2024-01-06 21:00:00,20.8,65,951.6,7.1,0.0,88.0,57.6,744.0,45.6,15.9,44.0,133
2024-01-06 22:00:00,21.2,65,951.8,6.4,0.0,92.0,60.1,722.0,39.6,15.1,47.0,133
2024-01-06 23:00:00,20.8,67,951.4,2.9,0.0,85.9,56.1,677.0,32.7,13.6,50.0,133
2024-01-07 00:00:00,18.3,80,950.4,8.6,0.0,76.1,49.7,602.0,25.8,11.1,53.0,132
2024-01-07 01:00:00,18.5,80,950.0,7.6,0.0,66.1,43.1,503.0,18.0,7.8,58.0,131
2024-01-07 02:00:00,19.5,76,949.5,5.4,0.0,60.5,39.2,425.0,11.9,5.4,61.0,129
2024-01-07 03:00:00,19.1,78,949.2,3.2,0.0,57.7,37.3,382.0,8.6,4.6,61.0,127
2024-01-07 04:00:00,18.9,80,949.5,1.8,0.0,56.2,36.2,360.0,6.9,4.7,60.0,125
2024-01-07 05:00:00,18.0,85,950.0,4.0,0.0,41.7,27.2,430.0,11.4,6.7,42.0,123
2024-01-07 06:00:00,17.2,83,950.6,5.0,0.0,38.9,25.4,438.0,12.2,7.4,41.0,121
2024-01-07 07:00:00,17.9,80,951.4,4.5,0.0,37.0,24.4,446.0,13.2,8.3,41.0,119
2024-01-07 08:00:00,19.5,74,952.4,6.8,0.0,36.6,24.2,437.0,12.9,8.8,47.0,116
2024-01-07 09:00:00,22.6,61,953.4,9.1,0.0,32.6,21.2,394.0,10.0,8.6,65.0,112
2024-01-07 10:00:00,25.8,49,953.4,11.6,0.0,29.9,19.2,332.0,5.7,8.1,90.0,109
2024-01-07 11:00:00,27.8,45,952.6,13.0,0.0,27.3,17.2,283.0,2.5,7.3,109.0,106
2024-01-07 12:00:00,28.9,41,951.5,12.4,0.0,25.0,15.7,257.0,1.4,6.1,117.0,104
2024-01-07 13:00:00,29.5,37,950.3,11.4,0.0,23.5,14.6,244.0,1.3,4.6,118.0,103
2024-01-07 14:00:00,29.0,38,949.3,12.4,0.2,24.8,15.5,237.0,1.7,3.6,118.0,101
2024-01-07 15:00:00,28.8,41,948.9,10.4,0.5,25.6,16.0,227.0,1.7,3.0,118.0,100
2024-01-07 16:00:00,28.5,41,948.8,9.4,0.1,27.1,16.9,224.0,2.2,2.9,117.0,99
2024-01-07 17:00:00,27.7,46,948.8,3.8,0.0,45.4,28.5,257.0,4.9,3.5,108.0,98
2024-01-07 18:00:00,24.7,55,949.2,10.7,0.0,47.1,30.0,344.0,14.0,6.2,93.0,97
2024-01-07 19:00:00,23.3,59,949.7,6.3,0.0,52.0,33.6,465.0,26.3,9.9,73.0,95
2024-01-07 20:00:00,22.4,63,950.2,7.5,0.0,54.0,35.3,554.0,34.6,12.6,58.0,93
2024-01-07 21:00:00,22.2,65,950.8,5.1,0.0,53.4,35.0,589.0,35.4,13.5,55.0,92
2024-01-07 22:00:00,20.3,73,950.9,6.3,0.0,50.6,33.4,592.0,32.0,13.3,58.0,90
2024-01-07 23:00:00,21.5,67,951.1,2.6,0.0,45.4,29.9,569.0,27.3,12.5,62.0,88
2024-01-08 00:00:00,19.4,76,950.4,5.9,0.0,39.0,25.7,505.0,21.0,10.7,68.0,86
2024-01-08 01:00:00,18.6,79,949.9,6.5,0.0,33.6,22.1,414.0,13.4,8.2,75.0,84
2024-01-08 02:00:00,18.0,80,949.4,6.2,0.0,30.2,19.7,346.0,7.6,6.6,80.0,82
2024-01-08 03:00:00,17.9,78,949.5,6.6,0.0,30.0,19.6,320.0,5.0,6.5,79.0,81
2024-01-08 04:00:00,17.8,75,949.9,7.6,0.0,31.2,20.4,317.0,4.2,7.1,75.0,79
2024-01-08 05:00:00,17.4,73,950.1,6.5,0.0,32.0,20.9,337.0,5.2,7.7,64.0,78
2024-01-08 06:00:00,18.2,68,950.9,8.7,0.0,33.2,21.5,362.0,7.1,8.5,58.0,77
2024-01-08 07:00:00,18.0,70,951.6,10.1,0.0,35.2,22.8,394.0,9.6,9.7,50.0,77
2024-01-08 08:00:00,20.2,64,952.9,10.2,0.0,37.4,24.2,407.0,10.6,10.3,51.0,77
2024-01-08 09:00:00,22.8,58,953.8,12.4,0.0,38.9,24.7,384.0,8.6,10.0,68.0,77
2024-01-08 10:00:00,24.9,54,954.0,14.3,0.0,37.4,23.3,342.0,5.1,9.2,94.0,77
2024-01-08 11:00:00,26.6,50,953.1,15.4,0.0,33.8,21.0,305.0,2.4,8.2,114.0,78
2024-01-08 12:00:00,27.9,47,951.8,15.3,0.0,30.7,19.2,280.0,1.4,7.1,121.0,78
2024-01-08 13:00:00,28.9,43,951.0,14.5,0.0,28.7,18.0,260.0,1.3,5.9,122.0,78
2024-01-08 14:00:00,29.5,40,950.0,13.7,0.0,27.2,17.2,247.0,1.6,5.0,121.0,78
2024-01-08 15:00:00,29.7,38,949.4,12.7,0.1,26.5,16.8,238.0,1.9,4.5,121.0,79
2024-01-08 16:00:00,29.4,37,949.2,12.1,0.1,26.0,16.5,237.0,2.6,4.3,119.0,79
2024-01-08 17:00:00,28.4,40,949.4,9.1,0.0,47.5,30.0,276.0,5.6,4.9,117.0,79
2024-01-08 18:00:00,26.2,38,949.9,13.6,0.0,49.6,31.8,323.0,10.2,6.1,104.0,79
2024-01-08 19:00:00,25.1,42,950.9,8.4,0.0,51.8,33.5,388.0,16.5,7.7,86.0,79
2024-01-08 20:00:00,23.7,49,951.3,5.6,0.0,51.9,33.8,439.0,21.0,9.1,72.0,79
2024-01-08 21:00:00,24.0,53,952.1,9.0,0.0,51.7,33.8,467.0,22.2,10.1,65.0,79
2024-01-08 22:00:00,23.6,59,952.3,10.9,0.0,51.3,33.6,481.0,21.6,10.7,62.0,79
2024-01-08 23:00:00,22.8,62,951.8,7.2,0.0,49.2,32.4,478.0,19.9,10.7,60.0,79
2024-01-09 00:00:00,20.9,72,951.0,5.2,0.0,46.7,30.6,449.0,16.8,9.4,59.0,79
2024-01-09 01:00:00,20.5,75,950.6,5.2,0.0,44.2,28.9,403.0,12.6,7.5,59.0,79
2024-01-09 02:00:00,20.4,75,950.3,4.1,0.0,43.3,28.2,364.0,9.3,6.0,59.0,80
2024-01-09 03:00:00,19.2,81,949.6,6.6,0.0,43.2,28.2,338.0,7.4,5.4,59.0,80
2024-01-09 04:00:00,19.9,76,949.9,6.2,0.0,47.6,31.0,318.0,6.3,5.3,60.0,81
2024-01-09 05:00:00,18.7,81,949.9,6.3,0.0,37.6,24.6,313.0,6.0,6.8,57.0,82
2024-01-09 06:00:00,20.9,71,950.9,9.9,0.0,39.0,25.4,345.0,8.7,7.8,51.0,82
2024-01-09 07:00:00,20.3,75,951.4,6.9,0.0,41.3,27.1,387.0,12.3,9.0,44.0,83
2024-01-09 08:00:00,22.1,70,952.5,7.5,0.0,42.1,27.7,404.0,13.8,9.5,43.0,83
2024-01-09 09:00:00,23.8,66,953.4,10.7,0.0,36.2,23.7,373.0,11.3,8.6,55.0,83
2024-01-09 10:00:00,24.8,65,953.6,13.7,0.0,28.6,18.6,318.0,6.7,6.9,74.0,83
2024-01-09 11:00:00,25.6,62,953.0,15.8,0.0,22.9,14.8,271.0,3.1,5.3,89.0,83
2024-01-09 12:00:00,26.7,58,951.9,16.3,0.0,19.6,12.6,245.0,1.8,4.2,95.0,82
2024-01-09 13:00:00,28.2,53,950.9,16.1,0.0,19.3,12.4,227.0,1.5,3.2,97.0,82
2024-01-09 14:00:00,27.7,54,950.3,14.5,0.1,18.6,12.0,217.0,1.7,2.5,96.0,81
2024-01-09 15:00:00,27.4,54,950.0,10.5,0.0,16.5,10.7,212.0,2.1,2.1,93.0,81
2024-01-09 16:00:00,28.0,49,949.9,8.6,0.0,16.9,11.0,215.0,3.0,2.0,88.0,80
2024-01-09 17:00:00,27.5,48,950.1,9.9,0.0,18.6,12.2,221.0,4.0,2.3,79.0,80
2024-01-09 18:00:00,20.3,82,951.5,9.4,0.1,21.2,14.0,245.0,5.8,3.1,75.0,79
2024-01-09 19:00:00,19.5,86,952.3,9.5,0.0,24.2,15.9,279.0,8.2,4.2,70.0,77
2024-01-09 20:00:00,19.2,90,952.9,9.1,0.1,27.3,18.0,309.0,9.9,5.2,65.0,76
2024-01-09 21:00:00,18.6,94,953.2,3.6,0.1,29.5,19.4,330.0,10.4,5.9,62.0,74
2024-01-09 22:00:00,18.1,97,953.0,4.5,0.2,31.8,21.0,346.0,10.2,6.5,61.0,73
2024-01-09 23:00:00,18.7,93,952.6,5.2,0.4,32.9,21.7,356.0,9.8,6.8,59.0,72
2024-01-10 00:00:00,18.1,97,952.2,3.6,0.0,33.1,21.8,356.0,9.1,6.6,56.0,72
2024-01-10 01:00:00,17.8,98,951.7,2.5,0.0,33.1,21.8,350.0,8.1,6.2,54.0,71
2024-01-10 02:00:00,18.3,94,951.4,3.3,0.0,32.2,21.4,344.0,7.3,5.9,52.0,70
2024-01-10 03:00:00,17.7,96,950.7,4.0,0.0,32.0,21.4,338.0,6.7,6.0,52.0,70
2024-01-10 04:00:00,18.0,96,950.5,3.4,0.0,32.0,21.3,332.0,6.2,6.2,53.0,69
2024-01-10 05:00:00,17.9,98,950.6,3.7,0.0,32.4,21.4,354.0,8.5,7.1,51.0,68
2024-01-10 06:00:00,16.7,97,951.3,7.1,0.0,33.1,21.9,378.0,10.5,7.6,49.0,68
2024-01-10 07:00:00,17.2,96,952.0,5.0,0.0,36.4,24.2,410.0,13.0,8.2,48.0,68
2024-01-10 08:00:00,18.5,87,953.1,5.6,0.0,39.6,26.1,426.0,13.8,8.4,51.0,68
2024-01-10 09:00:00,20.6,74,954.0,6.9,0.0,43.3,28.1,411.0,11.1,7.9,65.0,68
2024-01-10 10:00:00,22.8,65,954.2,8.1,0.0,49.6,32.0,379.0,6.7,6.9,84.0,68
2024-01-10 11:00:00,25.0,61,953.3,9.7,0.0,47.3,30.5,350.0,3.3,6.0,98.0,69
2024-01-10 12:00:00,26.9,57,952.2,9.4,0.0,42.6,27.6,328.0,2.3,5.1,103.0,70
2024-01-10 13:00:00,28.0,53,950.9,9.8,0.0,36.9,23.9,308.0,2.3,4.2,103.0,71
2024-01-10 14:00:00,28.4,51,950.1,7.9,0.0,32.5,21.1,294.0,2.7,3.6,102.0,72
2024-01-10 15:00:00,27.2,53,949.6,7.3,0.4,33.9,22.1,285.0,2.9,3.3,100.0,73
2024-01-10 16:00:00,24.1,75,949.9,6.9,1.0,32.8,21.4,281.0,3.5,3.4,97.0,74
2024-01-10 17:00:00,21.5,90,950.6,9.0,1.6,53.8,35.0,323.0,7.6,4.2,88.0,75
2024-01-10 18:00:00,19.9,97,950.8,4.5,0.1,61.5,40.4,393.0,14.9,5.7,73.0,76
2024-01-10 19:00:00,19.4,98,951.7,4.4,0.0,62.9,41.7,488.0,24.8,7.8,53.0,79
2024-01-10 20:00:00,19.7,97,952.5,4.1,0.0,61.2,41.0,548.0,30.6,9.1,40.0,81
2024-01-10 21:00:00,19.7,96,952.8,4.3,0.0,58.4,39.3,543.0,28.7,9.1,40.0,82
2024-01-10 22:00:00,19.8,96,952.9,3.4,0.0,54.4,36.4,504.0,22.8,8.3,46.0,84
2024-01-10 23:00:00,18.6,99,952.4,3.8,0.0,48.0,32.1,459.0,17.1,7.4,52.0,85
2024-01-11 00:00:00,19.1,100,952.4,2.3,0.0,41.0,27.3,413.0,12.8,6.3,57.0,86
2024-01-11 01:00:00,18.7,100,952.0,2.3,0.0,36.6,24.3,361.0,8.9,5.0,61.0,86
2024-01-11 02:00:00,18.3,100,951.6,2.2,0.0,34.3,22.8,324.0,6.2,4.2,64.0,87
2024-01-11 03:00:00,17.9,100,951.2,3.1,0.0,34.5,22.8,308.0,5.2,4.1,63.0,87
2024-01-11 04:00:00,18.0,100,951.0,1.8,0.0,35.0,23.2,307.0,5.6,4.5,60.0,87
2024-01-11 05:00:00,18.1,99,951.5,4.8,0.0,34.1,22.6,329.0,6.7,5.2,56.0,87
2024-01-11 06:00:00,16.9,99,951.6,5.8,0.0,35.3,23.5,365.0,9.6,5.9,51.0,87
2024-01-11 07:00:00,17.1,99,952.4,5.1,0.0,38.0,25.3,414.0,13.4,6.8,44.0,87
2024-01-11 08:00:00,19.0,94,953.8,3.2,0.0,40.3,27.0,440.0,14.9,7.5,46.0,87
2024-01-11 09:00:00,21.4,81,955.0,5.5,0.0,42.4,28.1,423.0,12.0,7.7,64.0,87
2024-01-11 10:00:00,23.9,68,955.2,5.4,0.0,43.2,28.2,384.0,6.9,7.7,91.0,87
2024-01-11 11:00:00,26.2,60,954.4,5.8,0.0,44.5,28.9,348.0,3.0,7.4,111.0,87
2024-01-11 12:00:00,27.8,53,953.3,6.2,0.0,42.7,27.8,322.0,1.6,6.7,120.0,87
2024-01-11 13:00:00,28.6,49,952.1,4.9,0.0,39.0,25.4,300.0,1.3,5.7,122.0,87
2024-01-11 14:00:00,28.7,48,951.1,5.1,0.0,35.9,23.3,288.0,1.9,5.0,121.0,87
2024-01-11 15:00:00,28.5,49,950.8,7.0,0.0,34.1,22.2,284.0,3.0,4.6,117.0,87
2024-01-11 16:00:00,28.0,50,950.7,7.8,0.0,34.1,22.2,290.0,4.9,4.5,111.0,87
2024-01-11 17:00:00,26.5,59,950.9,7.4,0.0,28.6,18.8,291.0,6.5,4.2,104.0,87
2024-01-11 18:00:00,23.7,57,949.8,10.4,0.0,33.9,22.6,338.0,11.2,5.2,92.0,86
2024-01-11 19:00:00,25.8,44,950.9,1.5,0.0,34.8,23.3,403.0,17.8,6.5,75.0,85
2024-01-11 20:00:00,25.4,47,951.7,3.9,0.0,35.7,24.0,460.0,22.7,7.8,62.0,83
2024-01-11 21:00:00,24.1,52,952.2,5.1,0.0,36.9,24.9,502.0,24.9,8.9,55.0,82
2024-01-11 22:00:00,19.8,71,951.5,8.5,0.0,38.4,26.0,535.0,25.4,10.0,51.0,81
2024-01-11 23:00:00,18.9,77,951.1,6.5,0.0,39.2,26.6,550.0,24.7,10.3,48.0,80
2024-01-12 00:00:00,18.5,78,950.4,6.1,0.0,38.1,25.8,538.0,22.1,9.4,47.0,79
2024-01-12 01:00:00,20.8,66,950.8,3.4,0.0,36.4,24.7,509.0,18.2,7.9,48.0,79
2024-01-12 02:00:00,20.1,68,950.3,3.6,0.0,35.3,23.9,483.0,14.9,6.7,49.0,79
2024-01-12 03:00:00,20.0,67,950.4,3.1,0.0,34.6,23.3,462.0,12.5,6.3,49.0,79
2024-01-12 04:00:00,19.6,67,950.4,4.4,0.0,34.3,23.2,444.0,10.6,6.2,48.0,80
2024-01-12 05:00:00,17.6,78,950.3,5.8,0.0,37.8,25.7,536.0,16.5,8.4,40.0,80
2024-01-12 06:00:00,19.0,90,951.5,6.5,0.0,39.1,26.5,569.0,17.9,8.7,39.0,80
2024-01-12 07:00:00,17.7,94,951.9,7.1,0.0,43.0,29.2,610.0,19.6,9.1,38.0,80
2024-01-12 08:00:00,20.0,89,953.3,3.9,0.0,45.8,31.1,614.0,19.2,9.3,45.0,80
2024-01-12 09:00:00,22.1,80,954.1,5.1,0.0,43.3,29.3,546.0,14.6,9.3,68.0,81
2024-01-12 10:00:00,24.3,70,954.6,6.2,0.0,40.7,27.4,440.0,7.9,9.1,100.0,81
2024-01-12 11:00:00,26.2,63,954.1,7.2,0.0,35.2,23.2,354.0,2.9,8.6,123.0,81
2024-01-12 12:00:00,27.9,53,953.0,8.8,0.0,32.8,21.7,309.0,1.1,7.4,130.0,80
2024-01-12 13:00:00,28.9,43,952.1,9.5,0.0,29.3,19.3,284.0,1.0,5.8,129.0,80
2024-01-12 14:00:00,29.3,40,951.4,9.3,0.0,27.1,17.8,272.0,1.8,4.7,125.0,79
2024-01-12 15:00:00,29.2,39,951.0,9.0,0.0,26.3,17.2,265.0,2.7,4.2,122.0,79
2024-01-12 16:00:00,28.6,41,950.9,9.5,0.0,26.3,17.2,270.0,4.3,4.1,116.0,78
2024-01-12 17:00:00,26.7,50,950.9,9.2,0.0,35.9,23.7,311.0,8.8,4.8,113.0,78
2024-01-12 18:00:00,22.9,51,949.9,11.6,0.0,46.6,31.3,403.0,18.3,6.7,94.0,78
2024-01-12 19:00:00,23.0,47,950.6,7.1,0.0,50.3,34.0,531.0,31.3,9.4,69.0,79
2024-01-12 20:00:00,21.8,48,951.1,9.2,0.0,51.2,34.7,633.0,40.2,11.8,50.0,80
2024-01-12 21:00:00,24.2,43,952.2,7.4,0.0,51.7,35.0,683.0,41.0,13.5,45.0,81
2024-01-12 22:00:00,19.1,62,951.9,10.4,0.0,53.0,35.9,706.0,37.8,14.8,47.0,82
2024-01-12 23:00:00,18.9,62,951.8,4.7,0.0,54.0,36.7,717.0,35.2,15.6,48.0,82
2024-01-13 00:00:00,19.8,61,951.6,5.9,0.0,53.2,36.1,717.0,35.4,15.7,46.0,83
2024-01-13 01:00:00,18.5,64,950.8,7.3,0.0,52.4,35.5,706.0,36.3,15.2,43.0,84
2024-01-13 02:00:00,17.7,66,950.6,7.3,0.0,52.2,35.3,692.0,36.0,14.6,41.0,85
2024-01-13 03:00:00,20.2,54,950.5,5.5,0.0,52.3,35.3,672.0,33.2,14.0,39.0,86
2024-01-13 04:00:00,19.4,59,950.6,3.8,0.0,52.4,35.4,650.0,29.3,13.2,38.0,87
2024-01-13 05:00:00,19.0,62,950.9,2.6,0.0,51.2,34.5,660.0,29.0,14.4,36.0,88
2024-01-13 06:00:00,19.5,64,952.0,5.4,0.0,53.6,35.9,753.0,33.5,15.9,34.0,88
2024-01-13 07:00:00,19.0,66,952.5,1.1,0.0,59.8,40.2,872.0,39.1,17.9,33.0,89
2024-01-13 08:00:00,19.2,70,953.3,5.4,0.0,69.6,46.9,902.0,39.5,18.3,42.0,90
2024-01-13 09:00:00,21.5,65,954.3,4.3,0.0,66.8,44.7,756.0,29.3,15.6,72.0,91
2024-01-13 10:00:00,24.2,58,954.8,3.7,0.0,51.2,33.8,521.0,13.9,11.4,112.0,92
2024-01-13 11:00:00,26.8,49,954.5,4.8,0.0,43.1,28.3,340.0,2.5,8.0,141.0,93
2024-01-13 12:00:00,28.7,39,953.9,5.9,0.0,38.5,25.3,279.0,0.0,6.6,149.0,93
2024-01-13 13:00:00,29.4,32,952.7,4.4,0.0,33.8,22.2,271.0,0.4,6.1,146.0,94
2024-01-13 14:00:00,29.7,32,952.1,3.3,0.0,28.9,19.1,267.0,1.9,5.7,138.0,94
2024-01-13 15:00:00,29.7,33,951.4,3.5,0.0,23.3,15.4,240.0,2.2,4.8,127.0,94
2024-01-13 16:00:00,29.3,34,951.3,2.6,0.0,17.6,11.7,216.0,3.0,4.1,112.0,94
2024-01-13 17:00:00,27.3,46,951.0,5.9,0.0,16.4,11.0,230.0,6.0,4.5,98.0,93
2024-01-13 18:00:00,27.3,38,951.8,5.8,0.0,18.6,12.7,286.0,12.8,6.3,81.0,92
2024-01-13 19:00:00,21.9,49,951.6,11.2,0.0,21.7,15.0,366.0,22.3,8.8,57.0,91
2024-01-13 20:00:00,24.4,37,953.0,5.9,0.0,25.7,17.8,443.0,30.3,11.5,38.0,89
2024-01-13 21:00:00,22.9,43,953.4,1.8,0.0,29.5,20.4,513.0,35.4,14.5,27.0,88
2024-01-13 22:00:00,21.8,47,953.1,2.3,0.0,33.4,23.1,579.0,39.1,17.7,21.0,87
2024-01-13 23:00:00,20.8,51,952.5,3.5,0.0,36.4,25.2,626.0,41.1,19.8,17.0,86
2024-01-14 00:00:00,22.4,44,952.5,1.8,0.0,36.9,25.5,643.0,41.1,19.9,15.0,85
2024-01-14 01:00:00,21.5,48,951.8,1.1,0.0,36.3,25.0,640.0,39.5,18.9,15.0,84
2024-01-14 02:00:00,20.1,54,951.3,2.4,0.0,35.3,24.3,630.0,37.1,17.9,16.0,83
2024-01-14 03:00:00,17.7,65,950.9,4.7,0.0,34.3,23.5,603.0,33.0,17.0,19.0,82
2024-01-14 04:00:00,17.8,64,950.9,3.4,0.0,33.5,22.9,569.0,28.2,16.1,22.0,82
2024-01-14 05:00:00,17.2,68,951.2,2.8,0.0,32.6,22.2,604.0,27.6,16.0,22.0,81
2024-01-14 06:00:00,16.7,80,952.3,4.1,0.0,34.0,23.2,701.0,31.2,17.2,22.0,80
2024-01-14 07:00:00,17.2,80,952.9,2.6,0.0,40.3,27.5,827.0,35.7,18.7,24.0,79
2024-01-14 08:00:00,20.8,65,954.2,1.8,0.0,50.5,34.7,859.0,35.6,18.7,34.0,78
2024-01-14 09:00:00,23.2,62,955.0,1.9,0.0,44.4,30.2,707.0,26.4,15.9,61.0,77
2024-01-14 10:00:00,25.7,57,955.5,3.3,0.0,32.1,21.6,461.0,12.6,11.7,97.0,75
2024-01-14 11:00:00,27.9,44,954.7,3.5,0.0,23.3,15.6,272.0,2.4,8.3,121.0,75
2024-01-14 12:00:00,29.0,37,953.8,4.3,0.0,18.0,12.0,206.0,0.0,6.6,124.0,74
2024-01-14 13:00:00,29.4,36,952.5,4.6,0.0,16.0,10.7,195.0,0.6,5.8,115.0,72
2024-01-14 14:00:00,29.6,35,951.4,4.0,0.0,14.7,9.7,193.0,1.8,5.4,107.0,72
2024-01-14 15:00:00,29.9,35,950.8,2.4,0.0,13.6,9.0,179.0,2.1,5.2,104.0,71
2024-01-14 16:00:00,29.7,34,950.5,7.3,0.0,13.2,8.8,173.0,2.7,5.4,101.0,70
2024-01-14 17:00:00,27.5,40,950.9,13.8,0.0,27.8,18.1,193.0,4.7,5.8,94.0,70
2024-01-14 18:00:00,25.4,39,951.2,14.5,0.0,31.4,20.8,218.0,7.4,7.4,87.0,71
2024-01-14 19:00:00,23.8,42,951.8,11.3,0.0,32.5,21.6,255.0,11.3,9.6,76.0,71
2024-01-14 20:00:00,22.5,43,952.3,9.0,0.0,32.1,21.4,295.0,15.1,11.5,65.0,72
2024-01-14 21:00:00,20.3,50,952.8,8.4,0.0,32.4,21.7,342.0,18.6,12.9,54.0,72
2024-01-14 22:00:00,22.3,42,953.4,3.3,0.0,34.1,22.9,393.0,22.0,14.0,43.0,72
2024-01-14 23:00:00,20.2,51,952.7,4.1,0.0,35.6,24.0,433.0,24.5,14.7,34.0,72
2024-01-15 00:00:00,21.7,44,952.3,2.2,0.0,35.5,24.0,456.0,25.9,14.7,28.0,72
2024-01-15 01:00:00,17.1,62,951.2,9.0,0.0,34.8,23.6,468.0,26.5,14.3,25.0,72
2024-01-15 02:00:00,16.7,65,950.6,8.0,0.0,34.3,23.2,475.0,26.5,13.9,23.0,72
2024-01-15 03:00:00,16.8,63,950.4,6.6,0.0,33.9,22.9,469.0,25.5,13.7,22.0,72
2024-01-15 04:00:00,18.4,54,950.8,4.4,0.0,33.6,22.7,458.0,23.8,13.6,22.0,72
2024-01-15 05:00:00,17.8,56,951.1,1.9,0.0,35.0,23.6,507.0,25.7,16.3,21.0,72
2024-01-15 06:00:00,16.8,65,951.6,1.9,0.0,36.8,24.9,624.0,30.6,18.9,20.0,72
2024-01-15 07:00:00,14.1,79,951.5,7.6,0.0,43.2,29.3,778.0,37.0,22.2,21.0,72
2024-01-15 08:00:00,18.4,65,952.8,5.2,0.0,53.0,36.3,830.0,38.1,23.1,29.0,72
2024-01-15 09:00:00,21.6,55,953.8,0.8,0.0,33.4,22.6,682.0,29.0,19.3,52.0,72
2024-01-15 10:00:00,23.6,48,954.2,2.4,0.0,25.0,16.9,433.0,14.7,13.1,83.0,72
2024-01-15 11:00:00,25.4,38,953.6,3.8,0.0,20.8,14.1,245.0,4.0,8.3,108.0,71
2024-01-15 12:00:00,26.8,30,952.4,5.5,0.0,17.5,11.8,190.0,0.9,6.5,120.0,71
2024-01-15 13:00:00,27.8,27,951.2,6.4,0.0,15.1,10.2,195.0,1.4,6.1,125.0,71
2024-01-15 14:00:00,28.3,27,950.2,7.6,0.0,13.8,9.3,206.0,2.4,6.3,127.0,71
2024-01-15 15:00:00,28.4,26,949.7,10.1,0.0,12.9,8.7,198.0,2.4,6.7,129.0,71
2024-01-15 16:00:00,27.6,27,949.6,12.7,0.0,12.7,8.6,195.0,3.0,7.7,129.0,71
2024-01-15 17:00:00,25.2,33,949.8,13.4,0.0,8.9,6.2,211.0,5.7,10.3,126.0,71
2024-01-15 18:00:00,22.6,32,949.6,10.0,0.0,17.4,12.2,269.0,11.5,13.1,113.0,70
2024-01-15 19:00:00,21.1,37,950.4,12.0,0.0,23.4,16.4,350.0,19.5,17.0,95.0,74
2024-01-15 20:00:00,19.8,48,951.1,10.8,0.0,29.1,20.4,428.0,26.4,20.7,79.0,72
2024-01-15 21:00:00,18.5,56,951.6,9.4,0.0,34.7,24.3,497.0,31.0,24.0,67.0,69
2024-01-15 22:00:00,17.1,62,951.4,7.0,0.0,40.6,28.4,561.0,34.3,27.0,58.0,69
2024-01-15 23:00:00,15.8,69,950.6,6.5,0.0,46.0,32.0,609.0,36.2,29.2,50.0,70
2024-01-16 00:00:00,15.4,71,949.8,5.4,0.0,49.2,34.2,631.0,36.2,29.9,45.0,70
2024-01-16 01:00:00,14.6,75,949.0,6.4,0.0,51.9,36.0,636.0,34.8,29.8,41.0,71
2024-01-16 02:00:00,15.8,69,948.6,5.5,0.0,54.0,37.4,637.0,33.1,29.6,39.0,72
2024-01-16 03:00:00,16.0,69,948.1,3.9,0.0,55.1,38.0,631.0,30.9,29.8,37.0,73
2024-01-16 04:00:00,14.7,76,947.9,2.6,0.0,55.2,38.0,621.0,28.3,29.9,36.0,74
2024-01-16 05:00:00,14.3,78,948.0,1.5,0.0,57.9,39.7,639.0,26.8,30.4,36.0,75
2024-01-16 06:00:00,12.4,89,948.7,3.6,0.0,59.5,40.9,738.0,31.7,32.3,35.0,77
2024-01-16 07:00:00,12.1,91,949.2,4.7,0.0,65.0,44.7,866.0,38.0,34.5,35.0,78
2024-01-16 08:00:00,15.3,78,950.6,1.8,0.0,72.2,49.8,895.0,38.9,33.9,45.0,79
2024-01-16 09:00:00,18.9,63,951.9,1.8,0.0,44.9,31.0,727.0,29.3,27.7,73.0,80
2024-01-16 10:00:00,22.0,51,952.3,3.4,0.0,28.8,19.8,459.0,14.4,18.7,110.0,81
2024-01-16 11:00:00,24.4,44,951.5,4.3,0.0,22.7,15.7,260.0,3.3,11.7,138.0,81
2024-01-16 12:00:00,26.3,41,950.5,4.1,0.0,20.1,13.8,206.0,0.2,8.9,149.0,81
2024-01-16 13:00:00,27.8,36,949.4,2.3,0.0,20.0,13.7,221.0,1.0,8.1,151.0,81
2024-01-16 14:00:00,28.9,32,948.4,1.8,0.0,19.4,13.2,239.0,2.2,7.9,151.0,82
2024-01-16 15:00:00,29.5,28,947.7,5.0,0.0,19.2,13.1,234.0,2.2,7.7,151.0,82
2024-01-16 16:00:00,28.7,29,947.6,11.8,0.0,19.0,12.9,233.0,2.7,8.2,149.0,82
2024-01-16 17:00:00,26.4,36,947.6,13.2,0.0,11.4,7.9,261.0,5.1,11.0,150.0,95
2024-01-16 18:00:00,23.7,35,947.4,9.9,0.0,19.8,13.8,318.0,10.3,14.5,135.0,111
2024-01-16 19:00:00,21.8,42,948.3,10.5,0.0,26.5,18.5,398.0,17.4,19.5,115.0,116
2024-01-16 20:00:00,20.1,53,948.9,10.8,0.0,33.3,23.1,468.0,22.6,24.1,99.0,111
2024-01-16 21:00:00,18.9,60,949.2,8.4,0.0,39.2,27.2,520.0,24.3,27.9,93.0,101
2024-01-16 22:00:00,17.7,67,949.3,5.7,0.0,44.9,31.1,563.0,24.2,31.4,91.0,88
2024-01-16 23:00:00,17.0,72,948.9,6.0,0.0,48.7,33.6,590.0,23.0,34.0,91.0,84
2024-01-17 00:00:00,16.6,75,948.3,7.0,0.0,48.5,33.3,592.0,20.5,35.4,92.0,84
2024-01-17 01:00:00,16.0,79,947.5,6.3,0.0,48.4,33.1,578.0,16.9,36.0,94.0,84
2024-01-17 02:00:00,15.3,84,946.9,6.6,0.0,49.2,33.5,567.0,14.1,36.5,95.0,84
2024-01-17 03:00:00,14.2,88,946.2,6.0,0.0,50.8,34.5,557.0,12.0,37.2,93.0,83
2024-01-17 04:00:00,16.4,75,946.5,3.3,0.0,52.7,35.7,551.0,10.7,37.9,90.0,83
2024-01-17 05:00:00,16.1,76,946.9,2.9,0.0,48.3,32.8,529.0,11.3,35.4,93.0,83
2024-01-17 06:00:00,13.2,91,947.0,5.9,0.0,50.2,34.1,585.0,16.4,36.6,87.0,82
2024-01-17 07:00:00,13.4,88,947.8,5.6,0.0,56.9,38.6,656.0,23.0,38.1,81.0,82
2024-01-17 08:00:00,17.4,72,949.2,3.5,0.0,62.4,42.6,674.0,25.7,37.3,84.0,81
2024-01-17 09:00:00,20.7,59,950.3,2.3,0.0,45.1,30.2,586.0,20.4,32.3,108.0,81
2024-01-17 10:00:00,23.5,48,950.6,3.3,0.0,38.5,25.4,443.0,11.0,25.1,142.0,81
2024-01-17 11:00:00,25.8,42,950.1,4.2,0.0,36.1,23.6,334.0,3.9,18.9,166.0,81
2024-01-17 12:00:00,28.0,36,949.1,6.8,0.0,36.3,23.7,296.0,1.7,14.7,172.0,82
2024-01-17 13:00:00,28.9,33,948.0,13.0,0.0,35.6,23.2,291.0,1.7,11.5,168.0,82
2024-01-17 14:00:00,28.5,35,947.3,15.9,0.0,33.5,21.7,289.0,2.1,9.5,162.0,83
2024-01-17 15:00:00,27.9,36,947.1,16.5,0.0,31.4,20.2,276.0,2.1,8.8,157.0,97
2024-01-17 16:00:00,26.9,38,947.3,16.6,0.0,30.2,19.2,266.0,2.5,9.3,150.0,113
2024-01-17 17:00:00,25.3,42,947.6,14.7,0.0,41.6,26.1,274.0,4.6,12.0,144.0,127
2024-01-17 18:00:00,22.8,46,947.9,13.5,0.0,44.2,27.8,312.0,8.2,14.4,135.0,135
2024-01-17 19:00:00,21.0,55,948.7,13.0,0.0,48.2,30.5,367.0,13.2,17.7,122.0,133
2024-01-17 20:00:00,19.5,65,949.6,10.8,0.0,53.8,34.3,420.0,17.2,20.7,110.0,124
2024-01-17 21:00:00,18.3,73,950.1,9.4,0.0,60.5,39.0,469.0,19.3,23.1,102.0,111
2024-01-17 22:00:00,17.2,81,950.1,8.1,0.0,64.5,41.8,516.0,20.4,25.2,95.0,97
2024-01-17 23:00:00,16.2,89,949.6,6.6,0.0,69.2,44.8,550.0,20.6,26.8,90.0,91
2024-01-18 00:00:00,14.8,95,948.8,6.0,0.0,70.3,45.6,561.0,19.7,27.6,87.0,92
2024-01-18 01:00:00,14.0,96,948.3,5.7,0.0,71.2,46.2,558.0,17.9,27.9,84.0,93
2024-01-18 02:00:00,14.6,94,948.0,4.5,0.0,72.2,47.1,557.0,16.3,28.2,82.0,94
2024-01-18 03:00:00,14.8,98,947.9,1.8,0.0,73.6,48.5,553.0,14.5,28.5,79.0,95
2024-01-18 04:00:00,14.3,99,948.0,1.8,0.0,73.8,49.7,550.0,12.9,28.8,76.0,96
2024-01-18 05:00:00,15.0,93,948.7,2.9,0.0,67.8,46.2,532.0,12.7,26.1,78.0,97
2024-01-18 06:00:00,15.1,93,949.6,5.7,0.0,70.8,48.1,600.0,17.6,27.0,72.0,98
2024-01-18 07:00:00,15.6,88,950.4,6.8,0.0,77.5,52.9,688.0,24.1,28.1,64.0,99
2024-01-18 08:00:00,16.1,86,951.2,5.8,0.0,83.6,57.0,709.0,26.4,27.9,66.0,101
2024-01-18 09:00:00,17.9,79,952.1,4.4,0.0,63.1,40.2,598.0,20.6,25.3,88.0,102
2024-01-18 10:00:00,21.1,61,952.6,6.5,0.0,45.5,28.0,420.0,10.7,21.5,120.0,103
2024-01-18 11:00:00,23.2,51,952.0,7.1,0.0,39.9,24.4,285.0,3.3,18.0,144.0,103
2024-01-18 12:00:00,25.0,47,951.1,6.9,0.0,37.6,23.0,244.0,1.1,15.5,153.0,104
2024-01-18 13:00:00,26.7,36,949.8,8.4,0.0,36.4,22.2,246.0,1.4,13.4,153.0,103
2024-01-18 14:00:00,27.4,32,949.0,12.3,0.0,35.5,21.6,253.0,2.0,11.8,151.0,103
2024-01-18 15:00:00,27.0,36,948.5,12.3,0.0,34.7,21.0,243.0,1.7,10.3,148.0,103
2024-01-18 16:00:00,26.4,39,948.5,11.2,0.0,34.3,20.8,238.0,1.8,9.2,142.0,103
2024-01-18 17:00:00,25.0,44,948.7,11.8,0.0,47.8,29.3,273.0,4.3,11.2,146.0,104
2024-01-18 18:00:00,22.3,45,948.7,11.0,0.0,52.6,32.7,328.0,8.7,14.0,134.0,113
2024-01-18 19:00:00,21.1,50,949.4,11.3,0.0,57.3,35.6,406.0,14.8,18.1,117.0,116
2024-01-18 20:00:00,19.4,57,950.1,7.6,0.0,62.9,39.2,479.0,19.9,22.1,103.0,110
2024-01-18 21:00:00,18.4,63,950.7,7.9,0.0,69.6,43.5,542.0,22.9,26.0,94.0,106
2024-01-18 22:00:00,17.3,74,950.8,6.3,0.0,77.1,48.3,599.0,24.9,29.8,88.0,106
2024-01-18 23:00:00,16.4,81,950.2,5.2,0.0,83.6,52.6,642.0,25.8,32.6,83.0,107
2024-01-19 00:00:00,15.3,87,949.5,6.1,0.0,88.0,55.3,663.0,25.4,33.6,78.0,107
2024-01-19 01:00:00,14.8,89,949.0,6.4,0.0,91.5,57.2,669.0,24.0,33.5,73.0,108
2024-01-19 02:00:00,14.5,90,948.6,6.3,0.0,93.6,58.1,670.0,22.3,33.4,70.0,110
2024-01-19 03:00:00,13.9,92,948.1,7.1,0.0,95.9,59.1,657.0,19.5,33.6,69.0,111
2024-01-19 04:00:00,14.8,88,948.5,4.7,0.0,99.4,60.8,639.0,16.5,33.7,68.0,112
2024-01-19 05:00:00,15.0,89,949.0,2.6,0.0,93.8,57.9,627.0,15.1,34.4,73.0,113
2024-01-19 06:00:00,13.0,98,949.3,2.7,0.0,97.1,59.6,740.0,21.8,34.7,65.0,114
2024-01-19 07:00:00,13.2,99,950.1,2.3,0.0,102.7,63.6,885.0,30.5,34.8,55.0,115
2024-01-19 08:00:00,14.7,95,951.1,1.1,0.0,107.8,67.5,928.0,33.8,33.0,56.0,117
2024-01-19 09:00:00,17.7,82,952.3,2.2,0.0,80.6,47.6,766.0,26.1,27.9,81.0,118
2024-01-19 10:00:00,21.4,62,952.9,4.3,0.0,52.3,31.5,501.0,13.0,20.9,117.0,118
2024-01-19 11:00:00,24.1,51,952.2,5.4,0.0,37.3,22.8,298.0,3.1,14.8,142.0,119
2024-01-19 12:00:00,26.1,46,950.9,2.6,0.0,29.2,18.1,233.0,0.3,10.6,145.0,119
2024-01-19 13:00:00,28.1,38,949.8,5.0,0.0,24.5,15.4,230.0,0.8,7.3,137.0,118
2024-01-19 14:00:00,28.6,37,948.6,9.5,0.0,19.8,12.5,233.0,1.6,4.9,128.0,117
2024-01-19 15:00:00,28.8,36,948.2,9.2,0.0,16.2,10.4,216.0,1.3,3.2,122.0,116
2024-01-19 16:00:00,28.4,36,947.9,13.3,0.0,14.3,9.2,205.0,1.4,2.4,115.0,115
2024-01-19 17:00:00,26.8,40,948.4,13.2,0.0,16.1,10.1,210.0,3.5,3.4,106.0,114
2024-01-19 18:00:00,24.1,41,949.0,13.7,0.0,22.6,14.1,250.0,7.9,6.1,97.0,112
2024-01-19 19:00:00,22.4,46,949.8,13.8,0.0,29.6,18.6,306.0,14.0,10.0,86.0,110
2024-01-19 20:00:00,21.0,54,950.3,13.0,0.0,37.4,23.6,362.0,18.9,13.8,76.0,108
2024-01-19 21:00:00,19.8,61,950.4,12.6,0.0,45.1,28.6,417.0,21.9,17.3,70.0,107
2024-01-19 22:00:00,18.9,66,950.4,11.2,0.0,51.9,33.1,471.0,23.8,20.6,67.0,105
2024-01-19 23:00:00,18.2,71,950.1,11.4,0.0,56.8,36.2,505.0,24.1,23.0,66.0,104
2024-01-20 00:00:00,17.8,71,949.7,7.7,0.0,58.6,37.1,506.0,21.9,23.9,68.0,102
2024-01-20 01:00:00,16.9,75,949.4,6.1,0.0,60.1,38.0,486.0,18.0,24.0,73.0,100
2024-01-20 02:00:00,16.4,76,948.7,5.8,0.0,59.8,37.6,469.0,14.6,24.2,77.0,99
2024-01-20 03:00:00,15.7,77,948.0,6.0,0.0,59.6,37.4,453.0,11.8,24.8,80.0,97
2024-01-20 04:00:00,16.0,73,947.9,6.9,0.0,60.3,37.8,439.0,9.5,25.5,82.0,95
2024-01-20 05:00:00,16.1,73,948.3,8.0,0.0,47.4,29.7,368.0,9.9,16.6,71.0,93
2024-01-20 06:00:00,17.3,86,950.0,8.8,0.0,49.5,31.2,418.0,14.0,18.6,68.0,91
2024-01-20 07:00:00,17.0,88,950.9,8.6,0.0,54.2,34.6,484.0,19.4,21.3,64.0,89
2024-01-20 08:00:00,19.3,79,952.3,8.8,0.0,60.1,38.5,508.0,21.4,21.9,69.0,87
2024-01-20 09:00:00,22.2,68,953.3,9.7,0.0,52.0,32.2,450.0,16.8,18.7,90.0,84
2024-01-20 10:00:00,24.6,55,953.7,10.8,0.0,38.5,23.8,349.0,8.8,13.6,119.0,83
2024-01-20 11:00:00,26.6,47,953.2,12.8,0.0,31.4,19.6,270.0,2.7,9.2,138.0,83
2024-01-20 12:00:00,27.9,41,952.2,14.8,0.0,25.7,16.2,237.0,0.9,6.5,137.0,82
2024-01-20 13:00:00,28.6,38,951.2,15.8,0.0,21.7,13.7,225.0,1.0,4.5,126.0,82
2024-01-20 14:00:00,28.8,37,950.5,17.3,0.0,20.0,12.6,220.0,1.4,3.4,117.0,82
2024-01-20 15:00:00,28.6,38,950.0,16.5,0.0,19.6,12.3,212.0,1.1,2.9,114.0,82
2024-01-20 16:00:00,27.6,42,950.0,16.7,0.0,20.8,13.1,210.0,1.2,3.2,112.0,82
2024-01-20 17:00:00,26.3,46,950.4,13.0,0.0,20.8,13.2,246.0,3.3,5.0,107.0,83
2024-01-20 18:00:00,23.4,46,950.4,9.1,0.0,27.9,17.9,311.0,8.7,8.6,100.0,83
2024-01-20 19:00:00,21.6,52,950.8,8.0,0.0,38.4,25.1,405.0,16.3,13.7,90.0,83
2024-01-20 20:00:00,19.9,58,951.4,6.2,0.0,48.8,32.1,499.0,23.1,18.4,80.0,84
2024-01-20 21:00:00,18.6,65,951.8,6.0,0.0,58.1,38.6,594.0,28.5,22.3,70.0,84
2024-01-20 22:00:00,17.7,70,951.7,6.0,0.0,66.4,44.4,691.0,33.0,25.9,60.0,85
2024-01-20 23:00:00,17.0,75,951.5,6.0,0.0,73.1,48.9,759.0,35.3,28.5,53.0,86
2024-01-21 00:00:00,16.3,79,950.8,6.3,0.0,77.5,51.9,783.0,34.1,29.7,52.0,87
2024-01-21 01:00:00,16.7,78,950.5,5.1,0.0,81.3,54.2,778.0,30.6,29.8,55.0,88
2024-01-21 02:00:00,17.1,76,950.2,3.5,0.0,84.1,56.0,767.0,27.0,29.5,57.0,89
2024-01-21 03:00:00,16.3,81,949.8,1.5,0.0,85.7,57.0,752.0,23.7,28.9,57.0,91
2024-01-21 04:00:00,16.1,82,949.7,2.2,0.0,86.6,57.5,730.0,20.3,27.7,57.0,92
2024-01-21 05:00:00,15.9,81,949.9,2.2,0.0,81.3,54.0,780.0,22.1,31.1,52.0,94
2024-01-21 06:00:00,16.1,77,951.2,2.8,0.0,82.0,54.5,839.0,25.1,30.0,50.0,96
2024-01-21 07:00:00,16.1,77,952.0,2.4,0.0,86.8,58.0,913.0,28.9,28.3,49.0,98
2024-01-21 08:00:00,17.2,73,953.1,2.6,0.0,90.3,60.5,912.0,29.0,25.7,56.0,99
2024-01-21 09:00:00,19.3,64,954.0,6.3,0.0,75.9,49.8,763.0,21.7,21.4,79.0,102
2024-01-21 10:00:00,21.6,56,954.2,8.0,0.0,63.1,41.0,540.0,10.8,16.2,111.0,103
2024-01-21 11:00:00,23.9,49,953.7,10.0,0.0,51.8,33.6,368.0,2.7,11.9,134.0,105
2024-01-21 12:00:00,25.6,44,952.8,10.6,0.0,43.8,28.3,307.0,0.4,9.4,142.0,107
2024-01-21 13:00:00,26.7,41,951.5,8.8,0.0,38.4,25.0,297.0,1.0,7.9,141.0,108
2024-01-21 14:00:00,27.7,39,950.5,6.2,0.0,33.1,21.5,292.0,1.9,6.7,138.0,109
2024-01-21 15:00:00,28.4,37,949.8,5.4,0.0,28.5,18.6,265.0,1.4,5.4,135.0,110
2024-01-21 16:00:00,28.5,36,949.5,6.0,0.0,23.3,15.3,242.0,1.2,4.5,128.0,111
2024-01-21 17:00:00,27.1,41,949.8,7.5,0.0,29.5,19.2,274.0,4.1,5.2,127.0,111
2024-01-21 18:00:00,22.7,59,950.0,8.4,0.0,34.6,22.9,334.0,10.7,6.8,108.0,112
2024-01-21 19:00:00,23.4,54,951.0,5.0,0.0,40.2,26.8,418.0,19.8,9.1,82.0,112
2024-01-21 20:00:00,21.0,62,951.0,4.5,0.0,43.0,28.7,484.0,26.4,12.0,64.0,112
2024-01-21 21:00:00,20.6,61,951.7,6.1,0.0,45.2,30.2,512.0,27.9,15.9,61.0,112
2024-01-21 22:00:00,19.4,66,951.7,6.6,0.0,50.4,33.6,522.0,26.9,20.4,65.0,111
2024-01-21 23:00:00,18.2,73,951.5,5.4,0.0,55.6,37.1,532.0,25.7,23.5,67.0,110
2024-01-22 00:00:00,17.6,77,951.1,6.4,0.0,58.6,39.0,551.0,25.4,24.5,64.0,109
2024-01-22 01:00:00,18.6,72,951.1,4.3,0.0,62.2,41.4,570.0,24.9,24.1,59.0,107
2024-01-22 02:00:00,16.2,85,950.4,7.0,0.0,64.3,42.8,581.0,23.6,23.3,56.0,106
2024-01-22 03:00:00,17.4,78,950.6,2.8,0.0,66.1,44.0,573.0,20.4,22.0,55.0,105
2024-01-22 04:00:00,17.2,77,950.4,3.6,0.0,66.1,44.0,556.0,16.2,20.1,56.0,103
2024-01-22 05:00:00,15.4,84,950.2,7.2,0.0,65.4,43.7,571.0,15.1,17.9,53.0,102
2024-01-22 06:00:00,13.7,86,950.7,9.4,0.0,65.7,43.7,595.0,16.3,17.0,52.0,101
2024-01-22 07:00:00,15.4,76,951.8,6.4,0.0,68.0,44.9,625.0,17.8,15.7,53.0,100
2024-01-22 08:00:00,17.3,69,953.1,3.3,0.0,68.9,45.4,625.0,17.4,14.2,60.0,99
2024-01-22 09:00:00,19.7,60,954.3,5.3,0.0,65.2,42.4,572.0,13.3,12.7,82.0,98
2024-01-22 10:00:00,22.3,53,954.3,7.5,0.0,65.0,42.1,489.0,7.4,11.0,110.0,97
2024-01-22 11:00:00,24.9,47,953.7,7.7,0.0,59.1,38.5,414.0,2.9,9.4,131.0,97
2024-01-22 12:00:00,27.4,40,952.6,6.0,0.0,44.6,29.2,358.0,1.5,7.8,137.0,97
2024-01-22 13:00:00,29.1,32,951.4,6.0,0.0,34.0,22.4,308.0,1.5,6.2,135.0,97
2024-01-22 14:00:00,29.7,32,950.6,10.6,0.0,25.8,17.1,268.0,1.9,5.0,131.0,97
2024-01-22 15:00:00,29.9,29,950.2,12.3,0.0,19.0,12.5,232.0,1.8,3.9,125.0,97
2024-01-22 16:00:00,29.0,29,950.5,16.1,0.0,15.0,9.7,205.0,2.1,3.2,115.0,96
2024-01-22 17:00:00,27.5,37,950.9,13.7,0.0,28.6,18.1,214.0,3.7,4.5,110.0,96
2024-01-22 18:00:00,24.4,46,951.2,14.9,0.0,35.2,22.5,265.0,7.2,7.8,107.0,96
2024-01-22 19:00:00,22.2,57,951.8,10.9,0.0,43.7,28.1,338.0,12.2,12.4,103.0,96
2024-01-22 20:00:00,20.8,62,952.5,8.3,0.0,53.1,34.5,409.0,16.3,16.8,98.0,96
2024-01-22 21:00:00,19.5,69,952.8,6.9,0.0,60.8,39.7,476.0,19.1,20.6,93.0,96
2024-01-22 22:00:00,18.3,78,952.8,6.2,0.0,68.0,44.6,541.0,21.1,24.1,89.0,97
2024-01-22 23:00:00,17.2,87,952.4,6.0,0.0,74.0,48.7,589.0,21.9,26.8,85.0,98
2024-01-23 00:00:00,16.4,91,951.8,5.8,0.0,77.3,50.9,610.0,20.9,28.3,83.0,99
2024-01-23 01:00:00,15.6,92,951.4,5.0,0.0,80.8,53.2,614.0,18.6,28.9,82.0,100
2024-01-23 02:00:00,15.6,89,951.1,5.0,0.0,85.0,56.0,617.0,16.7,29.5,80.0,101
2024-01-23 03:00:00,16.2,86,950.8,2.7,0.0,87.8,57.7,621.0,15.1,30.5,77.0,102
2024-01-23 04:00:00,15.7,88,950.7,1.5,0.0,88.5,58.3,623.0,13.9,31.4,75.0,104
2024-01-23 05:00:00,15.4,87,950.7,2.6,0.0,87.3,58.3,650.0,15.0,30.8,68.0,105
2024-01-23 06:00:00,15.4,83,951.5,2.6,0.0,88.9,59.8,729.0,20.2,31.5,63.0,107
2024-01-23 07:00:00,15.5,79,952.2,3.4,0.0,93.1,63.1,830.0,27.1,32.2,58.0,109
2024-01-23 08:00:00,16.9,71,953.2,3.4,0.0,96.9,65.4,853.0,29.3,30.5,62.0,111
2024-01-23 09:00:00,19.1,59,954.1,5.0,0.0,76.4,49.0,722.0,22.3,24.3,84.0,113
2024-01-23 10:00:00,21.5,50,954.2,6.0,0.0,70.5,44.7,512.0,10.7,15.8,116.0,113
2024-01-23 11:00:00,23.9,40,953.8,7.8,0.0,61.7,39.0,351.0,2.1,9.3,140.0,114
2024-01-23 12:00:00,25.4,34,952.9,6.7,0.0,54.1,34.2,295.0,0.0,6.9,148.0,114
2024-01-23 13:00:00,26.4,29,951.7,4.7,0.0,48.9,31.0,289.0,0.8,6.7,148.0,114
2024-01-23 14:00:00,27.1,27,950.8,3.5,0.0,46.2,29.3,290.0,1.9,6.8,147.0,115
2024-01-23 15:00:00,27.4,26,950.2,3.3,0.0,44.9,28.5,277.0,1.5,6.8,152.0,116
2024-01-23 16:00:00,27.3,25,949.9,5.4,0.0,44.7,28.5,272.0,1.4,7.2,156.0,118
2024-01-23 17:00:00,26.1,31,949.9,4.6,0.0,37.6,24.5,309.0,4.6,8.0,154.0,120
2024-01-23 18:00:00,23.9,34,949.5,5.0,0.0,44.0,29.2,406.0,14.4,9.9,128.0,121
2024-01-23 19:00:00,20.1,45,949.6,10.3,0.0,48.9,32.7,542.0,28.0,12.6,93.0,121
2024-01-23 20:00:00,19.0,48,950.3,11.0,0.0,52.2,35.0,655.0,38.3,15.2,64.0,122
2024-01-23 21:00:00,17.5,52,950.7,7.6,0.0,55.1,37.1,728.0,42.6,17.9,49.0,122
2024-01-23 22:00:00,16.5,56,950.9,6.9,0.0,57.3,38.8,779.0,43.7,20.6,41.0,122
2024-01-23 23:00:00,17.0,54,951.0,5.0,0.0,58.8,39.8,798.0,42.6,22.0,37.0,121
2024-01-24 00:00:00,18.3,48,951.4,5.2,0.0,57.0,38.5,775.0,39.2,21.2,37.0,120
2024-01-24 01:00:00,17.9,49,951.1,7.0,0.0,52.4,35.4,720.0,33.7,19.0,42.0,119
2024-01-24 02:00:00,17.2,51,950.8,7.3,0.0,46.8,31.5,658.0,27.9,16.7,47.0,117
2024-01-24 03:00:00,15.3,59,950.3,7.5,0.0,41.4,27.8,586.0,21.5,14.3,54.0,114
2024-01-24 04:00:00,15.0,60,950.5,6.2,0.0,37.1,24.9,507.0,14.9,11.6,62.0,111
2024-01-24 05:00:00,14.7,60,950.5,6.2,0.0,45.6,30.7,652.0,22.9,15.5,39.0,108
2024-01-24 06:00:00,14.2,66,951.3,6.4,0.0,43.5,29.3,690.0,24.8,14.8,38.0,105
2024-01-24 07:00:00,14.5,65,952.4,5.9,0.0,45.3,30.6,736.0,27.0,13.8,39.0,102
2024-01-24 08:00:00,16.0,59,953.6,4.3,0.0,47.8,32.5,727.0,26.2,12.5,48.0,99
2024-01-24 09:00:00,18.2,47,954.7,5.8,0.0,35.4,23.3,611.0,19.4,10.7,75.0,96
2024-01-24 10:00:00,20.5,40,954.9,6.4,0.0,34.3,22.5,441.0,9.5,8.6,111.0,94
2024-01-24 11:00:00,23.0,35,954.4,8.6,0.0,34.2,22.4,312.0,2.3,7.0,137.0,92
2024-01-24 12:00:00,24.9,32,953.4,10.5,0.0,33.5,21.9,268.0,0.3,6.2,145.0,91
2024-01-24 13:00:00,26.1,30,952.2,9.3,0.0,31.8,20.8,265.0,0.8,5.9,144.0,90
2024-01-24 14:00:00,26.8,29,951.1,7.8,0.0,29.8,19.6,266.0,1.7,5.7,142.0,89
2024-01-24 15:00:00,27.0,27,950.7,6.8,0.0,28.5,18.6,252.0,1.4,5.4,143.0,89
2024-01-24 16:00:00,26.9,25,950.4,7.2,0.0,27.9,18.3,243.0,1.4,5.2,142.0,88
2024-01-24 17:00:00,25.7,28,950.3,7.2,0.0,33.9,22.1,272.0,4.1,5.6,142.0,88
2024-01-24 18:00:00,21.7,32,949.7,8.4,0.0,39.0,26.0,355.0,12.4,7.3,122.0,102
2024-01-24 19:00:00,20.3,39,950.0,9.7,0.0,43.2,29.0,470.0,23.6,9.7,94.0,104
2024-01-24 20:00:00,18.9,47,950.7,10.1,0.0,44.1,29.8,549.0,30.8,11.3,73.0,95
2024-01-24 21:00:00,17.6,51,951.5,8.7,0.0,43.4,29.3,563.0,30.3,11.6,65.0,86
2024-01-24 22:00:00,17.9,48,952.1,7.2,0.0,41.6,28.1,543.0,25.8,11.2,64.0,85
2024-01-24 23:00:00,17.0,49,951.9,6.4,0.0,38.0,25.8,511.0,21.2,10.4,64.0,84
2024-01-25 00:00:00,15.6,53,951.8,7.6,0.0,33.3,22.7,469.0,17.3,9.1,64.0,83
2024-01-25 01:00:00,14.6,57,951.6,8.0,0.0,29.8,20.3,415.0,13.3,7.5,66.0,82
2024-01-25 02:00:00,13.5,62,950.8,9.0,0.0,27.5,18.7,373.0,10.2,6.3,67.0,81
2024-01-25 03:00:00,14.7,57,951.0,6.8,0.0,26.0,17.7,346.0,8.3,5.9,67.0,80
2024-01-25 04:00:00,15.0,55,951.4,4.0,0.0,24.9,17.0,330.0,7.3,6.0,66.0,79
2024-01-25 05:00:00,14.6,57,951.8,1.3,0.0,25.4,17.3,351.0,8.7,6.4,61.0,78
2024-01-25 06:00:00,14.3,77,952.6,0.8,0.0,25.7,17.6,407.0,12.8,7.1,55.0,77
2024-01-25 07:00:00,14.0,79,953.4,1.3,0.0,29.0,20.0,480.0,18.3,8.1,48.0,76
2024-01-25 08:00:00,15.4,73,954.7,1.5,0.0,32.6,22.5,513.0,20.4,8.9,51.0,76
2024-01-25 09:00:00,18.3,59,955.8,3.8,0.0,24.9,16.9,465.0,16.0,9.3,74.0,75
2024-01-25 10:00:00,20.9,47,956.4,7.6,0.0,27.6,18.6,377.0,8.4,9.5,107.0,74
2024-01-25 11:00:00,23.4,38,956.1,10.4,0.0,35.6,23.5,310.0,2.6,9.5,133.0,74
2024-01-25 12:00:00,25.2,34,955.2,10.9,0.0,41.1,26.8,290.0,1.0,9.3,144.0,74
2024-01-25 13:00:00,26.5,32,953.9,9.5,0.0,42.1,27.4,292.0,1.2,9.0,148.0,74
2024-01-25 14:00:00,27.3,30,952.9,8.0,0.0,41.9,27.1,295.0,1.8,8.8,150.0,75
2024-01-25 15:00:00,27.4,30,952.2,8.4,0.0,41.6,26.9,284.0,1.4,8.6,152.0,76
2024-01-25 16:00:00,27.1,29,952.0,8.4,0.0,41.1,26.6,276.0,1.4,8.5,152.0,76
2024-01-25 17:00:00,25.9,31,952.3,7.8,0.0,37.1,24.2,303.0,4.3,8.9,154.0,92
2024-01-25 18:00:00,22.5,28,951.7,7.4,0.0,42.4,28.1,392.0,13.4,10.6,132.0,109
2024-01-25 19:00:00,20.5,34,952.0,7.8,0.0,47.6,31.9,516.0,25.8,12.9,100.0,114
2024-01-25 20:00:00,19.1,39,952.4,9.2,0.0,49.4,33.2,612.0,34.5,14.8,77.0,107
2024-01-25 21:00:00,18.3,40,952.7,10.7,0.0,49.6,33.3,656.0,36.2,16.0,69.0,93
2024-01-25 22:00:00,21.9,27,953.7,5.4,0.0,50.8,34.1,673.0,34.2,16.8,68.0,78
2024-01-25 23:00:00,17.2,42,953.0,7.3,0.0,51.5,34.6,670.0,31.2,16.8,68.0,78
2024-01-26 00:00:00,16.5,50,952.9,7.2,0.0,49.2,33.2,646.0,27.7,15.7,67.0,79
2024-01-26 01:00:00,17.6,45,952.9,3.3,0.0,46.2,31.1,602.0,23.2,13.9,67.0,80
2024-01-26 02:00:00,17.6,45,952.4,1.5,0.0,43.2,29.0,555.0,18.9,12.3,67.0,81
2024-01-26 03:00:00,17.1,47,951.8,2.5,0.0,40.6,27.3,499.0,14.4,11.0,69.0,82
2024-01-26 04:00:00,16.6,48,951.8,1.9,0.0,39.5,26.4,439.0,10.0,9.9,71.0,82
2024-01-26 05:00:00,16.1,51,952.1,1.6,0.0,40.4,27.0,458.0,10.2,10.3,66.0,83
2024-01-26 06:00:00,15.1,54,953.2,1.6,0.0,42.3,28.2,515.0,14.8,11.2,58.0,84
2024-01-26 07:00:00,13.0,66,953.8,3.1,0.0,47.4,31.7,591.0,20.8,12.4,49.0,85
2024-01-26 08:00:00,16.0,56,955.5,2.5,0.0,54.8,36.7,625.0,23.1,13.2,52.0,86
2024-01-26 09:00:00,19.3,47,957.0,2.5,0.0,62.9,41.1,577.0,18.2,13.4,78.0,87
2024-01-26 10:00:00,22.7,42,957.4,4.6,0.0,78.9,51.0,487.0,9.6,13.2,116.0,89
2024-01-26 11:00:00,25.6,39,956.9,7.0,0.0,84.8,54.2,413.0,3.1,12.7,145.0,91
2024-01-26 12:00:00,27.7,38,955.9,8.0,0.0,80.6,51.1,377.0,1.2,11.8,157.0,94
2024-01-26 13:00:00,29.0,35,954.6,7.7,0.0,73.3,46.4,356.0,1.4,10.5,160.0,96
2024-01-26 14:00:00,29.6,34,953.5,7.8,0.0,67.5,42.7,343.0,2.0,9.6,161.0,97
2024-01-26 15:00:00,29.9,33,952.8,7.6,0.0,64.3,40.5,325.0,1.5,9.0,164.0,98
2024-01-26 16:00:00,29.5,33,952.6,8.7,0.0,63.1,39.7,315.0,1.4,8.8,164.0,99
2024-01-26 17:00:00,28.3,35,952.9,10.8,0.0,74.5,46.7,334.0,4.7,9.1,159.0,110
2024-01-26 18:00:00,23.0,34,953.2,8.5,0.0,83.4,53.7,436.0,15.0,11.3,134.0,127
2024-01-26 19:00:00,20.6,39,953.2,10.1,0.0,87.3,56.8,578.0,29.2,14.4,99.0,131
2024-01-26 20:00:00,19.4,40,953.6,11.3,0.0,89.9,58.7,699.0,40.0,17.1,71.0,121
2024-01-26 21:00:00,23.0,29,955.1,6.2,0.0,92.0,60.3,776.0,44.1,19.2,58.0,111
2024-01-26 22:00:00,18.0,43,954.5,5.9,0.0,94.1,61.7,831.0,44.6,20.9,53.0,114
2024-01-26 23:00:00,18.0,45,954.5,7.4,0.0,94.3,62.2,869.0,44.0,21.6,48.0,116
2024-01-27 00:00:00,16.3,53,953.5,8.9,0.0,91.5,60.5,893.0,42.8,20.8,40.0,119
2024-01-27 01:00:00,19.5,43,954.2,5.4,0.0,85.2,56.6,901.0,40.3,18.9,32.0,122
2024-01-27 02:00:00,16.8,53,953.6,6.2,0.0,78.9,52.3,890.0,37.0,17.3,28.0,125
2024-01-27 03:00:00,18.9,44,953.3,5.5,0.0,73.6,48.8,848.0,32.0,16.1,30.0,127
2024-01-27 04:00:00,16.5,52,953.0,7.7,0.0,69.8,46.0,787.0,26.1,15.1,35.0,129
2024-01-27 05:00:00,16.5,53,953.1,7.3,0.0,73.8,48.0,694.0,19.5,13.3,44.0,132
2024-01-27 06:00:00,18.0,44,954.1,3.9,0.0,75.7,48.9,739.0,23.2,14.1,43.0,134
2024-01-27 07:00:00,17.8,46,954.7,3.2,0.0,81.7,53.0,797.0,28.0,15.0,42.0,136
2024-01-27 08:00:00,18.8,49,955.7,1.4,0.0,90.8,59.0,799.0,28.9,15.4,51.0,138
2024-01-27 09:00:00,21.7,43,956.8,3.7,0.0,98.7,63.3,696.0,22.0,14.7,78.0,140
2024-01-27 10:00:00,24.5,40,957.5,6.9,0.0,100.4,64.5,537.0,11.2,13.3,114.0,143
2024-01-27 11:00:00,26.8,39,957.0,7.9,0.0,85.4,54.6,411.0,3.1,11.8,141.0,144
2024-01-27 12:00:00,28.5,37,955.9,9.5,0.0,72.9,46.2,353.0,0.7,10.1,151.0,144
2024-01-27 13:00:00,29.5,34,954.8,9.2,0.0,69.8,44.4,326.0,1.0,8.3,152.0,144
2024-01-27 14:00:00,29.9,31,953.8,10.2,0.0,65.9,41.8,310.0,1.8,7.0,151.0,143
2024-01-27 15:00:00,29.8,29,953.0,10.9,0.0,61.9,39.3,286.0,1.2,6.1,151.0,143
2024-01-27 16:00:00,29.4,27,952.7,11.5,0.0,56.8,35.9,272.0,0.9,5.7,149.0,143
2024-01-27 17:00:00,28.3,27,952.7,10.5,0.0,69.4,43.9,300.0,5.0,5.9,143.0,143
2024-01-27 18:00:00,25.4,25,952.9,8.8,0.0,79.4,51.6,402.0,16.0,8.2,120.0,143
2024-01-27 19:00:00,22.5,31,953.0,9.7,0.0,84.3,55.2,544.0,31.2,11.5,87.0,142
2024-01-27 20:00:00,22.5,31,953.5,5.9,0.0,86.8,57.2,658.0,42.0,14.5,63.0,142
2024-01-27 21:00:00,20.1,38,953.9,8.3,0.0,87.8,57.9,716.0,44.0,16.8,55.0,142
2024-01-27 22:00:00,19.4,45,954.1,7.8,0.0,88.2,58.3,747.0,41.7,18.7,55.0,142
2024-01-27 23:00:00,18.4,54,953.7,6.1,0.0,88.5,58.6,770.0,40.1,20.0,54.0,141
2024-01-28 00:00:00,18.3,57,953.5,5.7,0.0,86.4,57.0,793.0,41.6,20.3,48.0,141
2024-01-28 01:00:00,17.0,63,952.6,6.4,0.0,84.8,56.1,808.0,43.8,20.0,40.0,141
2024-01-28 02:00:00,18.4,57,952.5,4.4,0.0,85.4,56.5,815.0,44.3,19.3,34.0,141
2024-01-28 03:00:00,18.9,54,951.9,3.0,0.0,85.9,56.7,806.0,41.5,18.2,30.0,141
2024-01-28 04:00:00,18.7,55,951.9,2.2,0.0,84.1,55.5,788.0,37.0,16.7,26.0,142
2024-01-28 05:00:00,17.1,62,951.9,3.6,0.0,74.7,49.1,576.0,16.1,10.0,50.0,143
2024-01-28 06:00:00,15.3,78,952.8,2.9,0.0,75.9,49.9,620.0,18.8,10.5,46.0,143
2024-01-28 07:00:00,15.0,80,953.3,3.0,0.0,78.9,52.2,675.0,22.3,11.1,41.0,143
2024-01-28 08:00:00,18.3,65,954.7,1.0,0.0,82.9,54.9,679.0,22.7,11.0,47.0,143
2024-01-28 09:00:00,21.9,53,956.0,3.9,0.0,82.0,54.0,583.0,17.2,9.4,73.0,143
2024-01-28 10:00:00,25.4,46,956.9,6.6,0.0,76.1,49.9,436.0,8.6,7.1,109.0,142
2024-01-28 11:00:00,27.9,42,956.3,7.4,0.0,65.7,42.3,323.0,2.3,5.3,136.0,140
2024-01-28 12:00:00,29.4,36,955.1,6.3,0.0,61.5,39.5,281.0,0.5,4.5,145.0,139
2024-01-28 13:00:00,30.3,32,953.9,5.5,0.0,59.0,38.0,273.0,1.0,4.1,145.0,138
2024-01-28 14:00:00,30.9,30,952.9,5.6,0.0,57.2,36.8,272.0,1.8,4.0,144.0,137
2024-01-28 15:00:00,31.2,29,952.3,6.1,0.0,55.9,36.0,256.0,1.2,3.7,146.0,137
2024-01-28 16:00:00,30.8,29,952.0,7.8,0.0,54.7,35.4,247.0,1.0,3.6,147.0,137
2024-01-28 17:00:00,29.4,30,952.2,10.1,0.0,69.4,44.8,302.0,5.0,4.9,149.0,137
2024-01-28 18:00:00,26.2,32,952.2,9.2,0.0,78.2,51.6,411.0,15.4,7.3,125.0,137
2024-01-28 19:00:00,25.8,29,953.0,4.8,0.0,83.8,55.8,564.0,29.9,10.8,91.0,137
2024-01-28 20:00:00,23.4,40,954.0,14.5,0.0,88.5,59.1,703.0,41.3,14.4,64.0,137
2024-01-28 21:00:00,22.1,48,954.6,7.6,0.0,92.7,61.9,818.0,47.4,18.4,49.0,137
2024-01-28 22:00:00,21.0,53,954.6,7.2,0.0,99.4,66.8,919.0,50.5,22.5,39.0,137
2024-01-28 23:00:00,20.2,55,954.4,6.4,0.0,102.7,69.2,977.0,50.5,25.1,34.0,138
2024-01-29 00:00:00,19.7,54,953.6,7.8,0.0,100.8,67.5,970.0,46.1,25.2,33.0,139
2024-01-29 01:00:00,17.9,59,952.9,6.7,0.0,98.5,65.7,921.0,38.6,23.9,36.0,140
2024-01-29 02:00:00,17.5,58,952.3,5.8,0.0,95.2,63.3,871.0,32.1,22.8,39.0,141
2024-01-29 03:00:00,17.3,58,951.8,5.6,0.0,91.7,60.8,823.0,27.3,22.5,42.0,142
2024-01-29 04:00:00,17.7,56,951.5,4.3,0.0,88.9,58.6,775.0,23.3,22.5,45.0,143
2024-01-29 05:00:00,17.6,56,951.8,4.0,0.0,99.2,65.2,885.0,28.7,27.0,39.0,143
2024-01-29 06:00:00,15.8,69,952.0,6.6,0.0,99.2,65.2,962.0,33.0,27.6,38.0,145
2024-01-29 07:00:00,15.9,72,952.7,5.6,0.0,103.6,68.2,1058.0,38.5,28.2,38.0,146
2024-01-29 08:00:00,20.0,53,954.3,3.1,0.0,109.7,72.4,1057.0,38.8,26.9,48.0,148
2024-01-29 09:00:00,23.4,43,955.9,2.1,0.0,96.9,62.9,862.0,28.8,21.9,77.0,150
2024-01-29 10:00:00,26.5,34,956.1,3.6,0.0,72.2,46.2,570.0,13.7,15.0,117.0,150
2024-01-29 11:00:00,28.4,30,955.6,4.7,0.0,59.5,38.4,355.0,2.5,9.8,147.0,150
2024-01-29 12:00:00,29.6,29,954.7,2.5,0.0,57.7,37.4,299.0,0.0,7.9,160.0,150
2024-01-29 13:00:00,30.3,28,953.3,2.6,0.0,58.1,37.6,320.0,0.8,7.6,164.0,150
2024-01-29 14:00:00,30.7,28,952.2,3.1,0.0,58.7,38.0,342.0,2.2,7.6,166.0,149
2024-01-29 15:00:00,30.7,27,951.4,2.7,0.0,58.7,38.1,331.0,1.9,7.1,169.0,150
2024-01-29 16:00:00,30.3,28,951.3,4.5,0.0,58.3,37.8,322.0,1.9,6.9,169.0,150
2024-01-29 17:00:00,29.5,28,951.4,5.4,0.0,72.6,46.4,310.0,4.5,7.3,159.0,150
2024-01-29 18:00:00,24.7,41,951.5,8.6,0.0,78.9,51.6,389.0,12.6,9.2,135.0,150
2024-01-29 19:00:00,23.7,41,952.4,6.1,0.0,81.0,53.2,500.0,23.8,12.0,103.0,150
2024-01-29 20:00:00,22.4,44,953.2,8.7,0.0,83.4,54.9,599.0,32.4,14.7,75.0,150
2024-01-29 21:00:00,21.3,45,953.4,6.9,0.0,86.1,56.9,675.0,36.2,17.2,58.0,150
2024-01-29 22:00:00,21.1,46,953.7,5.9,0.0,87.5,58.2,737.0,37.4,19.6,46.0,149
2024-01-29 23:00:00,19.8,51,953.4,6.2,0.0,85.9,57.0,774.0,37.1,21.3,38.0,148
2024-01-30 00:00:00,19.7,52,953.1,3.6,0.0,83.1,55.1,770.0,34.9,21.8,35.0,147
2024-01-30 01:00:00,20.2,50,952.7,2.3,0.0,80.8,53.4,739.0,31.2,21.5,35.0,146
2024-01-30 02:00:00,19.0,54,951.5,3.1,0.0,78.9,52.0,712.0,28.0,21.4,36.0,144
2024-01-30 03:00:00,20.3,49,951.3,2.7,0.0,77.3,51.0,693.0,25.5,21.8,36.0,143
2024-01-30 04:00:00,19.4,52,950.9,1.8,0.0,76.4,50.2,679.0,23.4,22.4,37.0,142
2024-01-30 05:00:00,18.5,56,951.1,1.5,0.0,79.4,52.0,767.0,26.8,22.2,31.0,141
2024-01-30 06:00:00,16.7,66,951.7,3.7,0.0,79.9,52.3,856.0,31.5,23.3,31.0,140
2024-01-30 07:00:00,16.7,67,952.1,1.3,0.0,85.0,55.8,969.0,37.5,24.6,33.0,138
2024-01-30 08:00:00,18.9,60,953.4,0.4,0.0,93.8,61.9,987.0,38.2,24.2,45.0,137
2024-01-30 09:00:00,22.4,46,954.5,4.4,0.0,85.0,54.8,816.0,28.5,20.6,77.0,136
2024-01-30 10:00:00,25.0,39,955.0,7.4,0.0,80.1,50.2,549.0,13.5,15.3,119.0,135
2024-01-30 11:00:00,27.1,34,954.6,7.6,0.0,73.8,46.4,351.0,2.5,11.1,151.0,136
2024-01-30 12:00:00,28.5,32,953.5,6.5,0.0,66.1,42.1,297.0,0.0,9.1,165.0,136
2024-01-30 13:00:00,29.4,31,952.3,3.7,0.0,63.1,40.4,311.0,0.7,8.3,169.0,137
2024-01-30 14:00:00,30.1,30,951.1,2.5,0.0,61.0,39.1,329.0,2.1,8.1,171.0,137
2024-01-30 15:00:00,30.5,29,950.4,4.7,0.0,61.0,39.2,325.0,2.3,8.4,176.0,137
2024-01-30 16:00:00,30.6,28,950.1,7.1,0.0,60.8,39.1,325.0,2.9,9.5,179.0,137
2024-01-30 17:00:00,29.6,28,950.3,13.4,0.0,74.0,47.4,348.0,4.7,10.7,179.0,138
2024-01-30 18:00:00,26.7,31,951.1,11.2,0.0,80.3,51.9,393.0,8.8,13.6,164.0,145
2024-01-30 19:00:00,24.7,35,951.9,10.7,0.0,84.1,54.5,456.0,14.4,17.6,143.0,153
2024-01-30 20:00:00,22.9,43,952.7,8.6,0.0,87.8,57.2,510.0,18.7,21.5,125.0,152
2024-01-30 21:00:00,21.6,49,953.0,7.6,0.0,91.5,59.8,548.0,20.4,25.0,115.0,144
2024-01-30 22:00:00,20.8,52,953.0,7.9,0.0,92.9,60.8,577.0,20.7,28.4,108.0,138
2024-01-30 23:00:00,20.1,54,952.6,7.6,0.0,95.5,62.4,596.0,20.3,30.7,102.0,139
2024-01-31 00:00:00,19.6,55,952.0,8.3,0.0,96.9,63.3,601.0,19.0,31.3,96.0,139
2024-01-31 01:00:00,18.9,57,951.2,7.1,0.0,98.5,64.3,596.0,17.1,30.8,91.0,140
2024-01-31 02:00:00,17.4,63,950.5,7.2,0.0,99.7,65.0,590.0,15.3,30.4,87.0,141
2024-01-31 03:00:00,18.5,59,950.6,3.2,0.0,100.1,65.0,577.0,13.4,30.6,83.0,143
2024-01-31 04:00:00,17.9,62,950.0,2.0,0.0,100.1,64.7,564.0,11.7,30.9,80.0,144
2024-01-31 05:00:00,17.2,64,950.1,2.7,0.0,98.0,63.3,537.0,10.5,33.0,87.0,146
2024-01-31 06:00:00,15.5,77,950.7,5.6,0.0,98.7,63.8,618.0,17.1,34.5,77.0,147
2024-01-31 07:00:00,15.9,74,951.7,3.9,0.0,101.5,65.7,723.0,25.9,36.2,65.0,148
2024-01-31 08:00:00,19.3,60,953.3,4.7,0.0,106.9,69.4,755.0,29.6,35.3,65.0,149
2024-01-31 09:00:00,22.9,48,954.5,2.9,0.0,90.1,57.7,640.0,23.3,29.5,89.0,150
2024-01-31 10:00:00,25.8,36,954.6,1.8,0.0,59.8,37.8,452.0,12.0,21.1,126.0,150
2024-01-31 11:00:00,27.7,30,953.8,2.0,0.0,51.2,32.5,311.0,3.4,14.4,155.0,149
2024-01-31 12:00:00,29.2,28,952.9,3.3,0.0,49.6,31.5,274.0,1.0,11.3,168.0,147
2024-01-31 13:00:00,30.7,26,951.6,5.5,0.0,49.0,31.2,284.0,1.4,9.9,174.0,146
2024-01-31 14:00:00,31.4,25,950.4,12.4,0.0,47.5,30.4,295.0,2.1,9.1,175.0,145
2024-01-31 15:00:00,30.8,24,950.0,18.1,0.0,45.3,29.0,287.0,2.2,8.2,173.0,144
2024-01-31 16:00:00,30.0,26,949.9,16.6,0.0,43.2,27.6,281.0,2.6,7.9,167.0,143
2024-01-31 17:00:00,28.5,29,950.1,16.3,0.0,45.6,29.0,297.0,4.0,8.4,164.0,142
2024-01-31 18:00:00,26.1,32,950.8,14.2,0.0,47.6,30.4,337.0,6.6,13.6,163.0,143
2024-01-31 19:00:00,23.6,44,951.6,16.1,0.0,54.5,34.7,394.0,10.2,20.7,162.0,151
2024-01-31 20:00:00,22.0,49,952.1,13.7,0.0,62.4,39.5,448.0,13.1,26.4,157.0,152
2024-01-31 21:00:00,20.7,53,952.3,11.2,0.0,71.0,44.8,496.0,14.8,29.2,146.0,150
2024-01-31 22:00:00,19.7,55,952.5,9.8,0.0,77.5,49.1,542.0,15.8,30.5,132.0,145
2024-01-31 23:00:00,19.0,56,952.2,8.8,0.0,82.0,51.8,571.0,15.9,30.9,121.0,135
2024-02-01 00:00:00,17.8,58,951.9,5.5,0.0,82.7,51.9,574.0,14.6,30.1,114.0,130
2024-02-01 01:00:00,17.3,60,951.4,4.6,0.0,83.6,52.4,561.0,12.5,28.4,110.0,129
2024-02-01 02:00:00,16.9,60,951.0,5.4,0.0,85.9,53.7,551.0,10.8,27.2,107.0,128
2024-02-01 03:00:00,15.9,63,950.5,4.8,0.0,87.1,54.5,542.0,9.4,26.8,104.0,127
2024-02-01 04:00:00,15.0,67,950.0,6.1,0.0,88.2,55.3,537.0,8.3,26.8,103.0,125
2024-02-01 05:00:00,14.1,73,950.0,6.6,0.0,85.0,54.6,529.0,8.5,27.9,108.0,124
2024-02-01 06:00:00,14.2,77,951.0,5.4,0.0,85.9,56.3,595.0,13.8,29.1,100.0,124
2024-02-01 07:00:00,14.2,77,952.0,5.9,0.0,90.3,59.8,680.0,20.9,30.6,89.0,123
2024-02-01 08:00:00,17.4,62,953.4,5.9,0.0,97.8,64.3,703.0,23.9,30.9,88.0,122
2024-02-01 09:00:00,21.2,48,954.7,5.9,0.0,79.9,47.3,603.0,18.9,29.1,104.0,122
2024-02-01 10:00:00,23.5,39,955.2,5.6,0.0,61.0,34.6,440.0,10.0,26.2,130.0,121
2024-02-01 11:00:00,25.3,33,954.7,5.2,0.0,52.9,30.5,318.0,3.2,23.4,151.0,120
2024-02-01 12:00:00,26.9,28,953.9,6.4,0.0,48.8,28.5,283.0,1.4,21.1,162.0,120
2024-02-01 13:00:00,27.9,26,952.7,7.6,0.0,47.4,28.1,289.0,1.7,19.1,168.0,120
2024-02-01 14:00:00,28.5,27,951.8,11.4,0.0,48.0,28.7,299.0,2.4,17.7,173.0,119
2024-02-01 15:00:00,28.0,31,951.3,16.3,0.0,50.1,30.0,299.0,2.5,17.4,179.0,119
2024-02-01 16:00:00,27.0,35,951.2,15.3,0.0,52.5,31.5,305.0,2.8,17.8,183.0,119
2024-02-01 17:00:00,25.8,39,951.0,13.5,0.0,46.9,28.6,295.0,4.4,18.2,178.0,132
2024-02-01 18:00:00,23.6,39,951.3,11.0,0.0,51.3,31.9,328.0,7.9,18.5,162.0,148
2024-02-01 19:00:00,22.1,42,951.9,11.5,0.0,55.8,35.2,375.0,12.8,19.0,139.0,154
2024-02-01 20:00:00,20.6,53,952.7,11.3,0.0,57.7,36.6,417.0,16.9,19.7,119.0,152
2024-02-01 21:00:00,19.3,66,953.3,9.3,0.0,58.9,37.4,449.0,19.4,21.1,104.0,143
2024-02-01 22:00:00,18.4,71,953.4,8.3,0.0,60.8,38.8,476.0,21.0,22.8,91.0,130
2024-02-01 23:00:00,17.7,75,953.0,7.9,0.0,62.9,39.9,492.0,21.7,23.8,80.0,118
2024-02-02 00:00:00,17.0,78,952.5,6.0,0.0,62.9,39.7,493.0,21.1,23.6,70.0,117
2024-02-02 01:00:00,16.3,82,952.2,4.5,0.0,62.2,39.1,482.0,19.6,22.6,62.0,115
2024-02-02 02:00:00,16.7,79,952.1,4.2,0.0,60.3,38.1,471.0,18.2,21.8,55.0,114
2024-02-02 03:00:00,16.1,81,951.5,3.1,0.0,57.7,36.6,457.0,16.9,21.3,50.0,112
2024-02-02 04:00:00,17.0,76,951.5,1.1,0.0,55.1,34.8,442.0,15.7,20.9,46.0,110
2024-02-02 05:00:00,16.4,79,951.4,2.2,0.0,58.7,37.3,475.0,17.8,22.3,44.0,108
2024-02-02 06:00:00,15.8,74,952.1,4.8,0.0,60.1,38.4,521.0,20.6,22.0,42.0,106
2024-02-02 07:00:00,15.3,77,953.0,2.5,0.0,63.3,40.9,580.0,24.1,21.5,40.0,105
2024-02-02 08:00:00,17.2,69,954.1,2.2,0.0,65.7,41.6,592.0,24.4,20.1,47.0,103
2024-02-02 09:00:00,20.1,58,955.3,4.7,0.0,63.6,34.8,509.0,18.2,17.2,73.0,100
2024-02-02 10:00:00,22.8,48,955.9,7.4,0.0,62.6,33.5,379.0,8.8,13.4,108.0,99
2024-02-02 11:00:00,25.3,39,955.3,10.5,0.0,59.3,32.1,281.0,1.9,10.3,134.0,99
2024-02-02 12:00:00,26.9,33,954.3,9.4,0.0,55.3,30.6,250.0,0.1,8.7,143.0,99
2024-02-02 13:00:00,27.9,29,953.3,6.9,0.0,50.9,28.5,251.0,0.7,7.7,143.0,99
2024-02-02 14:00:00,28.6,26,952.4,6.1,0.0,48.0,27.0,255.0,1.6,7.1,142.0,99
2024-02-02 15:00:00,28.8,23,951.8,7.1,0.0,46.6,26.4,241.0,1.0,6.4,144.0,99
2024-02-02 16:00:00,28.6,22,951.5,8.9,0.0,45.6,26.0,230.0,0.6,6.1,144.0,99
2024-02-02 17:00:00,27.7,23,951.2,10.9,0.0,55.1,31.3,272.0,3.5,6.3,138.0,99
2024-02-02 18:00:00,24.6,38,951.3,6.2,0.0,57.5,34.6,351.0,11.4,7.9,118.0,100
2024-02-02 19:00:00,23.8,41,951.6,7.9,0.0,61.7,38.0,461.0,22.3,10.1,91.0,102
2024-02-02 20:00:00,22.0,46,951.9,7.1,0.0,64.5,39.9,544.0,29.7,11.7,70.0,99
2024-02-02 21:00:00,20.3,52,952.4,8.6,0.0,65.7,40.9,578.0,30.8,12.4,61.0,99
2024-02-02 22:00:00,19.6,54,952.8,8.3,0.0,65.2,40.7,586.0,28.4,12.6,59.0,100
2024-02-02 23:00:00,20.0,53,953.0,8.3,0.0,62.9,39.2,574.0,25.2,12.3,58.0,100
2024-02-03 00:00:00,19.4,55,952.6,8.0,0.0,58.7,36.6,537.0,21.4,11.2,58.0,100
2024-02-03 01:00:00,18.2,59,952.1,8.0,0.0,55.6,34.5,481.0,16.7,9.5,60.0,100
2024-02-03 02:00:00,17.1,64,951.6,8.7,0.0,53.3,32.8,429.0,12.7,8.3,63.0,99
2024-02-03 03:00:00,16.5,67,951.2,8.8,0.0,51.7,31.7,385.0,9.7,7.9,66.0,99
2024-02-03 04:00:00,16.4,69,951.2,7.9,0.0,50.2,30.6,345.0,7.4,7.9,70.0,98
2024-02-03 05:00:00,16.2,71,951.6,7.5,0.0,49.7,30.3,345.0,7.8,8.4,69.0,98
2024-02-03 06:00:00,15.3,74,952.2,8.9,0.0,50.1,30.5,385.0,11.1,9.3,64.0,98
2024-02-03 07:00:00,15.4,75,953.2,8.2,0.0,52.4,32.2,438.0,15.5,10.5,58.0,97
2024-02-03 08:00:00,19.7,58,954.8,6.6,0.0,55.4,34.3,458.0,17.1,11.0,60.0,96
2024-02-03 09:00:00,22.7,48,955.8,8.5,0.0,51.8,30.7,415.0,13.3,10.1,79.0,96
2024-02-03 10:00:00,25.4,40,956.4,12.8,0.0,45.9,27.6,339.0,6.8,8.5,106.0,95
2024-02-03 11:00:00,27.6,34,955.8,14.9,0.0,41.7,25.7,280.0,2.0,7.2,126.0,95
2024-02-03 12:00:00,29.2,31,955.1,14.1,0.0,40.9,25.4,257.0,0.7,6.8,134.0,94
2024-02-03 13:00:00,30.4,28,953.9,11.8,0.0,39.5,24.2,250.0,1.0,6.8,135.0,94
2024-02-03 14:00:00,31.0,26,953.0,10.3,0.0,37.8,22.6,247.0,1.6,6.7,134.0,94
2024-02-03 15:00:00,31.1,24,952.4,10.0,0.0,37.0,21.4,235.0,1.3,6.3,134.0,93
2024-02-03 16:00:00,30.6,23,952.1,9.9,0.0,36.3,20.7,227.0,1.2,5.9,132.0,93
2024-02-03 17:00:00,29.5,25,952.1,9.8,0.0,45.3,26.5,253.0,3.6,6.2,134.0,92
2024-02-03 18:00:00,26.1,36,952.1,7.0,0.0,47.0,29.5,334.0,11.5,7.9,116.0,92
2024-02-03 19:00:00,23.7,44,952.3,10.6,0.0,51.3,32.7,445.0,22.4,10.2,92.0,92
2024-02-03 20:00:00,23.8,43,953.1,10.6,0.0,54.8,35.3,532.0,30.0,11.9,72.0,91
2024-02-03 21:00:00,22.2,49,953.2,11.8,0.0,56.6,36.7,574.0,31.8,12.7,61.0,91
2024-02-03 22:00:00,23.0,46,953.8,8.2,0.0,55.3,36.0,591.0,30.4,13.0,54.0,91
2024-02-03 23:00:00,23.1,46,954.3,5.5,0.0,51.2,33.4,584.0,27.6,12.6,50.0,90
2024-02-04 00:00:00,19.6,58,953.3,8.0,0.0,46.6,30.4,544.0,23.3,11.1,49.0,90
2024-02-04 01:00:00,22.5,47,953.4,5.9,0.0,44.0,28.6,480.0,17.7,9.0,52.0,89
2024-02-04 02:00:00,21.4,51,953.3,4.2,0.0,43.2,28.0,425.0,13.1,7.5,55.0,89
2024-02-04 03:00:00,20.3,55,952.7,1.0,0.0,43.8,28.3,384.0,9.9,7.0,59.0,88
2024-02-04 04:00:00,19.8,57,952.5,0.4,0.0,45.3,29.1,351.0,7.6,7.0,64.0,88
2024-02-04 05:00:00,19.4,58,952.9,1.4,0.0,45.5,29.2,402.0,10.5,8.4,56.0,88
2024-02-04 06:00:00,17.1,68,953.3,3.3,0.0,49.0,31.4,462.0,14.7,9.6,51.0,88
2024-02-04 07:00:00,16.7,72,954.1,2.9,0.0,55.3,35.6,540.0,20.2,11.1,45.0,88
2024-02-04 08:00:00,19.9,58,955.4,1.1,0.0,63.8,41.2,573.0,22.2,11.9,51.0,88
2024-02-04 09:00:00,23.7,48,956.5,2.5,0.0,71.7,45.4,516.0,17.2,11.1,79.0,89
2024-02-04 10:00:00,27.0,41,957.1,6.6,0.0,75.9,48.2,414.0,8.7,9.5,117.0,90
2024-02-04 11:00:00,29.3,37,956.5,8.1,0.0,72.2,45.5,333.0,2.4,8.1,146.0,92
2024-02-04 12:00:00,30.9,34,955.7,7.0,0.0,67.8,42.0,300.0,0.7,7.1,155.0,93
2024-02-04 13:00:00,32.0,32,954.6,6.3,0.0,63.3,38.6,288.0,1.1,6.3,153.0,94
2024-02-04 14:00:00,32.8,30,953.7,6.1,0.0,60.3,36.4,282.0,1.8,5.7,151.0,96
2024-02-04 15:00:00,33.1,29,952.8,5.5,0.0,58.2,34.8,267.0,1.2,5.3,153.0,97
2024-02-04 16:00:00,32.6,29,952.6,5.4,0.0,57.2,34.1,258.0,1.0,5.1,153.0,98
2024-02-04 17:00:00,31.5,30,952.4,6.9,0.0,78.9,47.8,302.0,4.4,5.5,152.0,102
2024-02-04 18:00:00,29.8,33,953.0,2.3,0.0,80.1,49.6,376.0,10.6,7.5,136.0,118
2024-02-04 19:00:00,26.8,42,953.3,5.6,0.0,82.2,52.5,478.0,18.9,10.4,114.0,122
2024-02-04 20:00:00,25.2,45,954.1,8.8,0.0,82.2,53.3,557.0,24.3,14.2,100.0,115
2024-02-04 21:00:00,23.7,50,954.6,6.0,0.0,84.8,55.3,588.0,23.8,19.7,103.0,107
2024-02-04 22:00:00,21.8,60,954.7,6.9,0.0,91.7,59.8,595.0,20.3,26.0,114.0,109
2024-02-04 23:00:00,21.1,63,954.4,6.3,0.0,96.9,63.1,598.0,17.3,30.6,121.0,111
2024-02-05 00:00:00,20.4,66,953.9,5.4,0.0,97.1,63.1,601.0,15.9,32.0,118.0,114
2024-02-05 01:00:00,19.3,72,953.3,6.8,0.0,98.0,63.6,600.0,14.8,31.8,110.0,118
2024-02-05 02:00:00,19.1,71,952.6,5.4,0.0,98.5,63.6,601.0,14.1,31.7,103.0,121
2024-02-05 03:00:00,19.0,70,952.3,6.2,0.0,99.2,63.8,595.0,12.8,32.7,99.0,125
2024-02-05 04:00:00,21.0,61,952.5,3.9,0.0,99.9,64.0,591.0,11.8,33.8,96.0,129
2024-02-05 05:00:00,20.3,63,952.6,2.7,0.0,97.8,63.3,625.0,13.1,33.0,91.0,132
2024-02-05 06:00:00,19.7,69,953.4,2.6,0.0,99.4,64.0,746.0,22.0,34.6,80.0,136
2024-02-05 07:00:00,18.3,77,953.7,4.8,0.0,104.8,68.0,903.0,33.7,36.7,67.0,139
2024-02-05 08:00:00,22.8,57,955.2,3.9,0.0,113.4,74.0,955.0,38.7,36.5,68.0,143
2024-02-05 09:00:00,26.6,42,956.5,2.4,0.0,108.5,69.6,799.0,30.2,32.2,96.0,146
2024-02-05 10:00:00,29.5,32,957.3,3.3,0.0,82.0,51.7,538.0,14.8,25.8,138.0,149
2024-02-05 11:00:00,31.3,28,956.8,6.3,0.0,67.1,42.0,341.0,3.3,20.3,169.0,149
2024-02-05 12:00:00,32.3,27,955.9,6.4,0.0,60.8,37.5,284.0,0.2,16.8,179.0,149
2024-02-05 13:00:00,33.1,25,954.6,7.1,0.0,59.8,36.8,292.0,1.0,14.2,178.0,148
2024-02-05 14:00:00,33.6,24,953.6,9.2,0.0,58.2,35.5,305.0,2.1,12.6,178.0,148
2024-02-05 15:00:00,33.4,24,952.8,13.1,0.0,55.8,33.5,300.0,2.2,12.2,184.0,148
2024-02-05 16:00:00,32.4,25,952.4,15.0,0.0,53.4,31.8,301.0,2.8,12.8,189.0,148
2024-02-05 17:00:00,31.1,27,952.5,14.7,0.0,66.4,38.4,331.0,4.7,13.8,190.0,147
2024-02-05 18:00:00,28.6,33,952.9,12.4,0.0,68.9,41.7,360.0,8.4,15.2,171.0,162
2024-02-05 19:00:00,26.5,38,953.3,7.9,0.0,67.3,41.1,403.0,13.6,17.2,145.0,167
2024-02-05 20:00:00,25.0,44,953.9,6.4,0.0,67.5,41.4,451.0,18.4,19.1,120.0,163
2024-02-05 21:00:00,24.0,48,954.4,7.6,0.0,69.2,42.8,507.0,22.5,20.9,99.0,154
2024-02-05 22:00:00,22.9,52,954.6,5.8,0.0,72.2,44.9,568.0,26.3,22.7,79.0,142
2024-02-05 23:00:00,21.7,57,954.4,5.7,0.0,74.5,46.3,615.0,28.9,23.9,63.0,140
2024-02-06 00:00:00,21.0,59,953.7,5.7,0.0,74.7,46.3,638.0,29.9,24.1,53.0,139
2024-02-06 01:00:00,20.5,61,953.1,5.9,0.0,74.7,46.0,646.0,29.7,23.7,46.0,137
2024-02-06 02:00:00,19.7,64,952.4,7.3,0.0,75.2,45.8,649.0,29.0,23.4,42.0,135
2024-02-06 03:00:00,21.4,56,952.6,1.3,0.0,76.4,45.9,641.0,27.2,23.6,40.0,133
2024-02-06 04:00:00,20.5,61,952.3,0.8,0.0,78.2,46.2,628.0,24.9,23.8,40.0,131
2024-02-06 05:00:00,20.2,62,952.5,3.4,0.0,72.6,43.7,538.0,18.3,24.4,52.0,129
2024-02-06 06:00:00,18.4,72,953.0,3.8,0.0,72.6,43.9,648.0,25.4,25.9,46.0,127
2024-02-06 07:00:00,18.0,76,953.6,4.4,0.0,76.6,46.9,792.0,34.6,27.6,40.0,125
2024-02-06 08:00:00,21.3,62,955.1,2.7,0.0,85.0,53.2,842.0,37.9,27.4,46.0,123
2024-02-06 09:00:00,25.0,49,956.6,2.3,0.0,75.4,44.0,706.0,29.2,23.2,78.0,121
2024-02-06 10:00:00,28.4,37,957.1,2.3,0.0,64.0,35.4,476.0,14.6,17.1,122.0,118
2024-02-06 11:00:00,31.0,30,956.7,2.2,0.0,58.9,32.2,305.0,3.6,12.2,157.0,117
2024-02-06 12:00:00,32.5,27,955.3,2.8,0.0,61.2,34.1,261.0,0.5,10.1,171.0,116
2024-02-06 13:00:00,33.6,25,954.1,3.4,0.0,60.5,34.2,276.0,1.1,9.2,176.0,115
2024-02-06 14:00:00,34.4,24,953.0,6.3,0.0,56.2,32.0,291.0,2.1,8.9,177.0,115
2024-02-06 15:00:00,34.6,23,952.0,9.7,0.0,52.6,30.0,283.0,2.1,8.6,178.0,115
2024-02-06 16:00:00,33.7,23,951.7,15.6,0.0,50.4,29.0,275.0,2.6,8.8,175.0,114
2024-02-06 17:00:00,31.8,25,952.1,18.5,0.0,65.7,37.7,319.0,4.7,10.7,177.0,129
2024-02-06 18:00:00,29.6,26,952.4,15.2,0.0,68.0,41.7,362.0,9.4,13.5,159.0,150
2024-02-06 19:00:00,27.3,32,953.1,11.2,0.0,65.0,41.0,423.0,16.0,17.4,134.0,156
2024-02-06 20:00:00,24.8,39,953.6,6.2,0.0,62.6,40.0,480.0,21.5,21.0,111.0,152
2024-02-06 21:00:00,23.9,44,954.2,6.5,0.0,63.3,40.6,529.0,24.8,24.0,95.0,140
2024-02-06 22:00:00,22.9,50,954.4,6.2,0.0,66.1,42.5,575.0,27.1,26.7,82.0,123
2024-02-06 23:00:00,22.3,53,954.3,6.4,0.0,68.7,43.9,604.0,28.0,28.3,71.0,113
2024-02-07 00:00:00,21.2,58,953.6,5.1,0.0,68.9,43.5,610.0,27.3,28.2,63.0,113
2024-02-07 01:00:00,22.0,56,953.4,4.5,0.0,68.5,42.8,601.0,25.3,27.1,57.0,113
2024-02-07 02:00:00,22.0,56,953.2,1.8,0.0,67.1,41.7,586.0,23.2,25.7,52.0,112
2024-02-07 03:00:00,21.4,58,952.9,1.1,0.0,65.0,39.9,560.0,20.5,24.3,49.0,112
2024-02-07 04:00:00,20.5,62,952.8,1.9,0.0,61.9,37.6,529.0,17.7,22.8,48.0,111
2024-02-07 05:00:00,19.7,65,953.0,0.7,0.0,69.4,41.6,593.0,20.9,26.9,43.0,110
2024-02-07 06:00:00,19.1,70,953.7,0.8,0.0,69.4,41.2,684.0,25.6,26.8,40.0,110
2024-02-07 07:00:00,18.8,72,954.5,1.0,0.0,72.9,43.8,800.0,31.7,26.4,36.0,110
2024-02-07 08:00:00,21.4,62,956.0,1.1,0.0,78.2,48.1,829.0,33.0,24.7,43.0,110
2024-02-07 09:00:00,25.2,47,957.2,2.5,0.0,65.9,35.7,682.0,24.9,20.5,70.0,109
2024-02-07 10:00:00,28.4,39,957.5,3.9,0.0,53.7,27.4,448.0,12.1,15.1,106.0,108
2024-02-07 11:00:00,30.7,31,957.1,3.5,0.0,46.0,23.8,273.0,2.6,10.7,135.0,107
2024-02-07 12:00:00,32.3,26,956.1,5.2,0.0,42.4,22.6,227.0,0.0,8.4,147.0,106
2024-02-07 13:00:00,33.2,23,954.7,6.5,0.0,41.1,22.5,240.0,0.7,7.2,150.0,105
2024-02-07 14:00:00,33.6,22,953.5,8.0,0.0,39.0,21.9,255.0,1.8,6.6,152.0,104
2024-02-07 15:00:00,33.8,21,952.5,9.5,0.0,35.5,20.3,247.0,1.8,6.5,155.0,103
2024-02-07 16:00:00,33.3,20,952.1,13.6,0.0,32.9,19.1,240.0,2.2,7.2,156.0,102
2024-02-07 17:00:00,31.5,23,952.3,16.8,0.0,29.8,17.2,252.0,3.8,6.7,144.0,101
2024-02-07 18:00:00,28.8,26,952.6,12.6,0.0,30.9,19.4,285.0,7.8,8.6,128.0,110
2024-02-07 19:00:00,26.6,30,953.0,10.5,0.0,32.1,20.7,332.0,13.5,11.4,106.0,115
2024-02-07 20:00:00,24.9,33,953.8,8.1,0.0,33.6,22.1,383.0,18.8,13.9,85.0,109
2024-02-07 21:00:00,23.5,35,954.1,6.5,0.0,36.4,24.1,446.0,23.7,16.3,68.0,95
2024-02-07 22:00:00,21.5,42,954.1,8.2,0.0,40.3,26.7,512.0,28.3,18.6,53.0,93
2024-02-07 23:00:00,23.8,35,954.7,3.4,0.0,43.1,28.5,546.0,30.0,19.3,43.0,92
2024-02-08 00:00:00,22.7,39,954.2,7.1,0.0,42.4,27.7,523.0,26.9,17.4,41.0,91
2024-02-08 01:00:00,19.3,49,953.2,10.0,0.0,41.1,26.0,467.0,21.0,13.9,45.0,89
2024-02-08 02:00:00,18.8,52,952.9,9.3,0.0,41.0,25.0,421.0,16.2,11.1,48.0,88
2024-02-08 03:00:00,18.1,56,952.6,8.9,0.0,41.2,24.7,396.0,13.7,9.7,47.0,87
2024-02-08 04:00:00,17.3,61,952.4,8.5,0.0,41.9,24.7,380.0,12.3,9.0,46.0,86
2024-02-08 05:00:00,17.1,65,952.6,8.0,0.0,42.4,24.9,344.0,9.8,7.3,49.0,84
2024-02-08 06:00:00,17.7,62,953.6,7.1,0.0,45.1,26.0,396.0,13.0,7.8,45.0,83
2024-02-08 07:00:00,18.3,61,954.9,5.2,0.0,50.4,29.5,464.0,17.3,8.4,42.0,82
2024-02-08 08:00:00,20.1,57,955.8,3.6,0.0,56.9,32.7,490.0,18.7,8.7,46.0,81
2024-02-08 09:00:00,22.7,49,956.7,6.0,0.0,63.3,28.8,431.0,14.5,8.3,67.0,80
2024-02-08 10:00:00,25.4,42,957.1,7.9,0.0,60.1,27.3,329.0,7.5,7.5,95.0,79
2024-02-08 11:00:00,27.9,37,956.7,8.5,0.0,55.9,26.3,251.0,2.2,6.8,118.0,79
2024-02-08 12:00:00,29.9,32,955.6,7.3,0.0,51.0,25.1,225.0,0.8,6.1,128.0,79
2024-02-08 13:00:00,31.4,27,954.3,4.5,0.0,46.1,23.6,223.0,1.1,5.5,131.0,79
2024-02-08 14:00:00,32.4,22,952.9,2.9,0.0,39.5,20.6,223.0,1.7,5.1,133.0,80
2024-02-08 15:00:00,32.9,18,951.9,4.8,0.0,33.9,18.2,207.0,1.2,4.7,137.0,79
2024-02-08 16:00:00,32.7,16,951.4,8.0,0.0,31.0,17.1,194.0,0.9,4.6,140.0,79
2024-02-08 17:00:00,31.8,17,951.3,10.0,0.0,25.0,14.5,208.0,3.7,5.5,132.0,79
2024-02-08 18:00:00,26.2,21,951.6,9.0,0.0,30.2,19.3,295.0,12.7,8.0,110.0,82
2024-02-08 19:00:00,23.8,25,951.6,9.8,0.0,36.2,24.0,416.0,25.2,11.6,79.0,85
2024-02-08 20:00:00,22.7,30,952.2,9.7,0.0,41.9,28.1,524.0,35.4,15.3,54.0,79
2024-02-08 21:00:00,21.0,34,952.3,6.8,0.0,47.3,31.5,604.0,41.0,19.3,42.0,80
2024-02-08 22:00:00,20.9,32,952.2,5.9,0.0,53.0,35.2,670.0,44.3,23.5,36.0,80
2024-02-08 23:00:00,23.1,27,952.5,4.4,0.0,58.1,38.0,716.0,45.7,26.3,32.0,81
2024-02-09 00:00:00,22.2,29,952.1,1.8,0.0,61.2,39.2,737.0,45.1,26.9,29.0,82
2024-02-09 01:00:00,20.9,34,951.5,4.0,0.0,64.3,40.2,737.0,42.7,26.3,29.0,83
2024-02-09 02:00:00,19.8,39,950.9,2.3,0.0,67.8,41.2,728.0,39.5,25.5,29.0,84
2024-02-09 03:00:00,18.9,42,950.8,1.8,0.0,70.1,41.7,702.0,35.3,25.1,30.0,85
2024-02-09 04:00:00,16.2,52,950.4,3.6,0.0,70.8,41.7,665.0,30.4,24.6,32.0,86
2024-02-09 05:00:00,14.5,58,950.3,5.2,0.0,56.7,35.5,617.0,25.0,16.7,32.0,88
2024-02-09 06:00:00,18.1,48,951.9,3.2,0.0,55.9,35.2,661.0,25.7,15.6,32.0,88
2024-02-09 07:00:00,15.6,62,952.3,5.5,0.0,58.9,37.7,715.0,26.4,14.0,34.0,89
2024-02-09 08:00:00,18.6,52,953.8,3.6,0.0,63.6,41.1,716.0,24.7,12.5,44.0,90
2024-02-09 09:00:00,21.9,43,955.0,2.5,0.0,61.5,37.7,614.0,18.4,11.1,72.0,90
2024-02-09 10:00:00,25.5,36,955.5,3.9,0.0,58.9,35.6,458.0,9.6,9.6,109.0,91
2024-02-09 11:00:00,28.6,31,955.2,3.1,0.0,51.2,31.1,331.0,3.2,8.4,137.0,92
2024-02-09 12:00:00,31.3,23,954.5,4.3,0.0,40.5,24.3,266.0,1.2,7.2,146.0,92
2024-02-09 13:00:00,32.9,16,953.2,9.2,0.0,30.6,18.2,230.0,1.4,6.3,145.0,92
2024-02-09 14:00:00,33.7,15,952.0,12.6,0.0,24.7,14.6,207.0,2.0,6.0,144.0,92
2024-02-09 15:00:00,33.6,13,951.2,16.3,0.0,22.8,13.4,189.0,1.8,6.6,147.0,91
2024-02-09 16:00:00,32.5,13,951.0,18.2,0.0,22.8,13.4,185.0,1.9,7.8,150.0,91
2024-02-09 17:00:00,30.7,16,951.3,17.7,0.0,25.9,15.3,221.0,4.2,8.4,147.0,91
2024-02-09 18:00:00,27.6,21,951.7,9.8,0.0,32.9,21.1,285.0,10.0,11.4,133.0,106
2024-02-09 19:00:00,25.3,26,952.0,8.9,0.0,39.6,25.8,375.0,18.1,15.7,113.0,111
2024-02-09 20:00:00,23.6,29,952.7,8.0,0.0,46.7,30.5,458.0,24.6,19.8,96.0,106
2024-02-09 21:00:00,21.7,34,953.3,7.2,0.0,53.6,35.2,529.0,28.3,23.4,85.0,95
2024-02-09 22:00:00,20.9,38,953.5,7.0,0.0,60.3,39.6,594.0,30.5,26.8,76.0,91
2024-02-09 23:00:00,20.2,42,953.3,6.7,0.0,65.9,42.8,636.0,31.1,29.1,70.0,92
2024-02-10 00:00:00,19.2,46,952.9,6.0,0.0,69.2,44.5,641.0,29.4,29.7,67.0,92
2024-02-10 01:00:00,17.5,53,952.1,8.3,0.0,71.7,45.5,622.0,26.0,29.3,66.0,93
2024-02-10 02:00:00,18.7,50,952.1,4.5,0.0,72.9,45.6,604.0,23.1,28.7,65.0,93
2024-02-10 03:00:00,18.3,52,951.5,2.3,0.0,72.9,45.1,585.0,20.7,28.2,62.0,93
2024-02-10 04:00:00,17.7,54,951.6,1.1,0.0,73.1,44.5,567.0,18.7,27.6,59.0,94
2024-02-10 05:00:00,16.9,57,951.7,0.8,0.0,67.1,40.7,556.0,17.2,26.0,57.0,94
2024-02-10 06:00:00,14.5,71,951.8,3.4,0.0,69.4,41.1,658.0,22.6,26.1,53.0,94
2024-02-10 07:00:00,14.6,73,952.6,5.2,0.0,74.5,44.2,790.0,29.7,25.9,49.0,95
2024-02-10 08:00:00,18.6,57,954.2,4.0,0.0,80.3,48.7,826.0,31.9,24.1,53.0,95
2024-02-10 09:00:00,23.0,42,955.7,1.8,0.0,67.1,35.7,671.0,24.3,19.1,73.0,96
2024-02-10 10:00:00,26.9,34,956.5,1.8,0.0,52.0,25.0,420.0,11.8,12.5,102.0,96
2024-02-10 11:00:00,29.8,23,955.9,2.3,0.0,39.7,18.0,231.0,2.5,7.5,124.0,95
2024-02-10 12:00:00,31.9,17,954.8,2.4,0.0,32.9,15.3,176.0,0.1,5.4,132.0,94
2024-02-10 13:00:00,33.1,13,953.9,6.5,0.0,28.5,13.9,183.0,0.8,4.8,134.0,93
2024-02-10 14:00:00,33.9,12,952.6,9.0,0.0,25.6,13.4,196.0,1.9,4.9,136.0,93
2024-02-10 15:00:00,34.2,10,951.6,14.7,0.0,25.1,13.5,193.0,2.0,5.4,143.0,93
2024-02-10 16:00:00,32.7,13,951.7,20.3,0.0,24.9,13.7,196.0,2.3,6.6,149.0,93
2024-02-10 17:00:00,30.7,17,952.0,18.7,0.0,28.9,17.2,233.0,4.3,7.0,152.0,93
2024-02-10 18:00:00,28.6,15,952.3,17.0,0.0,37.1,23.7,290.0,8.5,11.8,146.0,95
2024-02-10 19:00:00,25.9,26,953.1,14.8,0.0,46.6,30.2,370.0,14.3,18.5,138.0,104
2024-02-10 20:00:00,24.0,35,954.1,13.8,0.0,56.1,36.4,442.0,18.9,23.9,128.0,107
2024-02-10 21:00:00,22.2,39,954.5,11.2,0.0,62.9,40.9,496.0,21.0,26.7,116.0,106
2024-02-10 22:00:00,21.0,42,954.5,10.0,0.0,68.0,44.2,541.0,21.9,28.2,103.0,102
2024-02-10 23:00:00,20.0,44,954.1,8.4,0.0,71.5,46.4,575.0,22.3,28.9,91.0,95
2024-02-11 00:00:00,19.0,47,953.4,5.9,0.0,72.6,47.0,592.0,22.2,28.8,81.0,95
2024-02-11 01:00:00,18.2,51,952.6,6.4,0.0,72.9,47.0,598.0,21.6,27.9,72.0,95
2024-02-11 02:00:00,16.7,56,951.9,6.4,0.0,72.6,46.7,601.0,20.9,27.0,65.0,95
2024-02-11 03:00:00,16.8,55,951.5,6.0,0.0,73.1,46.2,600.0,19.9,26.5,60.0,95
2024-02-11 04:00:00,17.6,52,951.2,2.8,0.0,74.5,46.3,596.0,18.7,26.1,56.0,95
2024-02-11 05:00:00,14.5,65,950.7,5.1,0.0,70.8,43.8,594.0,18.1,24.7,55.0,96
2024-02-11 06:00:00,14.5,74,951.8,3.8,0.0,73.3,44.7,659.0,21.5,24.2,52.0,96
2024-02-11 07:00:00,16.5,66,953.2,3.7,0.0,78.5,48.3,742.0,25.9,23.3,50.0,96
2024-02-11 08:00:00,19.0,57,954.6,2.3,0.0,79.4,49.8,756.0,26.7,21.5,58.0,96
2024-02-11 09:00:00,22.8,43,956.1,2.3,0.0,66.8,40.0,633.0,20.2,18.0,86.0,96
2024-02-11 10:00:00,26.4,32,956.9,4.1,0.0,58.1,33.4,441.0,10.0,13.6,125.0,97
2024-02-11 11:00:00,29.1,23,956.5,4.3,0.0,47.7,25.6,294.0,2.5,10.0,153.0,97
2024-02-11 12:00:00,30.9,17,955.8,3.7,0.0,40.3,20.4,242.0,0.4,8.0,159.0,98
2024-02-11 13:00:00,32.1,14,954.5,7.2,0.0,36.0,17.9,235.0,1.0,6.8,155.0,98
2024-02-11 14:00:00,32.5,14,953.3,9.4,0.0,33.8,17.2,235.0,1.8,6.1,151.0,99
2024-02-11 15:00:00,32.9,14,952.1,9.4,0.0,32.4,17.2,224.0,1.5,5.8,154.0,99
2024-02-11 16:00:00,32.6,13,951.9,15.3,0.0,31.4,17.3,220.0,1.4,5.9,158.0,99
2024-02-11 17:00:00,30.7,16,952.2,18.7,0.0,36.9,20.4,238.0,4.0,7.1,150.0,109
2024-02-11 18:00:00,28.4,15,952.8,14.4,0.0,39.7,24.4,290.0,9.5,9.3,131.0,123
2024-02-11 19:00:00,25.9,19,953.1,12.1,0.0,41.7,26.9,365.0,17.2,12.6,104.0,124
2024-02-11 20:00:00,24.2,25,954.0,9.6,0.0,44.5,29.2,436.0,23.6,15.9,83.0,114
2024-02-11 21:00:00,22.4,35,954.4,7.6,0.0,49.1,32.6,502.0,27.5,19.4,72.0,99
2024-02-11 22:00:00,21.3,42,954.3,7.7,0.0,54.7,36.4,564.0,30.1,23.1,65.0,98
2024-02-11 23:00:00,20.3,47,954.0,6.6,0.0,59.6,39.6,606.0,31.0,25.7,61.0,98
2024-02-12 00:00:00,19.0,52,953.3,5.8,0.0,62.4,41.2,613.0,29.3,26.7,60.0,97
2024-02-12 01:00:00,18.0,56,952.2,7.5,0.0,64.3,42.3,600.0,25.9,26.6,61.0,97
2024-02-12 02:00:00,18.5,53,951.5,5.6,0.0,65.9,43.2,589.0,23.1,26.3,61.0,97
2024-02-12 03:00:00,17.3,58,950.8,7.5,0.0,67.1,43.5,582.0,21.2,25.9,57.0,96
2024-02-12 04:00:00,18.7,53,951.3,5.2,0.0,67.5,43.8,579.0,19.9,25.3,52.0,96
2024-02-12 05:00:00,15.6,66,951.4,5.5,0.0,62.9,40.9,571.0,18.3,25.9,55.0,96
2024-02-12 06:00:00,16.8,67,952.1,2.8,0.0,65.2,41.7,680.0,23.9,26.2,51.0,96
2024-02-12 07:00:00,17.4,65,953.3,2.5,0.0,71.0,45.3,822.0,31.2,26.3,46.0,95
2024-02-12 08:00:00,18.9,60,954.5,1.8,0.0,78.0,50.5,860.0,33.4,24.6,50.0,95
2024-02-12 09:00:00,22.8,44,955.8,1.1,0.0,61.5,36.4,693.0,25.4,19.2,70.0,95
2024-02-12 10:00:00,26.6,32,956.2,3.1,0.0,44.0,22.5,424.0,12.2,12.0,99.0,95
2024-02-12 11:00:00,29.2,21,955.5,3.7,0.0,33.4,15.2,223.0,2.4,6.5,122.0,94
2024-02-12 12:00:00,30.7,18,954.7,2.6,0.0,28.3,12.6,171.0,0.0,4.5,132.0,93
2024-02-12 13:00:00,31.7,17,953.6,4.8,0.0,27.1,12.5,187.0,0.7,4.2,135.0,93
2024-02-12 14:00:00,32.4,16,952.1,6.9,0.0,27.1,13.3,207.0,1.8,4.4,138.0,92
2024-02-12 15:00:00,33.1,16,951.1,6.5,0.0,27.6,14.2,204.0,1.7,4.4,143.0,92
2024-02-12 16:00:00,32.7,16,950.8,13.7,0.0,27.9,14.9,205.0,1.8,4.8,147.0,92
2024-02-12 17:00:00,30.7,19,951.3,18.4,0.0,39.1,21.5,233.0,3.6,4.6,140.0,91
2024-02-12 18:00:00,28.0,17,951.7,12.1,0.0,37.1,22.8,280.0,8.6,7.3,125.0,92
2024-02-12 19:00:00,25.7,21,952.1,13.7,0.0,39.1,25.1,346.0,15.5,11.2,105.0,97
2024-02-12 20:00:00,24.1,24,952.8,11.7,0.0,43.1,28.1,407.0,21.0,15.2,89.0,93
2024-02-12 21:00:00,23.0,29,953.4,11.5,0.0,49.4,32.4,461.0,23.9,19.2,80.0,91
2024-02-12 22:00:00,22.0,32,953.8,11.3,0.0,56.3,36.8,510.0,25.4,23.3,76.0,91
2024-02-12 23:00:00,20.8,34,953.4,9.4,0.0,62.6,40.6,541.0,25.4,26.5,73.0,91
2024-02-13 00:00:00,19.8,37,952.7,9.0,0.0,67.5,43.4,544.0,23.1,28.4,73.0,91
2024-02-13 01:00:00,19.1,38,951.9,10.0,0.0,71.9,45.6,529.0,19.3,29.5,75.0,91
2024-02-13 02:00:00,19.0,37,951.3,11.5,0.0,75.2,47.1,516.0,16.3,30.1,75.0,92
2024-02-13 03:00:00,18.2,39,951.1,6.7,0.0,76.4,47.6,504.0,14.5,30.5,72.0,92
2024-02-13 04:00:00,16.7,45,950.6,7.6,0.0,74.7,46.8,494.0,13.4,30.4,67.0,92
2024-02-13 05:00:00,18.7,39,951.3,5.4,0.0,74.7,46.7,498.0,12.8,33.7,74.0,93
2024-02-13 06:00:00,16.6,49,951.5,5.5,0.0,75.2,46.9,566.0,16.8,32.5,67.0,93
2024-02-13 07:00:00,18.6,43,952.9,0.8,0.0,78.2,49.4,655.0,22.0,30.7,58.0,93
2024-02-13 08:00:00,19.7,40,954.0,6.2,0.0,80.1,50.3,679.0,23.7,28.1,59.0,94
2024-02-13 09:00:00,23.2,31,955.4,5.8,0.0,71.9,43.9,577.0,18.4,24.1,81.0,94
2024-02-13 10:00:00,26.3,25,955.8,6.6,0.0,61.0,36.0,410.0,9.6,19.2,114.0,94
2024-02-13 11:00:00,28.7,20,955.4,5.7,0.0,48.0,27.8,283.0,3.0,15.1,139.0,95
2024-02-13 12:00:00,30.6,18,954.4,1.6,0.0,39.2,23.0,240.0,1.1,12.2,150.0,96
2024-02-13 13:00:00,32.0,17,953.2,2.2,0.0,35.9,21.4,236.0,1.5,10.0,154.0,97
2024-02-13 14:00:00,33.1,16,951.9,3.4,0.0,34.7,20.9,237.0,2.1,8.4,155.0,98
2024-02-13 15:00:00,33.8,13,951.0,9.4,0.0,33.8,20.5,218.0,1.3,7.3,158.0,99
2024-02-13 16:00:00,32.8,12,950.9,18.4,0.0,32.8,20.0,203.0,0.7,6.9,158.0,99
2024-02-13 17:00:00,31.2,13,951.3,17.7,0.0,45.9,26.4,245.0,4.4,8.0,153.0,102
2024-02-13 18:00:00,29.0,13,951.9,13.7,0.0,51.2,31.9,329.0,12.5,10.2,130.0,118
2024-02-13 19:00:00,25.8,17,952.3,10.2,0.0,55.1,35.5,446.0,23.6,13.3,97.0,121
2024-02-13 20:00:00,23.2,21,952.9,6.6,0.0,55.8,36.6,539.0,31.8,16.4,71.0,112
2024-02-13 21:00:00,22.7,23,953.5,8.0,0.0,57.2,37.7,588.0,34.7,19.5,58.0,103
2024-02-13 22:00:00,21.3,28,953.3,6.6,0.0,60.5,40.0,613.0,34.7,22.6,52.0,103
2024-02-13 23:00:00,20.5,33,953.2,6.3,0.0,63.3,42.0,624.0,33.5,24.6,48.0,104
2024-02-14 00:00:00,19.5,37,952.8,5.8,0.0,64.0,42.5,620.0,31.3,24.9,46.0,104
2024-02-14 01:00:00,18.5,42,952.0,5.9,0.0,64.7,43.0,601.0,28.0,24.0,46.0,104
2024-02-14 02:00:00,17.7,46,951.4,5.5,0.0,65.0,43.2,582.0,24.8,22.9,46.0,103
2024-02-14 03:00:00,18.0,47,951.1,4.3,0.0,65.0,43.1,559.0,21.7,21.6,46.0,103
2024-02-14 04:00:00,18.0,47,951.1,3.9,0.0,63.3,42.0,535.0,18.7,20.0,47.0,102
2024-02-14 05:00:00,18.9,45,951.7,2.7,0.0,71.7,47.4,582.0,19.7,25.1,48.0,102
2024-02-14 06:00:00,15.5,64,952.0,7.1,0.0,72.9,48.3,637.0,22.5,23.9,46.0,102
2024-02-14 07:00:00,16.4,61,952.9,7.9,0.0,75.9,50.6,707.0,26.0,22.1,44.0,102
2024-02-14 08:00:00,20.3,43,954.3,2.5,0.0,79.4,53.1,718.0,26.2,19.9,52.0,102
2024-02-14 09:00:00,22.9,35,955.5,5.2,0.0,73.6,48.0,612.0,19.9,17.1,79.0,103
2024-02-14 10:00:00,25.8,30,955.7,5.9,0.0,72.2,44.9,448.0,10.4,13.9,116.0,103
2024-02-14 11:00:00,28.6,24,955.2,8.2,0.0,69.2,42.0,320.0,3.2,11.2,143.0,104
2024-02-14 12:00:00,30.6,21,954.0,9.8,0.0,64.0,38.9,272.0,1.0,9.4,152.0,105
2024-02-14 13:00:00,31.9,18,952.9,6.6,0.0,58.0,35.2,261.0,1.3,8.2,152.0,107
2024-02-14 14:00:00,32.6,17,951.7,2.6,0.0,52.5,31.7,258.0,1.9,7.4,150.0,109
2024-02-14 15:00:00,32.7,16,951.1,5.5,0.0,49.6,29.8,242.0,1.2,6.8,152.0,110
2024-02-14 16:00:00,32.3,16,950.7,8.0,0.0,48.8,29.0,234.0,1.0,6.7,152.0,111
2024-02-14 17:00:00,31.4,16,950.6,9.8,0.0,50.9,30.6,279.0,4.4,7.7,153.0,112
2024-02-14 18:00:00,27.3,22,951.1,6.0,0.0,53.7,33.9,387.0,15.1,9.9,128.0,115
2024-02-14 19:00:00,24.8,27,951.1,6.9,0.0,57.5,37.1,538.0,29.8,13.1,93.0,118
2024-02-14 20:00:00,23.2,28,951.8,7.7,0.0,61.7,40.3,666.0,41.2,16.1,64.0,112
2024-02-14 21:00:00,21.9,31,952.2,8.3,0.0,66.4,43.5,752.0,46.2,19.0,47.0,113
2024-02-14 22:00:00,21.2,33,952.1,8.6,0.0,68.7,44.9,815.0,47.9,21.7,35.0,113
2024-02-14 23:00:00,20.3,35,951.8,8.0,0.0,67.5,43.4,849.0,47.6,23.3,28.0,114
2024-02-15 00:00:00,19.6,37,951.4,7.4,0.0,65.9,41.4,847.0,45.6,23.3,25.0,114
2024-02-15 01:00:00,21.7,32,951.8,4.0,0.0,65.0,40.2,817.0,41.7,22.3,25.0,114
2024-02-15 02:00:00,21.2,34,951.0,2.4,0.0,63.1,38.5,771.0,36.8,20.6,28.0,114
2024-02-15 03:00:00,17.8,43,950.5,8.8,0.0,58.8,35.6,701.0,30.1,18.0,33.0,113
2024-02-15 04:00:00,18.2,42,950.6,6.6,0.0,54.1,32.6,615.0,22.4,14.9,40.0,112
2024-02-15 05:00:00,17.6,46,951.0,8.5,0.0,54.0,32.6,645.0,23.0,16.3,37.0,111
2024-02-15 06:00:00,20.2,38,952.2,3.1,0.0,53.1,32.1,667.0,23.9,15.4,40.0,110
2024-02-15 07:00:00,19.8,40,953.1,3.6,0.0,55.5,34.5,694.0,24.8,14.1,44.0,108
2024-02-15 08:00:00,21.1,40,954.0,3.4,0.0,60.1,37.6,678.0,23.3,12.8,55.0,106
2024-02-15 09:00:00,24.0,37,955.0,6.2,0.0,63.6,37.7,582.0,17.1,11.6,78.0,105
2024-02-15 10:00:00,26.5,35,955.2,11.0,0.0,60.5,37.3,444.0,8.4,10.4,107.0,104
2024-02-15 11:00:00,28.8,33,954.8,10.9,0.0,51.2,32.6,336.0,2.1,9.2,130.0,103
2024-02-15 12:00:00,30.7,30,953.8,8.3,0.0,42.5,27.6,288.0,0.3,7.9,140.0,102
2024-02-15 13:00:00,32.3,24,952.8,4.3,0.0,35.5,23.3,269.0,0.9,6.6,143.0,101
2024-02-15 14:00:00,33.4,20,951.4,3.3,0.0,32.4,21.2,259.0,1.7,5.6,144.0,100
2024-02-15 15:00:00,33.6,19,950.5,9.7,0.0,31.2,20.3,242.0,1.3,4.9,146.0,99
2024-02-15 16:00:00,32.7,20,950.3,11.2,0.0,30.7,19.8,233.0,1.1,4.5,145.0,98
2024-02-15 17:00:00,32.1,20,950.1,6.3,0.0,34.7,22.5,250.0,3.8,4.1,136.0,97
2024-02-15 18:00:00,29.2,23,950.3,8.8,0.0,41.2,27.4,350.0,13.9,6.7,115.0,99
2024-02-15 19:00:00,26.7,26,950.6,7.3,0.0,48.1,32.2,491.0,27.9,10.5,86.0,100
2024-02-15 20:00:00,25.5,33,952.0,11.4,0.0,52.5,35.4,623.0,39.1,14.1,63.0,96
2024-02-15 21:00:00,23.2,42,952.4,5.6,0.0,57.6,38.8,736.0,44.9,17.5,50.0,95
2024-02-15 22:00:00,22.2,49,952.4,6.6,0.0,67.3,45.4,839.0,47.9,20.8,43.0,95
2024-02-15 23:00:00,21.2,54,952.0,5.2,0.0,72.2,48.8,909.0,48.5,23.1,38.0,95
2024-02-16 00:00:00,20.8,56,951.7,6.6,0.0,74.7,50.2,935.0,46.3,23.9,36.0,96
2024-02-16 01:00:00,19.9,59,951.1,7.4,0.0,77.1,51.6,929.0,41.7,23.5,36.0,96
2024-02-16 02:00:00,21.1,54,951.2,2.8,0.0,77.8,51.9,903.0,36.6,22.5,37.0,97
2024-02-16 03:00:00,19.8,58,950.5,2.9,0.0,75.4,50.3,856.0,31.2,20.6,36.0,98
2024-02-16 04:00:00,20.1,57,950.9,4.6,0.0,69.8,46.6,789.0,25.4,18.0,36.0,99
2024-02-16 05:00:00,19.8,57,951.3,4.4,0.0,74.7,49.9,902.0,31.7,22.8,31.0,101
2024-02-16 06:00:00,20.2,61,952.1,0.4,0.0,66.4,44.5,836.0,28.0,19.6,35.0,102
2024-02-16 07:00:00,18.8,69,952.6,2.3,0.0,56.9,38.4,741.0,22.8,15.1,41.0,104
2024-02-16 08:00:00,22.5,52,954.1,2.5,0.0,49.0,33.3,633.0,17.5,11.5,53.0,104
2024-02-16 09:00:00,25.2,43,955.2,5.5,0.0,35.7,24.4,504.0,12.1,9.7,77.0,104
2024-02-16 10:00:00,28.4,35,955.7,5.4,0.0,27.9,19.0,363.0,6.6,8.8,108.0,102
2024-02-16 11:00:00,31.4,27,955.0,4.0,0.0,25.8,17.5,257.0,2.7,7.9,130.0,100
2024-02-16 12:00:00,33.6,18,954.1,3.8,0.0,22.6,15.1,212.0,1.2,6.5,138.0,99
2024-02-16 13:00:00,34.5,16,952.8,5.1,0.0,23.6,15.5,202.0,1.2,5.1,137.0,98
2024-02-16 14:00:00,35.2,14,951.9,7.2,0.0,23.8,15.5,199.0,1.6,4.1,135.0,97
2024-02-16 15:00:00,34.6,15,951.3,11.8,0.0,23.2,15.1,187.0,1.1,3.3,134.0,97
2024-02-16 16:00:00,34.0,14,951.0,12.9,0.0,22.8,14.9,182.0,1.0,2.8,132.0,97
2024-02-16 17:00:00,33.2,14,951.0,11.7,0.0,30.4,19.6,209.0,2.7,3.2,131.0,96
2024-02-16 18:00:00,30.1,20,951.3,10.9,0.0,34.5,22.8,290.0,10.9,5.9,115.0,96
2024-02-16 19:00:00,28.8,24,952.2,12.0,0.0,40.9,27.4,406.0,22.4,9.8,93.0,96
2024-02-16 20:00:00,27.2,29,953.2,2.6,0.0,45.8,30.7,519.0,31.6,13.5,74.0,95
2024-02-16 21:00:00,24.8,37,953.3,5.8,0.0,50.6,34.1,623.0,36.6,16.7,62.0,95
2024-02-16 22:00:00,23.7,45,953.2,4.3,0.0,61.2,41.1,725.0,39.4,19.7,53.0,95
2024-02-16 23:00:00,23.1,52,953.1,9.2,0.0,74.3,49.7,803.0,40.3,22.1,48.0,94
2024-02-17 00:00:00,22.4,56,952.3,6.8,0.0,83.4,55.6,846.0,38.8,23.6,46.0,94
2024-02-17 01:00:00,20.8,62,951.2,7.7,0.0,91.0,60.5,866.0,35.5,24.6,48.0,95
2024-02-17 02:00:00,21.9,58,950.9,3.4,0.0,97.3,64.5,879.0,32.2,25.7,50.0,95
2024-02-17 03:00:00,19.8,66,950.0,5.0,0.0,103.1,68.2,888.0,29.1,27.6,52.0,96
2024-02-17 04:00:00,21.1,61,950.3,1.5,0.0,108.5,71.7,890.0,26.0,29.6,56.0,98
2024-02-17 05:00:00,21.1,61,950.4,2.3,0.0,29.7,20.4,542.0,26.1,14.8,46.0,100
2024-02-17 06:00:00,17.6,75,950.8,6.4,0.0,28.1,19.4,584.0,27.4,14.5,47.0,97
2024-02-17 07:00:00,20.1,62,952.0,3.1,0.0,31.2,21.6,637.0,28.8,14.1,49.0,95
2024-02-17 08:00:00,22.3,55,953.1,0.4,0.0,34.9,24.3,636.0,27.3,12.9,58.0,94
2024-02-17 09:00:00,25.9,42,954.2,4.0,0.0,21.3,14.7,530.0,20.0,10.5,79.0,93
2024-02-17 10:00:00,29.3,32,954.5,3.3,0.0,18.3,12.5,371.0,9.7,7.3,106.0,93
2024-02-17 11:00:00,32.0,21,953.8,6.3,0.0,19.8,13.3,251.0,2.2,4.9,126.0,92
2024-02-17 12:00:00,33.2,16,952.9,3.2,0.0,21.5,14.2,211.0,0.0,3.7,134.0,92
2024-02-17 13:00:00,33.7,16,951.6,0.8,0.0,21.4,14.1,211.0,0.6,3.3,136.0,92
2024-02-17 14:00:00,33.9,15,950.7,3.0,0.0,21.4,14.1,215.0,1.4,3.0,136.0,92
2024-02-17 15:00:00,33.8,14,950.1,7.8,0.0,21.5,14.2,203.0,0.8,2.5,139.0,92
2024-02-17 16:00:00,33.2,13,949.8,9.3,0.0,21.7,14.3,197.0,0.4,2.3,140.0,91
2024-02-17 17:00:00,32.4,11,949.8,7.2,0.0,24.3,16.2,233.0,3.4,4.1,145.0,91
2024-02-17 18:00:00,29.6,17,949.5,7.9,0.0,30.4,20.5,343.0,13.5,6.6,124.0,92
2024-02-17 19:00:00,26.6,20,950.5,7.4,0.0,39.5,26.8,496.0,27.3,10.2,95.0,96
2024-02-17 20:00:00,24.5,31,951.2,7.6,0.0,49.0,33.4,618.0,36.5,14.4,77.0,91
2024-02-17 21:00:00,23.8,34,951.5,7.6,0.0,59.6,40.7,678.0,36.9,19.7,78.0,91
2024-02-17 22:00:00,21.7,42,951.4,7.6,0.0,68.5,46.6,707.0,32.7,25.5,89.0,92
2024-02-17 23:00:00,21.4,44,951.0,5.4,0.0,79.9,54.1,721.0,28.1,30.1,100.0,92
2024-02-18 00:00:00,21.2,47,950.3,10.0,0.0,89.4,60.3,717.0,24.0,32.5,107.0,92
2024-02-18 01:00:00,20.6,49,949.5,9.0,0.0,94.8,64.0,697.0,19.4,33.6,114.0,93
2024-02-18 02:00:00,19.2,53,948.7,5.9,0.0,97.8,65.7,684.0,16.0,34.5,117.0,93
2024-02-18 03:00:00,18.6,53,948.1,7.1,0.0,98.5,66.1,678.0,13.7,35.6,116.0,93
2024-02-18 04:00:00,19.4,49,948.1,4.8,0.0,100.1,67.3,679.0,12.5,36.5,111.0,93
2024-02-18 05:00:00,18.5,53,948.5,6.0,0.0,103.6,69.6,739.0,16.2,35.3,95.0,93
2024-02-18 06:00:00,17.8,71,949.4,7.2,0.0,108.0,72.4,855.0,23.1,36.3,91.0,97
2024-02-18 07:00:00,19.1,66,950.2,5.2,0.0,116.2,78.0,1005.0,32.1,37.4,86.0,101
2024-02-18 08:00:00,22.9,52,951.6,5.6,0.0,123.9,83.4,1036.0,35.3,35.8,90.0,107
2024-02-18 09:00:00,26.9,39,952.9,5.0,0.0,101.0,67.3,833.0,26.9,29.2,112.0,113
2024-02-18 10:00:00,29.8,29,953.3,5.5,0.0,57.2,37.6,512.0,12.6,19.9,143.0,118
2024-02-18 11:00:00,31.9,21,952.7,4.3,0.0,42.8,28.1,273.0,2.0,12.8,166.0,121
2024-02-18 12:00:00,32.9,19,951.7,1.1,0.0,36.9,24.3,210.0,0.0,9.9,172.0,123
2024-02-18 13:00:00,33.6,18,950.3,4.1,0.0,34.8,23.0,229.0,0.3,9.1,169.0,124
2024-02-18 14:00:00,34.2,17,949.3,8.6,0.0,34.8,23.1,252.0,1.6,8.8,166.0,125
2024-02-18 15:00:00,34.6,16,948.4,9.7,0.0,35.2,23.3,245.0,1.3,8.5,169.0,126
2024-02-18 16:00:00,34.2,16,948.1,12.9,0.0,35.4,23.5,242.0,1.2,8.6,173.0,126
2024-02-18 17:00:00,32.7,16,948.2,15.6,0.0,38.4,25.7,293.0,3.8,10.9,177.0,137
2024-02-18 18:00:00,28.6,18,948.9,6.6,0.0,42.8,28.8,353.0,9.1,12.7,160.0,150
2024-02-18 19:00:00,26.9,27,949.7,10.1,0.0,48.9,33.1,437.0,16.3,15.5,135.0,153
2024-02-18 20:00:00,23.9,42,950.2,8.3,0.0,53.1,36.0,508.0,21.6,18.8,118.0,147
2024-02-18 21:00:00,23.7,42,950.9,6.8,0.0,58.9,39.9,552.0,23.1,23.4,114.0,136
2024-02-18 22:00:00,22.9,44,950.9,6.4,0.0,66.8,45.4,583.0,22.7,28.5,117.0,130
2024-02-18 23:00:00,21.4,48,950.6,5.5,0.0,72.9,49.4,605.0,21.7,32.1,118.0,130
2024-02-19 00:00:00,21.5,47,950.3,7.6,0.0,75.7,51.3,618.0,20.4,32.8,113.0,130
2024-02-19 01:00:00,21.1,47,949.7,9.7,0.0,77.8,52.6,623.0,18.6,31.9,107.0,129
2024-02-19 02:00:00,20.7,46,948.9,10.5,0.0,79.4,53.7,625.0,17.0,31.2,101.0,127
2024-02-19 03:00:00,20.0,46,948.3,7.1,0.0,80.1,54.2,615.0,14.9,31.4,98.0,126
2024-02-19 04:00:00,20.3,45,948.9,3.1,0.0,80.1,54.1,602.0,13.0,31.8,95.0,125
2024-02-19 05:00:00,19.3,50,948.7,3.1,0.0,70.5,48.0,597.0,13.2,31.8,90.0,124
2024-02-19 06:00:00,18.6,51,949.4,3.4,0.0,71.0,48.2,715.0,21.4,33.6,84.0,121
2024-02-19 07:00:00,19.3,52,950.5,4.9,0.0,75.7,51.7,868.0,32.2,35.7,76.0,119
2024-02-19 08:00:00,23.5,38,952.0,4.3,0.0,85.7,58.7,912.0,36.6,34.8,76.0,116
2024-02-19 09:00:00,27.3,24,953.2,2.6,0.0,62.9,43.0,739.0,28.3,27.8,93.0,113
2024-02-19 10:00:00,29.7,18,953.8,5.1,0.0,39.8,27.1,457.0,13.5,17.7,118.0,111
2024-02-19 11:00:00,31.3,16,953.3,4.5,0.0,27.1,18.3,246.0,2.5,10.0,137.0,110
2024-02-19 12:00:00,32.3,15,952.2,4.0,0.0,22.6,15.3,188.0,0.0,7.0,144.0,109
2024-02-19 13:00:00,33.0,14,951.1,4.7,0.0,21.5,14.5,202.0,0.5,6.4,145.0,108
2024-02-19 14:00:00,33.7,14,950.0,6.6,0.0,22.0,14.8,221.0,1.7,6.3,146.0,107
2024-02-19 15:00:00,33.9,13,949.4,13.5,0.0,23.2,15.7,220.0,1.6,6.2,151.0,106
2024-02-19 16:00:00,33.2,14,948.9,15.0,0.0,24.7,16.6,225.0,1.9,6.7,156.0,105
2024-02-19 17:00:00,31.9,16,949.2,14.1,0.0,22.4,15.2,241.0,3.6,8.2,158.0,105
2024-02-19 18:00:00,29.2,18,950.0,17.1,0.0,27.1,18.5,276.0,7.3,10.2,144.0,112
2024-02-19 19:00:00,27.2,20,950.5,12.3,0.0,31.0,21.1,326.0,12.4,13.1,124.0,118
2024-02-19 20:00:00,25.4,21,951.0,8.9,0.0,34.0,23.2,375.0,16.9,15.9,105.0,115
2024-02-19 21:00:00,24.2,22,951.7,8.3,0.0,36.7,25.0,420.0,20.2,18.6,90.0,107
2024-02-19 22:00:00,22.1,26,951.6,7.2,0.0,39.0,26.7,463.0,23.0,21.2,77.0,99
2024-02-19 23:00:00,22.3,26,951.4,6.9,0.0,41.2,28.3,494.0,24.6,23.0,67.0,97
2024-02-20 00:00:00,21.8,28,950.8,7.7,0.0,42.0,28.9,507.0,24.7,23.6,60.0,96
2024-02-20 01:00:00,20.0,34,950.1,7.2,0.0,42.0,28.9,508.0,23.7,23.4,56.0,94
2024-02-20 02:00:00,20.1,35,949.9,6.6,0.0,41.3,28.3,505.0,22.5,23.1,52.0,92
2024-02-20 03:00:00,20.7,34,949.8,4.8,0.0,40.0,27.5,488.0,20.7,22.7,47.0,90
2024-02-20 04:00:00,17.8,43,949.1,7.1,0.0,38.4,26.4,468.0,18.6,22.1,42.0,88
2024-02-20 05:00:00,18.2,41,949.3,5.6,0.0,42.1,28.9,499.0,18.2,24.6,47.0,86
2024-02-20 06:00:00,19.1,60,950.3,8.3,0.0,42.0,28.9,558.0,21.2,25.3,45.0,84
2024-02-20 07:00:00,19.1,61,950.9,8.6,0.0,44.8,30.9,632.0,25.0,26.1,44.0,83
2024-02-20 08:00:00,21.8,52,952.5,0.4,0.0,48.4,33.4,644.0,25.5,24.9,49.0,81
2024-02-20 09:00:00,24.7,41,953.7,4.6,0.0,33.2,22.6,530.0,19.3,19.8,68.0,79
2024-02-20 10:00:00,27.8,29,954.4,4.5,0.0,23.2,15.6,352.0,9.6,12.7,94.0,77
2024-02-20 11:00:00,29.9,24,953.8,2.2,0.0,18.7,12.7,221.0,2.5,7.3,115.0,77
2024-02-20 12:00:00,31.4,21,952.5,3.8,0.0,18.1,12.2,187.0,0.5,5.4,127.0,76
2024-02-20 13:00:00,32.7,19,951.4,6.6,0.0,19.2,13.0,200.0,1.0,5.3,133.0,76
2024-02-20 14:00:00,33.7,16,950.2,12.2,0.0,19.6,13.3,212.0,1.8,5.5,136.0,76
2024-02-20 15:00:00,33.4,15,949.6,18.9,0.0,18.9,12.8,203.0,1.7,5.3,135.0,76
2024-02-20 16:00:00,31.9,18,949.5,21.5,0.0,17.5,11.9,194.0,1.9,5.3,131.0,75
2024-02-20 17:00:00,30.2,21,949.6,20.1,0.0,17.1,11.4,195.0,3.2,5.8,115.0,75
2024-02-20 18:00:00,28.2,21,950.2,16.1,0.0,21.2,14.2,235.0,7.0,8.4,106.0,76
2024-02-20 19:00:00,26.3,25,950.6,13.2,0.0,26.4,17.8,293.0,12.2,11.9,94.0,79
2024-02-20 20:00:00,24.8,30,951.3,10.9,0.0,32.1,21.5,352.0,17.1,15.2,82.0,74
2024-02-20 21:00:00,23.4,36,951.7,9.4,0.0,36.9,24.9,418.0,21.4,17.7,70.0,74
2024-02-20 22:00:00,22.3,42,951.8,9.8,0.0,41.1,27.8,486.0,25.2,19.8,58.0,74
2024-02-20 23:00:00,21.3,46,951.6,9.7,0.0,43.9,29.6,526.0,27.0,21.5,49.0,74
2024-02-21 00:00:00,20.4,50,950.9,9.7,0.0,44.6,30.0,520.0,25.3,22.6,47.0,74
2024-02-21 01:00:00,19.6,55,950.0,9.7,0.0,44.9,30.3,486.0,21.4,23.2,48.0,74
2024-02-21 02:00:00,19.0,58,949.3,9.6,0.0,44.5,29.8,452.0,18.2,23.6,49.0,74
2024-02-21 03:00:00,18.4,61,948.8,9.9,0.0,42.8,28.8,421.0,16.3,24.0,47.0,74
2024-02-21 04:00:00,17.9,62,948.7,9.5,0.0,40.4,27.1,389.0,15.1,24.2,44.0,75
2024-02-21 05:00:00,17.5,63,949.0,9.9,0.0,42.5,28.4,401.0,13.9,26.4,51.0,75
2024-02-21 06:00:00,18.1,83,949.7,9.6,0.0,41.0,27.5,436.0,16.0,27.4,47.0,75
2024-02-21 07:00:00,18.2,82,950.5,10.1,0.0,42.3,28.3,479.0,18.7,28.6,42.0,74
2024-02-21 08:00:00,21.5,66,951.6,9.7,0.0,43.5,29.3,484.0,19.0,27.6,45.0,74
2024-02-21 09:00:00,25.2,43,952.5,12.4,0.0,32.8,21.9,411.0,14.6,22.4,61.0,74
2024-02-21 10:00:00,27.8,30,953.0,15.0,0.0,23.7,15.8,299.0,7.9,15.0,85.0,74
2024-02-21 11:00:00,29.7,23,952.4,15.4,0.0,20.8,13.2,215.0,2.8,9.3,104.0,74
2024-02-21 12:00:00,31.0,20,951.3,16.2,0.0,20.3,11.4,190.0,1.2,7.0,114.0,74
2024-02-21 13:00:00,31.5,19,950.3,17.4,0.0,21.9,10.5,192.0,1.4,6.5,119.0,74
2024-02-21 14:00:00,31.4,21,949.5,18.5,0.0,25.4,11.7,199.0,1.8,6.5,123.0,74
2024-02-21 15:00:00,30.7,24,949.0,18.9,0.0,27.8,12.7,199.0,1.8,6.7,129.0,74
2024-02-21 16:00:00,29.8,27,948.9,18.5,0.0,29.0,13.5,203.0,2.0,7.5,133.0,74
2024-02-21 17:00:00,28.4,31,949.3,18.2,0.0,26.3,13.8,237.0,3.8,10.1,143.0,74
2024-02-21 18:00:00,26.3,40,949.4,17.7,0.0,29.0,17.1,256.0,6.5,12.1,132.0,74
2024-02-21 19:00:00,24.1,50,950.0,15.5,0.0,29.9,18.6,283.0,10.4,14.9,117.0,79
2024-02-21 20:00:00,22.3,62,950.8,12.3,0.0,31.2,19.8,314.0,13.9,17.5,102.0,81
2024-02-21 21:00:00,20.9,70,951.3,9.0,0.0,33.9,21.7,353.0,17.0,19.5,88.0,79
2024-02-21 22:00:00,19.9,75,951.2,7.7,0.0,37.0,23.8,395.0,19.7,21.3,74.0,74
2024-02-21 23:00:00,19.0,80,950.9,8.1,0.0,39.3,25.3,422.0,21.3,22.6,63.0,73
2024-02-22 00:00:00,18.3,84,950.2,9.1,0.0,39.7,25.5,424.0,20.9,23.3,57.0,73
2024-02-22 01:00:00,17.8,87,949.7,9.7,0.0,38.6,25.0,411.0,19.2,23.5,55.0,73
2024-02-22 02:00:00,17.3,89,948.7,9.7,0.0,38.3,24.8,398.0,17.7,23.7,52.0,72
2024-02-22 03:00:00,16.8,92,948.4,9.0,0.0,39.0,24.9,385.0,16.6,24.1,48.0,72
2024-02-22 04:00:00,16.4,94,948.5,6.9,0.0,39.8,25.0,372.0,15.7,24.4,44.0,72
2024-02-22 05:00:00,16.2,92,948.9,5.8,0.0,39.9,24.9,371.0,14.8,25.7,46.0,72
2024-02-22 06:00:00,17.1,98,949.9,10.7,0.0,44.5,26.6,383.0,15.8,26.7,45.0,71
2024-02-22 07:00:00,17.0,98,950.7,11.8,0.0,48.8,28.3,398.0,16.9,27.8,43.0,71
2024-02-22 08:00:00,18.9,88,951.9,11.3,0.0,53.6,26.4,387.0,16.3,26.7,48.0,71
2024-02-22 09:00:00,22.7,66,953.1,12.2,0.0,71.0,20.3,326.0,12.3,21.2,63.0,71
2024-02-22 10:00:00,26.2,47,953.4,13.5,0.0,85.7,23.9,240.0,6.6,13.6,84.0,71
2024-02-22 11:00:00,28.6,32,952.9,15.2,0.0,88.9,25.1,178.0,2.4,7.9,102.0,71
2024-02-22 12:00:00,29.9,25,951.6,16.1,0.0,79.4,23.9,165.0,1.2,6.2,112.0,72
2024-02-22 13:00:00,30.5,23,950.6,17.3,0.0,72.4,23.9,177.0,1.5,6.5,118.0,73
2024-02-22 14:00:00,30.5,24,949.9,18.4,0.0,68.7,24.8,190.0,2.0,7.2,125.0,74
2024-02-22 15:00:00,30.1,26,949.3,18.7,0.0,66.6,26.1,196.0,2.2,7.9,135.0,75
2024-02-22 16:00:00,29.3,28,949.4,18.5,0.0,65.7,27.4,203.0,2.6,9.1,146.0,76
2024-02-22 17:00:00,27.9,30,949.7,17.7,0.0,56.0,24.2,217.0,3.7,9.5,145.0,78
2024-02-22 18:00:00,26.1,24,949.8,17.4,0.0,50.3,26.2,235.0,5.9,12.1,141.0,78
2024-02-22 19:00:00,23.8,33,950.3,16.6,0.0,51.9,28.7,261.0,9.1,15.8,135.0,84
2024-02-22 20:00:00,22.2,41,951.1,14.6,0.0,52.4,29.0,292.0,12.1,18.9,126.0,91
2024-02-22 21:00:00,20.6,49,951.8,10.8,0.0,53.4,30.2,330.0,15.0,20.9,112.0,94
2024-02-22 22:00:00,19.3,58,951.8,8.7,0.0,55.6,32.0,373.0,17.8,22.3,95.0,93
2024-02-22 23:00:00,18.4,63,951.6,9.3,0.0,57.2,32.7,404.0,19.6,23.2,81.0,87
2024-02-23 00:00:00,17.8,63,951.0,8.8,0.0,58.1,32.4,415.0,19.6,23.3,73.0,83
2024-02-23 01:00:00,17.2,59,950.5,6.6,0.0,59.1,31.9,415.0,18.5,22.9,67.0,83
2024-02-23 02:00:00,16.9,55,949.8,6.6,0.0,59.6,31.1,414.0,17.6,22.5,62.0,84
2024-02-23 03:00:00,16.0,54,949.2,5.2,0.0,61.0,30.4,413.0,17.0,22.4,56.0,84
2024-02-23 04:00:00,15.0,57,949.1,6.3,0.0,63.1,29.7,411.0,16.5,22.3,51.0,85
2024-02-23 05:00:00,16.2,53,949.8,3.1,0.0,72.4,35.5,425.0,14.5,25.3,65.0,85
2024-02-23 06:00:00,15.5,80,950.4,5.6,0.0,78.2,37.1,491.0,17.7,25.1,60.0,86
2024-02-23 07:00:00,15.6,81,951.3,5.1,0.0,85.0,40.4,576.0,21.9,24.6,53.0,87
2024-02-23 08:00:00,18.4,69,952.7,2.5,0.0,93.8,42.1,596.0,22.8,22.6,55.0,88
2024-02-23 09:00:00,21.8,55,953.5,1.4,0.0,136.4,32.5,486.0,17.3,17.6,72.0,89
2024-02-23 10:00:00,24.5,46,953.5,6.3,0.0,118.3,29.8,311.0,8.6,11.1,97.0,90
2024-02-23 11:00:00,26.7,36,952.9,6.8,0.0,87.8,24.9,182.0,2.1,6.3,117.0,90
2024-02-23 12:00:00,28.5,27,951.7,4.5,0.0,72.2,22.1,150.0,0.4,4.6,127.0,90
2024-02-23 13:00:00,29.9,22,950.5,1.8,0.0,63.1,20.4,164.0,0.9,4.6,132.0,90
2024-02-23 14:00:00,30.8,21,949.7,3.0,0.0,56.7,19.6,180.0,1.7,4.9,136.0,90
2024-02-23 15:00:00,31.2,18,948.9,8.3,0.0,52.0,19.3,180.0,1.6,5.1,142.0,89
2024-02-23 16:00:00,31.0,16,948.7,10.1,0.0,49.5,19.6,184.0,1.6,5.6,148.0,89
2024-02-23 17:00:00,30.3,17,948.8,10.1,0.0,38.3,15.4,181.0,3.1,5.1,138.0,88
2024-02-23 18:00:00,26.5,16,948.4,7.6,0.0,34.8,18.2,239.0,8.9,6.9,122.0,88
2024-02-23 19:00:00,24.9,20,948.8,9.2,0.0,35.7,21.8,318.0,16.9,9.6,100.0,92
2024-02-23 20:00:00,23.4,36,950.2,11.6,0.0,36.1,23.2,383.0,22.8,12.4,82.0,89
2024-02-23 21:00:00,21.2,48,950.4,5.8,0.0,36.6,24.1,416.0,24.8,15.4,74.0,86
2024-02-23 22:00:00,19.8,57,950.3,5.5,0.0,39.0,25.8,434.0,24.7,18.6,70.0,85
2024-02-23 23:00:00,19.6,61,950.3,7.7,0.0,41.7,27.3,446.0,24.2,20.9,66.0,85
2024-02-24 00:00:00,18.8,65,949.8,7.2,0.0,43.2,27.9,453.0,23.7,21.8,61.0,84
2024-02-24 01:00:00,17.7,70,949.3,4.6,0.0,44.9,28.6,455.0,22.8,21.9,56.0,84
2024-02-24 02:00:00,16.7,73,948.7,5.4,0.0,47.0,29.4,456.0,21.8,21.8,52.0,84
2024-02-24 03:00:00,18.5,63,948.7,2.5,0.0,48.5,29.8,452.0,20.4,21.9,48.0,84
2024-02-24 04:00:00,18.0,64,948.5,1.1,0.0,49.4,29.8,447.0,19.0,21.9,45.0,84
2024-02-24 05:00:00,17.5,64,948.6,2.1,0.0,55.8,32.8,481.0,19.9,23.1,44.0,84
2024-02-24 06:00:00,15.4,76,948.8,3.6,0.0,58.0,33.9,543.0,22.2,23.4,46.0,83
2024-02-24 07:00:00,14.6,81,949.6,3.8,0.0,62.9,37.4,623.0,25.1,23.6,51.0,83
2024-02-24 08:00:00,18.2,61,951.2,1.8,0.0,65.4,39.1,640.0,24.9,22.4,63.0,83
2024-02-24 09:00:00,22.3,41,952.4,3.0,0.0,50.1,27.0,533.0,18.6,18.6,91.0,83
2024-02-24 10:00:00,25.5,29,953.0,6.8,0.0,41.0,20.8,363.0,9.2,13.5,126.0,82
2024-02-24 11:00:00,28.0,22,952.7,4.9,0.0,36.9,18.6,234.0,2.3,9.6,152.0,82
2024-02-24 12:00:00,30.1,17,951.6,1.1,0.0,33.4,17.2,192.0,0.4,7.9,159.0,81
2024-02-24 13:00:00,31.3,16,950.5,6.5,0.0,28.9,15.4,190.0,1.0,7.4,156.0,81
2024-02-24 14:00:00,32.2,17,949.3,8.4,0.0,25.7,14.2,191.0,1.8,7.3,152.0,80
2024-02-24 15:00:00,33.0,15,948.3,11.5,0.0,23.5,13.5,180.0,1.8,7.2,151.0,80
2024-02-24 16:00:00,32.1,13,948.1,17.4,0.0,21.7,12.8,172.0,2.0,7.4,150.0,90
2024-02-24 17:00:00,30.2,12,948.5,18.0,0.0,22.4,13.9,210.0,3.6,9.0,167.0,108
2024-02-24 18:00:00,27.0,11,949.1,11.8,0.0,25.8,16.8,233.0,6.4,9.9,152.0,125
2024-02-24 19:00:00,24.7,10,949.2,9.9,0.0,26.3,17.3,268.0,10.4,11.3,131.0,130
2024-02-24 20:00:00,22.3,12,949.6,7.4,0.0,26.8,17.9,317.0,15.1,13.2,110.0,126
2024-02-24 21:00:00,20.8,15,950.0,7.2,0.0,29.9,20.2,395.0,21.3,16.2,90.0,115
2024-02-24 22:00:00,21.6,14,950.5,3.8,0.0,34.9,23.7,487.0,28.2,19.6,71.0,101
2024-02-24 23:00:00,23.0,12,950.7,2.5,0.0,39.3,26.8,546.0,32.1,21.4,58.0,84
2024-02-25 00:00:00,18.7,18,949.9,9.4,0.0,40.3,27.4,547.0,30.9,20.4,54.0,77
2024-02-25 01:00:00,18.3,19,949.4,9.0,0.0,37.6,25.6,516.0,26.8,17.9,55.0,77
2024-02-25 02:00:00,19.1,19,949.0,6.8,0.0,33.1,22.4,480.0,22.6,15.4,58.0,77
2024-02-25 03:00:00,20.2,18,948.9,2.5,0.0,29.3,19.7,441.0,18.7,13.5,60.0,77
2024-02-25 04:00:00,19.3,20,948.7,2.5,0.0,27.2,18.1,398.0,14.8,11.7,64.0,76
2024-02-25 05:00:00,18.6,22,948.9,4.1,0.0,30.3,20.2,434.0,15.9,12.3,60.0,75
2024-02-25 06:00:00,18.0,27,949.7,2.2,0.0,31.1,20.6,484.0,18.6,12.2,59.0,74
2024-02-25 07:00:00,18.1,28,950.1,3.3,0.0,35.7,23.9,548.0,22.0,12.0,58.0,73
2024-02-25 08:00:00,19.7,26,951.1,3.0,0.0,38.6,25.8,563.0,22.4,11.3,66.0,72
2024-02-25 09:00:00,22.7,22,951.9,3.8,0.0,27.0,16.9,479.0,16.9,9.5,92.0,71
2024-02-25 10:00:00,26.0,19,952.2,7.2,0.0,26.1,16.2,346.0,8.5,7.1,127.0,70
2024-02-25 11:00:00,28.5,16,951.8,11.8,0.0,25.9,16.0,246.0,2.2,5.3,153.0,70
2024-02-25 12:00:00,30.5,15,950.7,12.1,0.0,25.4,15.7,217.0,0.5,4.5,161.0,69
2024-02-25 13:00:00,31.9,15,949.6,10.7,0.0,24.9,15.5,222.0,0.9,4.2,160.0,69
2024-02-25 14:00:00,33.0,14,948.6,8.5,0.0,24.6,15.4,230.0,1.6,4.1,159.0,69
2024-02-25 15:00:00,33.2,15,947.8,5.4,0.0,24.9,15.7,221.0,1.0,4.0,162.0,74
2024-02-25 16:00:00,32.9,15,947.5,5.2,0.0,25.3,16.0,214.0,0.7,4.1,165.0,96
2024-02-25 17:00:00,32.0,16,947.6,9.5,0.0,41.1,26.1,266.0,3.7,4.2,169.0,117
2024-02-25 18:00:00,28.8,16,947.9,11.5,0.0,41.6,27.4,355.0,12.3,6.3,145.0,134
2024-02-25 19:00:00,26.9,19,948.3,7.7,0.0,46.9,31.5,480.0,24.3,9.4,111.0,138
2024-02-25 20:00:00,24.8,21,948.9,7.8,0.0,51.8,35.0,593.0,34.0,12.6,83.0,129
2024-02-25 21:00:00,23.5,24,949.5,8.2,0.0,57.6,39.2,682.0,39.7,16.2,65.0,112
2024-02-25 22:00:00,20.5,32,949.0,8.9,0.0,62.4,42.8,759.0,43.1,19.9,53.0,92
2024-02-25 23:00:00,20.7,33,948.8,6.1,0.0,62.6,43.0,806.0,44.4,22.6,45.0,77
2024-02-26 00:00:00,22.6,30,949.0,3.3,0.0,61.9,42.3,810.0,42.9,23.8,43.0,78
2024-02-26 01:00:00,21.9,32,948.3,3.4,0.0,62.4,42.5,785.0,39.2,23.9,45.0,79
2024-02-26 02:00:00,20.7,34,947.8,3.4,0.0,64.5,43.8,756.0,35.1,23.5,47.0,81
2024-02-26 03:00:00,18.4,39,947.2,3.5,0.0,64.5,43.7,732.0,30.7,22.6,48.0,82
2024-02-26 04:00:00,16.6,45,946.9,4.3,0.0,61.0,41.3,704.0,25.8,21.2,49.0,84
2024-02-26 05:00:00,16.6,44,947.3,3.9,0.0,70.3,47.5,847.0,34.4,24.7,41.0,86
2024-02-26 06:00:00,16.6,64,948.4,4.2,0.0,67.1,45.3,847.0,32.8,22.5,48.0,88
2024-02-26 07:00:00,17.3,62,949.5,4.1,0.0,66.4,45.1,842.0,30.2,19.4,60.0,90
2024-02-26 08:00:00,20.7,49,951.2,0.4,0.0,63.6,43.0,795.0,26.0,16.4,75.0,92
2024-02-26 09:00:00,24.5,40,952.1,4.0,0.0,51.3,33.2,666.0,18.4,13.6,98.0,93
2024-02-26 10:00:00,27.8,40,952.2,7.7,0.0,53.2,34.3,495.0,9.1,10.8,125.0,95
2024-02-26 11:00:00,30.7,38,951.8,8.6,0.0,53.6,34.5,368.0,2.4,8.6,147.0,96
2024-02-26 12:00:00,32.8,32,950.8,7.2,0.0,50.9,32.7,327.0,0.5,7.3,160.0,97
2024-02-26 13:00:00,34.4,28,949.7,6.8,0.0,49.0,31.5,329.0,1.1,6.5,167.0,99
2024-02-26 14:00:00,34.9,25,948.7,8.6,0.0,48.3,31.2,333.0,2.0,6.1,171.0,100
2024-02-26 15:00:00,34.8,24,948.0,11.0,0.0,48.0,31.1,318.0,1.7,5.7,173.0,102
2024-02-26 16:00:00,34.3,23,947.6,9.9,0.0,47.5,30.7,304.0,1.5,5.6,173.0,104
2024-02-26 17:00:00,33.3,23,947.8,7.1,0.0,70.3,44.9,312.0,3.5,5.9,157.0,125
2024-02-26 18:00:00,32.4,24,948.3,14.1,0.0,67.5,43.7,380.0,10.2,7.2,137.0,137
2024-02-26 19:00:00,27.2,39,949.2,16.6,0.0,68.2,44.5,473.0,19.3,9.2,110.0,140
2024-02-26 20:00:00,26.2,42,950.4,10.1,0.0,71.2,46.4,540.0,25.1,11.9,93.0,132
2024-02-26 21:00:00,25.2,43,951.1,6.5,0.0,71.2,46.2,555.0,24.3,16.1,96.0,118
2024-02-26 22:00:00,24.7,45,951.1,6.8,0.0,75.7,48.8,544.0,20.1,21.0,110.0,112
2024-02-26 23:00:00,23.8,48,950.9,5.1,0.0,82.4,52.6,534.0,16.5,24.7,119.0,112
2024-02-27 00:00:00,23.0,52,950.4,6.5,0.0,85.4,54.1,534.0,14.6,26.2,119.0,113
2024-02-27 01:00:00,22.5,53,949.8,5.2,0.0,87.3,54.9,535.0,13.3,26.4,115.0,115
2024-02-27 02:00:00,22.6,53,949.5,4.9,0.0,88.9,55.9,542.0,12.5,26.7,110.0,116
2024-02-27 03:00:00,21.8,57,949.2,5.2,0.0,90.1,56.6,558.0,12.1,27.6,104.0,117
2024-02-27 04:00:00,21.3,57,949.4,4.8,0.0,91.0,57.0,580.0,12.3,28.5,97.0,119
2024-02-27 05:00:00,21.3,55,949.5,2.3,0.0,92.0,58.2,520.0,8.3,25.0,116.0,120
2024-02-27 06:00:00,20.9,56,950.1,3.1,0.0,93.6,59.3,610.0,15.0,25.2,105.0,121
2024-02-27 07:00:00,22.2,52,951.1,5.0,0.0,99.4,63.1,729.0,23.8,25.3,91.0,123
2024-02-27 08:00:00,25.9,42,952.6,3.2,0.0,105.9,67.5,773.0,27.7,24.2,89.0,125
2024-02-27 09:00:00,28.3,34,953.6,3.9,0.0,97.3,61.7,670.0,21.6,20.8,112.0,127
2024-02-27 10:00:00,30.4,32,953.6,6.4,0.0,87.3,55.6,492.0,10.5,16.3,148.0,130
2024-02-27 11:00:00,32.2,27,953.2,8.7,0.0,82.2,52.2,357.0,2.2,12.6,174.0,132
2024-02-27 12:00:00,33.6,24,952.2,9.7,0.0,77.1,48.9,316.0,0.2,10.8,181.0,134
2024-02-27 13:00:00,34.8,22,951.0,10.3,0.0,74.0,47.1,318.0,1.0,9.9,180.0,136
2024-02-27 14:00:00,35.1,22,950.0,5.9,0.0,74.0,47.1,324.0,2.0,9.3,177.0,138
2024-02-27 15:00:00,35.0,22,949.1,6.4,0.0,74.5,47.5,320.0,2.2,8.8,177.0,139
2024-02-27 16:00:00,34.6,22,948.8,7.9,0.0,74.3,47.5,319.0,2.7,8.7,177.0,141
2024-02-27 17:00:00,32.5,27,949.1,14.4,0.0,73.1,46.3,325.0,3.9,10.5,179.0,149
2024-02-27 18:00:00,29.6,32,949.3,22.0,0.0,78.7,50.3,360.0,6.5,12.9,171.0,160
2024-02-27 19:00:00,28.8,32,949.9,17.9,0.0,81.0,52.0,410.0,10.3,16.2,160.0,163
2024-02-27 20:00:00,27.4,32,950.7,12.3,0.0,82.4,52.7,452.0,13.5,18.7,146.0,161
2024-02-27 21:00:00,26.0,31,951.7,10.2,0.0,81.0,51.7,480.0,15.9,19.9,128.0,155
2024-02-27 22:00:00,25.0,32,951.9,8.6,0.0,78.5,50.2,500.0,17.9,20.4,107.0,146
2024-02-27 23:00:00,23.3,38,951.6,5.9,0.0,75.7,48.4,510.0,18.9,20.1,89.0,146
2024-02-28 00:00:00,23.2,39,951.3,2.8,0.0,71.2,45.6,507.0,18.5,18.7,78.0,145
2024-02-28 01:00:00,25.0,34,951.4,2.4,0.0,67.1,42.8,495.0,17.1,16.5,70.0,144
2024-02-28 02:00:00,24.5,35,950.9,3.8,0.0,63.8,40.6,479.0,15.4,14.4,64.0,143
2024-02-28 03:00:00,24.1,37,950.5,2.6,0.0,61.5,39.1,455.0,13.0,12.6,61.0,141
2024-02-28 04:00:00,23.2,39,950.1,4.7,0.0,59.8,38.2,428.0,10.4,11.0,59.0,140
2024-02-28 05:00:00,22.0,43,950.0,4.3,0.0,58.0,37.0,426.0,10.3,11.0,62.0,138
2024-02-28 06:00:00,22.3,44,951.1,2.7,0.0,59.1,37.8,477.0,13.5,11.7,60.0,135
2024-02-28 07:00:00,22.1,46,951.8,3.4,0.0,63.6,41.1,543.0,17.7,12.6,58.0,133
2024-02-28 08:00:00,24.2,42,953.0,2.7,0.0,68.7,44.5,559.0,19.0,12.4,63.0,131
2024-02-28 09:00:00,27.0,40,954.0,8.6,0.0,62.9,40.6,477.0,14.5,10.0,80.0,129
2024-02-28 10:00:00,29.5,38,953.8,11.6,0.0,57.4,36.7,345.0,7.1,6.5,104.0,126
2024-02-28 11:00:00,31.4,33,953.3,11.9,0.0,55.4,35.0,247.0,1.6,3.9,122.0,124
2024-02-28 12:00:00,32.2,30,952.2,10.5,0.0,52.9,33.4,220.0,0.2,3.2,129.0,123
2024-02-28 13:00:00,33.0,29,950.9,8.1,0.0,50.5,32.0,227.0,0.8,3.5,129.0,121
2024-02-28 14:00:00,33.5,26,950.1,7.8,0.0,55.8,34.8,236.0,1.5,3.8,129.0,119
2024-02-28 15:00:00,33.6,25,949.5,7.7,0.0,49.2,31.2,226.0,0.8,3.4,131.0,118
2024-02-28 16:00:00,33.5,25,948.9,7.9,0.0,49.2,31.1,219.0,0.2,3.1,133.0,116
2024-02-28 17:00:00,32.4,27,948.9,8.2,0.0,61.2,37.7,252.0,3.0,3.5,129.0,115
2024-02-28 18:00:00,31.1,26,949.0,11.4,0.0,62.6,39.5,353.0,14.1,6.4,110.0,114
2024-02-28 19:00:00,29.9,27,949.0,11.9,0.0,68.5,44.1,493.0,29.4,10.3,83.0,113
2024-02-28 20:00:00,30.1,27,950.1,2.5,0.0,73.1,47.5,606.0,40.2,13.5,62.0,112
2024-02-28 21:00:00,26.7,35,950.8,9.8,0.0,75.4,49.1,671.0,42.8,15.3,53.0,111
2024-02-28 22:00:00,25.5,41,951.1,6.8,0.0,76.4,49.9,708.0,41.0,16.3,49.0,111
2024-02-28 23:00:00,24.0,46,950.7,4.4,0.0,75.2,49.1,716.0,37.5,16.3,48.0,111
2024-02-29 00:00:00,23.1,49,950.0,2.3,0.0,71.7,46.6,684.0,32.5,14.9,48.0,111
2024-02-29 01:00:00,24.9,43,949.9,1.8,0.0,66.6,43.3,622.0,25.8,12.6,50.0,111
2024-02-29 02:00:00,24.7,43,949.3,1.0,0.0,60.8,39.3,558.0,19.7,10.5,52.0,111
2024-02-29 03:00:00,24.2,44,948.9,2.4,0.0,55.4,35.9,493.0,14.7,8.8,55.0,111
2024-02-29 04:00:00,22.5,49,948.8,3.3,0.0,50.8,32.8,425.0,10.4,7.4,58.0,111
2024-02-29 05:00:00,21.4,53,948.9,2.9,0.0,47.6,30.2,291.0,3.8,4.1,77.0,110
2024-02-29 06:00:00,22.3,56,950.1,8.1,0.0,48.5,30.9,323.0,6.1,5.1,72.0,110
2024-02-29 07:00:00,23.1,55,951.1,10.0,0.0,49.6,31.9,365.0,9.0,6.3,65.0,109
2024-02-29 08:00:00,26.3,47,952.3,10.5,0.0,48.5,31.7,382.0,10.3,7.0,66.0,108
2024-02-29 09:00:00,29.4,39,953.3,16.6,0.0,39.6,25.7,349.0,8.2,6.5,83.0,106
2024-02-29 10:00:00,31.8,29,953.4,17.1,0.0,33.2,21.7,290.0,4.4,5.4,107.0,105
2024-02-29 11:00:00,33.4,24,953.1,13.6,0.0,37.5,23.3,243.0,1.5,4.5,125.0,103
2024-02-29 12:00:00,34.2,20,952.0,10.4,0.0,41.6,23.3,225.0,0.7,4.0,130.0,102
2024-02-29 13:00:00,34.7,19,951.3,10.8,0.0,40.2,21.3,219.0,0.9,3.7,128.0,101
2024-02-29 14:00:00,35.1,19,950.2,11.2,0.0,38.4,20.0,216.0,1.3,3.5,126.0,100
2024-02-29 15:00:00,34.8,18,949.2,12.2,0.0,37.0,19.3,203.0,0.5,3.0,126.0,99
2024-02-29 16:00:00,34.2,18,949.0,15.5,0.0,36.0,18.8,193.0,0.0,2.6,126.0,98
2024-02-29 17:00:00,33.6,19,949.0,12.4,0.0,40.4,21.9,220.0,2.8,3.0,123.0,97
2024-02-29 18:00:00,29.7,20,948.8,8.8,0.0,38.8,23.3,277.0,9.2,4.8,110.0,96
2024-02-29 19:00:00,27.8,20,949.0,7.5,0.0,40.9,25.6,358.0,18.2,7.5,91.0,94
2024-02-29 20:00:00,27.4,21,950.3,8.1,0.0,44.6,28.4,442.0,26.0,10.5,75.0,93
2024-02-29 21:00:00,27.0,33,951.4,11.9,0.0,50.1,32.2,526.0,31.8,14.0,66.0,91
2024-02-29 22:00:00,25.7,37,951.9,11.4,0.0,54.1,35.2,612.0,36.4,17.8,59.0,90
2024-02-29 23:00:00,24.7,41,951.7,5.5,0.0,61.5,40.4,683.0,38.5,21.0,55.0,89
2024-03-01 00:00:00,23.6,44,951.1,5.3,0.0,69.4,45.9,731.0,36.9,23.0,53.0,88
2024-03-01 01:00:00,22.5,48,950.4,6.3,0.0,78.7,51.8,763.0,32.9,24.3,53.0,88
2024-03-01 02:00:00,21.7,51,949.7,6.5,0.0,87.1,56.8,785.0,29.0,25.6,54.0,89
2024-03-01 03:00:00,20.9,54,949.0,6.0,0.0,95.2,61.5,790.0,25.4,27.1,56.0,90
2024-03-01 04:00:00,20.9,53,949.1,3.9,0.0,101.5,64.7,784.0,22.0,28.5,60.0,92
2024-03-01 05:00:00,24.1,41,950.1,2.4,0.0,84.8,54.8,850.0,37.5,28.6,31.0,95
2024-03-01 06:00:00,22.8,48,951.0,5.2,0.0,85.7,55.5,931.0,39.6,28.3,37.0,97
2024-03-01 07:00:00,22.5,50,951.8,6.3,0.0,89.2,58.3,1033.0,42.0,27.5,46.0,99
2024-03-01 08:00:00,25.1,42,952.8,7.3,0.0,90.6,60.1,1029.0,39.9,25.1,60.0,101
2024-03-01 09:00:00,28.7,32,953.6,6.9,0.0,61.2,39.6,816.0,28.8,19.4,82.0,104
2024-03-01 10:00:00,31.6,26,953.9,7.2,0.0,44.9,29.5,498.0,13.3,11.9,109.0,105
2024-03-01 11:00:00,33.6,23,953.4,2.5,0.0,37.5,24.7,263.0,1.9,6.4,129.0,106
2024-03-01 12:00:00,34.9,20,952.2,5.9,0.0,35.2,23.1,199.0,0.0,4.6,135.0,106
2024-03-01 13:00:00,35.8,19,951.2,10.1,0.0,34.7,22.7,218.0,0.2,4.7,134.0,106
2024-03-01 14:00:00,35.5,19,950.4,8.8,0.0,34.1,22.4,242.0,1.7,5.0,133.0,106
2024-03-01 15:00:00,35.0,19,949.9,10.7,0.0,35.5,23.2,239.0,1.7,4.7,134.0,107
2024-03-01 16:00:00,34.3,21,949.5,12.1,0.0,36.7,24.0,241.0,2.0,4.7,135.0,107
2024-03-01 17:00:00,32.5,24,949.5,15.5,0.0,53.3,34.5,261.0,3.7,5.5,132.0,108
2024-03-01 18:00:00,31.2,28,949.3,12.5,0.0,56.5,36.7,325.0,9.3,8.3,122.0,109
2024-03-01 19:00:00,29.6,32,949.5,11.9,0.0,61.7,40.4,414.0,16.9,12.3,109.0,110
2024-03-01 20:00:00,28.1,38,950.6,13.6,0.0,66.1,43.3,488.0,21.8,16.3,102.0,112
2024-03-01 21:00:00,26.5,45,951.5,10.8,0.0,73.6,48.0,531.0,21.6,20.4,108.0,113
2024-03-01 22:00:00,25.3,49,951.8,6.8,0.0,82.4,53.4,559.0,18.8,24.6,119.0,115
2024-03-01 23:00:00,23.7,53,951.8,4.8,0.0,89.4,57.7,578.0,16.0,27.7,126.0,117
2024-03-02 00:00:00,23.7,53,951.4,11.5,0.0,93.4,60.1,588.0,14.1,29.0,123.0,119
2024-03-02 01:00:00,23.1,52,950.6,12.3,0.0,95.0,61.0,588.0,12.4,29.1,114.0,120
2024-03-02 02:00:00,22.4,52,950.2,9.7,0.0,95.5,61.2,586.0,11.1,29.0,105.0,121
2024-03-02 03:00:00,22.0,51,949.6,8.2,0.0,95.2,60.8,579.0,10.2,28.8,94.0,122
2024-03-02 04:00:00,21.9,48,949.3,9.7,0.0,93.1,59.3,569.0,9.7,28.2,83.0,122
2024-03-02 05:00:00,21.4,48,949.4,6.6,0.0,91.5,58.2,562.0,9.4,30.2,90.0,121
2024-03-02 06:00:00,21.2,57,950.0,6.5,0.0,89.9,57.5,560.0,11.9,31.1,84.0,121
2024-03-02 07:00:00,21.8,55,951.1,7.2,0.0,88.0,56.2,553.0,15.3,32.1,76.0,122
2024-03-02 08:00:00,24.9,45,952.6,5.2,0.0,83.4,53.1,519.0,16.3,30.7,76.0,121
2024-03-02 09:00:00,27.7,35,953.4,6.5,0.0,58.7,36.7,431.0,12.9,24.7,90.0,121
2024-03-02 10:00:00,30.6,29,953.4,8.0,0.0,44.6,27.4,315.0,7.1,16.3,111.0,120
2024-03-02 11:00:00,32.8,24,952.8,9.0,0.0,39.5,24.5,230.0,2.8,9.9,128.0,120
2024-03-02 12:00:00,34.1,20,951.4,15.8,0.0,36.8,23.2,204.0,1.4,7.5,136.0,120
2024-03-02 13:00:00,34.5,19,950.4,20.9,0.0,33.4,21.2,209.0,1.4,7.0,139.0,120
2024-03-02 14:00:00,33.9,21,949.5,23.1,0.0,30.3,19.4,216.0,1.7,6.9,140.0,120
2024-03-02 15:00:00,32.7,24,949.0,24.5,0.0,28.1,18.0,213.0,1.7,6.4,140.0,120
2024-03-02 16:00:00,31.2,27,948.7,23.7,0.0,27.2,17.6,211.0,1.9,6.4,138.0,119
2024-03-02 17:00:00,29.8,34,948.9,21.0,0.0,35.0,22.2,233.0,3.0,6.7,133.0,118
2024-03-02 18:00:00,28.4,39,949.5,19.1,0.0,36.3,23.3,255.0,5.8,9.4,125.0,117
2024-03-02 19:00:00,25.9,50,950.0,17.1,0.0,40.2,26.0,287.0,9.7,13.1,114.0,116
2024-03-02 20:00:00,24.2,61,950.9,14.4,0.0,43.5,28.3,314.0,12.8,16.1,103.0,114
2024-03-02 21:00:00,22.8,70,951.2,12.6,0.0,45.8,29.8,334.0,14.5,17.8,92.0,113
2024-03-02 22:00:00,21.7,77,951.6,11.2,0.0,47.1,30.6,351.0,15.5,18.8,80.0,111
2024-03-02 23:00:00,20.8,83,951.6,10.2,0.0,47.3,30.7,357.0,15.7,19.4,71.0,108
2024-03-03 00:00:00,20.1,86,951.0,10.7,0.0,46.0,29.8,348.0,14.9,19.5,65.0,106
2024-03-03 01:00:00,19.5,90,950.2,11.2,0.0,42.8,28.3,329.0,13.5,19.1,60.0,103
2024-03-03 02:00:00,19.0,95,949.6,11.2,0.0,39.8,26.8,310.0,12.1,18.5,56.0,99
2024-03-03 03:00:00,18.6,97,949.4,9.1,0.0,38.1,25.9,295.0,11.1,17.6,52.0,97
2024-03-03 04:00:00,18.8,93,949.5,9.2,0.0,37.8,26.0,280.0,10.3,16.4,48.0,94
2024-03-03 05:00:00,18.6,91,949.8,11.1,0.0,28.2,19.6,230.0,8.2,12.6,47.0,91
2024-03-03 06:00:00,19.4,89,950.7,11.5,0.0,27.7,19.2,228.0,8.4,12.1,46.0,88
2024-03-03 07:00:00,19.9,86,951.3,12.9,0.0,27.8,18.8,224.0,8.6,11.5,46.0,85
2024-03-03 08:00:00,21.9,79,952.0,13.0,0.0,26.1,17.1,220.0,8.2,10.7,52.0,82
2024-03-03 09:00:00,24.7,65,952.6,15.9,0.0,22.9,14.4,215.0,6.6,9.7,68.0,79
2024-03-03 10:00:00,26.9,54,952.8,16.5,0.0,23.5,14.4,209.0,4.5,8.7,89.0,78
2024-03-03 11:00:00,29.0,44,952.4,19.0,0.0,25.3,15.2,206.0,2.8,7.8,108.0,77
2024-03-03 12:00:00,30.3,36,951.5,20.7,0.0,26.8,15.8,207.0,2.0,7.2,121.0,76
2024-03-03 13:00:00,31.1,31,950.6,21.1,0.0,27.4,16.1,210.0,1.7,6.7,132.0,75
2024-03-03 14:00:00,31.1,30,949.5,22.2,0.0,27.3,15.9,213.0,1.7,6.5,139.0,75
2024-03-03 15:00:00,30.6,32,949.0,21.0,0.0,27.8,16.3,211.0,1.7,6.4,142.0,75
2024-03-03 16:00:00,29.8,32,948.7,19.6,0.0,28.3,16.8,209.0,2.0,6.7,142.0,75
2024-03-03 17:00:00,28.3,34,949.1,18.7,0.0,31.4,19.2,209.0,3.1,5.5,127.0,74
2024-03-03 18:00:00,26.2,39,949.4,14.1,0.0,34.1,20.8,232.0,6.0,8.2,120.0,79
2024-03-03 19:00:00,24.3,44,950.0,13.4,0.0,37.8,23.5,265.0,10.2,11.9,109.0,86
2024-03-03 20:00:00,22.7,52,950.5,11.6,0.0,41.4,25.6,301.0,14.0,15.3,98.0,86
2024-03-03 21:00:00,21.3,62,950.8,10.0,0.0,44.4,27.5,342.0,17.3,17.8,85.0,81
2024-03-03 22:00:00,20.0,74,951.0,8.0,0.0,47.3,29.5,386.0,20.3,19.8,72.0,73
2024-03-03 23:00:00,19.0,80,950.7,5.9,0.0,49.6,30.6,415.0,22.0,21.5,61.0,73
2024-03-04 00:00:00,18.0,86,950.1,5.2,0.0,50.1,30.5,417.0,21.5,22.7,56.0,73
2024-03-04 01:00:00,17.3,91,949.3,5.5,0.0,50.2,30.0,403.0,19.8,23.6,54.0,73
2024-03-04 02:00:00,16.6,95,948.7,5.9,0.0,50.8,29.6,391.0,18.2,24.2,52.0,74
2024-03-04 03:00:00,16.2,97,948.5,5.7,0.0,51.8,29.4,383.0,17.3,24.5,48.0,74
2024-03-04 04:00:00,15.7,97,948.2,5.9,0.0,53.3,30.0,377.0,16.5,24.7,44.0,74
2024-03-04 05:00:00,15.2,99,948.0,7.6,0.0,51.6,27.4,324.0,13.5,23.3,48.0,74
2024-03-04 06:00:00,15.4,92,949.1,6.1,0.0,52.9,27.5,356.0,15.3,24.3,49.0,75
2024-03-04 07:00:00,16.7,85,950.2,1.3,0.0,54.9,30.4,398.0,17.5,25.5,50.0,76
2024-03-04 08:00:00,19.3,66,951.8,5.5,0.0,62.2,28.9,407.0,17.8,25.1,58.0,77
2024-03-04 09:00:00,23.1,38,952.9,4.3,0.0,49.0,20.5,353.0,14.1,21.7,77.0,77
2024-03-04 10:00:00,26.5,21,953.4,4.7,0.0,42.1,16.9,268.0,8.4,16.7,102.0,78
2024-03-04 11:00:00,29.2,16,953.0,6.9,0.0,42.1,13.1,203.0,4.0,12.6,121.0,78
2024-03-04 12:00:00,31.1,15,952.3,11.3,0.0,51.8,14.5,183.0,2.3,10.3,129.0,78
2024-03-04 13:00:00,32.3,14,951.4,14.5,0.0,54.0,15.9,184.0,2.0,8.9,131.0,78
2024-03-04 14:00:00,32.4,15,950.4,17.4,0.0,50.1,16.4,188.0,2.0,8.1,132.0,78
2024-03-04 15:00:00,32.0,16,949.8,18.1,0.0,46.2,16.9,185.0,1.7,7.9,135.0,78
2024-03-04 16:00:00,30.9,18,949.5,18.7,0.0,43.5,17.4,186.0,1.9,8.3,137.0,78
2024-03-04 17:00:00,29.3,21,949.8,18.0,0.0,40.0,17.6,194.0,3.5,9.5,126.0,78
2024-03-04 18:00:00,27.6,18,950.2,14.2,0.0,36.8,19.8,230.0,7.4,11.7,116.0,82
2024-03-04 19:00:00,25.3,21,950.5,11.8,0.0,37.3,22.5,283.0,13.0,14.7,103.0,85
2024-03-04 20:00:00,23.5,25,950.9,7.8,0.0,39.0,24.7,337.0,18.0,17.6,90.0,81
2024-03-04 21:00:00,21.7,33,951.0,6.1,0.0,42.0,27.1,395.0,22.0,20.1,79.0,78
2024-03-04 22:00:00,20.3,41,951.0,5.8,0.0,45.6,29.7,455.0,25.4,22.4,68.0,78
2024-03-04 23:00:00,18.6,50,950.7,8.0,0.0,48.3,31.4,500.0,27.6,23.9,59.0,78
2024-03-05 00:00:00,18.5,53,950.5,6.2,0.0,49.2,31.8,523.0,28.2,24.2,52.0,78
2024-03-05 01:00:00,19.0,51,950.3,3.4,0.0,50.2,32.2,531.0,27.5,23.6,46.0,78
2024-03-05 02:00:00,18.2,54,949.6,2.9,0.0,51.1,32.6,530.0,26.1,22.7,42.0,78
2024-03-05 03:00:00,17.6,57,949.3,1.3,0.0,49.8,31.9,517.0,23.8,21.6,40.0,78
2024-03-05 04:00:00,17.6,52,949.4,4.4,0.0,47.5,30.3,494.0,20.9,20.2,39.0,78
2024-03-05 05:00:00,17.7,46,949.7,2.5,0.0,54.9,33.9,519.0,20.6,25.1,40.0,78
2024-03-05 06:00:00,14.5,84,949.6,5.6,0.0,58.6,35.3,546.0,21.3,25.6,46.0,79
2024-03-05 07:00:00,16.3,75,950.7,5.2,0.0,64.7,39.3,579.0,22.0,26.1,56.0,80
2024-03-05 08:00:00,19.9,58,952.4,0.8,0.0,62.6,37.4,570.0,20.7,24.7,69.0,80
2024-03-05 09:00:00,24.1,33,953.6,3.1,0.0,37.8,21.4,476.0,15.2,19.7,90.0,81
2024-03-05 10:00:00,27.3,23,954.1,6.3,0.0,32.2,18.3,340.0,7.7,12.8,115.0,81
2024-03-05 11:00:00,29.8,19,953.5,8.0,0.0,32.0,16.9,239.0,2.2,7.5,134.0,81
2024-03-05 12:00:00,31.4,17,952.2,6.0,0.0,32.5,17.2,210.0,0.6,5.5,141.0,81
2024-03-05 13:00:00,32.6,17,951.0,2.3,0.0,31.9,17.5,217.0,1.1,5.2,141.0,82
2024-03-05 14:00:00,33.7,17,949.7,3.8,0.0,29.7,17.1,223.0,1.7,5.2,139.0,82
2024-03-05 15:00:00,34.6,17,948.5,8.0,0.0,28.6,16.4,211.0,1.6,4.4,133.0,82
2024-03-05 16:00:00,34.0,17,948.2,17.8,0.0,27.5,15.9,199.0,1.7,4.0,124.0,82
2024-03-05 17:00:00,32.3,19,948.5,19.0,0.0,28.5,17.1,211.0,2.9,4.7,121.0,83
2024-03-05 18:00:00,29.2,20,949.1,19.5,0.0,32.8,20.8,259.0,6.1,10.6,132.0,89
2024-03-05 19:00:00,25.7,30,949.7,15.7,0.0,42.0,27.2,327.0,10.6,18.7,146.0,93
2024-03-05 20:00:00,23.9,36,950.4,13.0,0.0,53.8,34.8,391.0,14.2,25.4,153.0,96
2024-03-05 21:00:00,22.5,42,951.1,7.7,0.0,62.2,40.2,444.0,16.1,29.3,148.0,98
2024-03-05 22:00:00,21.6,45,951.0,8.0,0.0,68.0,43.9,492.0,17.1,31.7,135.0,100
2024-03-05 23:00:00,20.9,49,950.8,7.1,0.0,71.9,46.3,529.0,17.6,32.8,122.0,99
2024-03-06 00:00:00,19.2,57,950.2,6.9,0.0,73.3,47.0,547.0,17.4,32.2,109.0,96
2024-03-06 01:00:00,21.1,50,950.3,1.6,0.0,73.1,46.9,554.0,16.7,30.4,96.0,93
2024-03-06 02:00:00,19.8,54,949.6,1.9,0.0,73.1,46.8,560.0,16.1,29.0,85.0,88
2024-03-06 03:00:00,18.1,60,949.1,4.0,0.0,73.8,47.0,568.0,15.6,28.8,76.0,90
2024-03-06 04:00:00,17.0,66,949.0,6.0,0.0,76.1,47.8,576.0,15.2,29.0,70.0,91
2024-03-06 05:00:00,16.7,68,949.2,5.9,0.0,73.8,46.4,604.0,16.3,30.8,71.0,92
2024-03-06 06:00:00,16.7,76,949.8,4.4,0.0,76.1,47.5,666.0,19.6,31.3,77.0,93
2024-03-06 07:00:00,18.2,69,950.9,2.3,0.0,81.3,51.0,743.0,23.9,31.7,85.0,94
2024-03-06 08:00:00,22.0,53,952.4,1.1,0.0,85.4,53.4,746.0,24.7,29.8,94.0,95
2024-03-06 09:00:00,26.0,39,953.4,3.6,0.0,52.9,31.1,602.0,18.7,23.4,105.0,96
2024-03-06 10:00:00,29.4,25,953.8,4.7,0.0,37.5,21.4,383.0,9.2,14.8,117.0,97
2024-03-06 11:00:00,31.6,19,953.2,1.6,0.0,30.0,17.2,219.0,2.2,8.3,124.0,97
2024-03-06 12:00:00,33.4,17,951.9,7.5,0.0,25.9,15.3,167.0,0.3,5.9,122.0,97
2024-03-06 13:00:00,34.9,15,950.5,14.0,0.0,23.7,14.4,168.0,0.8,5.6,116.0,97
2024-03-06 14:00:00,34.3,14,949.5,22.7,0.0,22.3,13.8,180.0,1.6,6.5,115.0,97
2024-03-06 15:00:00,33.4,15,948.8,21.7,0.0,22.7,14.3,186.0,1.7,8.4,126.0,97
2024-03-06 16:00:00,32.3,15,948.4,21.0,0.0,24.9,15.9,201.0,2.2,11.4,142.0,97
2024-03-06 17:00:00,30.7,16,948.7,18.6,0.0,24.8,16.4,244.0,3.8,14.2,150.0,97
2024-03-06 18:00:00,28.1,16,949.6,14.2,0.0,34.2,22.9,286.0,7.0,17.7,148.0,96
2024-03-06 19:00:00,25.8,17,950.1,10.9,0.0,40.4,27.2,347.0,11.5,22.6,145.0,97
2024-03-06 20:00:00,24.0,17,950.7,9.8,0.0,43.5,29.5,409.0,15.8,26.7,138.0,97
2024-03-06 21:00:00,22.6,19,951.4,9.0,0.0,46.9,31.8,474.0,20.0,29.5,123.0,96
2024-03-06 22:00:00,21.5,20,951.5,8.1,0.0,51.3,34.9,540.0,24.1,31.5,104.0,98
2024-03-06 23:00:00,20.5,23,951.1,8.6,0.0,54.7,37.3,584.0,26.4,32.7,89.0,95
2024-03-07 00:00:00,19.6,25,950.2,8.9,0.0,55.8,38.0,591.0,25.5,32.7,82.0,94
2024-03-07 01:00:00,18.6,27,949.1,6.8,0.0,56.0,38.2,576.0,22.8,31.8,79.0,93
2024-03-07 02:00:00,16.9,31,948.2,7.2,0.0,55.9,38.1,564.0,20.6,30.9,76.0,93
2024-03-07 03:00:00,19.2,25,948.3,1.4,0.0,55.5,37.8,561.0,19.6,30.5,70.0,92
2024-03-07 04:00:00,17.8,29,948.0,3.8,0.0,54.8,37.5,560.0,19.0,30.1,65.0,91
2024-03-07 05:00:00,18.6,25,948.7,2.2,0.0,56.5,38.6,602.0,20.1,30.5,61.0,91
2024-03-07 06:00:00,14.4,42,948.9,4.3,0.0,58.1,39.8,648.0,21.9,29.8,65.0,90
2024-03-07 07:00:00,16.4,46,950.0,4.3,0.0,63.1,43.3,704.0,24.0,28.5,71.0,89
2024-03-07 08:00:00,21.0,29,951.9,2.1,0.0,63.1,43.5,698.0,23.4,26.3,83.0,89
2024-03-07 09:00:00,25.3,19,953.1,2.3,0.0,46.0,31.1,570.0,17.4,22.2,106.0,88
2024-03-07 10:00:00,28.6,14,953.5,4.9,0.0,39.0,22.6,379.0,8.7,17.1,134.0,88
2024-03-07 11:00:00,31.0,14,952.9,5.4,0.0,34.5,14.6,236.0,2.3,12.8,153.0,88
2024-03-07 12:00:00,32.8,12,951.8,2.9,0.0,31.9,12.4,191.0,0.5,10.1,156.0,88
2024-03-07 13:00:00,33.9,11,950.7,3.4,0.0,29.8,12.0,193.0,1.0,8.2,150.0,88
2024-03-07 14:00:00,34.5,10,949.2,4.7,0.0,29.5,12.4,201.0,1.8,7.1,146.0,87
2024-03-07 15:00:00,34.7,11,948.5,7.3,0.0,30.3,12.9,197.0,1.8,6.7,149.0,87
2024-03-07 16:00:00,34.4,12,948.1,10.1,0.0,32.1,13.7,199.0,1.9,7.2,153.0,96
2024-03-07 17:00:00,33.1,14,948.3,16.1,0.0,26.9,11.5,201.0,3.2,7.9,145.0,111
2024-03-07 18:00:00,30.6,16,949.2,17.8,0.0,30.3,16.0,241.0,7.2,10.1,133.0,119
2024-03-07 19:00:00,28.2,20,949.9,16.4,0.0,32.6,19.6,299.0,12.7,13.2,116.0,119
2024-03-07 20:00:00,26.3,23,950.7,8.7,0.0,35.7,22.4,355.0,17.4,16.2,101.0,111
2024-03-07 21:00:00,23.8,29,951.1,10.2,0.0,39.2,25.2,409.0,20.6,19.3,90.0,99
2024-03-07 22:00:00,23.5,30,951.3,7.0,0.0,43.2,28.0,462.0,23.0,22.4,80.0,86
2024-03-07 23:00:00,22.1,36,950.9,7.9,0.0,45.8,29.7,495.0,24.0,24.0,72.0,84
2024-03-08 00:00:00,24.0,32,951.1,5.5,0.0,45.5,29.5,497.0,23.0,23.1,66.0,83
2024-03-08 01:00:00,23.8,32,950.8,3.6,0.0,43.4,27.8,480.0,20.7,20.7,62.0,83
2024-03-08 02:00:00,23.3,33,950.3,2.8,0.0,40.2,25.3,458.0,18.3,18.4,60.0,82
2024-03-08 03:00:00,22.9,33,950.1,1.9,0.0,36.9,22.6,431.0,16.1,16.6,59.0,81
2024-03-08 04:00:00,22.3,33,950.0,3.9,0.0,34.7,20.8,399.0,14.0,14.7,59.0,80
2024-03-08 05:00:00,21.0,35,950.0,6.6,0.0,31.7,18.5,363.0,12.2,12.1,61.0,78
2024-03-08 06:00:00,20.1,42,950.5,6.6,0.0,33.4,19.1,395.0,14.1,11.9,63.0,77
2024-03-08 07:00:00,21.0,42,951.5,4.7,0.0,38.9,22.7,435.0,16.5,11.6,66.0,75
2024-03-08 08:00:00,23.4,33,952.8,4.1,0.0,43.8,22.9,439.0,16.7,10.7,73.0,73
2024-03-08 09:00:00,26.3,27,953.7,6.4,0.0,42.0,17.2,372.0,12.6,8.6,88.0,72
2024-03-08 10:00:00,29.3,21,953.9,7.8,0.0,39.9,15.0,269.0,6.3,6.0,107.0,71
2024-03-08 11:00:00,31.7,18,953.3,8.0,0.0,44.8,14.0,193.0,1.7,4.0,121.0,70
2024-03-08 12:00:00,33.4,16,952.2,6.0,0.0,46.2,13.6,171.0,0.4,3.1,124.0,70
2024-03-08 13:00:00,34.5,15,951.0,3.3,0.0,44.9,13.2,176.0,0.8,2.9,121.0,70
2024-03-08 14:00:00,35.2,14,949.8,2.2,0.0,42.8,13.1,183.0,1.4,3.0,119.0,70
2024-03-08 15:00:00,35.5,13,949.2,10.9,0.0,40.5,13.1,182.0,1.3,3.2,124.0,70
2024-03-08 16:00:00,34.2,14,948.6,20.8,0.0,39.0,13.5,183.0,1.5,3.8,130.0,70
2024-03-08 17:00:00,33.5,13,948.8,14.4,0.0,36.8,13.3,202.0,2.9,4.8,126.0,70
2024-03-08 18:00:00,31.5,12,949.4,13.9,0.0,32.4,16.0,235.0,6.7,6.8,114.0,73
2024-03-08 19:00:00,27.4,15,949.6,9.2,0.0,31.2,18.2,282.0,12.0,9.7,96.0,75
2024-03-08 20:00:00,27.5,14,950.8,6.8,0.0,30.4,19.1,330.0,16.7,12.3,80.0,70
2024-03-08 21:00:00,27.7,14,951.8,5.2,0.0,30.7,20.1,381.0,20.5,14.4,67.0,70
2024-03-08 22:00:00,23.3,19,951.0,7.9,0.0,32.7,21.7,433.0,23.7,16.2,55.0,70
2024-03-08 23:00:00,25.8,17,951.5,4.8,0.0,34.5,22.8,466.0,25.3,17.0,46.0,69
2024-03-09 00:00:00,24.0,19,951.0,3.4,0.0,34.0,22.4,466.0,24.3,16.0,43.0,69
2024-03-09 01:00:00,24.6,18,951.2,2.4,0.0,32.4,20.8,447.0,21.7,14.0,43.0,68
2024-03-09 02:00:00,23.6,20,950.6,1.8,0.0,30.3,19.0,426.0,19.1,12.2,44.0,68
2024-03-09 03:00:00,22.6,22,950.2,3.2,0.0,28.3,17.5,404.0,16.8,11.3,45.0,67
2024-03-09 04:00:00,21.9,23,950.0,3.1,0.0,26.7,16.3,380.0,14.6,10.6,47.0,67
2024-03-09 05:00:00,21.2,25,950.1,1.9,0.0,31.0,19.4,468.0,19.7,13.5,38.0,66
2024-03-09 06:00:00,18.5,36,950.0,6.2,0.0,31.3,19.4,492.0,20.1,12.9,45.0,66
2024-03-09 07:00:00,21.8,30,951.5,1.0,0.0,36.2,22.9,522.0,20.3,12.1,55.0,66
2024-03-09 08:00:00,23.4,28,952.5,1.8,0.0,37.4,22.4,514.0,18.8,10.8,69.0,66
2024-03-09 09:00:00,26.6,24,953.6,5.5,0.0,28.3,13.9,432.0,13.7,8.6,91.0,66
2024-03-09 10:00:00,29.6,19,953.8,9.8,0.0,28.8,12.8,312.0,6.9,6.0,116.0,66
2024-03-09 11:00:00,31.9,16,953.4,12.3,0.0,29.6,12.6,223.0,1.9,4.1,135.0,66
2024-03-09 12:00:00,33.5,15,952.4,8.7,0.0,30.2,12.6,197.0,0.5,3.4,142.0,66
2024-03-09 13:00:00,34.5,14,951.2,4.4,0.0,29.7,13.0,202.0,0.9,3.3,142.0,66
2024-03-09 14:00:00,35.2,13,950.0,7.8,0.0,29.3,13.5,210.0,1.5,3.6,143.0,66
2024-03-09 15:00:00,34.9,13,949.0,12.3,0.0,28.9,14.2,209.0,1.5,3.9,149.0,66
2024-03-09 16:00:00,34.9,13,948.8,10.6,0.0,29.0,15.0,211.0,1.8,4.5,156.0,76
2024-03-09 17:00:00,34.2,13,948.8,14.7,0.0,27.8,14.7,212.0,3.2,7.6,149.0,95
2024-03-09 18:00:00,31.2,16,949.7,12.8,0.0,30.5,17.6,228.0,5.6,10.0,137.0,107
2024-03-09 19:00:00,28.9,19,950.1,15.3,0.0,31.5,19.4,252.0,9.1,13.4,121.0,112
2024-03-09 20:00:00,27.1,22,951.1,15.1,0.0,31.9,20.2,283.0,12.6,16.2,105.0,109
2024-03-09 21:00:00,25.5,25,951.8,10.9,0.0,33.2,21.4,327.0,15.9,17.8,90.0,101
2024-03-09 22:00:00,23.9,28,951.6,8.0,0.0,35.9,23.1,378.0,19.2,18.9,76.0,90
2024-03-09 23:00:00,22.8,30,951.4,6.1,0.0,38.2,24.6,421.0,21.8,19.4,64.0,76
2024-03-10 00:00:00,21.4,34,950.8,5.4,0.0,39.2,25.1,451.0,23.4,19.3,54.0,67
2024-03-10 01:00:00,20.8,35,949.9,6.5,0.0,39.6,25.4,472.0,24.4,18.7,46.0,67
2024-03-10 02:00:00,22.3,32,949.8,3.6,0.0,40.2,25.4,486.0,24.5,18.1,41.0,67
2024-03-10 03:00:00,21.4,34,949.5,3.2,0.0,40.9,25.4,488.0,23.5,17.5,37.0,68
2024-03-10 04:00:00,18.7,42,948.9,3.5,0.0,41.3,25.3,481.0,21.6,16.9,36.0,68
2024-03-10 05:00:00,17.7,46,949.1,4.2,0.0,36.7,22.7,423.0,15.9,12.8,51.0,69
2024-03-10 06:00:00,17.7,49,950.2,2.5,0.0,36.6,22.6,435.0,16.3,13.1,59.0,69
2024-03-10 07:00:00,19.3,45,951.3,3.6,0.0,40.4,25.3,448.0,16.6,13.5,70.0,70
2024-03-10 08:00:00,23.1,35,952.7,1.8,0.0,42.0,25.0,434.0,15.4,12.9,83.0,70
2024-03-10 09:00:00,27.4,26,953.9,1.5,0.0,35.4,19.6,366.0,11.3,10.4,99.0,70
2024-03-10 10:00:00,31.1,19,954.2,3.3,0.0,29.8,15.8,271.0,5.7,7.1,116.0,70
2024-03-10 11:00:00,33.5,15,954.0,5.0,0.0,29.4,15.0,202.0,1.7,4.6,130.0,71
2024-03-10 12:00:00,34.9,14,953.1,3.7,0.0,29.3,15.3,187.0,0.6,3.8,138.0,71
2024-03-10 13:00:00,35.9,14,951.9,6.8,0.0,29.1,15.7,198.0,1.0,4.0,142.0,71
2024-03-10 14:00:00,36.4,13,950.9,9.0,0.0,28.3,16.0,210.0,1.6,4.6,146.0,71
2024-03-10 15:00:00,36.5,13,950.1,12.2,0.0,27.9,16.1,211.0,1.7,5.4,153.0,72
2024-03-10 16:00:00,35.6,14,950.1,17.9,0.0,27.8,16.3,213.0,2.0,6.6,161.0,81
2024-03-10 17:00:00,34.0,15,950.6,19.5,0.0,35.4,20.7,248.0,3.4,7.6,164.0,97
2024-03-10 18:00:00,32.1,17,950.9,16.4,0.0,35.6,22.5,273.0,6.4,11.4,156.0,111
2024-03-10 19:00:00,29.7,16,951.5,16.6,0.0,38.0,24.6,309.0,10.7,16.7,144.0,120
2024-03-10 20:00:00,27.6,17,952.1,12.9,0.0,40.4,26.1,348.0,14.6,21.0,130.0,123
2024-03-10 21:00:00,26.0,22,952.9,9.9,0.0,42.0,27.2,392.0,17.8,23.2,113.0,121
2024-03-10 22:00:00,24.1,28,953.3,6.6,0.0,44.6,28.9,438.0,20.5,24.4,93.0,115
2024-03-10 23:00:00,22.9,31,953.2,6.6,0.0,46.8,30.4,472.0,22.2,24.9,77.0,103
2024-03-11 00:00:00,22.4,32,952.8,7.4,0.0,47.6,30.7,483.0,22.1,24.6,66.0,87
2024-03-11 01:00:00,22.0,32,951.8,8.8,0.0,47.6,30.6,482.0,20.9,23.5,59.0,75
2024-03-11 02:00:00,21.5,32,951.0,7.4,0.0,46.6,29.9,482.0,19.9,22.4,52.0,76
2024-03-11 03:00:00,20.6,34,950.7,6.1,0.0,45.4,29.0,487.0,19.7,21.3,44.0,76
2024-03-11 04:00:00,19.9,35,950.9,6.1,0.0,44.6,28.3,494.0,19.8,20.1,37.0,76
2024-03-11 05:00:00,20.3,32,951.8,6.5,0.0,49.9,31.3,548.0,22.0,25.0,40.0,77
2024-03-11 06:00:00,22.0,32,953.0,3.4,0.0,51.0,31.4,584.0,22.8,24.1,45.0,77
2024-03-11 07:00:00,20.4,39,953.6,3.1,0.0,56.1,34.6,627.0,23.7,22.8,53.0,78
2024-03-11 08:00:00,23.4,31,955.0,1.3,0.0,60.3,35.3,619.0,22.3,20.8,65.0,79
2024-03-11 09:00:00,27.3,23,956.2,4.7,0.0,64.0,27.9,508.0,16.4,17.6,86.0,80
2024-03-11 10:00:00,30.3,19,956.1,8.4,0.0,58.0,20.3,346.0,8.2,13.6,111.0,80
2024-03-11 11:00:00,32.5,17,955.5,8.8,0.0,53.0,18.9,226.0,2.2,10.4,130.0,81
2024-03-11 12:00:00,34.2,16,954.6,7.6,0.0,46.2,17.5,193.0,0.5,8.4,139.0,81
2024-03-11 13:00:00,35.3,15,953.4,5.1,0.0,42.4,17.1,202.0,0.9,7.0,143.0,81
2024-03-11 14:00:00,35.9,14,952.1,2.3,0.0,41.8,18.0,214.0,1.6,6.2,145.0,81
2024-03-11 15:00:00,36.0,14,951.1,4.2,0.0,42.7,19.4,210.0,1.5,5.7,149.0,81
2024-03-11 16:00:00,35.8,14,950.9,8.6,0.0,43.3,20.4,209.0,1.7,5.7,153.0,82
2024-03-11 17:00:00,35.2,14,951.0,10.9,0.0,45.8,21.5,225.0,3.1,6.4,140.0,91
2024-03-11 18:00:00,32.6,16,951.2,18.8,0.0,41.9,23.5,267.0,7.1,9.5,129.0,103
2024-03-11 19:00:00,30.3,17,951.8,18.6,0.0,43.1,26.5,326.0,12.7,13.8,113.0,106
2024-03-11 20:00:00,28.8,21,952.6,17.1,0.0,45.8,29.1,382.0,17.3,17.7,99.0,103
2024-03-11 21:00:00,26.8,28,953.3,11.0,0.0,49.0,31.7,432.0,20.2,20.8,88.0,94
2024-03-11 22:00:00,24.3,36,953.4,7.9,0.0,52.3,33.9,479.0,22.1,23.5,77.0,83
2024-03-11 23:00:00,23.6,38,953.1,6.1,0.0,54.1,35.0,510.0,22.9,24.8,69.0,83
2024-03-12 00:00:00,22.7,41,952.5,8.3,0.0,53.4,34.5,516.0,22.1,24.0,63.0,83
2024-03-12 01:00:00,22.1,42,951.7,7.3,0.0,51.9,33.3,507.0,20.1,22.0,59.0,84
2024-03-12 02:00:00,21.8,43,951.0,6.3,0.0,49.9,31.8,495.0,18.2,20.1,56.0,84
2024-03-12 03:00:00,21.4,44,950.4,6.5,0.0,47.5,30.0,480.0,16.4,19.0,54.0,84
2024-03-12 04:00:00,22.9,40,950.9,1.5,0.0,45.3,28.5,462.0,14.7,18.1,52.0,84
2024-03-12 05:00:00,22.5,41,951.2,1.9,0.0,59.1,36.3,485.0,15.1,26.1,64.0,84
2024-03-12 06:00:00,21.2,45,952.0,3.1,0.0,59.5,36.3,554.0,18.7,25.5,63.0,85
2024-03-12 07:00:00,20.6,55,952.5,3.3,0.0,62.9,39.0,644.0,23.4,24.6,63.0,85
2024-03-12 08:00:00,24.2,38,953.9,0.5,0.0,68.5,42.3,668.0,24.6,22.8,71.0,85
2024-03-12 09:00:00,28.3,28,955.2,2.1,0.0,61.7,32.8,561.0,18.7,19.4,94.0,86
2024-03-12 10:00:00,31.5,22,955.3,3.8,0.0,49.7,23.9,388.0,9.3,15.1,124.0,86
2024-03-12 11:00:00,34.0,16,954.7,1.5,0.0,46.6,21.3,258.0,2.3,11.7,147.0,87
2024-03-12 12:00:00,35.7,14,953.9,5.6,0.0,45.3,19.7,221.0,0.4,9.8,155.0,87
2024-03-12 13:00:00,36.6,13,952.5,8.6,0.0,44.4,19.6,227.0,1.0,8.7,156.0,87
2024-03-12 14:00:00,37.2,13,951.2,11.7,0.0,44.5,20.5,236.0,1.8,8.2,156.0,87
2024-03-12 15:00:00,36.9,14,950.3,18.0,0.0,43.9,20.1,230.0,1.8,8.0,158.0,87
2024-03-12 16:00:00,35.9,14,950.0,20.1,0.0,42.8,19.2,226.0,2.1,8.3,158.0,92
2024-03-12 17:00:00,34.3,16,950.4,20.5,0.0,45.9,18.6,233.0,3.2,8.8,140.0,111
2024-03-12 18:00:00,32.8,16,950.7,18.4,0.0,41.9,20.7,259.0,6.4,11.8,129.0,120
2024-03-12 19:00:00,30.3,21,951.0,16.9,0.0,41.8,23.1,298.0,10.9,15.9,114.0,122
2024-03-12 20:00:00,28.5,26,951.6,16.2,0.0,42.7,25.1,339.0,15.0,19.5,99.0,115
2024-03-12 21:00:00,26.8,31,951.9,14.5,0.0,44.8,27.3,388.0,18.4,21.9,86.0,103
2024-03-12 22:00:00,25.6,34,952.1,12.3,0.0,47.8,29.4,439.0,21.5,23.7,72.0,88
2024-03-12 23:00:00,24.7,36,951.7,10.8,0.0,50.3,30.9,475.0,23.1,24.7,62.0,86
2024-03-13 00:00:00,23.8,38,951.1,9.9,0.0,51.1,31.1,481.0,22.4,24.3,56.0,85
2024-03-13 01:00:00,22.9,38,950.1,8.9,0.0,50.9,30.9,471.0,20.3,23.1,52.0,85
2024-03-13 02:00:00,22.0,40,949.6,5.9,0.0,49.9,30.3,465.0,18.7,22.1,48.0,85
2024-03-13 03:00:00,21.5,41,949.3,5.9,0.0,48.8,29.3,467.0,18.3,21.9,43.0,85
2024-03-13 04:00:00,21.4,40,949.4,4.7,0.0,48.3,28.6,473.0,18.3,22.0,38.0,85
2024-03-13 05:00:00,19.9,44,949.3,7.1,0.0,59.4,34.0,471.0,15.2,28.2,51.0,85
2024-03-13 06:00:00,20.3,58,950.5,9.0,0.0,61.5,34.6,488.0,16.3,29.5,55.0,84
2024-03-13 07:00:00,20.7,57,951.4,10.2,0.0,65.4,36.4,506.0,17.6,31.2,61.0,84
2024-03-13 08:00:00,24.1,46,953.0,7.6,0.0,75.2,36.9,491.0,17.1,30.5,71.0,84
2024-03-13 09:00:00,27.2,36,953.7,8.1,0.0,64.7,21.1,409.0,13.0,25.5,89.0,84
2024-03-13 10:00:00,30.4,26,954.0,10.3,0.0,48.5,17.2,293.0,7.0,18.3,110.0,83
2024-03-13 11:00:00,33.3,17,953.4,12.5,0.0,36.2,14.3,205.0,2.6,12.5,126.0,82
2024-03-13 12:00:00,35.0,10,952.6,16.1,0.0,26.4,11.5,174.0,1.2,9.4,130.0,82
2024-03-13 13:00:00,35.4,9,951.6,18.1,0.0,20.5,9.7,172.0,1.3,7.7,128.0,81
2024-03-13 14:00:00,35.4,10,950.6,17.9,0.0,19.4,9.7,176.0,1.7,6.8,128.0,80
2024-03-13 15:00:00,35.1,10,949.8,17.7,0.0,20.8,10.7,176.0,1.6,6.7,134.0,79
2024-03-13 16:00:00,34.2,11,949.5,17.7,0.0,23.0,11.9,182.0,1.8,7.4,141.0,79
2024-03-13 17:00:00,32.7,15,949.8,17.1,0.0,33.8,15.2,220.0,3.4,7.9,139.0,78
2024-03-13 18:00:00,30.3,12,950.1,12.0,0.0,36.6,20.1,264.0,7.3,10.7,132.0,87
2024-03-13 19:00:00,27.8,16,950.4,10.4,0.0,41.8,25.0,326.0,12.7,14.7,121.0,92
2024-03-13 20:00:00,26.5,23,951.4,12.9,0.0,47.8,29.6,386.0,17.4,18.3,109.0,91
2024-03-13 21:00:00,24.6,35,952.2,12.1,0.0,52.7,33.2,441.0,20.7,21.0,96.0,86
2024-03-13 22:00:00,23.1,40,952.4,9.8,0.0,56.7,36.1,493.0,23.2,23.2,82.0,79
2024-03-13 23:00:00,22.2,43,952.0,10.1,0.0,59.8,38.1,529.0,24.5,24.7,71.0,79
2024-03-14 00:00:00,21.4,45,951.3,9.2,0.0,61.5,38.8,540.0,24.0,25.2,64.0,80
2024-03-14 01:00:00,20.6,47,950.7,6.2,0.0,62.4,39.0,535.0,22.4,25.0,60.0,80
2024-03-14 02:00:00,19.4,51,950.0,5.4,0.0,63.3,39.1,530.0,20.9,24.9,56.0,81
2024-03-14 03:00:00,18.9,53,949.7,5.9,0.0,64.3,38.9,527.0,19.9,25.2,51.0,82
2024-03-14 04:00:00,18.9,52,949.7,5.4,0.0,65.2,38.6,525.0,19.1,25.5,47.0,83
2024-03-14 05:00:00,17.3,58,949.7,6.9,0.0,67.5,39.5,517.0,17.1,27.9,56.0,83
2024-03-14 06:00:00,17.5,62,950.7,5.4,0.0,71.0,40.3,552.0,18.8,28.4,60.0,84
2024-03-14 07:00:00,19.1,56,951.9,6.3,0.0,77.3,43.3,594.0,20.9,28.7,67.0,84
2024-03-14 08:00:00,22.7,42,953.3,5.2,0.0,84.5,43.8,587.0,20.6,27.0,76.0,85
2024-03-14 09:00:00,26.6,30,954.3,6.0,0.0,79.6,24.7,480.0,15.5,21.1,90.0,85
2024-03-14 10:00:00,29.9,21,954.4,5.6,0.0,72.9,19.0,323.0,8.0,13.1,108.0,86
2024-03-14 11:00:00,32.4,15,953.8,6.0,0.0,71.7,18.5,208.0,2.4,7.1,121.0,86
2024-03-14 12:00:00,34.0,12,952.6,7.5,0.0,70.1,18.9,178.0,0.8,4.9,127.0,86
2024-03-14 13:00:00,35.0,11,951.7,10.4,0.0,63.6,18.6,190.0,1.2,4.8,130.0,87
2024-03-14 14:00:00,35.2,12,950.8,12.9,0.0,57.3,18.5,205.0,1.8,5.2,133.0,87
2024-03-14 15:00:00,34.7,13,949.9,14.9,0.0,53.3,19.0,208.0,1.9,5.7,141.0,88
2024-03-14 16:00:00,33.7,16,949.3,17.0,0.0,51.0,19.8,214.0,2.2,6.7,150.0,89
2024-03-14 17:00:00,32.1,20,949.4,17.8,0.0,47.3,20.3,222.0,3.3,6.7,134.0,89
2024-03-14 18:00:00,30.5,16,950.3,15.8,0.0,43.2,22.2,246.0,6.5,8.6,122.0,90
2024-03-14 19:00:00,28.2,18,950.3,14.3,0.0,44.0,24.7,282.0,10.9,11.4,106.0,92
2024-03-14 20:00:00,26.6,23,951.0,14.0,0.0,46.6,27.1,323.0,15.2,14.0,90.0,90
2024-03-14 21:00:00,24.7,30,951.4,8.8,0.0,49.9,29.6,377.0,19.2,16.2,76.0,90
2024-03-14 22:00:00,23.1,34,951.4,7.2,0.0,53.7,32.1,436.0,22.9,18.3,62.0,89
2024-03-14 23:00:00,22.2,37,951.2,7.3,0.0,56.6,33.8,477.0,25.0,19.9,52.0,89
2024-03-15 00:00:00,21.6,38,950.5,8.9,0.0,58.4,34.3,483.0,24.2,20.6,48.0,89
2024-03-15 01:00:00,21.0,38,949.7,8.2,0.0,60.1,34.6,469.0,21.7,20.8,47.0,88
2024-03-15 02:00:00,20.2,38,949.0,7.6,0.0,61.2,34.6,459.0,19.7,21.1,46.0,88
2024-03-15 03:00:00,19.7,38,948.5,5.9,0.0,61.9,34.2,459.0,19.1,21.8,42.0,88
2024-03-15 04:00:00,19.3,37,948.3,5.1,0.0,63.1,34.1,463.0,19.0,22.7,39.0,87
2024-03-15 05:00:00,18.2,39,948.3,5.6,0.0,69.4,36.6,422.0,15.5,27.8,51.0,87
2024-03-15 06:00:00,18.0,44,949.4,7.8,0.0,73.1,37.4,446.0,16.9,29.0,53.0,87
2024-03-15 07:00:00,19.7,41,950.6,7.3,0.0,77.1,40.3,476.0,18.7,30.4,57.0,86
2024-03-15 08:00:00,22.7,34,952.0,3.6,0.0,91.5,39.1,471.0,18.4,29.4,66.0,86
2024-03-15 09:00:00,26.3,24,953.6,6.1,0.0,85.0,25.7,395.0,14.1,23.8,83.0,86
2024-03-15 10:00:00,29.4,16,953.4,2.6,0.0,81.7,23.0,284.0,7.7,15.9,105.0,86
2024-03-15 11:00:00,31.5,12,952.7,6.0,0.0,79.4,22.5,204.0,3.0,9.8,123.0,86
2024-03-15 12:00:00,33.1,11,951.5,7.4,0.0,74.3,21.9,186.0,1.5,7.5,134.0,87
2024-03-15 13:00:00,34.1,12,950.5,8.7,0.0,66.1,21.5,199.0,1.7,7.1,141.0,87
2024-03-15 14:00:00,35.1,14,949.4,11.5,0.0,60.3,22.2,215.0,2.1,7.3,147.0,87
2024-03-15 15:00:00,34.9,15,948.5,18.2,0.0,56.6,23.3,221.0,2.0,7.5,156.0,87
2024-03-15 16:00:00,33.6,16,948.5,20.5,0.0,53.2,24.2,230.0,2.3,8.2,164.0,88
2024-03-15 17:00:00,31.9,19,948.8,19.2,0.0,51.9,26.2,232.0,3.6,9.5,165.0,91
2024-03-15 18:00:00,30.0,15,949.0,17.4,0.0,51.7,30.2,263.0,6.6,13.7,163.0,108
2024-03-15 19:00:00,27.4,23,949.8,16.4,0.0,56.3,34.8,307.0,10.9,19.6,159.0,120
2024-03-15 20:00:00,25.5,32,950.6,13.5,0.0,61.5,38.6,353.0,14.7,24.5,152.0,128
2024-03-15 21:00:00,23.6,41,951.1,5.4,0.0,65.4,41.6,405.0,17.8,27.2,137.0,132
2024-03-15 22:00:00,23.7,42,951.6,4.1,0.0,70.1,44.5,460.0,20.5,28.9,119.0,131
2024-03-15 23:00:00,23.2,43,951.4,4.7,0.0,74.3,46.8,496.0,21.6,30.0,104.0,125
2024-03-16 00:00:00,20.7,51,950.2,5.7,0.0,76.8,47.7,497.0,20.1,30.4,98.0,114
2024-03-16 01:00:00,20.3,52,949.4,5.5,0.0,78.5,47.8,480.0,17.0,30.3,96.0,100
2024-03-16 02:00:00,19.2,55,948.8,5.6,0.0,78.9,47.5,468.0,14.7,30.1,93.0,96
2024-03-16 03:00:00,20.6,48,948.7,3.1,0.0,78.2,46.7,472.0,14.1,30.0,85.0,97
2024-03-16 04:00:00,18.1,56,947.8,6.0,0.0,77.1,45.8,481.0,14.3,29.9,75.0,98
2024-03-16 05:00:00,17.7,57,948.0,7.2,0.0,68.0,41.1,508.0,14.5,23.2,78.0,99
2024-03-16 06:00:00,19.0,52,949.3,6.1,0.0,72.2,42.6,516.0,15.5,26.3,87.0,99
2024-03-16 07:00:00,20.0,50,950.3,3.0,0.0,77.1,45.8,524.0,16.7,30.3,100.0,99
2024-03-16 08:00:00,23.4,41,952.0,8.4,0.0,87.5,48.0,503.0,16.2,31.3,113.0,100
2024-03-16 09:00:00,27.2,33,952.8,8.1,0.0,73.1,35.9,426.0,12.4,26.6,128.0,101
2024-03-16 10:00:00,30.9,23,952.9,5.9,0.0,60.8,29.5,320.0,6.9,19.0,143.0,102
2024-03-16 11:00:00,33.2,19,952.3,1.3,0.0,55.8,28.9,243.0,2.8,12.8,154.0,103
2024-03-16 12:00:00,35.1,17,951.2,8.0,0.0,51.8,28.9,222.0,1.5,9.7,158.0,103
2024-03-16 13:00:00,35.6,17,950.3,17.8,0.0,48.4,27.9,230.0,1.5,7.9,158.0,104
2024-03-16 14:00:00,35.0,18,949.5,19.5,0.0,45.4,26.7,239.0,1.8,6.9,157.0,105
2024-03-16 15:00:00,34.7,19,949.0,20.1,0.0,43.2,25.8,238.0,1.7,6.2,157.0,105
2024-03-16 16:00:00,33.4,22,948.8,20.7,0.0,42.4,25.4,238.0,1.9,6.3,157.0,115
2024-03-16 17:00:00,31.8,25,949.2,20.2,0.0,50.5,28.5,247.0,3.5,10.4,163.0,124
2024-03-16 18:00:00,30.9,18,949.5,17.6,0.0,51.1,30.3,267.0,6.6,12.8,151.0,132
2024-03-16 19:00:00,28.9,20,950.0,16.9,0.0,55.8,33.5,297.0,10.9,16.2,135.0,133
2024-03-16 20:00:00,27.2,25,950.6,13.6,0.0,58.6,35.6,328.0,14.5,19.2,119.0,129
2024-03-16 21:00:00,25.6,34,951.1,11.5,0.0,61.2,37.7,361.0,16.8,21.5,106.0,121
2024-03-16 22:00:00,24.3,41,951.4,9.5,0.0,64.0,39.6,396.0,18.5,23.4,93.0,110
2024-03-16 23:00:00,23.3,44,951.1,8.4,0.0,66.6,41.1,424.0,19.5,24.8,83.0,104
2024-03-17 00:00:00,22.6,44,950.1,7.8,0.0,68.2,41.8,438.0,19.6,25.4,75.0,104
2024-03-17 01:00:00,21.4,44,949.1,5.4,0.0,68.9,42.1,444.0,19.1,25.5,70.0,103
2024-03-17 02:00:00,20.7,42,948.2,6.7,0.0,69.6,42.1,452.0,18.8,25.5,64.0,103
2024-03-17 03:00:00,20.1,43,947.6,7.6,0.0,70.5,42.1,464.0,18.9,25.6,55.0,102
2024-03-17 04:00:00,19.3,46,947.9,7.0,0.0,71.7,42.0,479.0,19.1,25.7,47.0,102
2024-03-17 05:00:00,20.1,45,948.8,4.1,0.0,61.9,36.9,521.0,16.4,15.5,61.0,101
2024-03-17 06:00:00,18.8,57,949.3,7.2,0.0,67.8,39.7,522.0,16.8,18.7,73.0,101
2024-03-17 07:00:00,20.2,53,950.6,4.2,0.0,73.1,43.3,519.0,17.1,22.8,91.0,100
2024-03-17 08:00:00,23.1,47,952.0,1.5,0.0,82.0,46.4,490.0,16.0,24.3,106.0,100
2024-03-17 09:00:00,27.2,35,952.8,3.2,0.0,66.8,35.4,408.0,12.0,20.5,117.0,100
2024-03-17 10:00:00,31.1,20,953.1,4.5,0.0,51.0,26.3,301.0,6.5,14.0,127.0,100
2024-03-17 11:00:00,33.1,17,952.8,4.2,0.0,47.1,25.8,223.0,2.4,9.0,135.0,100
2024-03-17 12:00:00,34.5,17,951.9,5.5,0.0,46.4,26.4,205.0,1.2,7.1,142.0,99
2024-03-17 13:00:00,36.0,16,950.7,10.6,0.0,46.1,26.8,217.0,1.4,6.5,148.0,99
2024-03-17 14:00:00,36.2,16,949.8,18.4,0.0,45.6,26.8,229.0,1.8,6.5,153.0,99
2024-03-17 15:00:00,35.2,16,949.2,19.8,0.0,44.5,26.5,228.0,1.9,6.4,156.0,99
2024-03-17 16:00:00,34.4,18,949.1,20.6,0.0,43.7,26.3,228.0,2.2,6.7,157.0,99
2024-03-17 17:00:00,32.4,22,949.5,23.9,0.0,55.8,33.1,254.0,3.7,12.5,173.0,108
2024-03-17 18:00:00,29.9,11,950.0,20.5,0.0,57.2,35.2,283.0,6.8,14.9,166.0,120
2024-03-17 19:00:00,28.0,13,950.4,15.0,0.0,58.9,36.8,325.0,11.2,18.2,155.0,128
2024-03-17 20:00:00,26.5,17,951.2,11.5,0.0,61.0,38.4,366.0,14.7,21.3,144.0,132
2024-03-17 21:00:00,25.4,22,951.8,9.4,0.0,63.8,40.4,409.0,16.9,23.9,133.0,133
2024-03-17 22:00:00,23.9,26,951.9,5.8,0.0,67.1,42.5,452.0,18.2,26.2,122.0,130
2024-03-17 23:00:00,23.0,27,951.1,5.6,0.0,69.8,43.9,475.0,18.3,27.8,114.0,123
2024-03-18 00:00:00,23.4,25,950.5,10.2,0.0,70.5,43.8,462.0,16.3,28.2,110.0,114
2024-03-18 01:00:00,22.8,26,949.7,9.5,0.0,69.4,42.5,428.0,13.1,27.7,109.0,104
2024-03-18 02:00:00,22.2,25,948.9,8.4,0.0,65.9,40.2,400.0,10.8,27.4,106.0,102
2024-03-18 03:00:00,22.2,22,948.4,9.6,0.0,61.7,37.6,385.0,10.0,27.4,99.0,102
2024-03-18 04:00:00,22.0,21,948.4,10.9,0.0,58.6,35.9,377.0,10.1,27.4,89.0,101
2024-03-18 05:00:00,21.5,21,948.6,9.5,0.0,70.3,42.0,404.0,9.1,28.7,98.0,101
2024-03-18 06:00:00,20.4,38,949.5,9.1,0.0,69.8,41.7,421.0,11.3,30.8,95.0,101
2024-03-18 07:00:00,21.4,39,950.5,8.6,0.0,71.7,43.0,441.0,14.2,33.5,92.0,101
2024-03-18 08:00:00,24.7,32,952.0,3.4,0.0,75.7,43.4,435.0,15.1,33.7,95.0,101
2024-03-18 09:00:00,27.4,23,953.3,4.9,0.0,59.5,31.1,375.0,12.0,29.3,109.0,101
2024-03-18 10:00:00,29.6,16,953.7,4.3,0.0,46.8,24.4,288.0,6.9,22.4,128.0,100
2024-03-18 11:00:00,31.8,15,953.1,3.9,0.0,42.0,23.0,226.0,3.0,16.7,144.0,100
2024-03-18 12:00:00,33.6,16,952.1,8.4,0.0,39.1,22.3,213.0,1.7,13.5,154.0,100
2024-03-18 13:00:00,34.7,15,950.6,11.6,0.0,38.3,22.4,224.0,1.7,11.6,160.0,100
2024-03-18 14:00:00,35.1,15,949.6,16.8,0.0,38.1,22.6,235.0,1.9,10.3,165.0,99
2024-03-18 15:00:00,34.5,17,948.9,21.3,0.0,37.0,22.3,235.0,1.8,9.5,170.0,99
2024-03-18 16:00:00,33.4,19,948.6,21.5,0.0,35.6,21.7,236.0,2.0,9.4,174.0,106
2024-03-18 17:00:00,32.2,19,948.8,20.8,0.0,43.5,27.1,248.0,3.5,8.6,155.0,123
2024-03-18 18:00:00,30.2,13,950.0,18.2,0.0,44.5,28.0,279.0,6.3,11.1,151.0,132
2024-03-18 19:00:00,28.4,15,950.2,14.5,0.0,48.8,30.7,325.0,10.3,14.8,145.0,137
2024-03-18 20:00:00,26.9,17,951.0,13.8,0.0,54.6,34.5,372.0,13.7,18.1,138.0,138
2024-03-18 21:00:00,25.8,18,951.6,13.0,0.0,60.1,38.0,426.0,16.3,21.0,129.0,134
2024-03-18 22:00:00,24.9,21,951.7,12.2,0.0,64.7,41.0,482.0,18.3,23.7,118.0,128
2024-03-18 23:00:00,24.2,24,951.3,13.4,0.0,68.2,43.1,514.0,18.9,25.3,110.0,118
2024-03-19 00:00:00,23.7,26,950.3,13.0,0.0,69.2,43.3,505.0,17.1,25.4,106.0,105
2024-03-19 01:00:00,22.9,28,949.3,11.5,0.0,67.5,42.0,471.0,13.8,24.5,104.0,96
2024-03-19 02:00:00,21.7,31,948.6,8.3,0.0,62.6,38.6,434.0,11.0,23.0,102.0,96
2024-03-19 03:00:00,19.9,37,948.4,8.0,0.0,56.1,34.5,392.0,9.0,20.7,99.0,96
2024-03-19 04:00:00,19.7,38,948.6,6.9,0.0,49.2,30.2,347.0,7.5,17.8,97.0,96
2024-03-19 05:00:00,20.1,38,949.1,6.6,0.0,73.8,45.3,463.0,9.0,29.2,101.0,95
2024-03-19 06:00:00,19.9,78,950.5,9.0,0.0,75.2,45.8,477.0,11.0,32.0,100.0,95
2024-03-19 07:00:00,20.9,72,951.0,9.8,0.0,77.8,47.4,494.0,13.6,35.6,100.0,96
2024-03-19 08:00:00,25.0,46,952.5,6.2,0.0,83.8,49.7,484.0,14.2,36.1,106.0,96
2024-03-19 09:00:00,28.7,28,953.4,10.6,0.0,63.8,36.9,423.0,11.0,30.6,126.0,97
2024-03-19 10:00:00,31.4,16,953.5,16.2,0.0,50.1,29.2,336.0,5.9,22.0,153.0,97
2024-03-19 11:00:00,33.1,12,952.9,15.9,0.0,44.1,25.4,269.0,2.1,15.1,172.0,97
2024-03-19 12:00:00,34.2,11,951.8,15.5,0.0,39.8,22.6,243.0,1.1,11.7,175.0,98
2024-03-19 13:00:00,34.7,10,950.9,17.4,0.0,36.9,20.6,237.0,1.3,10.0,169.0,98
2024-03-19 14:00:00,34.9,10,949.6,15.0,0.0,35.4,19.3,235.0,1.8,8.8,164.0,101
2024-03-19 15:00:00,34.8,11,948.8,15.7,0.0,34.5,18.5,228.0,1.8,7.8,164.0,114
2024-03-19 16:00:00,34.1,13,948.5,14.9,0.0,34.1,18.1,225.0,2.0,7.3,164.0,128
2024-03-19 17:00:00,32.9,14,948.8,15.8,0.0,40.5,21.4,226.0,3.3,7.3,162.0,140
2024-03-19 18:00:00,31.1,13,948.3,13.6,0.0,39.6,22.8,275.0,7.8,9.3,148.0,148
2024-03-19 19:00:00,28.4,16,948.9,16.0,0.0,44.5,27.2,345.0,14.1,12.1,129.0,147
2024-03-19 20:00:00,26.8,16,949.5,10.6,0.0,50.3,31.1,405.0,19.0,15.1,113.0,138
2024-03-19 21:00:00,24.9,20,950.5,7.9,0.0,56.8,35.2,447.0,21.2,18.3,103.0,125
2024-03-19 22:00:00,23.6,27,950.9,7.3,0.0,62.4,38.6,480.0,22.1,21.6,97.0,111
2024-03-19 23:00:00,22.8,31,950.6,7.5,0.0,65.4,40.6,505.0,22.5,23.9,90.0,96
2024-03-20 00:00:00,20.9,38,950.4,5.6,0.0,65.9,41.0,521.0,22.6,24.5,82.0,95
2024-03-20 01:00:00,20.6,39,949.7,4.3,0.0,65.4,40.7,529.0,22.1,24.0,73.0,94
2024-03-20 02:00:00,23.9,30,949.7,1.3,0.0,64.0,40.0,530.0,21.2,23.2,67.0,94
2024-03-20 03:00:00,23.9,29,949.4,1.3,0.0,61.0,38.4,525.0,19.8,22.7,64.0,95
2024-03-20 04:00:00,23.4,29,949.3,2.3,0.0,56.1,35.5,514.0,17.9,21.9,63.0,95
2024-03-20 05:00:00,22.7,30,949.4,5.1,0.0,56.0,35.6,513.0,17.0,22.9,65.0,95
2024-03-20 06:00:00,23.4,28,950.7,5.6,0.0,51.3,32.9,487.0,15.6,19.8,73.0,94
2024-03-20 07:00:00,21.8,38,951.3,6.4,0.0,46.3,30.4,449.0,13.6,15.5,84.0,93
2024-03-20 08:00:00,25.3,23,953.2,6.0,0.0,31.8,20.8,402.0,11.1,11.7,96.0,92
2024-03-20 09:00:00,28.1,18,954.0,8.9,0.0,15.7,10.2,338.0,7.8,8.9,111.0,90
2024-03-20 10:00:00,30.6,15,954.1,13.9,0.0,12.8,8.0,266.0,4.1,6.6,126.0,88
2024-03-20 11:00:00,32.8,12,953.5,16.6,0.0,14.8,8.8,214.0,1.4,4.9,138.0,86
2024-03-20 12:00:00,34.1,11,952.3,11.9,0.0,16.9,9.9,199.0,0.6,4.2,143.0,85
2024-03-20 13:00:00,34.8,10,951.1,8.7,0.0,17.8,10.4,204.0,0.9,4.2,144.0,84
2024-03-20 14:00:00,35.2,9,950.0,8.0,0.0,18.2,10.6,211.0,1.4,4.2,144.0,83
2024-03-20 15:00:00,35.5,9,949.2,10.6,0.0,18.2,10.6,201.0,0.6,3.8,147.0,82
2024-03-20 16:00:00,35.3,9,948.6,11.5,0.0,18.0,10.6,191.0,0.0,3.4,148.0,90
2024-03-20 17:00:00,34.5,9,948.5,10.3,0.0,18.5,11.2,226.0,2.8,4.2,146.0,101
2024-03-20 18:00:00,31.1,10,947.9,6.4,0.0,20.3,13.1,314.0,11.9,6.7,126.0,108
2024-03-20 19:00:00,27.4,12,948.0,8.1,0.0,27.9,18.8,437.0,24.5,10.2,98.0,108
2024-03-20 20:00:00,25.4,14,948.4,12.4,0.0,33.1,22.5,541.0,34.4,13.5,76.0,100
2024-03-20 21:00:00,24.2,16,948.8,11.0,0.0,36.7,25.0,613.0,39.4,16.5,64.0,85
2024-03-20 22:00:00,25.5,15,950.1,5.7,0.0,39.0,26.7,666.0,41.5,19.3,57.0,77
2024-03-20 23:00:00,26.2,14,950.5,1.1,0.0,39.8,27.2,682.0,41.0,20.5,54.0,76
2024-03-21 00:00:00,25.0,16,950.0,5.7,0.0,36.2,24.7,645.0,36.8,19.2,56.0,75
2024-03-21 01:00:00,25.9,16,949.7,5.6,0.0,31.4,21.4,572.0,29.8,16.2,61.0,74
2024-03-21 02:00:00,21.9,22,948.5,6.6,0.0,27.3,18.4,498.0,23.0,13.3,66.0,73
2024-03-21 03:00:00,21.3,24,948.0,8.8,0.0,23.5,15.7,423.0,16.7,10.5,68.0,71
2024-03-21 04:00:00,23.0,22,948.4,7.3,0.0,20.4,13.5,347.0,10.5,7.8,70.0,69
2024-03-21 05:00:00,19.2,29,947.9,8.7,0.0,20.8,14.0,372.0,10.3,7.1,58.0,67
2024-03-21 06:00:00,20.9,24,948.8,8.6,0.0,21.7,14.5,375.0,10.0,7.2,61.0,66
2024-03-21 07:00:00,20.5,30,950.0,3.6,0.0,26.5,17.6,379.0,9.5,7.3,67.0,64
2024-03-21 08:00:00,24.7,20,951.5,4.9,0.0,35.5,23.2,371.0,8.5,7.3,77.0,63
2024-03-21 09:00:00,28.8,20,952.4,6.2,0.0,53.4,34.0,342.0,6.3,7.2,97.0,63
2024-03-21 10:00:00,31.7,26,952.1,11.9,0.0,59.4,37.5,303.0,3.6,7.1,123.0,65
2024-03-21 11:00:00,33.5,19,951.4,13.1,0.0,51.9,32.8,272.0,1.6,6.8,142.0,68
2024-03-21 12:00:00,34.5,17,950.6,10.3,0.0,43.7,27.6,258.0,1.0,6.3,149.0,69
2024-03-21 13:00:00,35.4,16,949.4,8.2,0.0,40.3,25.5,253.0,1.1,5.6,150.0,71
2024-03-21 14:00:00,36.1,15,948.1,6.9,0.0,39.8,25.3,251.0,1.4,5.1,150.0,72
2024-03-21 15:00:00,36.3,15,947.1,2.8,0.0,39.9,25.4,243.0,1.2,4.8,152.0,73
2024-03-21 16:00:00,35.8,15,946.9,6.2,0.0,39.7,25.2,239.0,1.2,4.7,154.0,88
2024-03-21 17:00:00,35.2,15,946.8,6.3,0.0,36.0,22.9,244.0,2.9,4.2,149.0,104
2024-03-21 18:00:00,32.6,12,947.7,12.5,0.0,39.0,25.3,317.0,9.8,6.1,132.0,115
2024-03-21 19:00:00,29.1,14,948.3,6.6,0.0,44.8,29.7,419.0,19.2,8.8,109.0,117
2024-03-21 20:00:00,26.7,30,949.5,10.1,0.0,48.5,32.5,506.0,25.7,11.4,93.0,110
2024-03-21 21:00:00,25.0,36,949.9,7.7,0.0,57.0,38.3,567.0,26.9,13.8,89.0,98
2024-03-21 22:00:00,24.3,38,949.8,8.8,0.0,66.4,44.7,614.0,25.2,16.2,92.0,85
2024-03-21 23:00:00,23.6,43,949.4,10.7,0.0,73.8,49.6,639.0,22.6,18.1,97.0,82
2024-03-22 00:00:00,22.4,48,948.4,5.5,0.0,80.3,53.9,630.0,19.1,19.6,106.0,83
2024-03-22 01:00:00,21.7,51,947.6,6.3,0.0,83.8,56.1,600.0,14.6,20.6,117.0,86
2024-03-22 02:00:00,20.9,53,947.1,5.4,0.0,82.4,55.2,572.0,11.2,21.2,125.0,88
2024-03-22 03:00:00,20.2,55,946.6,5.6,0.0,79.9,53.3,552.0,9.3,21.0,125.0,91
2024-03-22 04:00:00,19.9,56,946.6,4.6,0.0,77.3,51.6,536.0,8.4,20.4,120.0,94
2024-03-22 05:00:00,19.9,55,946.8,4.8,0.0,76.4,50.8,526.0,8.3,18.5,122.0,97
2024-03-22 06:00:00,21.5,60,947.7,4.7,0.0,75.7,50.2,552.0,11.2,18.9,121.0,100
2024-03-22 07:00:00,22.8,56,948.8,4.5,0.0,77.5,51.6,583.0,14.9,19.5,120.0,104
2024-03-22 08:00:00,26.3,44,950.3,2.9,0.0,78.2,52.2,577.0,16.2,19.4,126.0,107
2024-03-22 09:00:00,29.9,27,951.0,6.3,0.0,64.7,42.8,497.0,12.6,18.2,145.0,110
2024-03-22 10:00:00,32.7,19,951.2,5.9,0.0,51.8,34.1,380.0,6.7,16.4,170.0,111
2024-03-22 11:00:00,34.4,16,950.6,4.4,0.0,48.0,31.2,294.0,2.2,14.7,188.0,111
2024-03-22 12:00:00,35.3,16,949.4,2.6,0.0,48.3,31.2,272.0,1.0,13.2,193.0,111
2024-03-22 13:00:00,35.9,15,948.3,3.3,0.0,49.0,31.8,281.0,1.4,11.8,192.0,119
2024-03-22 14:00:00,36.3,14,947.2,5.2,0.0,49.8,32.4,292.0,1.9,10.9,191.0,133
2024-03-22 15:00:00,36.4,14,946.5,6.8,0.0,50.2,32.7,291.0,2.0,10.1,192.0,148
2024-03-22 16:00:00,36.3,14,946.0,8.4,0.0,50.6,33.1,291.0,2.3,9.8,192.0,160
2024-03-22 17:00:00,35.4,15,945.9,13.3,0.0,42.0,27.7,300.0,3.3,11.5,194.0,171
2024-03-22 18:00:00,31.9,23,946.5,20.8,0.0,48.8,32.0,343.0,5.9,16.5,196.0,179
2024-03-22 19:00:00,29.6,35,947.0,18.2,0.0,59.4,38.8,404.0,9.4,23.3,197.0,183
2024-03-22 20:00:00,27.3,48,947.8,12.0,0.0,73.3,47.5,458.0,12.1,28.7,194.0,184
2024-03-22 21:00:00,25.8,57,948.2,13.0,0.0,80.6,52.0,498.0,13.3,31.1,183.0,184
2024-03-22 22:00:00,24.7,62,948.7,7.9,0.0,83.8,54.1,531.0,13.7,32.1,166.0,183
2024-03-22 23:00:00,23.3,67,948.3,5.8,0.0,85.9,55.3,554.0,13.6,32.2,151.0,179
2024-03-23 00:00:00,23.0,63,947.6,9.9,0.0,85.2,55.1,562.0,12.9,31.4,138.0,172
2024-03-23 01:00:00,22.7,55,947.0,10.5,0.0,85.4,55.1,559.0,11.7,29.9,127.0,164
2024-03-23 02:00:00,22.2,48,946.6,5.8,0.0,85.7,54.9,556.0,10.7,28.8,117.0,153
2024-03-23 03:00:00,21.0,48,946.0,7.3,0.0,85.7,54.7,555.0,10.1,28.4,109.0,137
2024-03-23 04:00:00,20.7,46,945.8,6.2,0.0,86.4,54.8,555.0,9.7,28.5,103.0,121
2024-03-23 05:00:00,19.9,46,946.1,7.4,0.0,89.2,56.5,620.0,11.5,31.9,104.0,121
2024-03-23 06:00:00,20.7,49,947.3,5.9,0.0,93.6,58.7,637.0,13.5,33.6,114.0,122
2024-03-23 07:00:00,23.2,41,948.8,3.2,0.0,98.0,61.5,654.0,16.0,35.6,128.0,123
2024-03-23 08:00:00,26.8,30,950.4,1.1,0.0,100.8,62.2,630.0,16.4,34.3,140.0,124
2024-03-23 09:00:00,30.1,22,951.2,1.8,0.0,68.9,40.7,522.0,12.5,26.3,149.0,125
2024-03-23 10:00:00,32.8,16,951.4,3.6,0.0,54.6,32.4,372.0,6.4,15.0,155.0,125
2024-03-23 11:00:00,34.5,15,950.9,4.4,0.0,50.8,30.5,263.0,1.9,6.8,161.0,124
2024-03-23 12:00:00,35.7,14,949.8,1.9,0.0,50.4,30.2,234.0,0.7,4.7,165.0,124
2024-03-23 13:00:00,36.3,14,948.5,1.4,0.0,50.1,29.8,246.0,1.0,5.6,168.0,124
2024-03-23 14:00:00,36.6,14,947.6,4.0,0.0,49.7,29.7,259.0,1.6,6.7,171.0,124
2024-03-23 15:00:00,36.6,13,946.7,6.6,0.0,49.5,29.6,258.0,1.7,6.7,175.0,130
2024-03-23 16:00:00,36.5,13,946.3,8.2,0.0,49.1,29.5,260.0,2.1,6.8,179.0,140
2024-03-23 17:00:00,36.1,13,946.4,13.0,0.0,51.7,31.1,278.0,3.4,8.7,188.0,148
2024-03-23 18:00:00,31.7,25,946.9,22.2,0.0,53.3,33.1,302.0,5.8,13.4,189.0,155
2024-03-23 19:00:00,29.6,27,947.9,16.7,0.0,56.6,35.4,337.0,9.1,19.9,190.0,160
2024-03-23 20:00:00,27.9,29,948.9,15.9,0.0,58.4,36.6,368.0,11.9,24.9,184.0,165
2024-03-23 21:00:00,26.8,29,949.4,15.8,0.0,57.9,36.4,393.0,13.8,26.9,165.0,168
2024-03-23 22:00:00,25.6,30,949.6,9.8,0.0,58.0,36.7,415.0,15.2,27.4,138.0,167
2024-03-23 23:00:00,24.5,31,949.4,6.5,0.0,58.2,36.8,429.0,15.8,27.3,116.0,162
2024-03-24 00:00:00,24.7,29,949.0,9.7,0.0,57.7,36.4,429.0,15.2,26.8,102.0,153
2024-03-24 01:00:00,24.6,26,948.3,11.4,0.0,57.2,36.0,421.0,13.9,25.7,93.0,137
2024-03-24 02:00:00,24.0,25,948.1,8.7,0.0,56.3,35.3,414.0,12.9,24.9,85.0,117
2024-03-24 03:00:00,23.0,27,947.9,6.7,0.0,55.3,34.3,409.0,12.5,24.7,77.0,111
2024-03-24 04:00:00,22.8,28,947.8,7.6,0.0,53.9,33.4,406.0,12.3,24.7,71.0,109
2024-03-24 05:00:00,22.0,30,948.1,5.8,0.0,56.5,35.0,386.0,10.0,27.6,81.0,106
2024-03-24 06:00:00,22.6,48,948.6,10.5,0.0,58.1,35.9,411.0,12.2,29.4,80.0,104
2024-03-24 07:00:00,23.9,44,949.6,11.3,0.0,61.2,38.1,443.0,15.1,31.6,79.0,102
2024-03-24 08:00:00,27.4,31,951.2,9.7,0.0,65.2,39.3,445.0,15.9,30.9,85.0,99
2024-03-24 09:00:00,30.7,18,952.0,8.3,0.0,50.4,28.8,387.0,12.4,24.7,102.0,98
2024-03-24 10:00:00,33.6,14,952.2,8.8,0.0,42.3,24.4,299.0,6.8,15.7,126.0,97
2024-03-24 11:00:00,35.4,15,951.6,9.8,0.0,39.2,23.3,235.0,2.5,8.9,145.0,96
2024-03-24 12:00:00,36.5,14,951.0,7.4,0.0,40.9,24.4,221.0,1.2,6.6,154.0,96
2024-03-24 13:00:00,37.2,14,949.8,7.2,0.0,42.3,25.3,232.0,1.2,6.5,158.0,95
2024-03-24 14:00:00,37.6,14,948.7,10.9,0.0,43.0,25.8,243.0,1.6,6.8,161.0,95
2024-03-24 15:00:00,37.3,14,948.2,15.9,0.0,43.0,25.9,243.0,1.7,6.8,166.0,94
2024-03-24 16:00:00,36.1,16,948.2,18.3,0.0,42.6,25.8,243.0,2.0,7.2,171.0,100
2024-03-24 17:00:00,35.1,17,948.2,16.4,0.0,39.8,24.3,264.0,3.2,7.2,166.0,118
2024-03-24 18:00:00,33.7,16,948.3,18.5,0.0,40.6,25.6,298.0,6.7,10.2,158.0,132
2024-03-24 19:00:00,30.5,35,949.0,16.3,0.0,44.4,28.5,347.0,11.6,14.5,147.0,139
2024-03-24 20:00:00,28.5,42,950.2,6.6,0.0,48.0,31.1,389.0,15.3,18.7,136.0,139
2024-03-24 21:00:00,27.8,43,951.1,8.3,0.0,52.5,34.2,420.0,17.0,22.7,127.0,135
2024-03-24 22:00:00,27.0,45,951.3,11.3,0.0,56.2,36.7,445.0,17.6,26.6,118.0,129
2024-03-24 23:00:00,26.0,48,950.6,13.7,0.0,58.3,38.0,458.0,17.5,29.2,109.0,119
2024-03-25 00:00:00,25.2,49,950.1,11.9,0.0,58.1,37.5,452.0,16.4,29.6,99.0,107
2024-03-25 01:00:00,24.4,49,949.6,7.7,0.0,57.2,36.6,434.0,14.7,28.7,88.0,92
2024-03-25 02:00:00,23.3,48,948.6,6.2,0.0,56.2,35.9,420.0,13.4,27.9,78.0,92
2024-03-25 03:00:00,23.8,41,948.0,7.2,0.0,55.5,35.3,417.0,13.1,27.6,67.0,92
2024-03-25 04:00:00,22.8,40,948.0,6.4,0.0,55.1,34.7,419.0,13.4,27.3,57.0,92
2024-03-25 05:00:00,24.2,35,949.1,1.1,0.0,56.1,34.7,502.0,16.0,23.6,52.0,92
2024-03-25 06:00:00,23.7,57,949.8,8.6,0.0,54.2,33.5,490.0,15.9,23.0,59.0,92
2024-03-25 07:00:00,24.6,56,950.9,4.2,0.0,54.4,33.9,472.0,15.6,22.0,69.0,92
2024-03-25 08:00:00,27.6,47,952.4,2.9,0.0,55.1,33.5,441.0,14.1,20.0,84.0,91
2024-03-25 09:00:00,30.5,36,953.1,5.4,0.0,52.6,31.1,384.0,10.3,16.2,107.0,91
2024-03-25 10:00:00,33.2,28,953.0,5.8,0.0,53.0,31.9,315.0,5.4,11.5,133.0,91
2024-03-25 11:00:00,35.3,23,952.4,4.8,0.0,50.5,30.4,265.0,1.8,8.0,153.0,92
2024-03-25 12:00:00,36.6,20,951.4,5.0,0.0,51.0,30.7,252.0,0.7,6.7,160.0,92
2024-03-25 13:00:00,37.5,18,950.2,1.5,0.0,50.6,30.6,259.0,1.0,6.6,161.0,93
2024-03-25 14:00:00,37.8,17,949.1,3.8,0.0,49.8,30.3,265.0,1.4,6.6,160.0,93
2024-03-25 15:00:00,37.8,16,948.3,7.2,0.0,48.9,29.7,261.0,1.4,6.2,161.0,94
2024-03-25 16:00:00,37.6,16,947.8,7.8,0.0,47.7,29.2,258.0,1.6,5.9,161.0,105
2024-03-25 17:00:00,37.0,17,947.7,12.0,0.0,40.6,24.9,269.0,3.1,6.9,164.0,121
2024-03-25 18:00:00,34.3,14,948.8,15.8,0.0,40.0,25.3,287.0,5.7,10.6,159.0,133
2024-03-25 19:00:00,31.9,20,949.2,13.5,0.0,41.8,26.9,314.0,9.5,15.7,152.0,139
2024-03-25 20:00:00,29.2,41,950.1,8.9,0.0,44.0,28.4,345.0,12.8,19.9,141.0,138
2024-03-25 21:00:00,26.9,51,950.7,6.6,0.0,45.5,29.7,381.0,15.3,22.3,125.0,134
2024-03-25 22:00:00,27.0,49,951.1,5.3,0.0,47.5,31.2,422.0,17.5,23.9,107.0,127
2024-03-25 23:00:00,26.7,46,950.7,8.9,0.0,49.5,32.6,455.0,18.9,25.0,91.0,115
2024-03-26 00:00:00,25.9,45,950.0,9.1,0.0,50.8,33.4,477.0,19.3,25.6,80.0,101
2024-03-26 01:00:00,25.3,43,949.3,9.0,0.0,52.2,34.2,492.0,19.0,25.8,71.0,92
2024-03-26 02:00:00,23.8,45,948.5,6.9,0.0,53.4,34.9,504.0,18.6,26.2,64.0,92
2024-03-26 03:00:00,23.0,47,948.0,7.0,0.0,54.7,35.5,513.0,18.3,27.1,57.0,92
2024-03-26 04:00:00,24.5,42,948.6,2.1,0.0,55.9,35.9,519.0,17.9,28.2,52.0,92
2024-03-26 05:00:00,23.9,46,948.9,1.4,0.0,51.6,33.3,519.0,18.4,24.0,51.0,92
2024-03-26 06:00:00,21.7,52,949.3,4.1,0.0,53.9,34.5,531.0,18.6,24.1,62.0,92
2024-03-26 07:00:00,23.7,49,950.1,6.9,0.0,59.8,38.5,545.0,18.6,24.1,79.0,92
2024-03-26 08:00:00,26.8,44,951.7,2.3,0.0,61.2,38.5,529.0,17.1,22.7,97.0,93
2024-03-26 09:00:00,30.7,32,952.8,4.7,0.0,50.2,30.6,455.0,12.4,18.7,117.0,93
2024-03-26 10:00:00,34.0,20,953.2,6.4,0.0,42.6,25.7,351.0,6.2,13.4,138.0,93
2024-03-26 11:00:00,36.0,18,952.5,12.2,0.0,46.2,28.2,277.0,1.7,9.3,155.0,92
2024-03-26 12:00:00,37.3,15,951.5,8.6,0.0,49.8,30.7,262.0,0.5,7.6,163.0,92
2024-03-26 13:00:00,37.9,14,950.4,6.4,0.0,50.6,31.3,277.0,1.0,7.1,166.0,92
2024-03-26 14:00:00,38.1,14,949.3,4.6,0.0,50.6,31.4,290.0,1.7,7.1,169.0,92
2024-03-26 15:00:00,38.3,14,948.6,2.2,0.0,49.8,31.0,287.0,1.9,7.0,172.0,97
2024-03-26 16:00:00,37.7,13,948.2,7.3,0.0,48.7,30.3,282.0,2.3,7.4,175.0,117
2024-03-26 17:00:00,37.7,11,948.1,2.2,0.0,53.6,32.5,297.0,3.5,8.6,172.0,133
2024-03-26 18:00:00,34.2,23,949.0,13.8,0.0,55.6,34.5,313.0,6.0,13.4,170.0,145
2024-03-26 19:00:00,31.5,31,949.8,16.9,0.0,58.3,36.8,336.0,9.4,20.0,168.0,151
2024-03-26 20:00:00,29.7,37,950.8,12.3,0.0,60.8,38.2,359.0,12.3,24.9,160.0,154
2024-03-26 21:00:00,28.2,43,951.4,13.3,0.0,61.0,38.4,381.0,14.1,26.5,144.0,153
2024-03-26 22:00:00,27.0,47,951.8,9.1,0.0,61.2,38.5,404.0,15.4,26.5,123.0,149
2024-03-26 23:00:00,26.2,48,951.6,10.8,0.0,62.4,39.3,421.0,16.0,26.1,105.0,140
2024-03-27 00:00:00,25.8,46,951.0,11.1,0.0,63.3,39.8,430.0,15.6,25.7,95.0,125
2024-03-27 01:00:00,25.1,46,950.6,6.8,0.0,63.6,39.7,434.0,14.5,24.9,88.0,108
2024-03-27 02:00:00,24.3,48,950.1,4.9,0.0,62.9,39.2,438.0,13.7,24.5,82.0,98
2024-03-27 03:00:00,23.5,49,949.6,6.2,0.0,62.6,38.9,442.0,13.4,24.8,76.0,98
2024-03-27 04:00:00,22.6,53,949.9,7.4,0.0,62.6,38.4,446.0,13.3,25.5,72.0,99
2024-03-27 05:00:00,22.2,54,950.7,5.7,0.0,61.9,37.4,423.0,12.2,26.6,66.0,99
2024-03-27 06:00:00,22.6,55,951.3,5.4,0.0,63.8,37.6,433.0,13.7,27.6,69.0,99
2024-03-27 07:00:00,24.9,48,952.1,9.8,0.0,65.9,38.9,445.0,15.5,28.8,74.0,99
2024-03-27 08:00:00,29.3,36,953.1,8.0,0.0,68.2,39.6,435.0,15.5,27.9,84.0,100
2024-03-27 09:00:00,32.8,25,953.9,5.2,0.0,56.8,31.9,381.0,11.7,22.9,103.0,100
2024-03-27 10:00:00,35.3,19,954.1,4.5,0.0,48.0,25.1,305.0,6.0,15.9,127.0,100
2024-03-27 11:00:00,37.1,17,953.7,5.2,0.0,50.4,27.6,251.0,1.8,10.6,146.0,100
2024-03-27 12:00:00,38.2,16,952.9,2.6,0.0,55.4,31.3,242.0,0.7,8.6,153.0,100
2024-03-27 13:00:00,38.8,16,951.7,8.0,0.0,59.0,34.0,254.0,1.1,8.3,154.0,100
2024-03-27 14:00:00,38.9,15,950.4,13.9,0.0,58.8,34.2,267.0,1.8,8.8,157.0,100
2024-03-27 15:00:00,39.5,14,949.2,4.0,0.0,57.7,33.8,270.0,2.2,9.5,164.0,100
2024-03-27 16:00:00,37.8,18,949.0,18.4,0.0,57.3,33.5,273.0,2.8,11.0,173.0,100
2024-03-27 17:00:00,35.7,20,949.2,20.9,0.0,65.7,38.0,291.0,4.0,12.0,181.0,117
2024-03-27 18:00:00,33.0,26,950.0,19.5,0.0,62.9,37.8,307.0,6.3,16.7,184.0,133
2024-03-27 19:00:00,31.1,30,950.6,12.6,0.0,59.5,37.1,330.0,9.5,23.2,188.0,146
2024-03-27 20:00:00,29.5,36,951.3,11.5,0.0,57.0,35.9,353.0,12.2,27.8,184.0,153
2024-03-27 21:00:00,28.2,41,951.9,10.6,0.0,55.4,34.9,375.0,13.8,28.8,165.0,158
2024-03-27 22:00:00,26.9,44,952.5,6.8,0.0,55.8,35.0,396.0,14.9,27.8,138.0,160
2024-03-27 23:00:00,26.0,47,952.2,8.2,0.0,57.2,36.1,411.0,15.4,26.8,115.0,157
2024-03-28 00:00:00,25.5,46,951.4,8.8,0.0,58.0,36.4,418.0,15.1,26.0,102.0,149
2024-03-28 01:00:00,25.0,45,950.4,6.6,0.0,58.4,36.4,419.0,14.2,25.1,93.0,134
2024-03-28 02:00:00,24.8,43,949.4,5.7,0.0,58.7,36.3,418.0,13.5,24.6,86.0,115
2024-03-28 03:00:00,24.5,41,948.7,5.6,0.0,58.7,36.0,415.0,12.9,24.7,80.0,100
2024-03-28 04:00:00,24.2,40,948.5,6.2,0.0,58.8,35.7,410.0,12.4,25.3,75.0,99
2024-03-28 05:00:00,23.6,40,948.6,5.0,0.0,54.6,33.3,423.0,13.3,23.3,64.0,99
2024-03-28 06:00:00,24.4,41,949.7,5.6,0.0,56.6,33.9,436.0,15.2,24.1,65.0,99
2024-03-28 07:00:00,26.2,37,951.1,7.6,0.0,59.6,35.9,453.0,17.6,25.0,67.0,98
2024-03-28 08:00:00,29.1,35,952.6,7.6,0.0,60.3,35.7,449.0,17.9,24.9,77.0,98
2024-03-28 09:00:00,31.6,29,953.2,7.9,0.0,53.7,30.9,406.0,13.8,22.7,101.0,98
2024-03-28 10:00:00,34.3,23,953.0,5.2,0.0,56.7,32.8,343.0,7.6,19.4,133.0,98
2024-03-28 11:00:00,36.4,21,952.4,2.9,0.0,59.6,34.7,296.0,2.9,16.7,159.0,98
2024-03-28 12:00:00,37.7,19,951.4,1.9,0.0,61.2,35.7,283.0,1.5,15.2,172.0,99
2024-03-28 13:00:00,38.5,18,950.4,3.1,0.0,64.7,37.8,288.0,1.8,14.4,178.0,99
2024-03-28 14:00:00,38.6,18,949.5,4.4,0.0,66.6,39.2,293.0,2.3,14.1,183.0,100
2024-03-28 15:00:00,38.7,17,948.7,3.7,0.0,66.4,39.1,291.0,2.5,14.3,191.0,100
2024-03-28 16:00:00,38.4,17,948.1,8.6,0.0,65.7,38.8,291.0,3.0,15.1,198.0,120
2024-03-28 17:00:00,35.6,23,948.3,22.7,0.0,71.9,42.3,278.0,3.9,15.2,195.0,146
2024-03-28 18:00:00,34.1,28,948.6,19.3,0.0,66.1,40.0,301.0,6.6,18.9,193.0,162
2024-03-28 19:00:00,31.1,39,949.3,15.1,0.0,61.5,38.5,333.0,10.3,24.1,189.0,172
2024-03-28 20:00:00,29.9,43,949.7,11.2,0.0,60.1,38.2,362.0,13.1,28.0,181.0,176
2024-03-28 21:00:00,28.4,48,950.3,10.6,0.0,59.8,38.1,383.0,14.2,29.7,166.0,178
2024-03-28 22:00:00,27.4,52,950.1,10.6,0.0,60.8,39.0,401.0,14.3,30.1,148.0,176
2024-03-28 23:00:00,26.8,51,949.6,8.4,0.0,62.4,40.0,413.0,14.1,30.1,131.0,170
2024-03-29 00:00:00,26.3,48,949.2,7.9,0.0,62.9,40.4,418.0,13.6,29.5,117.0,161
2024-03-29 01:00:00,26.1,44,948.3,8.9,0.0,62.6,40.3,417.0,12.7,28.5,105.0,147
2024-03-29 02:00:00,25.6,43,947.8,6.1,0.0,63.1,40.3,416.0,11.9,27.9,95.0,128
2024-03-29 03:00:00,24.9,45,947.5,6.2,0.0,63.8,40.6,415.0,10.9,28.2,88.0,107
2024-03-29 04:00:00,24.5,47,947.5,7.0,0.0,65.2,41.3,413.0,9.9,29.0,83.0,105
2024-03-29 05:00:00,23.8,50,947.8,5.4,0.0,66.4,42.3,434.0,9.5,29.2,89.0,106
2024-03-29 06:00:00,24.7,62,948.7,3.9,0.0,67.1,42.5,445.0,11.4,28.8,90.0,107
2024-03-29 07:00:00,26.7,55,949.6,5.0,0.0,68.5,43.5,457.0,13.8,27.9,91.0,108
2024-03-29 08:00:00,29.2,48,950.7,5.1,0.0,64.7,40.9,446.0,14.3,25.8,97.0,108
2024-03-29 09:00:00,31.9,39,951.6,3.4,0.0,50.2,30.4,389.0,11.2,21.0,111.0,109
2024-03-29 10:00:00,33.9,31,951.7,3.6,0.0,44.5,25.7,310.0,6.2,14.9,130.0,109
2024-03-29 11:00:00,36.3,21,951.1,5.7,0.0,50.3,28.8,254.0,2.5,10.4,145.0,108
2024-03-29 12:00:00,37.4,20,950.5,2.5,0.0,61.7,35.7,245.0,1.4,8.9,154.0,107
2024-03-29 13:00:00,38.6,18,949.6,5.4,0.0,63.8,37.3,259.0,1.6,9.1,159.0,107
2024-03-29 14:00:00,38.9,18,948.5,9.3,0.0,64.3,37.8,272.0,2.0,9.7,165.0,107
2024-03-29 15:00:00,37.2,21,948.0,15.7,0.0,64.5,38.1,274.0,2.3,10.4,174.0,107
2024-03-29 16:00:00,36.6,22,947.9,13.6,0.0,67.1,39.7,276.0,2.9,11.6,183.0,108
2024-03-29 17:00:00,33.1,34,948.0,21.1,0.1,77.8,45.1,292.0,3.5,8.6,158.0,126
2024-03-29 18:00:00,33.5,22,948.0,21.0,0.0,74.7,44.4,312.0,5.9,11.8,156.0,136
2024-03-29 19:00:00,32.1,23,948.3,13.9,0.0,70.8,43.3,341.0,9.2,16.2,152.0,142
2024-03-29 20:00:00,30.6,29,949.3,11.9,0.0,69.2,42.8,368.0,11.7,20.1,147.0,143
2024-03-29 21:00:00,28.9,39,950.1,10.9,0.0,68.9,43.1,390.0,12.8,22.9,140.0,142
2024-03-29 22:00:00,27.8,50,950.9,11.4,0.0,68.7,43.2,409.0,13.1,25.2,131.0,138
2024-03-29 23:00:00,26.9,57,951.0,9.6,0.0,68.0,42.8,424.0,13.2,26.5,121.0,130
2024-03-30 00:00:00,26.4,59,950.4,8.8,0.0,67.3,42.3,434.0,13.1,26.4,111.0,119
2024-03-30 01:00:00,25.9,60,949.6,7.4,0.0,67.3,41.9,439.0,12.6,25.4,100.0,110
2024-03-30 02:00:00,25.5,59,948.6,7.0,0.0,66.8,41.4,441.0,12.1,24.5,91.0,111
2024-03-30 03:00:00,24.9,59,948.5,4.7,0.0,66.1,40.7,438.0,11.3,24.2,82.0,111
2024-03-30 04:00:00,24.5,60,948.6,3.9,0.0,66.4,40.6,431.0,10.4,24.1,75.0,111
2024-03-30 05:00:00,23.8,61,948.9,4.9,0.0,66.6,41.0,415.0,10.0,24.4,72.0,111
2024-03-30 06:00:00,24.1,66,949.5,4.3,0.0,69.4,42.0,429.0,11.6,25.8,76.0,111
2024-03-30 07:00:00,25.8,58,950.7,6.3,0.0,72.6,44.2,447.0,13.5,27.5,83.0,110
2024-03-30 08:00:00,28.8,46,952.3,5.1,0.0,78.2,46.6,445.0,13.8,27.2,94.0,111
2024-03-30 09:00:00,31.9,37,953.0,4.3,0.0,75.9,44.4,403.0,10.7,23.0,111.0,111
2024-03-30 10:00:00,34.6,27,953.0,5.0,0.0,71.2,41.4,341.0,5.9,16.7,132.0,113
2024-03-30 11:00:00,36.5,22,952.5,5.1,0.0,74.0,42.7,295.0,2.3,12.0,149.0,114
2024-03-30 12:00:00,37.1,21,951.7,2.2,0.0,78.5,45.1,281.0,1.2,10.2,157.0,116
2024-03-30 13:00:00,38.2,20,950.6,1.1,0.0,81.3,46.8,282.0,1.4,9.9,160.0,117
2024-03-30 14:00:00,38.2,19,949.7,3.8,0.0,78.7,45.6,286.0,1.9,10.4,165.0,118
2024-03-30 15:00:00,37.9,20,948.6,11.0,0.0,77.1,45.1,288.0,2.3,11.5,176.0,118
2024-03-30 16:00:00,36.9,21,948.5,13.3,0.0,79.6,46.7,292.0,3.0,13.4,188.0,119
2024-03-30 17:00:00,36.0,22,948.7,15.9,0.0,89.6,52.2,289.0,3.5,9.1,165.0,130
2024-03-30 18:00:00,32.5,37,949.5,20.9,0.0,82.9,49.5,297.0,5.8,11.8,155.0,141
2024-03-30 19:00:00,31.0,39,950.2,15.8,0.0,70.5,43.1,308.0,9.0,15.4,140.0,146
2024-03-30 20:00:00,30.1,40,951.0,14.9,0.0,58.6,36.0,320.0,11.7,18.1,125.0,144
2024-03-30 21:00:00,29.2,39,951.5,12.8,0.0,52.3,32.0,334.0,13.5,19.0,109.0,138
2024-03-30 22:00:00,28.7,38,952.2,4.7,0.0,51.2,31.5,349.0,14.8,19.0,93.0,127
2024-03-30 23:00:00,27.8,39,952.4,3.8,0.0,51.1,31.7,361.0,15.6,18.5,80.0,118
2024-03-31 00:00:00,27.5,36,951.8,4.4,0.0,50.3,31.1,368.0,15.8,17.6,71.0,117
2024-03-31 01:00:00,27.1,35,951.1,6.8,0.0,49.0,30.4,371.0,15.5,16.4,64.0,116
2024-03-31 02:00:00,25.4,39,950.6,6.3,0.0,47.6,29.7,374.0,15.0,15.3,59.0,115
2024-03-31 03:00:00,24.9,41,950.3,5.0,0.0,46.2,29.0,377.0,14.3,14.5,54.0,113
2024-03-31 04:00:00,24.5,42,950.5,4.9,0.0,44.9,28.3,378.0,13.4,13.9,51.0,112
2024-03-31 05:00:00,26.1,36,951.2,1.6,0.0,44.7,27.4,334.0,8.2,12.6,69.0,111
2024-03-31 06:00:00,24.6,45,952.2,4.4,0.0,46.2,28.3,353.0,9.5,13.7,72.0,109
2024-03-31 07:00:00,25.6,42,953.0,2.1,0.0,49.6,30.3,378.0,11.2,15.1,78.0,108
2024-03-31 08:00:00,29.0,33,954.4,1.0,0.0,53.2,31.3,384.0,11.4,15.3,87.0,107
2024-03-31 09:00:00,32.0,27,954.9,5.6,0.0,54.6,29.7,353.0,8.7,13.3,104.0,105
2024-03-31 10:00:00,34.8,22,954.7,10.2,0.0,68.5,37.6,304.0,4.6,10.2,126.0,103
2024-03-31 11:00:00,36.3,21,953.8,9.4,0.0,82.9,46.3,268.0,1.6,7.7,142.0,103
2024-03-31 12:00:00,37.2,20,952.9,6.1,0.0,86.4,48.4,259.0,0.8,6.7,149.0,103
2024-03-31 13:00:00,38.2,19,951.6,2.6,0.0,87.3,49.1,262.0,1.1,6.4,150.0,104
2024-03-31 14:00:00,38.4,18,950.5,4.6,0.0,86.1,48.5,266.0,1.6,6.3,151.0,104
2024-03-31 15:00:00,38.0,18,949.6,8.2,0.0,84.5,47.7,265.0,1.7,6.0,153.0,104
2024-03-31 16:00:00,37.5,19,949.0,7.8,0.0,82.7,46.8,264.0,2.1,5.9,154.0,105
2024-03-31 17:00:00,37.1,18,948.9,7.7,0.0,87.3,49.4,286.0,3.3,6.8,154.0,107
2024-03-31 18:00:00,34.8,22,949.6,21.2,0.0,79.9,46.3,306.0,5.9,10.3,146.0,117
2024-03-31 19:00:00,32.5,26,950.0,21.7,0.0,68.9,41.8,334.0,9.4,15.2,135.0,122
2024-03-31 20:00:00,30.8,26,951.0,17.4,0.0,55.4,34.8,361.0,12.5,19.1,123.0,120
2024-03-31 21:00:00,29.5,26,951.4,12.5,0.0,48.1,31.0,386.0,14.6,21.0,110.0,115
2024-03-31 22:00:00,28.5,27,951.3,10.9,0.0,48.1,31.2,411.0,16.2,21.8,96.0,106
2024-03-31 23:00:00,27.0,29,951.2,5.7,0.0,49.4,32.1,429.0,17.1,22.0,84.0,104
2024-04-01 00:00:00,26.5,29,950.4,3.6,0.0,49.8,32.4,438.0,17.0,21.5,75.0,104
2024-04-01 01:00:00,26.5,28,949.5,5.8,0.0,49.8,32.2,440.0,16.3,20.4,67.0,104
2024-04-01 02:00:00,26.0,28,948.7,5.3,0.0,49.1,31.8,444.0,15.7,19.4,60.0,104
2024-04-01 03:00:00,24.9,29,948.2,5.0,0.0,48.0,31.0,452.0,15.5,18.7,52.0,104
2024-04-01 04:00:00,26.0,27,948.5,2.3,0.0,46.7,30.2,461.0,15.4,18.1,46.0,104
2024-04-01 05:00:00,25.3,28,948.7,3.3,0.0,51.8,32.8,468.0,14.2,20.5,54.0,105
2024-04-01 06:00:00,26.0,23,949.2,4.3,0.0,51.7,32.8,482.0,15.7,21.0,59.0,105
2024-04-01 07:00:00,27.6,21,950.2,6.2,0.0,54.4,34.7,498.0,17.5,21.5,67.0,106
2024-04-01 08:00:00,30.9,15,951.6,5.3,0.0,57.4,35.7,486.0,17.4,20.7,79.0,106
2024-04-01 09:00:00,33.0,13,952.2,4.3,0.0,52.7,31.2,417.0,13.3,17.4,100.0,106
2024-04-01 10:00:00,35.2,13,952.1,4.0,0.0,48.2,27.8,319.0,7.3,12.7,126.0,107
2024-04-01 11:00:00,36.9,15,951.3,5.6,0.0,46.3,26.7,247.0,2.7,9.0,146.0,106
2024-04-01 12:00:00,37.9,15,950.3,4.0,0.0,47.3,27.1,229.0,1.2,7.2,155.0,104
2024-04-01 13:00:00,38.4,16,949.0,4.6,0.0,49.8,28.8,237.0,1.3,6.3,157.0,101
2024-04-01 14:00:00,38.8,15,947.8,4.8,0.0,51.7,30.2,245.0,1.6,6.0,159.0,99
2024-04-01 15:00:00,39.0,14,946.7,7.2,0.0,50.3,29.7,243.0,1.7,5.9,161.0,98
2024-04-01 16:00:00,38.3,14,946.2,17.7,0.0,47.4,28.3,240.0,2.1,6.2,163.0,97
2024-04-01 17:00:00,36.5,17,946.2,21.1,0.0,47.3,29.7,258.0,3.6,9.5,181.0,115
2024-04-01 18:00:00,31.4,16,948.8,3.4,0.0,48.8,30.9,281.0,6.6,12.9,173.0,132
2024-04-01 19:00:00,29.8,17,948.6,7.5,0.0,48.9,31.7,315.0,10.7,17.8,162.0,142
2024-04-01 20:00:00,28.4,19,948.6,5.4,0.0,51.2,33.5,350.0,14.1,22.1,150.0,145
2024-04-01 21:00:00,26.8,23,948.7,7.4,0.0,56.0,36.7,389.0,16.3,25.3,138.0,144
2024-04-01 22:00:00,26.2,25,948.8,5.4,0.0,61.7,40.2,428.0,17.9,28.0,124.0,140
2024-04-01 23:00:00,25.7,26,948.3,5.4,0.0,66.6,43.1,453.0,18.2,30.0,114.0,133
2024-04-02 00:00:00,24.9,28,947.7,5.6,0.0,70.5,44.8,453.0,16.7,31.0,108.0,123
2024-04-02 01:00:00,24.2,31,947.2,7.2,0.0,73.3,45.9,437.0,14.0,31.3,105.0,111
2024-04-02 02:00:00,23.4,35,946.7,8.0,0.0,74.0,45.6,419.0,11.7,31.1,101.0,96
2024-04-02 03:00:00,23.0,40,946.2,8.9,0.0,72.9,44.4,400.0,10.3,30.3,94.0,97
2024-04-02 04:00:00,22.7,44,946.0,7.9,0.0,70.5,42.6,378.0,9.3,29.1,85.0,98
2024-04-02 05:00:00,21.8,47,946.4,6.5,0.0,74.5,43.4,378.0,8.8,29.5,92.0,99
2024-04-02 06:00:00,22.5,40,946.8,6.5,0.0,71.7,42.1,380.0,10.4,29.6,91.0,99
2024-04-02 07:00:00,25.3,33,948.0,6.9,0.0,72.6,42.8,381.0,12.4,29.4,91.0,100
2024-04-02 08:00:00,28.9,21,949.7,0.4,0.0,76.1,43.0,367.0,12.9,27.5,96.0,101
2024-04-02 09:00:00,32.0,14,950.5,1.3,0.0,63.1,35.3,323.0,10.2,22.2,109.0,102
2024-04-02 10:00:00,34.5,11,950.2,3.8,0.0,50.8,29.1,264.0,5.9,15.2,128.0,102
2024-04-02 11:00:00,36.3,13,949.7,4.7,0.0,44.6,26.0,222.0,2.7,9.8,143.0,102
2024-04-02 12:00:00,37.6,14,948.9,7.1,0.0,44.6,26.2,213.0,1.6,7.5,152.0,102
2024-04-02 13:00:00,38.5,13,947.7,7.0,0.0,45.6,27.0,222.0,1.5,6.7,158.0,102
2024-04-02 14:00:00,39.1,12,946.6,10.5,0.0,46.0,27.5,230.0,1.7,6.6,163.0,102
2024-04-02 15:00:00,38.8,12,945.8,17.6,0.0,46.0,27.6,229.0,1.8,6.6,168.0,102
2024-04-02 16:00:00,37.5,14,945.6,18.9,0.0,46.0,27.8,228.0,2.2,7.3,173.0,104
2024-04-02 17:00:00,36.1,16,945.6,20.0,0.0,51.6,30.6,247.0,3.4,9.7,180.0,120
2024-04-02 18:00:00,33.5,21,946.5,21.7,0.0,53.2,32.7,266.0,5.7,12.7,175.0,136
2024-04-02 19:00:00,30.5,33,947.1,18.9,0.0,56.6,35.6,292.0,8.9,17.0,168.0,146
2024-04-02 20:00:00,28.8,39,947.8,17.3,0.0,58.4,37.1,319.0,11.5,20.6,159.0,151
2024-04-02 21:00:00,27.7,39,948.1,13.3,0.0,59.8,38.3,345.0,13.0,23.0,147.0,152
2024-04-02 22:00:00,26.0,42,948.4,6.3,0.0,63.1,40.0,370.0,13.9,24.8,133.0,150
2024-04-02 23:00:00,25.2,42,948.2,5.9,0.0,66.4,41.8,389.0,14.3,26.0,120.0,144
2024-04-03 00:00:00,25.5,39,947.8,10.5,0.0,68.7,42.8,396.0,13.8,26.3,110.0,133
2024-04-03 01:00:00,24.8,38,947.4,10.7,0.0,69.8,43.2,397.0,12.8,25.9,101.0,120
2024-04-03 02:00:00,24.0,38,946.7,7.3,0.0,68.9,42.6,402.0,12.3,25.7,92.0,103
2024-04-03 03:00:00,23.8,37,946.4,8.9,0.0,68.2,42.1,421.0,12.9,26.2,82.0,102
2024-04-03 04:00:00,24.4,36,947.0,2.5,0.0,69.2,42.0,445.0,14.1,26.9,72.0,102
2024-04-03 05:00:00,22.2,42,947.1,3.2,0.0,71.7,43.0,459.0,14.5,27.1,69.0,102
2024-04-03 06:00:00,21.8,49,947.4,4.1,0.0,75.7,44.2,445.0,14.2,27.4,80.0,101
2024-04-03 07:00:00,24.0,44,949.1,3.3,0.0,82.7,47.7,424.0,13.6,27.6,96.0,102
2024-04-03 08:00:00,27.3,35,950.3,2.9,0.0,78.7,42.7,391.0,12.1,25.8,111.0,102
2024-04-03 09:00:00,30.8,27,951.1,2.5,0.0,55.1,29.3,332.0,8.9,19.9,125.0,102
2024-04-03 10:00:00,33.9,18,951.0,4.0,0.0,39.2,21.7,261.0,4.9,11.9,138.0,102
2024-04-03 11:00:00,36.0,15,950.6,4.6,0.0,34.3,19.7,212.0,2.0,6.1,149.0,101
2024-04-03 12:00:00,37.3,15,949.8,5.1,0.0,35.9,21.0,203.0,1.1,4.4,155.0,100
2024-04-03 13:00:00,38.1,14,948.9,6.6,0.0,38.0,22.4,215.0,1.3,4.8,159.0,100
2024-04-03 14:00:00,39.0,13,947.7,8.0,0.0,39.2,23.3,227.0,1.7,5.8,164.0,99
2024-04-03 15:00:00,39.1,13,946.6,16.6,0.0,39.5,23.5,229.0,2.0,6.7,172.0,100
2024-04-03 16:00:00,37.4,15,946.3,20.4,0.0,40.3,24.1,232.0,2.6,8.2,180.0,116
2024-04-03 17:00:00,35.5,20,946.4,23.1,0.0,49.8,29.6,254.0,3.8,11.5,191.0,131
2024-04-03 18:00:00,32.2,32,947.8,23.1,0.0,53.2,32.1,277.0,5.9,15.6,193.0,145
2024-04-03 19:00:00,29.8,40,948.5,17.9,0.0,59.1,36.8,309.0,8.9,21.2,196.0,155
2024-04-03 20:00:00,28.1,46,949.2,13.3,0.0,62.2,39.0,338.0,11.2,25.7,192.0,162
2024-04-03 21:00:00,27.0,46,949.7,11.2,0.0,65.0,40.9,363.0,12.5,27.8,178.0,168
2024-04-03 22:00:00,26.3,43,949.8,9.7,0.0,67.3,42.4,386.0,13.1,28.8,158.0,171
2024-04-03 23:00:00,25.8,40,949.4,11.0,0.0,68.9,43.2,400.0,13.3,29.1,140.0,170
2024-04-04 00:00:00,25.4,37,948.6,10.6,0.0,68.9,42.7,399.0,12.7,28.8,127.0,165
2024-04-04 01:00:00,25.0,34,947.9,9.1,0.0,67.5,41.7,388.0,11.5,27.8,116.0,157
2024-04-04 02:00:00,24.6,33,947.3,7.8,0.0,65.7,40.3,379.0,10.7,26.9,105.0,143
2024-04-04 03:00:00,24.4,32,946.9,6.9,0.0,63.6,38.8,376.0,10.4,26.1,93.0,124
2024-04-04 04:00:00,23.9,32,946.9,6.0,0.0,61.5,37.4,374.0,10.4,25.4,81.0,102
2024-04-04 05:00:00,23.1,35,947.2,5.9,0.0,59.4,36.4,355.0,9.1,25.2,86.0,98
2024-04-04 06:00:00,23.3,42,947.6,5.9,0.0,60.1,36.4,360.0,10.4,26.6,88.0,98
2024-04-04 07:00:00,24.9,41,948.9,7.2,0.0,63.6,38.5,364.0,12.0,28.3,91.0,97
2024-04-04 08:00:00,28.2,32,950.6,4.7,0.0,65.0,37.3,353.0,12.2,27.7,98.0,96
2024-04-04 09:00:00,31.4,22,951.3,4.0,0.0,53.9,29.7,311.0,9.6,22.8,112.0,96
2024-04-04 10:00:00,34.3,17,951.3,5.4,0.0,43.2,23.8,254.0,5.6,15.7,131.0,96
2024-04-04 11:00:00,36.6,15,950.9,6.9,0.0,37.1,21.0,212.0,2.6,10.1,145.0,96
2024-04-04 12:00:00,38.2,15,950.2,8.2,0.0,35.0,20.3,201.0,1.5,7.5,152.0,96
2024-04-04 13:00:00,39.2,14,949.2,11.9,0.0,36.0,21.1,205.0,1.4,6.4,154.0,96
2024-04-04 14:00:00,39.0,14,948.4,19.8,0.0,37.3,22.0,210.0,1.6,5.9,155.0,96
2024-04-04 15:00:00,37.8,16,947.7,21.3,0.0,37.7,22.4,208.0,1.7,5.6,157.0,96
2024-04-04 16:00:00,37.2,17,947.3,19.9,0.0,37.3,22.2,207.0,2.1,5.8,157.0,101
2024-04-04 17:00:00,36.0,20,947.3,20.8,0.0,50.3,29.0,232.0,3.3,7.0,160.0,114
2024-04-04 18:00:00,33.8,20,948.4,21.0,0.0,47.6,29.0,250.0,5.8,9.6,150.0,124
2024-04-04 19:00:00,31.7,28,949.0,14.6,0.0,47.4,29.6,276.0,9.3,13.3,136.0,128
2024-04-04 20:00:00,29.8,37,949.7,14.1,0.0,48.2,30.5,302.0,12.4,16.4,122.0,126
2024-04-04 21:00:00,28.4,43,950.1,11.9,0.0,49.8,31.7,330.0,14.6,18.6,108.0,120
2024-04-04 22:00:00,27.3,45,950.3,9.7,0.0,52.0,32.9,360.0,16.3,20.3,95.0,110
2024-04-04 23:00:00,26.4,46,949.8,7.4,0.0,53.1,33.4,379.0,17.2,21.2,83.0,97
2024-04-05 00:00:00,25.3,47,949.0,5.0,0.0,52.5,32.7,379.0,16.6,20.8,74.0,92
2024-04-05 01:00:00,24.7,46,948.4,4.8,0.0,51.5,31.9,369.0,15.1,19.7,67.0,91
2024-04-05 02:00:00,24.6,43,948.2,5.4,0.0,50.1,31.0,367.0,14.3,18.9,61.0,90
2024-04-05 03:00:00,23.4,44,947.4,4.7,0.0,48.4,30.0,383.0,15.1,19.1,52.0,90
2024-04-05 04:00:00,23.4,41,947.2,5.4,0.0,46.9,29.3,405.0,16.7,19.7,44.0,89
2024-04-05 05:00:00,23.1,40,947.2,6.2,0.0,50.1,29.8,403.0,14.6,18.7,46.0,88
2024-04-05 06:00:00,22.7,44,947.8,6.3,0.0,50.4,30.2,408.0,14.6,19.0,56.0,88
2024-04-05 07:00:00,24.6,38,949.1,6.0,0.0,54.4,33.6,413.0,14.4,19.2,71.0,87
2024-04-05 08:00:00,28.5,26,950.8,3.7,0.0,58.4,33.5,400.0,13.2,18.4,88.0,87
2024-04-05 09:00:00,32.1,19,951.4,5.1,0.0,51.6,28.0,350.0,9.9,15.6,110.0,87
2024-04-05 10:00:00,34.9,15,951.3,5.5,0.0,46.6,25.3,282.0,5.6,11.7,134.0,86
2024-04-05 11:00:00,36.8,13,950.6,5.5,0.0,41.0,22.6,232.0,2.4,8.6,153.0,87
2024-04-05 12:00:00,38.3,12,949.9,6.5,0.0,37.3,21.2,218.0,1.3,6.9,161.0,87
2024-04-05 13:00:00,39.2,12,948.4,6.6,0.0,37.6,21.8,222.0,1.4,6.0,163.0,87
2024-04-05 14:00:00,39.9,12,947.2,7.2,0.0,39.7,23.2,227.0,1.7,5.7,165.0,87
2024-04-05 15:00:00,39.8,12,946.4,13.1,0.0,40.2,23.5,226.0,1.9,5.8,168.0,89
2024-04-05 16:00:00,38.5,14,946.0,20.5,0.0,39.9,23.3,227.0,2.3,6.4,171.0,109
2024-04-05 17:00:00,36.5,17,945.8,22.9,0.0,48.5,28.1,236.0,3.2,7.8,170.0,127
2024-04-05 18:00:00,34.3,18,946.8,19.9,0.0,48.7,29.3,249.0,5.2,11.9,164.0,140
2024-04-05 19:00:00,31.8,30,947.6,16.2,0.0,49.7,30.7,268.0,8.0,17.4,155.0,146
2024-04-05 20:00:00,29.7,36,948.3,13.6,0.0,50.4,31.2,292.0,10.8,21.6,144.0,147
2024-04-05 21:00:00,28.9,34,948.8,11.2,0.0,50.5,31.4,328.0,13.6,23.1,128.0,143
2024-04-05 22:00:00,28.0,32,949.0,10.9,0.0,51.1,32.1,368.0,16.5,23.3,108.0,136
2024-04-05 23:00:00,27.0,32,948.5,7.6,0.0,51.5,32.5,395.0,18.0,22.6,93.0,123
2024-04-06 00:00:00,25.9,33,947.8,4.7,0.0,50.3,31.8,397.0,17.4,21.1,84.0,108
2024-04-06 01:00:00,25.3,34,947.3,4.9,0.0,48.4,30.3,386.0,15.6,18.7,78.0,89
2024-04-06 02:00:00,25.0,35,947.0,2.3,0.0,45.8,28.0,372.0,13.9,16.7,75.0,87
2024-04-06 03:00:00,26.0,32,947.0,2.3,0.0,43.1,25.9,359.0,12.6,15.3,73.0,87
2024-04-06 04:00:00,25.2,34,947.0,5.3,0.0,41.2,24.3,344.0,11.4,14.2,72.0,86
2024-04-06 05:00:00,23.5,38,947.2,7.7,0.0,42.0,25.0,355.0,11.7,14.3,68.0,86
2024-04-06 06:00:00,24.9,36,947.9,1.5,0.0,43.7,25.6,356.0,11.9,14.1,78.0,85
2024-04-06 07:00:00,25.5,36,948.8,1.4,0.0,49.5,29.5,355.0,12.1,13.8,93.0,85
2024-04-06 08:00:00,28.8,29,950.2,2.1,0.0,51.7,26.0,338.0,11.3,12.6,105.0,85
2024-04-06 09:00:00,31.8,23,950.8,4.9,0.0,38.5,17.9,287.0,8.4,9.8,113.0,84
2024-04-06 10:00:00,34.8,18,950.6,7.9,0.0,29.2,14.1,219.0,4.5,6.3,120.0,83
2024-04-06 11:00:00,37.1,15,949.9,9.2,0.0,23.9,12.1,172.0,1.6,3.7,125.0,82
2024-04-06 12:00:00,38.3,13,948.9,9.6,0.0,23.5,12.5,164.0,0.8,3.0,130.0,82
2024-04-06 13:00:00,39.2,13,947.6,4.8,0.0,26.1,14.5,176.0,1.1,3.2,134.0,81
2024-04-06 14:00:00,39.4,12,946.2,3.4,0.0,28.2,15.9,188.0,1.6,3.6,137.0,80
2024-04-06 15:00:00,39.2,12,945.3,12.1,0.0,29.2,16.7,190.0,1.9,3.7,139.0,80
2024-04-06 16:00:00,38.1,14,944.8,19.4,0.0,29.6,17.1,192.0,2.3,3.9,140.0,80
2024-04-06 17:00:00,36.2,16,944.8,25.8,0.0,32.5,18.5,219.0,3.5,4.8,148.0,87
2024-04-06 18:00:00,34.9,14,945.9,11.4,0.0,32.9,19.7,243.0,6.1,7.4,138.0,95
2024-04-06 19:00:00,31.8,18,946.4,6.7,0.0,35.6,22.2,278.0,9.7,11.0,125.0,99
2024-04-06 20:00:00,29.3,21,946.8,7.9,0.0,39.5,24.7,311.0,12.9,14.2,112.0,99
2024-04-06 21:00:00,29.6,24,947.9,10.3,0.0,43.0,26.8,342.0,15.2,16.5,101.0,95
2024-04-06 22:00:00,28.1,26,947.8,8.7,0.0,46.6,29.0,371.0,17.1,18.4,91.0,88
2024-04-06 23:00:00,27.1,27,947.5,8.0,0.0,48.4,29.9,391.0,18.0,19.4,82.0,78
2024-04-07 00:00:00,26.0,29,946.8,5.3,0.0,48.3,29.5,393.0,17.5,19.0,74.0,75
2024-04-07 01:00:00,25.9,29,946.2,5.8,0.0,47.7,28.9,386.0,16.1,17.7,67.0,75
2024-04-07 02:00:00,25.9,29,945.7,6.5,0.0,46.9,28.2,381.0,15.0,16.6,61.0,75
2024-04-07 03:00:00,25.4,29,945.5,7.6,0.0,46.0,27.5,384.0,14.5,15.8,53.0,75
2024-04-07 04:00:00,23.9,32,945.8,6.1,0.0,45.4,26.9,390.0,14.3,15.2,45.0,75
2024-04-07 05:00:00,23.5,33,946.3,5.4,0.0,49.2,28.4,413.0,15.0,17.3,50.0,75
2024-04-07 06:00:00,23.4,36,946.4,5.5,0.0,50.9,29.1,418.0,15.5,18.6,59.0,76
2024-04-07 07:00:00,26.0,32,947.8,5.4,0.0,55.6,31.9,423.0,16.1,20.2,72.0,76
2024-04-07 08:00:00,29.5,24,949.3,4.0,0.0,62.2,32.8,407.0,15.2,20.2,87.0,76
2024-04-07 09:00:00,32.2,19,950.0,3.4,0.0,58.9,27.9,349.0,11.4,17.3,106.0,77
2024-04-07 10:00:00,34.6,16,949.7,6.6,0.0,50.1,23.6,271.0,6.1,12.8,127.0,77
2024-04-07 11:00:00,36.6,14,949.0,8.2,0.0,41.1,20.1,212.0,2.2,9.1,142.0,78
2024-04-07 12:00:00,37.9,14,948.1,11.6,0.0,36.1,18.5,192.0,1.0,7.1,145.0,79
2024-04-07 13:00:00,38.2,14,947.1,16.8,0.0,34.0,18.2,191.0,1.2,6.0,142.0,79
2024-04-07 14:00:00,36.8,16,946.2,20.7,0.0,33.1,18.0,194.0,1.6,5.5,139.0,80
2024-04-07 15:00:00,36.9,17,945.6,17.2,0.0,32.2,17.9,193.0,1.7,5.5,140.0,80
2024-04-07 16:00:00,36.4,18,945.4,19.2,0.0,32.8,18.3,196.0,2.1,6.1,142.0,85
2024-04-07 17:00:00,35.1,16,945.6,22.5,0.0,39.8,21.4,224.0,2.9,7.7,146.0,97
2024-04-07 18:00:00,31.9,16,946.1,25.8,0.0,41.8,23.1,240.0,5.2,11.2,143.0,105
2024-04-07 19:00:00,29.1,17,946.8,22.3,0.0,46.6,26.6,264.0,8.5,16.1,139.0,109
2024-04-07 20:00:00,27.8,18,947.3,21.4,0.0,48.8,27.9,288.0,11.4,19.9,132.0,108
2024-04-07 21:00:00,27.2,17,947.9,17.5,0.0,48.4,28.1,314.0,13.8,21.8,119.0,105
2024-04-07 22:00:00,26.3,17,948.1,11.3,0.0,48.1,28.2,340.0,15.8,22.7,102.0,101
2024-04-07 23:00:00,25.3,17,947.9,6.9,0.0,46.4,27.3,355.0,16.9,22.9,88.0,93
2024-04-08 00:00:00,24.9,17,947.5,6.6,0.0,43.0,25.2,347.0,16.2,22.3,80.0,82
2024-04-08 01:00:00,24.4,18,946.8,7.3,0.0,39.5,23.1,327.0,14.6,21.0,74.0,81
2024-04-08 02:00:00,23.5,19,946.3,7.9,0.0,36.2,21.3,317.0,13.7,20.0,68.0,80
2024-04-08 03:00:00,22.5,21,945.9,6.2,0.0,33.5,20.3,333.0,14.8,19.9,59.0,80
2024-04-08 04:00:00,21.7,24,945.8,5.0,0.0,32.4,19.8,359.0,16.6,20.0,49.0,79
2024-04-08 05:00:00,20.7,27,946.2,6.5,0.0,34.6,21.0,318.0,13.3,22.4,55.0,78
2024-04-08 06:00:00,20.5,31,946.7,4.7,0.0,34.9,21.5,323.0,13.5,23.8,61.0,78
2024-04-08 07:00:00,23.0,28,948.2,2.2,0.0,40.6,25.0,329.0,13.6,25.5,70.0,77
2024-04-08 08:00:00,26.7,20,949.8,3.2,0.0,42.6,22.5,318.0,12.6,25.0,81.0,77
2024-04-08 09:00:00,30.0,13,950.5,6.2,0.0,29.1,14.3,275.0,9.5,20.2,97.0,76
2024-04-08 10:00:00,32.6,10,950.8,6.8,0.0,21.0,10.8,217.0,5.4,13.3,115.0,75
2024-04-08 11:00:00,34.9,9,950.3,5.4,0.0,17.8,9.5,175.0,2.3,8.0,130.0,74
2024-04-08 12:00:00,36.6,9,949.5,3.2,0.0,16.8,9.2,166.0,1.3,6.1,137.0,73
2024-04-08 13:00:00,37.8,9,948.3,6.0,0.0,17.5,10.0,174.0,1.4,5.9,141.0,72
2024-04-08 14:00:00,38.0,10,947.4,12.8,0.0,19.4,11.5,183.0,1.7,6.2,145.0,72
2024-04-08 15:00:00,37.4,11,946.7,13.7,0.0,21.4,13.0,186.0,1.7,6.5,153.0,71
2024-04-08 16:00:00,37.2,11,946.2,10.0,0.0,23.1,14.2,191.0,2.0,7.3,161.0,79
2024-04-08 17:00:00,36.1,12,946.0,13.9,0.0,23.5,14.9,199.0,3.0,6.6,154.0,96
2024-04-08 18:00:00,33.8,13,946.9,17.7,0.0,26.2,16.6,224.0,5.6,9.0,149.0,108
2024-04-08 19:00:00,31.6,16,947.3,16.6,0.0,28.2,18.5,259.0,9.2,12.4,142.0,115
2024-04-08 20:00:00,29.7,24,948.0,9.2,0.0,31.4,20.7,298.0,12.6,15.7,133.0,118
2024-04-08 21:00:00,27.9,34,948.5,6.5,0.0,35.5,23.4,345.0,15.7,18.7,122.0,117
2024-04-08 22:00:00,26.8,42,948.7,6.6,0.0,39.9,26.3,394.0,18.6,21.7,110.0,113
2024-04-08 23:00:00,25.3,48,948.3,5.2,0.0,43.4,28.6,425.0,19.8,23.9,101.0,106
2024-04-09 00:00:00,24.5,51,947.5,5.0,0.0,45.4,29.6,420.0,18.1,25.1,99.0,95
2024-04-09 01:00:00,23.7,53,946.9,6.2,0.0,47.3,30.6,397.0,14.8,25.6,99.0,81
2024-04-09 02:00:00,23.0,54,946.3,7.2,0.0,48.3,31.1,381.0,12.4,25.7,97.0,70
2024-04-09 03:00:00,22.3,52,945.6,5.2,0.0,48.7,31.3,387.0,12.0,25.4,86.0,69
2024-04-09 04:00:00,21.4,51,945.6,7.1,0.0,48.2,31.1,401.0,12.6,24.8,73.0,70
2024-04-09 05:00:00,20.9,50,946.2,7.2,0.0,53.2,34.1,406.0,12.0,26.9,87.0,71
2024-04-09 06:00:00,22.9,48,947.0,4.1,0.0,55.3,35.2,396.0,12.3,29.2,92.0,72
2024-04-09 07:00:00,25.0,37,948.1,4.6,0.0,59.3,37.6,379.0,12.6,32.0,99.0,73
2024-04-09 08:00:00,28.9,28,949.5,5.1,0.0,58.0,34.3,353.0,11.9,32.3,109.0,74
2024-04-09 09:00:00,32.2,21,950.2,5.9,0.0,41.1,22.1,307.0,9.1,27.6,122.0,75
2024-04-09 10:00:00,35.0,14,950.3,6.6,0.0,36.1,19.6,251.0,5.3,20.2,137.0,76
2024-04-09 11:00:00,36.8,13,950.1,9.5,0.0,33.9,18.7,211.0,2.5,14.4,150.0,76
2024-04-09 12:00:00,38.0,13,949.4,11.5,0.0,34.5,19.6,201.0,1.5,11.7,158.0,77
2024-04-09 13:00:00,38.8,13,948.4,16.7,0.0,35.3,20.4,208.0,1.5,10.4,164.0,78
2024-04-09 14:00:00,38.4,14,947.6,20.7,0.0,36.2,21.2,216.0,1.8,9.8,169.0,86
2024-04-09 15:00:00,37.8,15,946.8,18.6,0.0,36.6,21.5,218.0,2.0,9.3,174.0,102
2024-04-09 16:00:00,36.8,17,946.3,22.0,0.0,36.7,21.7,221.0,2.5,9.4,179.0,118
2024-04-09 17:00:00,35.3,19,946.2,21.4,0.0,37.0,20.7,252.0,3.5,10.5,181.0,133
2024-04-09 18:00:00,33.7,21,946.6,17.5,0.0,38.3,22.1,265.0,5.2,13.3,180.0,146
2024-04-09 19:00:00,31.3,26,947.4,16.7,0.0,44.4,26.8,285.0,7.7,17.3,178.0,154
2024-04-09 20:00:00,29.2,33,948.1,13.0,0.0,48.9,29.6,307.0,10.0,20.6,171.0,158
2024-04-09 21:00:00,27.6,40,949.0,11.9,0.0,50.5,31.0,336.0,12.0,22.8,156.0,160
2024-04-09 22:00:00,26.4,44,949.4,11.3,0.0,53.2,32.8,368.0,13.9,24.3,136.0,159
2024-04-09 23:00:00,25.4,48,949.2,10.4,0.0,55.4,34.0,390.0,14.9,25.3,119.0,154
2024-04-10 00:00:00,24.8,47,948.2,12.3,0.0,56.5,34.3,392.0,14.3,25.5,108.0,143
2024-04-10 01:00:00,24.7,40,947.6,11.4,0.0,57.2,34.7,384.0,12.7,25.1,99.0,128
2024-04-10 02:00:00,24.1,39,947.2,6.6,0.0,56.9,34.7,382.0,11.8,24.5,91.0,111
2024-04-10 03:00:00,22.7,42,946.6,7.4,0.0,55.6,34.2,398.0,12.4,23.9,80.0,92
2024-04-10 04:00:00,21.9,47,947.1,5.2,0.0,54.6,33.5,420.0,13.6,23.1,69.0,86
2024-04-10 05:00:00,21.5,47,947.1,3.6,0.0,65.4,38.5,498.0,16.3,25.2,70.0,86
2024-04-10 06:00:00,21.9,43,947.8,7.1,0.0,69.4,40.6,482.0,15.2,27.6,87.0,86
2024-04-10 07:00:00,24.1,38,948.8,7.8,0.0,76.4,45.6,458.0,13.5,30.5,110.0,87
2024-04-10 08:00:00,27.9,32,950.1,6.3,0.0,76.1,42.7,423.0,11.3,30.3,128.0,87
2024-04-10 09:00:00,31.3,25,950.7,3.9,0.0,54.0,31.0,367.0,8.1,23.9,137.0,88
2024-04-10 10:00:00,33.9,20,950.6,3.6,0.0,44.6,27.0,299.0,4.4,14.3,140.0,89
2024-04-10 11:00:00,36.1,15,950.2,3.8,0.0,35.3,21.4,250.0,1.8,7.2,144.0,89
2024-04-10 12:00:00,37.3,14,949.6,6.9,0.0,33.2,20.3,234.0,1.0,5.0,148.0,90
2024-04-10 13:00:00,38.1,13,948.4,9.0,0.0,33.6,20.7,236.0,1.3,5.3,152.0,90
2024-04-10 14:00:00,38.8,13,947.1,11.9,0.0,34.2,21.1,239.0,1.7,6.2,157.0,90
2024-04-10 15:00:00,38.7,14,946.1,17.7,0.0,35.2,21.6,237.0,1.9,6.9,164.0,104
2024-04-10 16:00:00,37.3,16,945.7,19.7,0.0,36.4,22.2,237.0,2.3,8.2,172.0,115
2024-04-10 17:00:00,35.6,20,945.7,20.0,0.0,44.1,25.9,252.0,3.5,12.5,183.0,125
2024-04-10 18:00:00,32.8,30,946.3,22.0,0.0,49.1,28.8,267.0,5.3,16.2,185.0,135
2024-04-10 19:00:00,30.0,39,947.2,19.6,0.0,57.7,34.6,290.0,7.8,21.3,186.0,144
2024-04-10 20:00:00,28.3,43,947.7,16.6,0.0,60.3,36.1,314.0,10.1,25.2,181.0,152
2024-04-10 21:00:00,27.0,43,948.0,17.4,0.0,62.2,37.7,340.0,11.9,26.9,164.0,158
2024-04-10 22:00:00,26.5,39,948.9,11.4,0.0,63.6,38.9,368.0,13.5,27.4,141.0,159
2024-04-10 23:00:00,25.8,38,948.7,9.0,0.0,65.4,39.9,392.0,14.7,27.5,120.0,157
2024-04-11 00:00:00,25.5,35,948.1,9.2,0.0,65.9,40.3,407.0,15.1,27.3,105.0,150
2024-04-11 01:00:00,24.6,35,947.7,5.4,0.0,66.8,40.6,418.0,15.1,26.7,94.0,136
2024-04-11 02:00:00,23.9,35,947.1,6.0,0.0,66.8,40.7,430.0,15.2,26.1,84.0,117
2024-04-11 03:00:00,23.5,36,946.8,6.6,0.0,67.1,40.7,451.0,15.9,25.8,74.0,95
2024-04-11 04:00:00,25.2,32,947.6,2.2,0.0,68.2,41.1,473.0,16.6,25.5,67.0,95
2024-04-11 05:00:00,23.5,37,948.2,5.6,0.0,60.5,36.7,448.0,16.0,24.6,61.0,96
2024-04-11 06:00:00,22.8,44,948.4,3.7,0.0,64.5,38.5,422.0,14.7,23.3,72.0,96
2024-04-11 07:00:00,25.8,34,949.3,6.5,0.0,70.3,42.0,384.0,12.7,21.2,87.0,95
2024-04-11 08:00:00,29.3,26,950.6,4.7,0.0,62.2,34.9,345.0,10.4,18.4,101.0,95
2024-04-11 09:00:00,32.2,21,951.2,4.8,0.0,50.8,28.5,303.0,7.4,14.0,113.0,95
2024-04-11 10:00:00,34.2,20,951.1,6.4,0.0,43.0,25.0,261.0,4.1,8.7,124.0,94
2024-04-11 11:00:00,36.1,17,950.7,1.0,0.0,39.7,23.7,232.0,1.7,4.9,133.0,94
2024-04-11 12:00:00,37.2,16,950.0,5.5,0.0,40.6,24.6,228.0,1.0,3.6,141.0,94
2024-04-11 13:00:00,38.2,14,948.8,6.5,0.0,42.0,25.6,238.0,1.2,3.8,147.0,95
2024-04-11 14:00:00,39.1,13,947.5,10.8,0.0,42.5,26.0,247.0,1.6,4.2,152.0,95
2024-04-11 15:00:00,39.1,14,946.4,17.9,0.0,42.0,26.0,246.0,1.8,3.9,155.0,95
2024-04-11 16:00:00,37.3,17,946.0,23.8,0.0,41.0,25.4,242.0,2.1,3.9,157.0,96
2024-04-11 17:00:00,35.3,22,946.0,22.8,0.0,50.5,30.7,256.0,3.4,7.9,169.0,105
2024-04-11 18:00:00,31.8,28,947.2,19.5,0.0,51.0,31.4,273.0,5.4,12.2,170.0,117
2024-04-11 19:00:00,29.5,28,948.0,15.5,0.0,52.2,32.8,298.0,8.2,18.2,170.0,127
2024-04-11 20:00:00,28.5,29,948.6,10.7,0.0,54.1,34.1,325.0,10.7,22.9,165.0,135
2024-04-11 21:00:00,27.1,31,949.0,6.8,0.0,55.1,35.0,356.0,12.7,25.1,150.0,140
2024-04-11 22:00:00,27.2,31,949.4,3.9,0.0,56.9,36.3,389.0,14.4,26.0,130.0,140
2024-04-11 23:00:00,25.4,35,949.3,6.0,0.0,58.7,37.6,416.0,15.6,26.4,112.0,136
2024-04-12 00:00:00,24.7,36,948.5,3.4,0.0,59.3,38.2,434.0,15.9,26.4,99.0,127
2024-04-12 01:00:00,25.2,34,948.1,7.1,0.0,61.2,39.5,447.0,15.7,26.0,89.0,114
2024-04-12 02:00:00,24.1,37,947.3,6.3,0.0,62.2,39.7,456.0,15.4,25.7,80.0,97
2024-04-12 03:00:00,22.7,41,946.8,6.1,0.0,60.8,38.6,465.0,15.4,25.9,72.0,95
2024-04-12 04:00:00,22.6,41,947.0,5.3,0.0,59.6,37.7,470.0,15.4,26.2,65.0,95
2024-04-12 05:00:00,23.6,38,947.6,1.1,0.0,58.3,37.0,487.0,16.7,23.6,68.0,95
2024-04-12 06:00:00,22.7,41,948.3,3.3,0.0,58.7,37.5,443.0,15.5,22.8,77.0,95
2024-04-12 07:00:00,25.1,34,949.3,2.9,0.0,61.5,39.9,382.0,13.6,21.6,90.0,95
2024-04-12 08:00:00,28.6,25,950.5,1.8,0.0,37.5,24.0,328.0,11.3,19.2,102.0,95
2024-04-12 09:00:00,32.0,19,951.0,2.8,0.0,22.6,14.2,288.0,8.0,14.6,113.0,94
2024-04-12 10:00:00,34.2,18,950.9,0.8,0.0,23.0,14.3,255.0,4.3,8.9,125.0,93
2024-04-12 11:00:00,35.8,18,950.2,2.3,0.0,27.3,16.9,234.0,1.6,4.7,134.0,92
2024-04-12 12:00:00,37.4,17,949.4,7.4,0.0,31.1,19.2,231.0,0.8,3.4,141.0,91
2024-04-12 13:00:00,38.3,16,948.4,17.6,0.0,32.7,20.3,239.0,1.1,3.7,146.0,91
2024-04-12 14:00:00,37.4,17,947.4,19.9,0.0,33.1,20.7,246.0,1.6,4.1,148.0,91
2024-04-12 15:00:00,37.3,17,946.6,19.3,0.0,33.4,20.9,245.0,1.7,3.8,147.0,90
2024-04-12 16:00:00,36.2,19,946.1,19.2,0.0,33.8,21.0,242.0,2.0,3.5,144.0,91
2024-04-12 17:00:00,34.3,22,946.1,21.3,0.0,42.7,25.7,258.0,3.1,5.2,149.0,100
2024-04-12 18:00:00,31.4,29,946.8,23.6,0.0,41.1,25.0,270.0,5.2,8.0,146.0,108
2024-04-12 19:00:00,29.2,30,947.4,15.9,0.0,43.2,26.9,287.0,8.1,11.9,141.0,112
2024-04-12 20:00:00,28.0,31,948.2,14.0,0.0,48.3,30.4,303.0,10.5,15.1,133.0,114
2024-04-12 21:00:00,27.0,32,948.7,10.4,0.0,49.7,31.5,317.0,11.9,16.9,121.0,112
2024-04-12 22:00:00,25.7,36,949.7,4.2,0.0,50.4,32.0,330.0,12.9,18.0,106.0,107
2024-04-12 23:00:00,25.9,37,950.1,1.3,0.0,51.1,32.5,344.0,13.8,18.8,93.0,98
2024-04-13 00:00:00,24.5,41,949.1,3.2,0.0,51.5,32.6,357.0,14.6,19.4,84.0,87
2024-04-13 01:00:00,23.5,46,948.3,4.7,0.0,51.9,33.1,370.0,15.2,19.7,77.0,86
2024-04-13 02:00:00,22.5,48,947.7,3.9,0.0,51.7,33.3,385.0,15.9,20.2,70.0,86
2024-04-13 03:00:00,22.1,49,947.2,3.8,0.0,53.2,34.2,412.0,17.3,21.2,62.0,85
2024-04-13 04:00:00,22.0,49,947.4,4.1,0.0,56.2,35.7,442.0,18.8,22.4,54.0,85
2024-04-13 05:00:00,22.3,48,948.0,3.8,0.0,48.1,31.1,434.0,18.9,19.6,48.0,85
2024-04-13 06:00:00,20.8,54,948.7,5.3,0.0,51.2,32.7,411.0,16.3,19.4,63.0,84
2024-04-13 07:00:00,23.5,44,949.7,1.9,0.0,57.9,37.3,379.0,12.5,19.0,84.0,84
2024-04-13 08:00:00,27.6,30,950.8,1.3,0.0,54.7,34.3,343.0,9.1,17.5,103.0,84
2024-04-13 09:00:00,31.3,18,951.3,1.8,0.0,43.5,27.2,302.0,6.2,13.7,117.0,85
2024-04-13 10:00:00,33.9,14,950.8,3.3,0.0,36.9,23.0,259.0,3.6,8.8,129.0,86
2024-04-13 11:00:00,35.9,14,950.2,7.9,0.0,33.9,21.2,226.0,1.8,5.1,137.0,86
2024-04-13 12:00:00,37.3,12,949.4,11.8,0.0,30.4,19.2,211.0,1.1,3.8,141.0,87
2024-04-13 13:00:00,37.9,12,948.4,14.7,0.0,28.1,17.8,206.0,1.2,3.8,141.0,87
2024-04-13 14:00:00,37.8,12,947.2,17.2,0.0,26.4,16.7,203.0,1.5,4.1,141.0,86
2024-04-13 15:00:00,37.4,12,946.5,19.0,0.0,25.5,16.1,198.0,1.6,4.1,141.0,86
2024-04-13 16:00:00,36.1,15,946.1,19.7,0.0,25.6,15.9,196.0,1.9,4.3,139.0,90
2024-04-13 17:00:00,33.7,27,946.1,20.9,0.0,14.2,9.3,180.0,2.6,4.9,137.0,98
2024-04-13 18:00:00,31.8,31,946.8,18.9,0.0,18.7,12.1,210.0,5.1,8.7,144.0,102
2024-04-13 19:00:00,29.2,42,947.5,15.8,0.0,27.1,17.6,253.0,8.6,13.9,153.0,105
2024-04-13 20:00:00,27.3,49,948.2,13.7,0.0,37.0,24.1,292.0,11.3,18.5,157.0,108
2024-04-13 21:00:00,25.6,54,948.8,10.1,0.0,44.2,28.8,321.0,12.4,21.8,154.0,112
2024-04-13 22:00:00,24.0,59,949.5,4.7,0.0,49.4,32.1,345.0,12.6,24.5,147.0,115
2024-04-13 23:00:00,23.3,62,949.8,4.0,0.0,52.9,34.2,367.0,13.0,26.0,137.0,116
2024-04-14 00:00:00,22.3,67,949.2,3.8,0.0,53.7,34.7,386.0,14.0,25.9,125.0,115
2024-04-14 01:00:00,21.6,70,948.9,3.3,0.0,53.3,34.7,403.0,15.0,24.7,111.0,112
2024-04-14 02:00:00,20.9,74,948.3,4.7,0.0,56.1,36.3,417.0,15.5,23.7,98.0,106
2024-04-14 03:00:00,20.2,77,948.2,6.1,0.0,57.3,37.1,430.0,15.0,23.1,85.0,97
2024-04-14 04:00:00,20.1,78,948.3,3.4,0.0,59.0,38.2,441.0,13.9,22.8,75.0,82
2024-04-14 05:00:00,19.7,80,948.5,3.8,0.0,51.9,33.3,429.0,15.0,21.1,66.0,83
2024-04-14 06:00:00,20.0,81,949.3,3.7,0.0,56.6,35.9,405.0,13.5,23.7,87.0,83
2024-04-14 07:00:00,22.0,71,950.2,5.8,0.0,64.5,40.4,370.0,11.4,27.0,117.0,83
2024-04-14 08:00:00,26.2,51,951.5,4.3,0.0,63.8,37.1,330.0,9.1,27.4,138.0,83
2024-04-14 09:00:00,31.2,24,952.1,3.8,0.0,46.9,24.6,278.0,6.5,21.9,143.0,84
2024-04-14 10:00:00,34.4,14,951.9,3.4,0.0,35.6,15.3,221.0,3.8,13.4,140.0,83
2024-04-14 11:00:00,36.2,12,951.3,2.9,0.0,30.0,12.7,180.0,1.9,7.0,138.0,83
2024-04-14 12:00:00,37.4,11,950.1,3.1,0.0,27.8,12.5,168.0,1.2,5.0,140.0,82
2024-04-14 13:00:00,38.4,11,949.0,5.0,0.0,27.7,12.7,173.0,1.3,5.1,143.0,82
2024-04-14 14:00:00,39.1,10,948.0,8.7,0.0,28.5,13.1,179.0,1.6,5.6,146.0,89
2024-04-14 15:00:00,39.2,10,947.2,10.6,0.0,29.7,13.6,178.0,1.6,5.7,151.0,102
2024-04-14 16:00:00,38.9,10,946.4,10.5,0.0,31.0,14.5,178.0,1.8,6.3,157.0,109
2024-04-14 17:00:00,37.7,11,946.3,13.8,0.0,26.0,12.1,204.0,3.0,8.4,158.0,113
2024-04-14 18:00:00,32.1,38,947.1,24.0,0.0,30.7,15.9,240.0,5.6,13.9,167.0,116
2024-04-14 19:00:00,30.5,43,948.4,15.2,0.0,39.5,24.3,291.0,9.2,21.6,178.0,122
2024-04-14 20:00:00,28.8,50,949.0,14.5,0.0,48.9,31.2,332.0,12.0,27.5,182.0,130
2024-04-14 21:00:00,27.1,60,949.8,10.5,0.0,56.2,36.1,356.0,13.1,30.2,174.0,139
2024-04-14 22:00:00,26.2,65,950.1,10.0,0.0,58.3,37.6,371.0,13.3,31.1,159.0,146
2024-04-14 23:00:00,25.4,68,950.3,6.2,0.0,56.9,36.7,380.0,13.3,30.7,142.0,149
2024-04-15 00:00:00,25.0,70,949.8,6.3,0.0,54.1,34.8,381.0,13.1,28.5,122.0,147
2024-04-15 01:00:00,24.5,70,949.4,3.8,0.0,51.3,33.1,376.0,12.7,25.0,100.0,139
2024-04-15 02:00:00,24.3,71,948.6,5.9,0.0,49.0,31.4,375.0,12.4,22.1,82.0,127
2024-04-15 03:00:00,23.5,74,948.0,5.5,0.0,47.6,30.5,385.0,12.5,20.5,67.0,109
2024-04-15 04:00:00,23.2,75,948.2,3.7,0.0,47.0,30.2,399.0,12.7,19.5,56.0,85
2024-04-15 05:00:00,23.3,75,948.6,1.8,0.0,46.9,29.5,411.0,15.7,23.5,60.0,82
2024-04-15 06:00:00,24.4,74,949.6,3.7,0.0,46.6,28.9,375.0,13.4,22.2,73.0,81
2024-04-15 07:00:00,26.7,65,950.9,2.5,0.0,48.2,29.6,326.0,10.2,20.3,92.0,81
2024-04-15 08:00:00,29.9,46,952.0,2.1,0.0,45.5,26.1,287.0,7.3,17.8,110.0,80
2024-04-15 09:00:00,33.4,34,952.7,6.9,0.0,42.8,24.8,270.0,5.0,14.4,126.0,79
2024-04-15 10:00:00,36.1,26,952.5,6.8,0.0,39.2,23.3,263.0,3.0,10.4,141.0,79
2024-04-15 11:00:00,37.5,21,951.9,7.9,0.0,35.2,21.5,258.0,1.7,7.4,152.0,80
2024-04-15 12:00:00,38.6,20,951.0,5.9,0.0,33.4,20.7,254.0,1.2,6.1,157.0,81
2024-04-15 13:00:00,39.3,18,949.9,7.0,0.0,33.2,20.3,251.0,1.4,5.8,158.0,81
2024-04-15 14:00:00,40.2,16,948.5,9.0,0.0,33.2,20.0,250.0,1.7,5.7,158.0,82
2024-04-15 15:00:00,40.4,15,947.5,9.2,0.0,33.4,19.8,245.0,1.7,5.3,158.0,99
2024-04-15 16:00:00,39.9,15,947.1,8.7,0.0,34.5,20.2,241.0,1.9,5.0,156.0,113
2024-04-15 17:00:00,38.9,15,947.1,9.9,0.0,45.6,26.8,260.0,3.0,4.4,154.0,123
2024-04-15 18:00:00,37.1,20,948.1,8.6,0.0,47.4,28.2,300.0,6.7,7.0,148.0,129
2024-04-15 19:00:00,34.8,23,948.6,5.2,0.0,60.8,36.9,356.0,11.8,10.7,140.0,130
2024-04-15 20:00:00,32.1,38,950.2,20.2,0.0,69.4,43.1,398.0,15.2,14.7,133.0,128
2024-04-15 21:00:00,30.7,45,950.8,13.0,0.1,77.5,47.8,410.0,15.2,19.2,132.0,123
2024-04-15 22:00:00,30.0,47,950.8,8.4,0.0,81.5,49.9,409.0,13.6,24.0,132.0,117
2024-04-15 23:00:00,29.1,50,950.4,7.4,0.0,83.6,51.3,410.0,12.3,27.1,129.0,112
2024-04-16 00:00:00,28.5,51,949.6,7.6,0.0,83.4,51.2,421.0,12.1,27.6,119.0,106
2024-04-16 01:00:00,28.1,51,949.1,5.4,0.0,83.4,51.1,436.0,12.3,26.5,105.0,98
2024-04-16 02:00:00,27.6,52,948.6,3.8,0.0,82.0,50.3,451.0,12.5,25.0,92.0,93
2024-04-16 03:00:00,27.7,51,948.3,5.8,0.0,79.9,49.0,472.0,13.0,23.8,78.0,94
2024-04-16 04:00:00,27.4,51,948.2,5.9,0.0,77.3,47.4,493.0,13.6,22.2,64.0,96
2024-04-16 05:00:00,27.3,49,948.4,5.8,0.0,82.2,50.2,535.0,17.3,27.3,68.0,97
2024-04-16 06:00:00,27.4,52,948.8,2.6,0.0,81.5,49.7,504.0,15.0,24.3,80.0,99
2024-04-16 07:00:00,29.0,47,949.7,2.2,0.0,83.1,51.6,458.0,11.6,20.0,96.0,101
2024-04-16 08:00:00,32.4,36,950.5,4.9,0.0,66.4,40.6,411.0,8.5,15.6,112.0,103
2024-04-16 09:00:00,35.0,29,950.9,11.2,0.0,47.7,30.4,359.0,5.7,11.2,125.0,105
2024-04-16 10:00:00,36.8,24,950.8,10.6,0.0,40.6,25.9,304.0,3.2,6.7,137.0,105
2024-04-16 11:00:00,38.3,22,950.7,9.4,0.0,36.9,23.5,266.0,1.4,3.5,146.0,105
2024-04-16 12:00:00,38.7,21,950.1,9.2,0.0,34.9,22.2,255.0,0.9,2.5,149.0,106
2024-04-16 13:00:00,39.3,20,949.1,9.7,0.0,34.5,21.9,259.0,1.2,2.7,149.0,106
2024-04-16 14:00:00,39.3,21,948.0,8.5,0.0,34.0,21.7,265.0,1.6,3.0,148.0,106
2024-04-16 15:00:00,39.5,20,947.2,9.3,0.0,34.0,21.7,262.0,1.5,2.7,149.0,106
2024-04-16 16:00:00,39.0,21,946.5,7.1,0.0,34.6,22.1,259.0,1.5,2.5,150.0,106
2024-04-16 17:00:00,38.3,21,946.6,6.6,0.0,64.7,40.9,280.0,3.1,3.8,151.0,112
2024-04-16 18:00:00,36.6,24,947.7,6.1,0.0,70.1,43.9,323.0,7.0,5.5,139.0,117
2024-04-16 19:00:00,34.9,26,948.2,8.4,0.0,72.6,46.1,383.0,12.5,8.0,122.0,118
2024-04-16 20:00:00,33.4,29,948.8,5.8,0.0,74.0,47.6,434.0,16.7,10.1,107.0,113
2024-04-16 21:00:00,31.4,39,949.6,14.8,0.0,74.7,48.0,468.0,18.4,11.7,95.0,111
2024-04-16 22:00:00,31.5,37,949.6,10.6,0.0,75.4,48.1,494.0,18.9,13.0,85.0,111
2024-04-16 23:00:00,30.8,37,949.2,9.0,0.0,75.4,47.5,509.0,18.9,13.7,76.0,111
2024-04-17 00:00:00,30.3,36,948.7,8.8,0.0,73.6,45.9,507.0,18.3,13.5,70.0,110
2024-04-17 01:00:00,29.9,34,948.3,5.9,0.0,72.9,44.9,494.0,17.3,12.8,66.0,110
2024-04-17 02:00:00,29.5,34,947.6,7.4,0.0,73.1,44.8,488.0,16.6,12.5,63.0,109
2024-04-17 03:00:00,30.1,31,947.5,4.2,0.0,73.3,44.8,504.0,17.1,13.2,57.0,109
2024-04-17 04:00:00,29.3,32,947.1,5.2,0.0,73.6,44.7,528.0,18.0,14.4,51.0,108
2024-04-17 05:00:00,27.8,35,947.2,3.9,0.0,71.9,43.4,423.0,10.6,11.3,68.0,108
2024-04-17 06:00:00,27.4,37,947.7,2.7,0.0,72.6,43.9,407.0,10.1,10.8,79.0,107
2024-04-17 07:00:00,30.6,32,949.0,4.2,0.0,77.8,47.4,384.0,9.3,10.0,94.0,107
2024-04-17 08:00:00,33.4,27,950.0,1.8,0.0,84.1,46.4,358.0,8.0,8.9,108.0,106
2024-04-17 09:00:00,35.7,24,950.6,6.0,0.0,76.8,39.9,325.0,5.9,7.0,120.0,107
2024-04-17 10:00:00,37.5,22,950.5,8.0,0.0,75.4,40.2,288.0,3.3,4.6,132.0,108
2024-04-17 11:00:00,38.5,21,950.2,6.1,0.0,71.0,39.3,263.0,1.5,3.0,141.0,109
2024-04-17 12:00:00,39.5,20,949.4,6.6,0.0,68.9,38.5,258.0,1.0,2.6,146.0,111
2024-04-17 13:00:00,40.7,18,948.5,6.4,0.0,69.4,39.0,265.0,1.2,2.9,149.0,113
2024-04-17 14:00:00,39.6,20,947.6,10.3,0.0,71.5,40.5,272.0,1.7,3.4,151.0,114
2024-04-17 15:00:00,35.1,29,947.8,22.5,0.3,71.5,40.7,274.0,2.4,3.9,152.0,116
2024-04-17 16:00:00,37.5,23,947.0,10.0,0.0,71.5,40.9,277.0,3.3,4.6,151.0,118
2024-04-17 17:00:00,35.9,26,947.0,17.3,0.0,98.3,57.2,324.0,6.4,12.1,168.0,120
2024-04-17 18:00:00,34.0,34,948.3,11.1,0.0,93.4,53.8,327.0,6.8,12.9,164.0,122
2024-04-17 19:00:00,32.5,41,948.9,10.8,0.0,88.7,51.3,333.0,7.5,14.1,159.0,126
2024-04-17 20:00:00,31.2,48,949.4,7.6,0.0,85.4,49.6,355.0,9.3,15.2,149.0,130
2024-04-17 21:00:00,30.6,52,949.7,6.6,0.0,84.5,49.9,407.0,13.2,16.3,133.0,131
2024-04-17 22:00:00,29.8,58,949.9,7.0,0.0,86.4,51.7,476.0,18.2,17.5,113.0,128
2024-04-17 23:00:00,28.8,66,949.7,6.6,0.0,87.1,52.7,530.0,21.9,18.1,95.0,124
2024-04-18 00:00:00,28.0,72,949.0,6.1,0.0,84.5,51.6,561.0,23.6,18.0,80.0,125
2024-04-18 01:00:00,27.2,77,948.3,5.4,0.0,81.5,50.2,577.0,24.0,17.3,66.0,126
2024-04-18 02:00:00,26.7,80,947.9,3.9,0.0,78.7,48.4,577.0,23.3,16.7,56.0,126
2024-04-18 03:00:00,26.3,81,947.3,5.2,0.0,74.0,45.6,555.0,20.9,15.7,48.0,126
2024-04-18 04:00:00,25.9,83,947.1,6.1,0.0,69.2,42.3,517.0,17.4,14.6,43.0,127
2024-04-18 05:00:00,25.5,84,947.6,5.1,0.0,56.7,33.5,429.0,13.2,15.3,47.0,126
2024-04-18 06:00:00,26.2,80,947.8,6.0,0.0,57.7,33.4,404.0,12.3,19.5,68.0,125
2024-04-18 07:00:00,28.1,69,949.1,5.9,0.0,62.6,35.3,369.0,10.9,25.0,96.0,124
2024-04-18 08:00:00,31.0,57,950.2,4.8,0.0,73.6,36.8,331.0,9.2,27.3,120.0,123
2024-04-18 09:00:00,34.2,38,950.4,5.9,0.0,55.4,23.9,290.0,6.7,23.4,134.0,122
2024-04-18 10:00:00,37.0,24,950.3,8.4,0.0,43.3,18.6,247.0,3.7,16.2,142.0,120
2024-04-18 11:00:00,38.4,19,949.6,8.5,0.0,39.1,16.8,216.0,1.6,10.5,147.0,118
2024-04-18 12:00:00,40.1,17,948.5,8.4,0.0,37.7,16.4,205.0,1.0,7.9,147.0,116
2024-04-18 13:00:00,39.7,18,947.6,4.3,0.0,36.6,16.2,206.0,1.2,6.7,144.0,113
2024-04-18 14:00:00,40.3,17,946.6,5.8,0.0,37.1,17.0,209.0,1.6,6.2,142.0,111
2024-04-18 15:00:00,38.0,22,946.0,17.1,0.0,38.5,18.4,209.0,1.8,6.1,144.0,109
2024-04-18 16:00:00,34.5,29,945.9,18.8,0.1,39.9,19.5,212.0,2.2,6.7,147.0,106
2024-04-18 17:00:00,36.5,24,945.6,12.1,0.0,46.3,22.9,230.0,3.5,9.2,149.0,111
2024-04-18 18:00:00,33.9,37,945.9,17.6,0.0,49.0,25.6,256.0,5.5,14.2,157.0,114
2024-04-18 19:00:00,32.2,46,946.3,14.1,0.0,52.7,31.1,292.0,8.3,21.2,167.0,117
2024-04-18 20:00:00,30.5,53,947.2,14.4,0.0,58.6,35.4,321.0,10.4,26.3,171.0,121
2024-04-18 21:00:00,29.4,56,947.8,11.9,0.0,63.1,38.3,337.0,11.2,28.1,165.0,126
2024-04-18 22:00:00,28.7,57,948.2,11.7,0.0,61.5,37.6,346.0,11.3,28.2,154.0,131
2024-04-18 23:00:00,28.0,59,947.9,9.5,0.0,59.1,36.8,350.0,11.1,27.4,141.0,133
2024-04-19 00:00:00,27.6,59,947.3,9.4,0.0,57.0,35.4,349.0,10.6,25.7,127.0,133
2024-04-19 01:00:00,27.2,60,946.7,7.6,0.0,55.4,34.5,344.0,9.8,23.1,111.0,128
2024-04-19 02:00:00,26.9,59,946.1,9.5,0.0,54.1,33.6,340.0,9.1,21.1,97.0,120
2024-04-19 03:00:00,26.5,58,945.7,9.8,0.0,52.4,32.7,339.0,8.7,19.8,86.0,108
2024-04-19 04:00:00,26.0,58,945.7,11.4,0.0,51.6,32.1,340.0,8.5,19.1,77.0,90
2024-04-19 05:00:00,25.8,56,945.9,10.6,0.0,49.9,29.7,291.0,7.5,18.2,80.0,87
2024-04-19 06:00:00,25.8,61,946.6,8.0,0.0,50.6,30.0,299.0,8.4,20.8,86.0,86
2024-04-19 07:00:00,27.9,51,947.5,8.3,0.0,53.8,31.8,308.0,9.5,24.2,95.0,86
2024-04-19 08:00:00,31.1,36,948.6,7.4,0.0,56.2,32.7,306.0,9.5,25.4,106.0,86
2024-04-19 09:00:00,34.2,26,949.1,7.8,0.0,44.7,25.4,280.0,7.4,22.4,119.0,85
2024-04-19 10:00:00,36.7,21,948.9,10.6,0.0,37.1,20.9,242.0,4.2,17.2,133.0,86
2024-04-19 11:00:00,38.6,18,948.0,10.0,0.0,34.2,19.3,215.0,1.9,12.9,144.0,86
2024-04-19 12:00:00,39.8,17,946.9,7.6,0.0,36.9,20.7,208.0,1.2,10.6,147.0,86
2024-04-19 13:00:00,40.2,17,946.0,3.6,0.0,39.8,22.1,211.0,1.2,9.2,147.0,86
2024-04-19 14:00:00,39.9,17,944.6,1.9,0.0,41.2,22.9,217.0,1.6,8.9,150.0,87
2024-04-19 15:00:00,39.8,17,943.9,7.9,0.0,43.1,24.2,224.0,2.2,9.9,160.0,88
2024-04-19 16:00:00,38.7,18,943.4,16.5,0.0,44.8,25.9,233.0,3.1,12.0,173.0,102
2024-04-19 17:00:00,34.8,32,943.9,24.6,0.0,71.7,40.3,253.0,3.8,13.5,172.0,116
2024-04-19 18:00:00,33.0,41,944.7,24.1,0.0,70.3,42.0,271.0,5.6,17.5,172.0,127
2024-04-19 19:00:00,30.6,50,945.5,17.8,0.0,68.9,42.8,295.0,8.2,22.8,172.0,136
2024-04-19 20:00:00,29.5,49,946.5,14.9,0.0,65.0,40.4,315.0,10.3,26.4,164.0,142
2024-04-19 21:00:00,28.9,47,947.1,13.0,0.0,60.5,36.9,325.0,11.7,26.4,143.0,145
2024-04-19 22:00:00,28.1,48,947.3,10.2,0.0,58.4,35.5,330.0,12.6,24.5,115.0,144
2024-04-19 23:00:00,27.4,46,947.0,12.3,0.0,57.5,35.0,334.0,13.2,22.8,92.0,137
2024-04-20 00:00:00,27.0,43,946.6,10.0,0.0,56.3,34.2,338.0,13.2,21.8,79.0,122
2024-04-20 01:00:00,26.4,45,946.4,8.7,0.0,54.7,33.3,342.0,12.7,20.8,70.0,102
2024-04-20 02:00:00,26.2,47,945.7,11.7,0.0,53.6,32.6,346.0,12.4,20.1,63.0,92
2024-04-20 03:00:00,25.9,48,945.4,9.1,0.0,52.6,32.0,353.0,12.5,19.6,54.0,91
2024-04-20 04:00:00,25.6,50,945.5,7.6,0.0,52.0,31.5,361.0,12.6,19.4,46.0,91
2024-04-20 05:00:00,25.4,50,945.9,7.6,0.0,49.8,30.3,316.0,9.1,17.9,63.0,91
2024-04-20 06:00:00,26.4,54,946.0,3.7,0.0,51.5,30.3,324.0,9.8,17.9,67.0,91
2024-04-20 07:00:00,28.4,45,947.1,2.0,0.0,58.6,32.7,335.0,10.6,17.7,74.0,91
2024-04-20 08:00:00,31.3,35,947.9,4.3,0.0,60.8,32.2,333.0,10.3,16.5,84.0,92
2024-04-20 09:00:00,34.0,28,948.7,7.4,0.0,61.0,29.3,306.0,7.8,13.4,101.0,91
2024-04-20 10:00:00,36.2,23,948.9,6.4,0.0,56.7,25.9,268.0,4.2,9.4,122.0,92
2024-04-20 11:00:00,37.6,21,948.4,4.1,0.0,59.0,28.6,240.0,1.6,6.3,138.0,92
2024-04-20 12:00:00,38.7,20,947.3,9.2,0.0,62.2,31.5,234.0,0.9,5.0,144.0,93
2024-04-20 13:00:00,38.9,22,946.5,15.5,0.0,62.2,32.1,240.0,1.2,4.8,145.0,94
2024-04-20 14:00:00,37.8,23,945.6,11.8,0.0,59.6,31.2,246.0,1.8,5.0,146.0,95
2024-04-20 15:00:00,38.1,22,944.9,11.3,0.0,58.7,31.4,248.0,2.2,5.6,151.0,95
2024-04-20 16:00:00,37.5,23,944.7,11.9,0.0,63.6,34.9,252.0,3.0,6.8,156.0,96
2024-04-20 17:00:00,36.6,24,944.9,12.4,0.0,89.9,49.4,272.0,4.2,12.5,168.0,101
2024-04-20 18:00:00,30.1,53,947.3,19.3,0.0,78.5,43.4,300.0,6.8,13.0,156.0,115
2024-04-20 19:00:00,28.4,67,948.0,14.7,0.0,70.8,41.1,338.0,10.3,13.8,140.0,123
2024-04-20 20:00:00,27.7,71,948.4,10.9,0.0,64.7,39.1,362.0,12.7,14.7,127.0,123
2024-04-20 21:00:00,27.0,74,948.6,10.1,0.0,57.3,34.7,357.0,12.7,15.7,121.0,119
2024-04-20 22:00:00,26.1,75,948.4,9.7,0.0,52.2,31.2,338.0,11.6,16.8,117.0,114
2024-04-20 23:00:00,25.5,73,947.9,7.9,0.0,48.8,29.7,323.0,10.6,17.6,112.0,108
2024-04-21 00:00:00,25.1,68,947.2,8.1,0.0,46.8,28.4,319.0,10.3,17.7,102.0,100
2024-04-21 01:00:00,24.9,62,946.4,7.3,0.0,45.1,27.4,319.0,10.1,17.5,90.0,96
2024-04-21 02:00:00,24.7,58,946.0,7.2,0.0,44.0,26.9,320.0,10.1,17.4,79.0,95
2024-04-21 03:00:00,24.3,55,945.6,7.3,0.0,44.1,26.7,323.0,10.1,17.7,70.0,95
2024-04-21 04:00:00,24.0,54,945.9,6.3,0.0,44.2,26.6,328.0,10.2,18.3,63.0,94
2024-04-21 05:00:00,23.8,54,946.1,5.3,0.0,44.1,27.1,358.0,12.4,19.3,52.0,94
2024-04-21 06:00:00,24.0,61,946.0,4.0,0.0,46.8,28.4,346.0,12.4,18.6,62.0,94
2024-04-21 07:00:00,26.4,53,947.4,2.9,0.0,51.1,30.6,329.0,12.2,17.5,76.0,94
2024-04-21 08:00:00,29.6,40,948.9,2.5,0.0,49.1,27.8,309.0,11.1,15.7,90.0,93
2024-04-21 09:00:00,32.8,27,949.4,1.8,0.0,49.8,27.5,285.0,8.3,12.4,105.0,93
2024-04-21 10:00:00,35.3,22,949.4,5.1,0.0,54.4,29.9,259.0,4.7,8.3,120.0,93
2024-04-21 11:00:00,36.7,21,948.8,4.4,0.0,64.5,35.9,241.0,2.0,5.2,131.0,93
2024-04-21 12:00:00,37.4,21,948.0,2.8,0.0,62.6,35.5,238.0,1.2,3.7,136.0,94
2024-04-21 13:00:00,38.0,20,947.0,2.9,0.0,59.8,34.5,244.0,1.4,3.2,138.0,94
2024-04-21 14:00:00,37.3,20,946.0,6.0,0.0,57.0,33.3,250.0,1.8,3.1,139.0,94
2024-04-21 15:00:00,38.2,19,945.2,6.9,0.0,55.5,32.7,250.0,1.9,3.2,143.0,94
2024-04-21 16:00:00,38.2,20,944.8,9.3,0.0,53.8,31.9,250.0,2.1,3.7,147.0,95
2024-04-21 17:00:00,35.5,25,945.2,19.7,0.0,69.2,40.5,255.0,4.4,11.1,170.0,94
2024-04-21 18:00:00,33.3,23,946.2,16.3,0.0,63.6,38.3,260.0,6.1,12.6,156.0,106
2024-04-21 19:00:00,31.4,28,947.1,15.5,0.0,51.0,31.9,269.0,8.6,14.6,137.0,113
2024-04-21 20:00:00,30.0,31,947.6,11.5,0.0,41.4,26.1,282.0,11.2,16.3,117.0,115
2024-04-21 21:00:00,28.3,34,948.1,4.7,0.0,38.5,24.3,306.0,13.9,17.2,98.0,111
2024-04-21 22:00:00,27.3,37,948.4,4.3,0.0,39.2,24.9,335.0,16.7,17.8,78.0,102
2024-04-21 23:00:00,27.5,36,948.2,7.5,0.0,40.0,25.3,356.0,18.5,17.8,63.0,90
2024-04-22 00:00:00,26.6,38,947.5,7.9,0.0,39.6,24.8,363.0,18.7,17.1,54.0,90
2024-04-22 01:00:00,25.7,40,947.0,9.5,0.0,39.3,24.4,362.0,17.8,15.9,48.0,90
2024-04-22 02:00:00,24.9,42,946.3,7.4,0.0,39.1,24.0,360.0,16.9,15.0,44.0,89
2024-04-22 03:00:00,24.5,43,946.3,6.9,0.0,39.0,23.7,359.0,16.3,14.6,39.0,89
2024-04-22 04:00:00,24.3,44,946.4,5.9,0.0,38.9,23.4,357.0,15.6,14.5,36.0,89
2024-04-22 05:00:00,24.0,45,946.7,4.1,0.0,45.6,27.4,418.0,20.0,19.0,34.0,89
2024-04-22 06:00:00,24.7,51,947.1,4.0,0.0,46.7,27.6,387.0,17.2,18.2,52.0,89
2024-04-22 07:00:00,27.0,44,948.3,4.0,0.0,49.1,29.5,344.0,13.3,17.0,77.0,89
2024-04-22 08:00:00,29.9,36,949.5,3.2,0.0,50.3,28.6,307.0,9.6,15.2,99.0,88
2024-04-22 09:00:00,33.1,29,949.8,4.6,0.0,53.9,30.6,283.0,6.5,12.3,115.0,89
2024-04-22 10:00:00,35.5,23,949.8,7.4,0.0,63.8,36.9,266.0,3.6,8.7,129.0,89
2024-04-22 11:00:00,37.2,21,949.3,8.8,0.0,69.6,40.4,254.0,1.6,6.2,140.0,89
2024-04-22 12:00:00,38.3,19,948.7,11.5,0.0,70.5,40.7,248.0,0.9,5.4,147.0,90
2024-04-22 13:00:00,38.8,19,947.9,14.8,0.0,68.0,39.1,246.0,1.2,5.5,150.0,90
2024-04-22 14:00:00,38.0,21,947.2,19.5,0.0,65.0,37.5,246.0,1.6,5.9,153.0,90
2024-04-22 15:00:00,36.9,23,946.7,13.4,0.0,61.0,35.6,244.0,1.9,6.1,158.0,91
2024-04-22 16:00:00,36.8,24,946.0,11.8,0.0,58.2,34.1,242.0,2.4,6.6,162.0,99
2024-04-22 17:00:00,35.2,28,946.1,16.8,0.0,54.2,31.8,253.0,3.5,8.8,163.0,112
2024-04-22 18:00:00,33.8,29,946.8,16.9,0.0,53.0,31.7,268.0,5.3,11.0,155.0,122
2024-04-22 19:00:00,31.7,34,947.4,15.5,0.0,53.2,32.8,289.0,7.9,14.2,143.0,128
2024-04-22 20:00:00,29.7,37,947.9,11.5,0.0,55.9,34.7,314.0,10.4,17.0,130.0,128
2024-04-22 21:00:00,28.6,38,948.7,10.2,0.0,58.3,36.6,346.0,12.9,19.2,115.0,125
2024-04-22 22:00:00,27.7,40,949.1,8.4,0.0,60.5,38.2,381.0,15.3,21.2,99.0,117
2024-04-22 23:00:00,26.9,41,948.7,8.3,0.0,62.2,39.3,407.0,16.8,22.6,86.0,106
2024-04-23 00:00:00,25.9,44,948.1,4.6,0.0,62.9,39.7,415.0,16.7,23.2,77.0,94
2024-04-23 01:00:00,25.2,45,947.2,4.5,0.0,63.6,40.0,414.0,15.6,23.3,72.0,95
2024-04-23 02:00:00,25.0,45,946.7,4.8,0.0,64.3,40.4,414.0,14.7,23.3,66.0,96
2024-04-23 03:00:00,25.0,45,946.2,5.0,0.0,64.7,40.5,425.0,14.7,23.3,57.0,98
2024-04-23 04:00:00,24.6,46,946.2,6.9,0.0,65.4,40.9,437.0,14.8,23.2,49.0,99
2024-04-23 05:00:00,23.5,50,946.4,4.3,0.0,56.2,35.0,409.0,15.0,18.7,53.0,100
2024-04-23 06:00:00,24.0,50,946.7,4.0,0.0,57.9,35.9,384.0,13.2,17.8,67.0,101
2024-04-23 07:00:00,26.5,42,947.8,4.0,0.0,62.9,38.6,349.0,10.6,16.4,88.0,102
2024-04-23 08:00:00,30.4,27,949.0,1.5,0.0,65.4,38.1,315.0,8.1,14.5,105.0,103
2024-04-23 09:00:00,33.3,20,949.4,3.9,0.0,77.3,44.6,285.0,5.7,11.5,116.0,104
2024-04-23 10:00:00,35.5,16,949.3,4.5,0.0,68.9,39.5,257.0,3.3,8.0,125.0,105
2024-04-23 11:00:00,37.0,15,948.8,3.6,0.0,59.1,33.6,237.0,1.6,5.6,133.0,106
2024-04-23 12:00:00,38.1,15,948.1,5.8,0.0,55.3,31.7,229.0,1.1,5.0,140.0,105
2024-04-23 13:00:00,38.7,15,946.9,8.0,0.0,53.9,30.9,228.0,1.2,5.3,147.0,104
2024-04-23 14:00:00,39.2,13,945.7,8.9,0.0,52.4,30.2,229.0,1.6,6.1,153.0,103
2024-04-23 15:00:00,39.4,13,944.5,15.0,0.0,50.8,29.5,228.0,1.9,6.9,161.0,102
2024-04-23 16:00:00,38.1,15,944.0,20.4,0.0,49.2,28.9,228.0,2.3,8.0,170.0,102
2024-04-23 17:00:00,35.4,23,944.1,23.3,0.0,42.5,24.6,233.0,3.1,6.5,153.0,110
2024-04-23 18:00:00,34.7,22,944.7,17.9,0.0,42.8,25.5,250.0,5.3,9.4,147.0,118
2024-04-23 19:00:00,32.4,31,945.2,18.5,0.0,42.5,26.3,276.0,8.4,13.4,138.0,123
2024-04-23 20:00:00,30.2,40,945.9,12.0,0.0,43.4,27.2,302.0,11.2,16.9,128.0,124
2024-04-23 21:00:00,28.8,45,946.6,6.2,0.0,45.3,28.5,330.0,13.4,19.4,116.0,121
2024-04-23 22:00:00,27.9,48,947.0,6.5,0.0,47.8,30.2,359.0,15.4,21.3,102.0,115
2024-04-23 23:00:00,27.2,50,946.9,7.0,0.0,50.2,31.5,383.0,16.8,22.5,89.0,104
2024-04-24 00:00:00,26.6,51,946.3,6.1,0.0,51.3,32.1,399.0,17.3,22.5,79.0,97
2024-04-24 01:00:00,25.7,54,945.7,4.9,0.0,52.3,32.7,411.0,17.2,21.9,71.0,96
2024-04-24 02:00:00,24.9,57,945.0,4.4,0.0,53.1,33.3,423.0,17.2,21.4,63.0,96
2024-04-24 03:00:00,25.2,55,944.6,5.1,0.0,54.6,34.0,444.0,17.8,21.7,53.0,95
2024-04-24 04:00:00,24.6,56,944.6,6.6,0.0,56.1,34.5,467.0,18.5,22.3,43.0,95
2024-04-24 05:00:00,23.8,55,944.8,5.0,0.0,47.5,29.4,377.0,12.6,17.2,63.0,94
2024-04-24 06:00:00,25.2,51,945.6,7.9,0.0,46.7,28.8,368.0,12.2,16.8,73.0,94
2024-04-24 07:00:00,27.5,41,946.5,5.0,0.0,50.2,31.1,354.0,11.6,16.2,87.0,93
2024-04-24 08:00:00,30.8,35,948.1,1.9,0.0,50.6,29.8,335.0,10.3,14.9,102.0,93
2024-04-24 09:00:00,33.6,28,948.5,3.3,0.0,54.6,32.2,308.0,7.7,12.5,118.0,92
2024-04-24 10:00:00,35.8,22,948.6,5.2,0.0,59.3,35.3,276.0,4.4,9.5,134.0,91
2024-04-24 11:00:00,37.3,19,948.0,1.5,0.0,58.8,34.8,253.0,2.0,7.2,146.0,91
2024-04-24 12:00:00,38.3,18,947.2,2.9,0.0,57.5,34.0,244.0,1.2,6.1,152.0,91
2024-04-24 13:00:00,39.0,18,946.2,1.5,0.0,57.7,34.2,242.0,1.3,5.7,154.0,91
2024-04-24 14:00:00,39.1,18,945.3,4.1,0.0,57.2,34.1,243.0,1.7,5.7,156.0,91
2024-04-24 15:00:00,39.4,17,944.4,9.0,0.0,55.4,33.2,243.0,2.0,5.7,159.0,91
2024-04-24 16:00:00,37.7,19,944.0,7.3,0.0,56.2,33.5,244.0,2.6,6.1,162.0,105
2024-04-24 17:00:00,36.2,22,944.3,9.1,0.0,71.5,41.3,262.0,3.5,6.1,155.0,118
2024-04-24 18:00:00,35.4,20,944.9,8.4,0.0,69.8,41.0,281.0,5.4,10.1,160.0,126
2024-04-24 19:00:00,32.7,31,945.7,11.3,0.0,68.9,42.0,307.0,8.1,15.7,165.0,131
2024-04-24 20:00:00,30.5,45,946.6,9.7,0.0,68.7,42.0,330.0,10.3,20.5,165.0,135
2024-04-24 21:00:00,29.5,49,947.5,6.5,0.0,68.5,41.9,346.0,11.7,23.7,154.0,138
2024-04-24 22:00:00,28.6,52,948.1,10.8,0.0,67.8,41.6,358.0,12.7,26.0,137.0,138
2024-04-24 23:00:00,27.6,56,947.7,10.3,0.0,66.4,41.0,366.0,13.2,27.4,122.0,134
2024-04-25 00:00:00,26.5,62,947.0,8.8,0.0,65.4,40.2,367.0,13.0,27.6,110.0,126
2024-04-25 01:00:00,26.0,64,946.6,6.9,0.0,65.2,39.9,363.0,12.4,26.8,100.0,115
2024-04-25 02:00:00,25.6,64,945.9,6.2,0.0,66.1,39.9,364.0,12.0,26.1,91.0,103
2024-04-25 03:00:00,25.0,64,945.5,4.0,0.0,65.4,39.6,377.0,12.4,25.8,81.0,102
2024-04-25 04:00:00,25.0,62,945.4,6.4,0.0,64.5,38.9,394.0,12.9,25.5,71.0,102
2024-04-25 05:00:00,24.8,58,945.9,6.9,0.0,67.8,40.9,424.0,12.6,21.3,64.0,103
2024-04-25 06:00:00,25.7,56,946.2,3.2,0.0,68.0,40.6,408.0,11.9,22.2,76.0,104
2024-04-25 07:00:00,28.2,46,947.3,1.6,0.0,66.4,40.5,384.0,10.7,23.1,92.0,105
2024-04-25 08:00:00,30.9,38,948.3,4.1,0.0,64.3,38.0,357.0,9.2,22.3,108.0,106
2024-04-25 09:00:00,33.4,31,949.0,2.9,0.0,52.4,30.7,324.0,6.8,18.0,122.0,107
2024-04-25 10:00:00,35.6,26,948.8,7.0,0.0,48.0,28.6,288.0,4.0,11.8,135.0,107
2024-04-25 11:00:00,37.1,24,948.2,7.0,0.0,50.2,30.4,262.0,1.9,7.1,145.0,106
2024-04-25 12:00:00,38.3,23,947.5,5.3,0.0,51.3,31.1,251.0,1.2,5.1,149.0,106
2024-04-25 13:00:00,38.6,22,946.5,2.3,0.0,51.1,31.1,250.0,1.3,4.6,151.0,106
2024-04-25 14:00:00,39.2,21,945.2,2.1,0.0,51.0,31.1,251.0,1.7,4.8,153.0,105
2024-04-25 15:00:00,38.3,22,944.8,10.0,0.0,51.3,31.5,251.0,2.2,5.6,158.0,105
2024-04-25 16:00:00,31.5,42,945.2,7.1,3.0,53.1,32.8,255.0,3.0,7.2,165.0,105
2024-04-25 17:00:00,34.5,31,945.6,10.1,0.0,51.2,31.2,253.0,2.9,4.5,148.0,117
2024-04-25 18:00:00,35.9,21,945.0,4.6,0.0,52.6,32.6,287.0,5.9,7.0,145.0,123
2024-04-25 19:00:00,32.5,32,945.9,17.0,0.0,54.7,34.7,333.0,10.1,10.6,142.0,125
2024-04-25 20:00:00,30.6,39,946.5,16.4,0.0,57.7,36.6,368.0,13.2,14.3,137.0,124
2024-04-25 21:00:00,29.3,40,947.0,13.4,0.0,58.1,36.9,381.0,14.0,18.1,132.0,122
2024-04-25 22:00:00,28.5,38,947.6,8.0,0.0,58.1,37.1,383.0,13.8,21.9,127.0,118
2024-04-25 23:00:00,27.8,38,947.3,10.6,0.0,56.2,36.0,381.0,13.4,24.4,118.0,112
2024-04-26 00:00:00,27.2,37,946.5,9.7,0.0,53.1,34.0,379.0,13.3,24.9,104.0,103
2024-04-26 01:00:00,26.5,39,945.9,8.6,0.0,51.1,32.6,374.0,13.1,24.1,87.0,99
2024-04-26 02:00:00,26.3,38,945.2,10.3,0.0,50.2,31.8,366.0,12.8,23.3,73.0,99
2024-04-26 03:00:00,25.8,39,944.9,7.2,0.0,49.5,31.1,354.0,12.3,22.8,65.0,98
2024-04-26 04:00:00,25.4,40,945.2,5.8,0.0,48.7,30.3,340.0,11.6,22.2,60.0,98
2024-04-26 05:00:00,25.3,39,945.7,6.6,0.0,46.4,29.0,316.0,10.2,20.9,67.0,97
2024-04-26 06:00:00,27.0,38,947.0,7.9,0.0,45.2,28.5,321.0,10.8,20.4,73.0,96
2024-04-26 07:00:00,28.2,36,947.7,8.3,0.0,47.4,29.6,326.0,11.5,19.5,82.0,95
2024-04-26 08:00:00,30.6,31,948.4,6.0,0.0,48.7,29.6,323.0,11.0,18.0,95.0,94
2024-04-26 09:00:00,33.6,26,948.7,7.7,0.0,52.4,31.4,303.0,8.3,15.3,114.0,93
2024-04-26 10:00:00,36.1,22,948.5,7.6,0.0,53.9,32.6,274.0,4.5,12.0,136.0,94
2024-04-26 11:00:00,37.7,21,948.0,4.7,0.0,54.1,33.1,252.0,1.7,9.5,153.0,94
2024-04-26 12:00:00,38.5,20,947.4,1.8,0.0,53.1,32.6,245.0,1.0,8.5,160.0,94
2024-04-26 13:00:00,39.4,19,946.6,2.2,0.0,53.2,32.8,246.0,1.3,8.4,161.0,94
2024-04-26 14:00:00,38.8,20,945.7,5.6,0.0,53.4,33.2,249.0,1.9,8.6,162.0,94
2024-04-26 15:00:00,36.3,24,945.4,12.6,0.0,54.8,34.1,251.0,2.3,8.9,166.0,94
2024-04-26 16:00:00,35.6,25,945.2,17.6,0.1,58.9,36.9,256.0,2.9,9.6,170.0,111
2024-04-26 17:00:00,35.7,26,945.1,17.6,0.0,63.1,39.0,260.0,3.7,7.8,165.0,126
2024-04-26 18:00:00,33.2,36,945.0,24.2,0.0,65.7,40.9,275.0,5.7,10.6,156.0,137
2024-04-26 19:00:00,31.1,40,945.4,23.4,0.0,67.3,42.4,296.0,8.5,14.4,144.0,142
2024-04-26 20:00:00,30.0,44,946.4,14.0,0.0,69.6,43.4,316.0,10.8,17.5,131.0,140
2024-04-26 21:00:00,29.3,46,947.1,13.0,0.0,69.8,43.3,332.0,12.2,19.2,118.0,133
2024-04-26 22:00:00,28.7,46,947.4,12.3,0.0,70.3,43.5,347.0,13.2,20.2,105.0,124
2024-04-26 23:00:00,27.7,46,947.6,4.8,0.0,71.0,44.0,359.0,13.7,20.6,94.0,112
2024-04-27 00:00:00,27.1,47,947.1,4.6,0.0,70.8,43.9,368.0,13.6,20.3,85.0,99
2024-04-27 01:00:00,27.5,45,946.3,7.3,0.0,70.5,43.7,374.0,13.0,19.5,77.0,100
2024-04-27 02:00:00,26.5,47,945.8,4.8,0.0,69.6,43.1,375.0,12.2,18.3,71.0,101
2024-04-27 03:00:00,25.4,51,945.2,4.0,0.0,68.5,42.3,369.0,11.2,16.9,66.0,102
2024-04-27 04:00:00,26.0,48,945.6,3.7,0.0,67.3,41.6,358.0,10.0,15.1,63.0,103
2024-04-27 05:00:00,26.8,45,946.3,2.5,0.0,66.8,41.2,358.0,9.3,13.6,67.0,104
2024-04-27 06:00:00,25.5,52,946.7,3.5,0.0,67.3,41.6,354.0,8.8,12.8,77.0,106
2024-04-27 07:00:00,28.7,41,948.3,2.5,0.0,70.3,43.8,348.0,8.0,11.7,90.0,107
2024-04-27 08:00:00,31.9,32,949.3,4.7,0.0,73.3,45.2,334.0,6.9,10.4,104.0,109
2024-04-27 09:00:00,34.8,26,949.4,10.0,0.0,70.1,43.1,307.0,5.1,8.7,118.0,110
2024-04-27 10:00:00,37.2,21,949.2,13.5,0.0,65.7,40.3,272.0,2.9,7.0,132.0,111
2024-04-27 11:00:00,38.5,19,948.6,13.0,0.0,64.3,39.5,247.0,1.3,6.2,143.0,112
2024-04-27 12:00:00,39.4,18,948.1,11.4,0.0,62.4,38.6,238.0,0.8,7.2,149.0,113
2024-04-27 13:00:00,39.9,17,947.0,9.0,0.0,60.8,38.2,239.0,1.0,9.1,151.0,113
2024-04-27 14:00:00,40.2,17,946.1,7.9,0.0,59.0,37.1,240.0,1.3,10.8,152.0,114
2024-04-27 15:00:00,40.3,16,945.2,8.0,0.0,57.6,36.3,236.0,1.2,11.5,153.0,114
2024-04-27 16:00:00,39.5,17,944.6,6.7,0.0,57.5,36.3,233.0,1.3,11.9,152.0,115
2024-04-27 17:00:00,38.7,17,944.5,6.2,0.0,54.8,34.8,260.0,2.9,12.0,156.0,115
2024-04-27 18:00:00,35.6,19,944.9,5.5,0.0,56.6,36.2,313.0,7.8,14.3,147.0,119
2024-04-27 19:00:00,33.4,21,945.6,10.2,0.0,60.8,39.6,386.0,14.5,17.6,134.0,122
2024-04-27 20:00:00,30.7,40,946.4,9.8,0.0,61.5,40.0,433.0,18.7,20.7,124.0,120
2024-04-27 21:00:00,29.9,42,946.9,14.4,0.0,58.0,37.5,429.0,18.3,23.4,119.0,115
2024-04-27 22:00:00,29.3,43,947.4,11.5,0.0,56.6,36.3,400.0,15.4,25.8,117.0,112
2024-04-27 23:00:00,28.7,44,947.4,11.3,0.0,55.3,35.5,376.0,12.8,27.1,114.0,112
2024-04-28 00:00:00,28.3,45,946.7,8.8,0.0,53.4,34.2,367.0,11.3,26.4,109.0,111
2024-04-28 01:00:00,27.2,48,946.2,4.3,0.0,51.5,32.8,363.0,10.0,24.6,103.0,110
2024-04-28 02:00:00,27.2,46,945.8,7.1,0.0,49.5,31.5,362.0,9.2,23.0,97.0,109
2024-04-28 03:00:00,25.6,50,945.4,3.9,0.0,47.7,30.5,366.0,9.0,22.2,89.0,107
2024-04-28 04:00:00,25.5,50,945.5,3.3,0.0,46.1,29.5,374.0,9.3,21.6,81.0,106
2024-04-28 05:00:00,26.4,47,946.4,1.8,0.0,43.7,28.3,363.0,9.3,21.4,84.0,105
2024-04-28 06:00:00,26.4,50,946.5,5.9,0.0,42.7,27.5,346.0,8.9,19.8,92.0,104
2024-04-28 07:00:00,29.5,40,947.4,4.3,0.0,42.6,27.4,322.0,8.3,17.5,103.0,102
2024-04-28 08:00:00,32.5,32,948.8,3.7,0.0,39.3,24.6,299.0,7.2,15.2,114.0,100
2024-04-28 09:00:00,36.2,23,949.0,11.6,0.0,47.7,29.8,277.0,5.3,12.8,125.0,99
2024-04-28 10:00:00,38.4,19,948.9,14.9,0.0,56.3,35.2,257.0,3.0,10.4,136.0,98
2024-04-28 11:00:00,39.8,18,948.3,13.0,0.0,59.8,37.4,242.0,1.4,8.9,145.0,97
2024-04-28 12:00:00,40.6,17,947.7,10.8,0.0,58.8,36.9,237.0,0.9,8.9,150.0,97
2024-04-28 13:00:00,41.0,16,946.8,10.5,0.0,56.9,35.9,239.0,1.1,9.7,152.0,97
2024-04-28 14:00:00,40.7,16,945.7,7.6,0.0,58.4,37.1,242.0,1.5,10.4,153.0,97
2024-04-28 15:00:00,40.6,16,944.9,4.8,0.0,59.0,37.6,242.0,1.6,10.4,155.0,97
2024-04-28 16:00:00,40.2,16,944.4,3.6,0.0,59.3,37.8,243.0,1.9,10.2,157.0,107
2024-04-28 17:00:00,39.8,16,944.4,3.7,0.0,41.0,27.0,264.0,3.3,12.3,159.0,116
2024-04-28 18:00:00,38.4,15,944.6,14.1,0.0,43.0,28.3,296.0,6.5,15.2,151.0,123
2024-04-28 19:00:00,33.0,25,945.8,22.2,0.0,47.6,31.9,340.0,10.8,19.2,140.0,126
2024-04-28 20:00:00,31.8,26,947.3,20.2,0.0,41.6,28.1,368.0,13.7,22.1,129.0,125
2024-04-28 21:00:00,31.1,27,948.3,15.9,0.0,35.5,24.2,366.0,13.9,22.8,119.0,121
2024-04-28 22:00:00,30.6,27,948.8,12.9,0.0,33.1,22.5,350.0,12.6,22.3,109.0,114
2024-04-28 23:00:00,28.7,31,948.4,7.6,0.0,32.4,21.9,334.0,11.3,21.4,101.0,105
2024-04-29 00:00:00,29.7,29,948.2,3.9,0.0,32.1,21.7,324.0,10.2,19.9,95.0,93
2024-04-29 01:00:00,27.5,34,947.4,5.8,0.0,32.6,21.9,316.0,9.1,18.0,90.0,90
2024-04-29 02:00:00,27.2,35,947.2,3.1,0.0,33.6,22.6,312.0,8.5,16.7,85.0,89
2024-04-29 03:00:00,27.0,35,946.8,4.2,0.0,34.7,23.2,316.0,8.8,16.4,78.0,88
2024-04-29 04:00:00,26.5,38,946.7,5.0,0.0,35.5,23.7,325.0,9.5,16.8,71.0,88
2024-04-29 05:00:00,25.6,41,947.1,5.8,0.0,40.4,27.1,277.0,6.8,17.2,84.0,87
2024-04-29 06:00:00,26.6,44,947.8,4.2,0.0,41.9,27.9,285.0,7.6,18.6,91.0,87
2024-04-29 07:00:00,30.0,37,948.9,9.0,0.0,46.7,31.1,296.0,8.6,20.3,101.0,87
2024-04-29 08:00:00,33.1,29,950.0,4.1,0.0,48.3,31.0,298.0,8.6,20.8,112.0,88
2024-04-29 09:00:00,35.7,23,950.5,2.9,0.0,38.8,23.7,285.0,6.7,18.7,125.0,88
2024-04-29 10:00:00,38.1,19,950.4,5.4,0.0,44.0,27.3,263.0,3.7,15.4,138.0,88
2024-04-29 11:00:00,39.3,18,949.6,2.8,0.0,49.4,31.1,247.0,1.6,12.8,149.0,87
2024-04-29 12:00:00,40.6,17,949.1,3.4,0.0,49.9,31.7,242.0,1.0,11.7,155.0,87
2024-04-29 13:00:00,40.7,17,948.2,8.2,0.0,48.7,31.0,242.0,1.2,11.3,158.0,86
2024-04-29 14:00:00,40.6,17,947.3,8.9,0.0,49.7,31.8,244.0,1.6,11.4,161.0,86
2024-04-29 15:00:00,40.8,16,946.4,7.1,0.0,48.7,31.1,245.0,1.8,11.6,167.0,100
2024-04-29 16:00:00,40.6,16,945.7,9.8,0.0,47.8,30.5,247.0,2.3,12.2,173.0,114
2024-04-29 17:00:00,39.0,17,945.7,17.1,0.0,51.5,32.2,266.0,3.1,13.6,165.0,127
2024-04-29 18:00:00,37.4,15,946.2,14.7,0.0,51.0,32.0,276.0,5.2,17.8,159.0,136
2024-04-29 19:00:00,35.1,15,946.6,21.4,0.0,48.9,31.1,290.0,8.1,23.6,151.0,140
2024-04-29 20:00:00,33.1,16,947.6,16.3,0.0,45.5,28.6,306.0,10.7,27.8,140.0,141
2024-04-29 21:00:00,31.7,17,948.3,11.6,0.0,45.3,28.5,325.0,12.8,28.9,125.0,138
2024-04-29 22:00:00,30.2,18,948.7,9.0,0.0,46.6,29.3,346.0,14.6,28.3,108.0,130
2024-04-29 23:00:00,29.0,20,948.4,6.1,0.0,47.8,30.0,364.0,15.9,27.6,93.0,119
2024-04-30 00:00:00,28.8,20,947.8,7.7,0.0,47.6,29.9,377.0,16.7,27.0,82.0,103
2024-04-30 01:00:00,28.4,21,947.1,8.4,0.0,47.5,29.7,387.0,17.0,26.2,73.0,87
2024-04-30 02:00:00,26.5,24,946.5,7.1,0.0,47.6,29.6,393.0,17.0,25.6,66.0,88
2024-04-30 03:00:00,25.9,26,946.1,6.1,0.0,47.7,29.4,395.0,16.7,25.5,60.0,88
2024-04-30 04:00:00,25.6,27,946.1,5.8,0.0,47.1,28.9,394.0,16.1,25.7,57.0,89
2024-04-30 05:00:00,24.8,30,946.3,6.0,0.0,42.4,26.7,376.0,14.2,21.4,60.0,89
2024-04-30 06:00:00,26.3,28,947.2,5.6,0.0,42.8,26.9,364.0,13.5,21.9,73.0,89
2024-04-30 07:00:00,29.1,23,948.2,5.8,0.0,45.9,29.3,345.0,12.3,22.5,90.0,89
2024-04-30 08:00:00,32.6,17,949.3,4.0,0.0,48.1,29.8,320.0,10.6,22.2,107.0,89
2024-04-30 09:00:00,35.6,13,949.4,4.9,0.0,38.0,20.8,281.0,7.8,20.2,120.0,89
2024-04-30 10:00:00,38.2,12,949.0,8.2,0.0,33.9,18.1,236.0,4.4,17.4,132.0,89
2024-04-30 11:00:00,39.8,13,948.6,9.9,0.0,30.4,17.0,205.0,2.0,15.0,142.0,88
2024-04-30 12:00:00,40.8,13,947.8,13.9,0.0,31.9,18.6,201.0,1.2,13.5,149.0,87
2024-04-30 13:00:00,40.9,14,946.8,17.6,0.0,34.6,20.5,211.0,1.3,12.5,153.0,86
2024-04-30 14:00:00,40.7,14,945.9,18.2,0.0,36.1,21.6,220.0,1.6,11.9,156.0,85
2024-04-30 15:00:00,40.3,14,945.3,18.3,0.0,36.4,21.8,221.0,1.8,11.7,159.0,90
2024-04-30 16:00:00,39.6,15,944.8,17.6,0.0,36.4,21.9,222.0,2.3,12.0,162.0,104
2024-04-30 17:00:00,38.3,19,944.4,20.0,0.0,40.5,24.4,255.0,3.2,12.8,170.0,116
2024-04-30 18:00:00,36.5,19,945.3,13.4,0.0,39.6,24.2,261.0,5.1,15.6,160.0,127
2024-04-30 19:00:00,34.5,19,945.5,14.2,0.0,41.0,26.0,271.0,7.9,19.5,146.0,133
2024-04-30 20:00:00,32.7,20,946.0,14.1,0.0,40.4,25.6,284.0,10.4,22.8,132.0,133
2024-04-30 21:00:00,30.9,23,946.6,12.8,0.0,41.3,26.1,304.0,12.6,25.1,118.0,130
2024-04-30 22:00:00,29.6,25,946.5,10.8,0.0,43.5,27.2,327.0,14.5,26.8,104.0,122
2024-04-30 23:00:00,28.4,27,946.4,10.9,0.0,45.4,27.8,341.0,15.6,27.8,92.0,111
2024-05-01 00:00:00,27.4,30,945.9,11.6,0.0,46.2,27.3,338.0,15.1,27.7,84.0,97
2024-05-01 01:00:00,26.8,33,945.5,11.6,0.0,46.8,26.7,325.0,13.8,26.9,79.0,81
2024-05-01 02:00:00,26.2,36,944.8,12.1,0.0,47.3,26.1,315.0,12.8,25.9,74.0,80
2024-05-01 03:00:00,25.7,39,944.4,12.0,0.0,47.0,25.4,315.0,12.8,24.8,66.0,80
2024-05-01 04:00:00,25.4,40,944.3,11.9,0.0,46.4,24.7,319.0,13.1,23.5,59.0,79
2024-05-01 05:00:00,25.2,39,944.2,11.3,0.0,47.7,25.5,313.0,12.7,24.5,61.0,79
2024-05-01 06:00:00,26.2,37,944.9,12.8,0.0,48.2,25.0,293.0,12.0,23.4,70.0,79
2024-05-01 07:00:00,28.6,30,946.0,12.6,0.0,50.5,25.3,266.0,11.0,21.7,83.0,79
2024-05-01 08:00:00,31.4,22,947.0,14.4,0.0,52.2,19.3,240.0,9.5,19.7,97.0,78
2024-05-01 09:00:00,33.7,19,947.2,15.9,0.0,50.8,18.5,217.0,7.2,16.9,111.0,78
2024-05-01 10:00:00,35.9,17,947.3,19.0,0.0,45.2,17.5,197.0,4.5,13.8,126.0,77
2024-05-01 11:00:00,37.0,17,947.1,22.2,0.0,40.5,16.9,183.0,2.5,11.5,139.0,77
2024-05-01 12:00:00,37.6,18,946.6,23.3,0.0,39.1,17.4,181.0,1.8,10.6,149.0,77
2024-05-01 13:00:00,38.2,18,945.8,23.7,0.0,39.3,18.5,185.0,1.7,10.5,157.0,77
2024-05-01 14:00:00,38.3,17,945.0,24.3,0.0,39.9,19.6,190.0,1.9,10.6,162.0,77
2024-05-01 15:00:00,38.0,15,944.5,23.9,0.0,39.7,20.3,190.0,1.9,10.3,165.0,84
2024-05-01 16:00:00,37.1,15,944.1,22.8,0.0,37.8,20.0,190.0,2.2,10.2,165.0,102
2024-05-01 17:00:00,35.5,16,944.0,21.2,0.0,31.8,17.2,199.0,3.4,11.2,165.0,116
2024-05-01 18:00:00,33.4,18,944.9,17.9,0.0,31.8,17.6,222.0,5.8,13.4,159.0,128
2024-05-01 19:00:00,30.5,27,945.0,14.8,0.0,36.2,21.7,254.0,9.2,16.4,151.0,135
2024-05-01 20:00:00,28.7,34,945.7,12.3,0.0,40.3,24.3,286.0,12.1,19.0,142.0,137
2024-05-01 21:00:00,27.4,37,946.0,11.7,0.0,43.7,26.5,319.0,14.2,20.8,130.0,136
2024-05-01 22:00:00,26.4,38,946.0,11.4,0.0,46.4,28.2,352.0,15.7,22.1,117.0,130
2024-05-01 23:00:00,25.6,37,945.5,11.5,0.0,48.5,29.0,370.0,16.2,23.0,107.0,120
2024-05-02 00:00:00,25.0,34,944.9,11.7,0.0,49.1,28.6,363.0,14.9,23.2,102.0,108
2024-05-02 01:00:00,24.3,33,944.3,10.9,0.0,49.6,27.9,343.0,12.5,22.8,99.0,95
2024-05-02 02:00:00,23.7,31,943.7,9.5,0.0,50.3,27.4,325.0,10.7,22.7,96.0,81
2024-05-02 03:00:00,23.2,29,943.3,9.3,0.0,51.1,27.0,319.0,10.1,23.1,90.0,76
2024-05-02 04:00:00,22.9,28,943.6,9.7,0.0,51.9,26.7,317.0,10.1,23.6,83.0,76
2024-05-02 05:00:00,22.6,29,943.9,9.7,0.0,52.0,25.1,290.0,8.9,22.0,85.0,76
2024-05-02 06:00:00,23.3,61,945.2,11.5,0.0,57.2,25.5,275.0,9.1,22.4,91.0,76
2024-05-02 07:00:00,25.1,61,946.5,9.8,0.0,69.2,27.1,254.0,9.2,22.7,99.0,76
2024-05-02 08:00:00,27.7,49,947.5,10.1,0.0,73.3,21.6,234.0,8.7,21.7,110.0,76
2024-05-02 09:00:00,30.8,34,948.0,9.0,0.0,60.8,19.6,215.0,6.8,18.1,124.0,76
2024-05-02 10:00:00,33.9,22,948.0,8.9,0.0,50.3,17.6,197.0,4.1,13.2,141.0,76
2024-05-02 11:00:00,36.2,15,947.5,10.6,0.0,40.6,15.3,184.0,2.2,9.5,153.0,76
2024-05-02 12:00:00,37.8,12,946.7,12.8,0.0,33.6,13.7,177.0,1.5,8.2,158.0,76
2024-05-02 13:00:00,38.7,10,945.6,15.0,0.0,30.5,13.6,175.0,1.6,8.2,160.0,76
2024-05-02 14:00:00,38.8,10,944.8,17.3,0.0,29.7,14.2,175.0,1.8,8.5,161.0,87
2024-05-02 15:00:00,38.1,13,944.3,18.7,0.0,29.6,14.8,174.0,1.9,8.7,165.0,102
2024-05-02 16:00:00,37.1,17,943.7,18.3,0.0,31.0,15.8,175.0,2.1,9.1,168.0,116
2024-05-02 17:00:00,35.6,19,943.8,17.6,0.0,29.0,16.3,193.0,3.4,11.7,180.0,128
2024-05-02 18:00:00,34.1,20,944.7,16.1,0.0,37.4,21.2,222.0,5.5,14.7,182.0,140
2024-05-02 19:00:00,30.7,30,945.4,17.8,0.0,44.7,27.2,263.0,8.5,19.0,183.0,149
2024-05-02 20:00:00,28.1,42,946.2,14.7,0.0,52.3,31.9,299.0,10.8,22.3,180.0,154
2024-05-02 21:00:00,26.1,54,946.9,12.0,0.0,57.5,34.9,324.0,12.1,23.9,169.0,157
2024-05-02 22:00:00,24.6,62,946.9,9.4,0.0,60.3,36.6,344.0,12.8,24.6,152.0,159
2024-05-02 23:00:00,23.6,65,946.4,10.0,0.0,62.4,37.4,356.0,12.9,24.9,138.0,157
2024-05-03 00:00:00,23.0,60,945.3,8.8,0.0,62.9,37.1,355.0,12.1,24.6,128.0,153
2024-05-03 01:00:00,22.5,53,944.8,7.8,0.0,63.3,37.0,345.0,10.8,23.8,119.0,146
2024-05-03 02:00:00,22.1,46,944.4,6.9,0.0,63.1,36.8,339.0,9.8,23.5,112.0,133
2024-05-03 03:00:00,21.8,39,944.4,6.6,0.0,63.1,36.7,345.0,9.7,24.1,104.0,118
2024-05-03 04:00:00,21.3,36,944.8,6.3,0.0,63.6,36.7,354.0,10.0,25.3,97.0,101
2024-05-03 05:00:00,20.4,38,945.3,5.9,0.0,58.3,33.4,315.0,8.7,24.2,100.0,83
2024-05-03 06:00:00,21.5,39,946.3,8.0,0.0,60.1,33.4,305.0,9.3,26.4,105.0,82
2024-05-03 07:00:00,24.1,39,947.9,8.3,0.0,64.5,34.2,290.0,10.0,29.1,113.0,83
2024-05-03 08:00:00,27.4,34,949.0,9.1,0.0,60.8,24.9,271.0,9.8,29.1,123.0,83
2024-05-03 09:00:00,31.2,18,949.6,8.2,0.0,50.8,17.8,245.0,7.7,23.9,136.0,83
2024-05-03 10:00:00,34.5,11,949.4,8.3,0.0,43.0,15.6,215.0,4.7,15.9,152.0,83
2024-05-03 11:00:00,36.7,8,948.6,6.8,0.0,37.0,14.6,192.0,2.5,9.9,163.0,83
2024-05-03 12:00:00,38.2,6,947.8,5.9,0.0,32.7,13.6,181.0,1.7,7.7,167.0,83
2024-05-03 13:00:00,39.4,5,946.7,8.2,0.0,30.3,13.3,178.0,1.7,7.3,166.0,92
2024-05-03 14:00:00,39.8,6,945.6,12.4,0.0,29.7,13.9,180.0,1.9,7.8,169.0,106
2024-05-03 15:00:00,39.4,8,945.2,15.0,0.0,31.3,15.5,184.0,2.0,8.7,179.0,119
2024-05-03 16:00:00,38.5,10,944.7,16.1,0.0,34.8,18.3,194.0,2.4,10.5,191.0,133
2024-05-03 17:00:00,37.1,13,944.9,15.8,0.0,27.8,16.2,207.0,3.4,11.0,181.0,148
2024-05-03 18:00:00,35.3,8,945.4,16.5,0.0,37.5,22.5,245.0,5.8,14.6,184.0,156
2024-05-03 19:00:00,31.1,32,946.0,18.6,0.0,45.8,29.0,297.0,9.1,19.6,189.0,161
2024-05-03 20:00:00,28.4,55,946.8,14.6,0.0,54.7,34.9,339.0,11.6,23.6,187.0,165
2024-05-03 21:00:00,26.9,60,947.5,10.1,0.0,59.8,38.3,360.0,12.5,25.5,175.0,168
2024-05-03 22:00:00,25.7,65,947.9,9.4,0.0,62.4,39.8,370.0,12.6,26.4,158.0,169
2024-05-03 23:00:00,25.1,67,947.3,14.2,0.0,63.3,39.9,373.0,12.3,26.7,141.0,168
2024-05-04 00:00:00,24.6,65,946.6,10.6,0.0,62.4,38.8,366.0,11.6,26.3,127.0,162
2024-05-04 01:00:00,23.6,67,946.5,6.1,0.0,62.2,38.0,352.0,10.6,25.3,114.0,151
2024-05-04 02:00:00,23.0,69,946.1,8.7,0.0,60.5,37.0,340.0,9.9,24.5,102.0,138
2024-05-04 03:00:00,22.3,70,945.7,9.7,0.0,58.1,35.6,336.0,9.8,24.0,90.0,120
2024-05-04 04:00:00,21.9,69,946.0,8.6,0.0,58.0,35.3,336.0,10.0,23.8,80.0,99
2024-05-04 05:00:00,21.6,67,946.3,7.9,0.0,58.0,34.6,337.0,9.4,23.7,83.0,84
2024-05-04 06:00:00,23.4,56,947.2,8.7,0.0,58.2,34.0,324.0,9.8,24.9,90.0,85
2024-05-04 07:00:00,26.4,44,948.7,10.2,0.0,60.1,33.9,306.0,10.3,26.4,102.0,85
2024-05-04 08:00:00,29.2,36,949.8,13.5,0.0,59.1,29.3,288.0,9.9,26.6,117.0,85
2024-05-04 09:00:00,31.9,30,950.3,12.1,0.0,55.5,26.9,271.0,7.9,24.3,141.0,85
2024-05-04 10:00:00,34.9,22,950.0,12.2,0.0,52.4,25.7,254.0,5.0,20.7,168.0,86
2024-05-04 11:00:00,37.2,16,949.5,12.3,0.0,50.3,25.3,241.0,2.8,17.7,189.0,86
2024-05-04 12:00:00,38.6,14,948.6,14.0,0.0,48.5,25.1,232.0,2.0,16.0,196.0,87
2024-05-04 13:00:00,39.0,14,947.7,16.1,0.0,45.8,24.2,226.0,2.0,14.9,197.0,98
2024-05-04 14:00:00,39.0,15,946.8,16.5,0.0,44.6,24.0,224.0,2.2,14.3,198.0,122
2024-05-04 15:00:00,38.7,16,946.0,15.8,0.0,44.8,24.4,226.0,2.4,14.3,205.0,145
2024-05-04 16:00:00,38.0,18,945.6,16.0,0.0,45.5,25.1,231.0,2.9,14.8,213.0,162
2024-05-04 17:00:00,36.8,21,945.6,16.1,0.0,39.6,23.4,242.0,3.7,15.0,213.0,178
2024-05-04 18:00:00,35.4,13,946.3,15.9,0.0,43.0,25.4,257.0,5.4,17.0,204.0,189
2024-05-04 19:00:00,31.9,32,946.6,16.7,0.0,45.2,27.8,279.0,7.8,19.9,192.0,195
2024-05-04 20:00:00,29.0,58,947.2,16.6,0.0,47.8,29.3,298.0,9.9,22.2,177.0,195
2024-05-04 21:00:00,27.2,68,947.8,13.8,0.0,49.4,30.2,313.0,11.3,23.6,158.0,192
2024-05-04 22:00:00,26.7,69,948.0,11.5,0.0,50.9,30.9,325.0,12.3,24.5,138.0,186
2024-05-04 23:00:00,26.0,67,947.1,12.8,0.0,51.7,31.0,332.0,12.8,24.9,119.0,177
2024-05-05 00:00:00,25.1,66,946.4,6.1,0.0,52.0,30.9,331.0,12.6,24.7,105.0,163
2024-05-05 01:00:00,24.7,65,945.6,8.4,0.0,52.4,30.7,325.0,11.9,24.2,93.0,144
2024-05-05 02:00:00,24.2,65,944.9,9.4,0.0,52.7,30.6,320.0,11.4,23.7,83.0,119
2024-05-05 03:00:00,23.7,66,944.6,9.8,0.0,51.7,30.2,319.0,11.4,23.7,73.0,93
2024-05-05 04:00:00,23.4,66,944.5,10.8,0.0,50.5,29.5,319.0,11.5,23.8,64.0,87
2024-05-05 05:00:00,23.4,64,944.9,10.3,0.0,52.9,30.7,331.0,10.4,25.0,71.0,87
2024-05-05 06:00:00,24.3,61,945.7,10.5,0.0,54.6,31.2,318.0,10.4,25.9,82.0,86
2024-05-05 07:00:00,27.4,49,947.1,10.8,0.0,58.4,32.5,300.0,10.2,26.9,97.0,86
2024-05-05 08:00:00,29.8,48,948.0,12.2,0.0,54.8,28.8,278.0,9.4,26.3,111.0,86
2024-05-05 09:00:00,32.4,41,948.2,10.3,0.0,39.2,20.4,249.0,7.2,22.5,122.0,86
2024-05-05 10:00:00,35.1,33,948.1,11.2,0.0,33.4,18.5,217.0,4.3,17.2,132.0,85
2024-05-05 11:00:00,37.5,25,947.7,12.7,0.0,30.7,17.5,193.0,2.2,12.8,140.0,85
2024-05-05 12:00:00,38.8,22,947.0,16.3,0.0,29.1,17.1,182.0,1.5,10.6,144.0,84
2024-05-05 13:00:00,38.8,21,946.3,18.8,0.0,27.4,16.5,179.0,1.5,9.4,146.0,84
2024-05-05 14:00:00,39.2,20,945.4,17.4,0.0,25.9,15.9,177.0,1.7,8.7,147.0,83
2024-05-05 15:00:00,39.0,20,944.9,17.7,0.0,25.0,15.6,174.0,1.8,8.0,149.0,88
2024-05-05 16:00:00,38.1,22,944.5,19.0,0.0,24.7,15.6,173.0,2.1,7.7,149.0,99
2024-05-05 17:00:00,35.8,33,944.5,20.9,0.0,25.8,17.1,212.0,3.3,9.1,162.0,107
2024-05-05 18:00:00,33.2,42,945.4,23.0,0.0,27.2,17.6,223.0,5.1,11.1,151.0,115
2024-05-05 19:00:00,31.8,42,945.5,18.1,0.0,30.5,19.5,240.0,7.7,13.9,135.0,119
2024-05-05 20:00:00,30.0,48,946.0,17.8,0.0,34.7,21.0,259.0,10.2,16.5,120.0,118
2024-05-05 21:00:00,28.7,51,946.5,11.7,0.0,38.0,22.2,283.0,12.6,18.6,105.0,113
2024-05-05 22:00:00,27.2,55,947.1,5.2,0.0,41.2,23.6,308.0,15.0,20.5,91.0,104
2024-05-05 23:00:00,26.8,55,947.0,9.2,0.0,44.1,24.3,325.0,16.4,21.7,79.0,92
2024-05-06 00:00:00,26.0,57,946.6,11.9,0.0,46.0,24.3,325.0,16.2,21.9,71.0,78
2024-05-06 01:00:00,25.1,59,945.9,11.9,0.0,47.0,24.3,315.0,15.1,21.4,65.0,76
2024-05-06 02:00:00,24.3,60,945.6,9.8,0.0,46.7,24.0,308.0,14.2,20.9,60.0,76
2024-05-06 03:00:00,23.4,63,945.6,4.7,0.0,45.2,23.5,312.0,14.4,20.6,53.0,75
2024-05-06 04:00:00,23.5,60,945.6,6.1,0.0,43.2,23.0,318.0,14.9,20.2,46.0,75
2024-05-06 05:00:00,23.5,59,945.7,9.0,0.0,49.4,25.3,321.0,14.1,23.5,49.0,74
2024-05-06 06:00:00,24.4,57,946.2,13.4,0.0,48.1,25.0,291.0,12.7,22.5,52.0,74
2024-05-06 07:00:00,26.8,52,947.3,12.6,0.0,46.9,24.7,250.0,10.8,20.9,56.0,73
2024-05-06 08:00:00,29.5,47,948.1,13.4,0.0,32.4,16.8,216.0,8.7,18.9,64.0,73
2024-05-06 09:00:00,32.3,40,948.9,13.6,0.0,26.7,14.4,195.0,6.5,16.0,77.0,72
2024-05-06 10:00:00,34.6,34,949.2,16.6,0.0,24.7,14.0,182.0,4.2,12.5,93.0,71
2024-05-06 11:00:00,36.1,29,948.7,18.6,0.0,23.5,14.0,174.0,2.5,10.0,108.0,71
2024-05-06 12:00:00,37.3,26,948.2,19.4,0.0,23.0,14.2,173.0,1.8,9.0,120.0,71
2024-05-06 13:00:00,37.8,25,947.1,20.4,0.0,24.0,15.1,179.0,1.8,9.0,131.0,70
2024-05-06 14:00:00,37.9,24,946.1,20.7,0.0,26.7,16.9,185.0,2.0,9.2,140.0,70
2024-05-06 15:00:00,37.5,24,945.4,20.6,0.0,29.3,18.5,191.0,2.2,9.5,147.0,70
2024-05-06 16:00:00,36.1,27,945.0,21.5,0.0,31.0,19.4,198.0,2.6,10.1,151.0,71
2024-05-06 17:00:00,34.3,30,945.3,20.7,0.0,27.2,17.5,195.0,3.7,12.1,151.0,72
2024-05-06 18:00:00,31.4,41,945.8,19.2,0.0,30.3,19.0,206.0,5.5,13.5,142.0,88
2024-05-06 19:00:00,29.2,51,946.2,14.8,0.0,32.9,20.5,222.0,8.1,15.4,128.0,98
2024-05-06 20:00:00,27.7,58,946.8,13.0,0.0,34.2,20.7,239.0,10.4,17.2,115.0,103
2024-05-06 21:00:00,26.7,63,947.4,10.8,0.0,35.6,21.4,258.0,12.3,18.6,102.0,102
2024-05-06 22:00:00,25.6,67,947.6,9.5,0.0,37.3,22.1,279.0,14.0,19.7,89.0,95
2024-05-06 23:00:00,24.6,72,947.5,9.9,0.0,38.4,22.2,291.0,14.9,20.5,78.0,85
2024-05-07 00:00:00,23.8,76,947.1,9.5,0.0,38.6,21.7,289.0,14.6,20.7,70.0,71
2024-05-07 01:00:00,23.0,81,946.4,9.5,0.0,39.0,21.1,278.0,13.7,20.5,64.0,71
2024-05-07 02:00:00,22.5,83,945.8,10.1,0.0,38.9,20.4,269.0,12.9,20.5,59.0,70
2024-05-07 03:00:00,22.2,82,945.7,10.8,0.0,40.2,20.1,264.0,12.9,21.0,53.0,70
2024-05-07 04:00:00,22.0,80,945.5,11.2,0.0,43.7,20.5,259.0,13.1,21.7,48.0,70
2024-05-07 05:00:00,21.7,78,945.8,10.1,0.0,41.9,20.7,268.0,14.5,26.0,47.0,70
2024-05-07 06:00:00,23.3,68,946.9,10.0,0.0,46.9,21.5,257.0,13.7,26.6,52.0,69
2024-05-07 07:00:00,25.8,55,947.9,8.8,0.0,57.2,23.2,242.0,12.4,27.1,61.0,69
2024-05-07 08:00:00,28.3,47,948.9,10.0,0.0,55.9,18.3,227.0,10.7,26.0,73.0,69
2024-05-07 09:00:00,30.9,41,949.3,10.3,0.0,49.9,17.5,212.0,8.0,21.6,92.0,69
2024-05-07 10:00:00,33.3,35,949.4,12.4,0.0,41.8,15.9,196.0,4.9,15.5,114.0,69
2024-05-07 11:00:00,35.0,30,949.3,13.4,0.0,36.4,15.0,185.0,2.6,10.9,133.0,69
2024-05-07 12:00:00,36.3,27,948.8,14.2,0.0,33.6,14.7,181.0,1.8,9.2,144.0,69
2024-05-07 13:00:00,37.0,25,948.1,14.5,0.0,32.6,15.2,182.0,1.9,9.0,151.0,69
2024-05-07 14:00:00,37.4,24,947.2,14.7,0.0,32.4,16.1,185.0,2.1,9.1,156.0,69
2024-05-07 15:00:00,37.3,24,946.6,15.8,0.0,32.5,16.8,188.0,2.2,9.0,161.0,69
2024-05-07 16:00:00,36.3,28,946.3,17.1,0.0,33.4,17.5,193.0,2.6,9.1,165.0,84
2024-05-07 17:00:00,34.9,29,946.5,18.7,0.0,32.1,15.9,172.0,3.0,7.5,143.0,104
2024-05-07 18:00:00,31.5,37,946.4,23.6,0.0,33.6,16.2,174.0,4.1,7.8,129.0,115
2024-05-07 19:00:00,27.5,63,947.5,21.0,0.0,32.8,16.1,176.0,5.6,8.2,108.0,118
2024-05-07 20:00:00,25.8,73,948.3,17.5,0.0,33.5,15.4,177.0,6.9,8.6,90.0,113
2024-05-07 21:00:00,25.0,78,948.8,17.5,0.0,33.1,14.8,178.0,7.9,9.2,76.0,101
2024-05-07 22:00:00,24.5,80,949.1,15.6,0.0,32.7,14.6,178.0,8.6,9.8,65.0,85
2024-05-07 23:00:00,24.0,81,948.9,13.3,0.0,32.4,14.4,176.0,9.0,10.1,56.0,67
2024-05-08 00:00:00,23.4,84,948.4,9.8,0.0,31.5,13.9,170.0,8.8,9.9,51.0,66
2024-05-08 01:00:00,22.9,88,947.4,8.4,0.0,31.3,13.5,163.0,8.3,9.4,50.0,66
2024-05-08 02:00:00,22.5,91,946.8,8.6,0.0,32.6,13.4,158.0,7.9,9.0,48.0,65
2024-05-08 03:00:00,22.0,95,946.4,8.3,0.0,34.6,13.6,158.0,7.9,8.9,45.0,65
2024-05-08 04:00:00,21.5,98,946.4,9.5,0.0,34.6,14.1,162.0,8.1,8.9,41.0,64
2024-05-08 05:00:00,21.2,99,946.4,10.6,0.0,37.3,16.2,184.0,10.6,11.9,34.0,64
2024-05-08 06:00:00,22.8,90,948.0,6.6,0.0,41.0,17.5,186.0,9.8,12.5,42.0,63
2024-05-08 07:00:00,24.5,78,949.0,6.1,0.0,50.8,18.5,189.0,8.7,13.3,54.0,63
2024-05-08 08:00:00,27.1,61,949.6,8.4,0.0,55.8,18.8,190.0,7.3,13.4,70.0,63
2024-05-08 09:00:00,30.0,47,949.8,8.0,0.0,54.8,18.2,188.0,5.5,12.2,94.0,63
2024-05-08 10:00:00,32.9,36,949.5,7.4,0.0,48.3,17.1,184.0,3.5,10.3,121.0,63
2024-05-08 11:00:00,35.2,28,948.9,5.9,0.0,42.4,16.2,181.0,2.0,8.7,142.0,63
2024-05-08 12:00:00,36.8,24,948.1,4.4,0.0,40.6,16.8,179.0,1.4,7.7,150.0,63
2024-05-08 13:00:00,37.5,21,946.8,2.3,0.0,38.3,16.5,177.0,1.4,7.1,151.0,63
2024-05-08 14:00:00,38.2,19,945.5,1.4,0.0,36.2,16.2,177.0,1.6,7.0,151.0,63
2024-05-08 15:00:00,38.6,18,944.8,4.2,0.0,35.7,16.7,178.0,1.9,7.4,153.0,65
2024-05-08 16:00:00,38.4,18,944.2,6.7,0.0,36.4,17.7,180.0,2.5,8.2,155.0,86
2024-05-08 17:00:00,36.9,23,944.2,17.4,0.0,34.5,17.2,183.0,3.2,8.7,149.0,104
2024-05-08 18:00:00,31.5,52,944.7,26.2,0.0,37.8,20.4,201.0,4.8,12.5,150.0,116
2024-05-08 19:00:00,28.6,65,945.5,21.1,0.0,40.9,23.5,227.0,7.1,17.8,152.0,122
2024-05-08 20:00:00,26.8,75,946.2,17.3,0.0,42.7,24.2,244.0,8.9,21.4,147.0,124
2024-05-08 21:00:00,25.9,80,947.0,16.2,0.0,41.2,23.2,247.0,9.7,21.8,132.0,123
2024-05-08 22:00:00,25.5,81,947.1,16.9,0.0,38.5,21.2,241.0,10.0,20.5,112.0,119
2024-05-08 23:00:00,24.7,85,946.7,14.9,0.0,37.4,19.6,233.0,10.1,19.2,94.0,111
2024-05-09 00:00:00,24.2,86,946.2,13.2,0.0,37.1,18.0,222.0,9.9,18.4,82.0,99
2024-05-09 01:00:00,23.8,86,945.9,10.1,0.0,35.5,16.5,208.0,9.5,17.6,72.0,83
2024-05-09 02:00:00,23.3,86,945.3,9.9,0.0,35.5,16.2,196.0,9.2,16.8,65.0,67
2024-05-09 03:00:00,23.1,82,944.7,14.4,0.0,36.2,15.3,186.0,9.0,16.0,60.0,67
2024-05-09 04:00:00,22.9,78,944.6,10.2,0.0,35.9,15.3,178.0,8.8,15.2,56.0,67
2024-05-09 05:00:00,22.6,75,945.0,9.7,0.0,38.5,18.2,206.0,10.7,19.6,54.0,67
2024-05-09 06:00:00,24.3,78,946.9,12.1,0.0,40.4,18.3,210.0,10.5,19.6,59.0,68
2024-05-09 07:00:00,27.1,58,947.3,14.2,0.0,43.7,19.5,214.0,10.1,19.6,67.0,68
2024-05-09 08:00:00,29.3,49,948.4,12.6,0.0,46.4,20.4,216.0,9.1,18.8,79.0,68
2024-05-09 09:00:00,31.6,44,948.5,12.8,0.0,46.0,20.3,211.0,7.0,16.5,99.0,68
2024-05-09 10:00:00,34.2,36,947.8,13.3,0.0,44.1,20.3,204.0,4.4,13.5,123.0,68
2024-05-09 11:00:00,36.1,29,947.8,9.4,0.0,42.1,20.8,197.0,2.5,11.1,142.0,68
2024-05-09 12:00:00,36.5,28,946.8,9.8,0.0,40.7,20.7,192.0,1.8,9.8,150.0,69
2024-05-09 13:00:00,35.8,30,946.6,15.8,0.1,39.1,20.4,189.0,1.8,9.0,153.0,69
2024-05-09 14:00:00,34.7,32,945.8,10.8,0.3,39.2,21.0,187.0,2.0,8.9,155.0,69
2024-05-09 15:00:00,35.7,30,945.0,12.1,0.0,40.6,22.3,187.0,2.3,9.5,160.0,72
2024-05-09 16:00:00,33.7,37,944.9,18.0,0.0,41.0,22.8,190.0,2.8,10.7,164.0,92
2024-05-09 17:00:00,33.1,40,944.9,16.5,0.0,39.3,22.9,204.0,3.9,13.2,170.0,110
2024-05-09 18:00:00,31.3,52,945.4,22.8,0.0,45.2,26.4,216.0,5.4,15.6,164.0,125
2024-05-09 19:00:00,29.3,64,945.8,18.1,0.0,46.4,27.6,232.0,7.4,18.8,156.0,134
2024-05-09 20:00:00,27.6,72,946.6,14.6,0.0,43.8,25.7,243.0,9.3,21.3,143.0,137
2024-05-09 21:00:00,26.8,78,947.7,13.0,0.0,40.7,23.3,245.0,10.8,22.2,124.0,136
2024-05-09 22:00:00,26.5,79,947.6,15.6,0.0,38.4,21.8,242.0,12.0,22.3,100.0,129
2024-05-09 23:00:00,26.5,72,946.9,12.7,0.0,36.2,20.6,238.0,12.9,22.2,81.0,118
2024-05-10 00:00:00,26.1,74,947.0,5.8,0.0,35.2,19.6,232.0,13.1,22.0,69.0,101
2024-05-10 01:00:00,25.2,81,946.3,7.3,0.0,34.6,18.7,224.0,12.9,21.6,61.0,81
2024-05-10 02:00:00,24.5,84,945.6,11.9,0.0,33.3,18.2,218.0,12.8,21.2,54.0,72
2024-05-10 03:00:00,24.2,82,945.2,4.1,0.0,32.0,17.6,217.0,13.1,20.9,46.0,72
2024-05-10 04:00:00,23.9,83,945.6,4.8,0.0,31.8,18.0,219.0,13.4,20.6,39.0,73
2024-05-10 05:00:00,23.7,83,946.4,6.2,0.0,35.4,20.1,259.0,14.9,20.7,37.0,73
2024-05-10 06:00:00,25.6,69,947.9,10.2,0.0,36.2,20.4,255.0,14.9,22.0,39.0,73
2024-05-10 07:00:00,27.1,61,948.7,13.7,0.0,38.6,21.2,250.0,14.7,23.7,44.0,73
2024-05-10 08:00:00,28.9,57,948.7,15.5,0.0,41.2,21.7,243.0,13.6,24.1,55.0,73
2024-05-10 09:00:00,31.4,48,949.3,14.4,0.0,43.4,22.9,232.0,10.7,21.9,79.0,73
2024-05-10 10:00:00,33.0,42,949.1,15.4,0.0,45.1,24.2,220.0,6.9,18.4,109.0,74
2024-05-10 11:00:00,33.9,42,948.6,17.1,0.0,47.6,26.4,211.0,4.0,15.6,135.0,74
2024-05-10 12:00:00,35.9,37,948.2,16.2,0.0,50.4,28.6,207.0,2.6,14.2,153.0,74
2024-05-10 13:00:00,36.9,34,946.9,16.3,0.0,53.1,30.3,207.0,2.2,13.5,167.0,75
2024-05-10 14:00:00,30.7,53,947.2,14.6,1.4,54.8,30.9,209.0,2.4,13.2,174.0,76
2024-05-10 15:00:00,28.4,69,946.5,6.4,10.4,54.7,29.7,212.0,3.5,13.1,172.0,76
2024-05-10 16:00:00,29.6,64,946.1,5.3,0.0,64.3,36.0,218.0,5.3,13.4,164.0,89
2024-05-10 17:00:00,31.3,50,946.5,1.1,0.0,69.8,40.2,258.0,6.1,13.3,165.0,112
2024-05-10 18:00:00,30.3,51,947.6,5.5,0.0,70.5,43.0,287.0,8.8,17.4,163.0,130
2024-05-10 19:00:00,28.7,56,947.7,4.3,0.0,74.7,46.3,327.0,12.4,22.9,160.0,142
2024-05-10 20:00:00,27.6,61,948.2,9.0,0.0,69.2,43.7,358.0,15.2,26.6,153.0,147
2024-05-10 21:00:00,26.9,65,948.7,5.6,0.0,66.4,41.9,372.0,16.2,26.8,138.0,147
2024-05-10 22:00:00,26.9,65,948.8,6.8,0.0,63.8,40.4,378.0,16.3,25.1,119.0,141
2024-05-10 23:00:00,26.3,66,948.2,8.5,0.0,61.7,38.9,382.0,16.2,23.4,101.0,129
2024-05-11 00:00:00,25.7,67,947.8,8.4,0.0,59.5,37.4,385.0,16.0,22.3,86.0,114
2024-05-11 01:00:00,25.6,68,947.3,7.0,0.0,59.6,37.1,387.0,15.5,21.2,73.0,97
2024-05-11 02:00:00,25.0,71,946.9,3.6,0.0,59.4,36.9,389.0,15.2,20.1,62.0,91
2024-05-11 03:00:00,24.8,72,947.1,3.7,0.0,58.2,36.2,399.0,15.3,19.1,50.0,92
2024-05-11 04:00:00,24.1,78,947.3,4.7,0.0,58.1,36.0,409.0,15.5,18.2,40.0,94
2024-05-11 05:00:00,23.8,80,947.9,4.5,0.0,53.1,32.4,378.0,14.6,22.2,43.0,95
2024-05-11 06:00:00,24.8,75,948.5,6.0,0.0,52.5,31.9,356.0,13.5,21.8,56.0,96
2024-05-11 07:00:00,27.1,62,949.6,2.4,0.0,55.2,32.2,324.0,11.8,21.0,75.0,97
2024-05-11 08:00:00,30.0,50,950.6,1.1,0.0,60.1,33.5,295.0,9.8,19.1,93.0,98
2024-05-11 09:00:00,32.8,43,950.5,2.0,0.0,61.9,34.2,270.0,7.1,15.2,111.0,99
2024-05-11 10:00:00,35.0,36,949.8,6.8,0.0,60.3,33.2,247.0,4.1,10.3,128.0,100
2024-05-11 11:00:00,36.4,31,949.0,7.6,0.0,57.5,31.8,230.0,1.9,6.4,141.0,101
2024-05-11 12:00:00,33.0,40,949.4,25.4,0.0,52.9,29.9,222.0,1.0,4.2,145.0,101
2024-05-11 13:00:00,33.3,39,948.4,3.1,0.2,50.8,28.5,220.0,0.9,3.2,145.0,101
2024-05-11 14:00:00,30.7,53,947.9,11.5,0.0,48.7,27.2,225.0,1.4,3.3,145.0,101
2024-05-11 15:00:00,32.3,47,946.9,9.4,0.0,46.7,26.2,238.0,2.5,5.2,150.0,101
2024-05-11 16:00:00,33.3,42,946.8,8.1,0.0,50.2,29.7,257.0,4.2,8.4,156.0,100
2024-05-11 17:00:00,33.2,40,947.1,9.2,0.0,59.8,36.7,290.0,6.6,14.3,167.0,105
2024-05-11 18:00:00,31.3,51,947.7,14.8,0.0,65.9,40.0,302.0,8.1,15.9,161.0,117
2024-05-11 19:00:00,29.3,63,948.1,11.2,0.0,62.9,38.9,319.0,10.3,18.2,152.0,124
2024-05-11 20:00:00,28.9,66,948.6,13.4,0.0,60.3,37.5,340.0,12.5,20.2,140.0,126
2024-05-11 21:00:00,27.6,72,948.9,13.7,0.0,59.0,37.1,371.0,14.8,21.6,123.0,125
2024-05-11 22:00:00,26.8,76,949.3,12.1,0.0,58.6,37.4,406.0,17.1,22.7,104.0,120
2024-05-11 23:00:00,26.4,77,948.8,10.9,0.0,57.6,36.9,422.0,18.0,23.4,90.0,112
2024-05-12 00:00:00,25.9,75,948.7,11.0,0.0,54.6,34.7,403.0,16.2,23.4,85.0,99
2024-05-12 01:00:00,25.6,71,947.7,11.2,0.0,52.7,33.3,365.0,13.0,22.9,86.0,97
2024-05-12 02:00:00,25.3,68,947.3,9.9,0.0,51.5,32.0,334.0,10.7,22.6,85.0,97
2024-05-12 03:00:00,24.9,68,946.9,8.8,0.0,49.0,30.7,322.0,10.3,22.6,79.0,96
2024-05-12 04:00:00,24.6,68,947.1,8.9,0.0,47.6,29.8,317.0,10.6,22.8,71.0,96
2024-05-12 05:00:00,24.4,69,947.7,7.6,0.0,50.4,31.9,348.0,8.4,15.1,79.0,96
2024-05-12 06:00:00,24.1,76,949.7,13.7,0.1,49.1,31.4,347.0,8.3,15.5,87.0,96
2024-05-12 07:00:00,25.6,69,950.2,13.2,0.0,50.6,32.1,345.0,8.1,15.8,98.0,95
2024-05-12 08:00:00,26.7,64,951.9,16.1,0.8,52.3,32.2,337.0,7.4,15.3,110.0,95
2024-05-12 09:00:00,27.6,61,951.4,1.8,1.0,53.6,32.6,318.0,5.7,13.0,124.0,95
2024-05-12 10:00:00,30.5,49,950.8,4.3,0.0,53.7,32.5,292.0,3.6,9.7,140.0,95
2024-05-12 11:00:00,33.4,41,950.0,5.1,0.0,51.6,31.2,272.0,2.0,7.1,151.0,95
2024-05-12 12:00:00,35.1,35,949.3,3.7,0.0,49.2,30.0,261.0,1.5,5.7,156.0,95
2024-05-12 13:00:00,36.1,31,948.2,4.8,0.0,47.4,29.0,255.0,1.5,5.0,156.0,95
2024-05-12 14:00:00,35.9,31,947.7,14.6,0.0,44.6,27.5,254.0,1.9,4.8,156.0,95
2024-05-12 15:00:00,33.1,36,947.2,10.8,0.2,43.9,27.1,258.0,2.6,5.2,157.0,99
2024-05-12 16:00:00,30.0,52,947.0,10.4,0.0,46.0,28.9,267.0,3.6,6.0,156.0,111
2024-05-12 17:00:00,30.2,50,947.1,7.5,0.0,64.7,38.0,238.0,2.9,2.8,150.0,121
2024-05-12 18:00:00,32.3,30,947.7,6.4,0.0,63.8,38.6,303.0,9.1,4.8,130.0,126
2024-05-12 19:00:00,29.5,37,947.7,6.5,0.0,63.1,40.5,394.0,17.8,7.7,103.0,124
2024-05-12 20:00:00,28.8,39,948.1,6.9,0.0,65.2,42.3,473.0,24.8,10.4,80.0,114
2024-05-12 21:00:00,29.5,37,948.5,5.7,0.0,66.4,43.0,529.0,28.7,12.8,68.0,98
2024-05-12 22:00:00,27.8,42,948.0,1.3,0.0,67.5,43.8,573.0,31.0,15.1,61.0,96
2024-05-12 23:00:00,26.3,47,947.7,4.6,0.0,67.8,43.9,600.0,31.8,16.2,56.0,97
2024-05-13 00:00:00,26.6,48,947.4,5.7,0.0,65.4,42.3,606.0,30.9,15.5,51.0,97
2024-05-13 01:00:00,25.9,50,946.7,5.0,0.0,62.9,40.4,594.0,28.5,13.7,48.0,98
2024-05-13 02:00:00,24.8,54,946.2,6.0,0.0,59.6,38.2,569.0,25.3,11.9,46.0,98
2024-05-13 03:00:00,25.4,52,946.5,3.6,0.0,56.9,36.1,525.0,21.0,10.3,45.0,99
2024-05-13 04:00:00,26.2,49,947.1,3.3,0.0,54.5,34.2,468.0,16.0,8.7,45.0,99
2024-05-13 05:00:00,24.1,57,946.9,4.7,0.0,58.9,36.2,341.0,7.6,7.3,76.0,100
2024-05-13 06:00:00,25.2,65,948.6,3.4,0.0,60.1,36.8,324.0,7.2,6.9,85.0,100
2024-05-13 07:00:00,27.4,58,949.6,1.8,0.0,65.7,39.2,301.0,6.6,6.2,98.0,101
2024-05-13 08:00:00,30.2,49,950.7,4.8,0.0,69.4,40.0,279.0,5.7,5.5,111.0,101
2024-05-13 09:00:00,31.3,47,950.6,6.6,0.0,66.6,38.2,261.0,4.3,4.6,124.0,102
2024-05-13 10:00:00,33.4,41,949.8,2.0,0.0,60.8,34.6,244.0,2.5,3.6,137.0,103
2024-05-13 11:00:00,34.8,38,949.2,3.1,0.0,59.8,32.4,231.0,1.3,2.9,145.0,103
2024-05-13 12:00:00,31.8,48,949.0,24.0,1.4,61.2,31.8,225.0,0.9,2.8,146.0,103
2024-05-13 13:00:00,27.5,65,948.4,12.5,5.5,59.8,30.4,223.0,1.0,3.1,143.0,103
2024-05-13 14:00:00,27.5,65,948.0,8.2,0.0,57.4,28.8,222.0,1.3,3.2,140.0,103
2024-05-13 15:00:00,29.2,60,947.2,5.2,0.1,55.1,27.5,219.0,1.4,2.8,138.0,104
2024-05-13 16:00:00,29.6,58,947.1,3.6,0.0,53.0,26.4,216.0,1.6,2.3,136.0,104
2024-05-13 17:00:00,30.2,55,947.3,5.2,0.0,66.4,33.8,228.0,3.5,2.9,131.0,103
2024-05-13 18:00:00,31.0,40,947.0,7.2,0.0,68.7,35.9,248.0,5.4,4.4,127.0,104
2024-05-13 19:00:00,29.4,45,947.3,8.3,0.0,72.4,40.4,277.0,8.0,6.5,120.0,103
2024-05-13 20:00:00,28.3,58,948.1,14.5,0.0,80.6,47.5,312.0,10.8,8.5,111.0,103
2024-05-13 21:00:00,26.8,73,948.1,11.5,0.0,85.9,51.5,359.0,14.0,10.4,98.0,103
2024-05-13 22:00:00,26.1,77,948.4,7.9,0.0,88.7,54.0,411.0,17.2,12.3,83.0,104
2024-05-13 23:00:00,25.8,78,948.3,7.9,0.0,87.8,54.8,447.0,19.0,13.5,72.0,105
2024-05-14 00:00:00,25.4,78,947.7,8.4,0.0,88.7,54.8,454.0,18.2,13.6,67.0,106
2024-05-14 01:00:00,25.1,78,947.0,6.5,0.0,86.6,54.1,444.0,15.9,12.9,66.0,107
2024-05-14 02:00:00,24.8,79,946.6,6.0,0.0,84.5,53.3,436.0,14.0,12.5,65.0,109
2024-05-14 03:00:00,24.5,80,946.3,4.3,0.0,81.7,51.8,441.0,13.4,12.6,60.0,110
2024-05-14 04:00:00,24.2,82,946.4,4.1,0.0,78.7,50.2,449.0,13.2,12.9,55.0,112
2024-05-14 05:00:00,24.0,83,946.9,3.2,0.0,80.6,50.5,390.0,9.0,15.3,81.0,114
2024-05-14 06:00:00,24.7,82,948.5,1.8,0.0,79.2,50.1,378.0,8.9,15.8,93.0,115
2024-05-14 07:00:00,27.4,66,949.5,2.2,0.0,83.1,51.1,359.0,8.7,16.3,110.0,117
2024-05-14 08:00:00,29.9,52,949.9,5.1,0.0,76.6,44.9,334.0,7.9,15.7,125.0,118
2024-05-14 09:00:00,32.7,39,950.4,5.8,0.0,63.6,36.9,296.0,5.9,13.0,135.0,118
2024-05-14 10:00:00,34.8,31,950.1,9.0,0.0,51.7,29.5,250.0,3.2,9.2,144.0,118
2024-05-14 11:00:00,36.5,26,949.2,11.8,0.0,48.0,25.8,217.0,1.3,6.3,149.0,118
2024-05-14 12:00:00,37.7,24,948.6,12.1,0.0,47.0,24.6,205.0,0.7,5.0,150.0,117
2024-05-14 13:00:00,36.8,25,948.0,13.0,0.0,45.6,23.7,204.0,0.8,4.6,149.0,116
2024-05-14 14:00:00,36.3,24,946.8,5.3,0.0,44.4,22.9,208.0,1.3,4.7,147.0,116
2024-05-14 15:00:00,37.2,23,946.1,10.7,0.0,42.6,22.0,210.0,1.9,4.9,146.0,115
2024-05-14 16:00:00,32.3,39,946.9,17.6,0.0,42.5,22.5,216.0,2.9,5.6,145.0,114
2024-05-14 17:00:00,32.1,39,947.5,10.3,0.0,45.2,24.2,222.0,3.7,4.8,145.0,114
2024-05-14 18:00:00,33.2,34,946.6,5.8,0.0,44.7,25.8,261.0,7.4,7.9,139.0,116
2024-05-14 19:00:00,30.1,44,946.8,3.6,0.0,45.5,28.2,317.0,12.7,12.3,130.0,115
2024-05-14 20:00:00,29.3,47,947.5,10.6,0.0,49.2,31.4,379.0,17.9,16.1,119.0,111
2024-05-14 21:00:00,28.5,54,948.4,7.6,0.0,51.9,33.5,453.0,22.9,19.0,103.0,109
2024-05-14 22:00:00,27.6,61,948.6,4.7,0.0,56.7,37.0,534.0,27.8,21.3,85.0,107
2024-05-14 23:00:00,26.7,66,948.5,4.5,0.0,61.0,40.2,593.0,30.7,22.5,69.0,105
2024-05-15 00:00:00,25.2,74,947.7,4.5,0.0,60.3,39.7,619.0,30.6,21.9,57.0,104
2024-05-15 01:00:00,25.9,71,947.7,0.8,0.0,60.8,39.7,624.0,28.6,20.0,48.0,102
2024-05-15 02:00:00,26.2,69,947.4,0.7,0.0,60.5,39.5,616.0,26.1,18.4,43.0,101
2024-05-15 03:00:00,23.9,81,946.6,3.9,0.0,61.2,39.6,598.0,23.3,17.6,42.0,100
2024-05-15 04:00:00,23.3,86,946.9,4.6,0.0,61.7,39.6,567.0,20.0,17.0,45.0,99
2024-05-15 05:00:00,23.5,84,947.5,1.0,0.0,64.0,39.2,405.0,10.3,9.1,57.0,98
2024-05-15 06:00:00,23.0,76,949.9,11.4,0.0,65.9,40.3,379.0,8.9,8.4,72.0,97
2024-05-15 07:00:00,24.2,71,950.5,8.4,0.0,70.1,42.5,343.0,7.0,7.4,93.0,96
2024-05-15 08:00:00,26.5,62,950.5,2.9,0.0,74.7,44.0,310.0,5.2,6.5,113.0,95
2024-05-15 09:00:00,29.9,51,950.7,2.3,0.0,76.1,43.9,286.0,3.9,5.9,131.0,95
2024-05-15 10:00:00,32.5,41,950.3,3.4,0.0,69.8,40.2,265.0,2.7,5.5,149.0,96
2024-05-15 11:00:00,34.7,32,949.7,5.4,0.0,62.9,35.7,249.0,1.9,5.3,162.0,97
2024-05-15 12:00:00,36.0,27,948.9,7.5,0.0,56.8,32.6,238.0,1.5,5.3,168.0,97
2024-05-15 13:00:00,36.9,24,947.7,4.3,0.0,53.4,31.0,231.0,1.4,5.4,169.0,98
2024-05-15 14:00:00,37.8,22,946.6,5.5,0.0,52.3,30.7,228.0,1.6,5.6,168.0,99
2024-05-15 15:00:00,38.3,21,945.7,9.9,0.0,52.3,31.1,225.0,2.0,5.5,166.0,112
2024-05-15 16:00:00,37.5,21,945.2,12.4,0.0,51.6,30.9,226.0,2.6,5.4,162.0,127
2024-05-15 17:00:00,36.6,22,945.7,13.3,0.0,30.5,18.2,221.0,2.7,3.4,160.0,138
2024-05-15 18:00:00,35.4,22,946.0,7.9,0.0,33.4,20.7,255.0,5.3,6.0,155.0,144
2024-05-15 19:00:00,33.5,25,946.3,12.9,0.0,39.0,25.0,302.0,8.8,9.7,147.0,145
2024-05-15 20:00:00,32.1,32,947.8,19.1,0.0,45.1,29.3,342.0,11.6,12.5,137.0,142
2024-05-15 21:00:00,29.3,45,949.0,10.5,0.0,49.5,32.4,370.0,13.0,13.9,125.0,135
2024-05-15 22:00:00,28.4,52,949.8,8.4,0.0,51.5,33.8,391.0,13.7,14.4,111.0,126
2024-05-15 23:00:00,27.2,60,949.4,10.0,0.0,51.0,33.5,402.0,13.6,14.2,100.0,114
2024-05-16 00:00:00,26.4,64,948.6,7.5,0.0,48.7,32.1,400.0,12.5,13.0,94.0,100
2024-05-16 01:00:00,25.8,67,947.9,6.2,0.0,46.9,31.1,389.0,10.7,11.1,90.0,98
2024-05-16 02:00:00,25.2,71,947.4,3.4,0.0,45.2,29.9,374.0,9.1,9.3,87.0,97
2024-05-16 03:00:00,24.9,73,947.3,3.7,0.0,42.5,28.2,354.0,7.9,7.8,84.0,96
2024-05-16 04:00:00,24.0,79,947.4,3.4,0.0,39.5,26.2,330.0,6.8,6.4,81.0,96
2024-05-16 05:00:00,24.4,74,947.6,0.0,0.0,39.5,26.4,346.0,7.7,7.4,81.0,95
2024-05-16 06:00:00,24.6,72,949.2,7.3,0.0,39.9,26.8,341.0,7.4,7.2,90.0,94
2024-05-16 07:00:00,26.4,63,949.4,0.0,0.0,41.7,27.7,333.0,6.8,6.8,104.0,92
2024-05-16 08:00:00,29.2,49,950.4,2.2,0.0,42.1,27.2,321.0,6.0,6.3,118.0,91
2024-05-16 09:00:00,32.5,37,950.7,1.1,0.0,44.1,27.5,301.0,4.6,5.6,133.0,90
2024-05-16 10:00:00,35.0,30,950.5,3.1,0.0,44.1,27.1,277.0,3.0,4.7,149.0,89
2024-05-16 11:00:00,36.9,23,949.7,3.4,0.0,43.5,26.6,259.0,1.8,4.0,159.0,88
2024-05-16 12:00:00,37.9,21,948.6,4.2,0.0,43.3,26.5,251.0,1.4,3.5,161.0,87
2024-05-16 13:00:00,38.5,20,947.6,4.5,0.0,42.7,26.3,248.0,1.5,3.1,158.0,86
2024-05-16 14:00:00,39.1,20,946.4,7.5,0.0,41.6,25.6,248.0,1.8,3.0,155.0,95
2024-05-16 15:00:00,35.2,31,946.4,12.2,0.6,40.5,24.9,247.0,2.2,3.1,153.0,108
2024-05-16 16:00:00,35.2,27,945.8,8.4,0.1,42.1,26.1,249.0,2.8,3.3,151.0,119
2024-05-16 17:00:00,33.7,36,945.8,14.0,0.0,49.1,32.8,308.0,8.1,6.6,142.0,126
2024-05-16 18:00:00,25.3,78,948.3,7.2,1.5,50.4,33.6,321.0,9.1,7.3,138.0,128
2024-05-16 19:00:00,24.5,87,947.9,6.1,1.0,51.9,34.6,341.0,10.7,8.2,131.0,125
2024-05-16 20:00:00,24.5,89,948.0,7.4,1.0,54.2,36.2,369.0,12.6,9.3,121.0,119
2024-05-16 21:00:00,24.8,88,948.0,5.3,0.1,56.3,37.7,411.0,15.4,10.6,106.0,111
2024-05-16 22:00:00,24.8,92,948.3,4.1,0.0,58.2,39.2,461.0,18.7,12.1,88.0,100
2024-05-16 23:00:00,24.7,91,948.6,4.7,0.1,59.6,40.4,501.0,20.9,13.0,73.0,89
2024-05-17 00:00:00,24.3,92,947.4,4.8,0.0,59.3,40.4,523.0,21.2,12.9,62.0,90
2024-05-17 01:00:00,24.4,91,947.1,3.4,0.0,59.4,40.5,534.0,20.3,12.3,53.0,90
2024-05-17 02:00:00,23.8,94,946.8,2.6,0.0,60.1,40.7,544.0,19.6,11.7,46.0,91
2024-05-17 03:00:00,23.7,94,946.3,4.4,0.0,61.0,41.3,560.0,19.7,11.3,37.0,92
2024-05-17 04:00:00,23.5,91,946.2,3.3,0.0,60.3,40.9,575.0,19.9,11.1,30.0,93
2024-05-17 05:00:00,23.4,85,946.6,4.0,0.0,61.2,41.3,577.0,19.6,11.5,36.0,94
2024-05-17 06:00:00,24.9,68,948.0,3.3,0.0,61.7,41.6,522.0,16.5,12.3,61.0,95
2024-05-17 07:00:00,26.8,61,948.6,4.0,0.0,62.6,41.9,446.0,12.2,13.3,97.0,96
2024-05-17 08:00:00,29.1,51,949.3,5.1,0.0,61.9,40.0,382.0,8.5,13.7,128.0,98
2024-05-17 09:00:00,31.3,43,949.8,6.6,0.0,65.0,41.1,343.0,5.9,12.9,151.0,99
2024-05-17 10:00:00,33.2,37,949.5,6.9,0.0,67.8,42.4,315.0,3.8,11.4,170.0,100
2024-05-17 11:00:00,35.0,32,948.9,6.1,0.0,68.7,42.3,294.0,2.3,10.0,182.0,101
2024-05-17 12:00:00,36.6,28,948.0,6.4,0.0,67.3,40.5,278.0,1.6,8.8,183.0,103
2024-05-17 13:00:00,37.7,25,946.8,9.1,0.0,66.4,39.1,268.0,1.5,7.8,177.0,104
2024-05-17 14:00:00,37.7,22,945.4,10.0,0.0,66.4,38.4,263.0,1.7,7.3,173.0,111
2024-05-17 15:00:00,37.5,22,944.7,16.4,0.0,68.2,39.3,261.0,2.0,7.4,173.0,135
2024-05-17 16:00:00,36.2,25,944.6,17.7,0.0,72.4,41.8,264.0,2.5,8.0,175.0,151
2024-05-17 17:00:00,35.9,26,944.6,13.0,0.0,71.7,41.0,258.0,2.8,4.3,166.0,158
2024-05-17 18:00:00,28.1,64,946.3,23.1,1.5,76.8,45.3,311.0,7.1,7.8,160.0,161
2024-05-17 19:00:00,24.9,82,945.9,3.3,0.3,76.8,47.0,386.0,13.1,12.8,151.0,159
2024-05-17 20:00:00,25.7,77,946.2,9.8,0.2,83.8,52.7,452.0,17.8,16.7,141.0,154
2024-05-17 21:00:00,26.5,69,946.8,7.0,0.0,86.4,54.5,502.0,20.2,18.8,128.0,146
2024-05-17 22:00:00,25.7,73,947.4,3.8,0.0,86.4,54.6,543.0,21.4,19.8,113.0,136
2024-05-17 23:00:00,25.5,72,947.1,6.3,0.0,88.7,56.5,564.0,21.3,20.2,101.0,123
2024-05-18 00:00:00,25.2,70,946.2,5.1,0.0,85.4,54.2,553.0,19.4,19.7,93.0,120
2024-05-18 01:00:00,24.5,75,945.7,4.1,0.0,82.7,52.3,523.0,16.2,18.4,87.0,122
2024-05-18 02:00:00,23.9,80,945.1,4.6,0.0,80.6,50.8,497.0,13.7,17.2,81.0,123
2024-05-18 03:00:00,23.5,84,944.8,4.3,0.0,78.7,49.2,489.0,12.7,15.8,71.0,124
2024-05-18 04:00:00,23.3,87,944.8,4.3,0.0,76.6,47.7,485.0,12.2,14.5,61.0,125
2024-05-18 05:00:00,23.0,89,945.0,4.8,0.0,78.9,49.6,480.0,11.8,14.1,67.0,125
2024-05-18 06:00:00,25.6,72,945.5,9.3,0.0,79.9,49.6,459.0,11.1,18.7,94.0,126
2024-05-18 07:00:00,28.3,58,946.6,7.9,0.0,86.8,52.9,430.0,10.0,24.8,132.0,127
2024-05-18 08:00:00,31.0,44,947.2,10.2,0.0,107.8,63.3,401.0,8.6,27.8,162.0,128
2024-05-18 09:00:00,33.2,37,947.5,10.3,0.0,112.0,65.4,373.0,6.5,25.0,178.0,131
2024-05-18 10:00:00,35.2,31,947.6,9.1,0.0,108.0,63.1,345.0,3.9,19.2,187.0,133
2024-05-18 11:00:00,36.9,27,947.0,7.3,0.0,101.3,58.7,323.0,2.1,14.1,191.0,135
2024-05-18 12:00:00,38.4,23,946.0,7.2,0.0,95.5,54.7,308.0,1.4,11.1,188.0,137
2024-05-18 13:00:00,38.7,21,945.0,13.2,0.0,90.1,51.1,299.0,1.4,8.8,180.0,139
2024-05-18 14:00:00,38.7,21,943.6,19.1,0.0,85.9,48.4,292.0,1.6,7.1,172.0,146
2024-05-18 15:00:00,38.2,22,942.8,12.6,0.0,84.8,47.4,284.0,1.5,5.7,168.0,159
2024-05-18 16:00:00,37.4,23,942.5,11.5,0.0,83.1,46.4,279.0,1.5,4.9,164.0,165
2024-05-18 17:00:00,37.4,23,942.5,13.7,0.0,111.3,63.1,303.0,4.9,13.3,188.0,165
2024-05-18 18:00:00,28.6,54,943.7,15.8,0.3,115.5,65.7,323.0,6.5,16.4,189.0,167
2024-05-18 19:00:00,28.4,56,944.2,3.8,0.0,108.3,63.8,350.0,8.8,20.6,190.0,167
2024-05-18 20:00:00,29.0,54,944.6,5.0,0.0,101.0,60.5,371.0,10.5,23.9,186.0,167
2024-05-18 21:00:00,28.3,58,945.2,10.6,0.0,95.7,58.0,382.0,11.2,25.5,175.0,167
2024-05-18 22:00:00,27.4,59,945.1,8.7,0.0,113.6,67.3,386.0,11.4,26.1,160.0,166
2024-05-18 23:00:00,26.9,60,945.1,6.0,0.0,94.1,56.8,378.0,11.0,25.7,146.0,164
2024-05-19 00:00:00,26.6,62,944.4,6.7,0.0,86.1,51.8,350.0,9.8,24.0,134.0,160
2024-05-19 01:00:00,26.3,64,943.8,8.7,0.0,69.6,41.9,309.0,8.2,21.2,123.0,156
2024-05-19 02:00:00,26.0,67,943.3,9.1,0.0,57.7,34.6,274.0,6.9,18.6,112.0,150
2024-05-19 03:00:00,25.5,72,943.3,9.2,0.0,48.8,29.2,249.0,6.4,16.2,100.0,148
2024-05-19 04:00:00,25.2,77,943.1,7.7,0.0,44.1,26.3,230.0,6.3,14.0,90.0,146
2024-05-19 05:00:00,24.9,81,943.3,6.6,0.0,66.8,42.3,376.0,9.3,19.5,78.0,144
2024-05-19 06:00:00,26.8,68,943.9,11.4,0.0,63.3,38.8,354.0,9.2,19.0,87.0,143
2024-05-19 07:00:00,28.5,59,945.2,4.1,0.0,62.9,38.2,323.0,9.1,18.3,100.0,142
2024-05-19 08:00:00,31.1,49,945.9,6.8,0.0,70.8,41.4,299.0,8.3,17.1,115.0,140
2024-05-19 09:00:00,33.1,45,946.2,8.3,0.0,79.4,45.1,288.0,6.4,14.9,136.0,138
2024-05-19 10:00:00,32.6,49,946.6,12.0,0.2,82.2,46.0,283.0,3.9,12.3,160.0,136
2024-05-19 11:00:00,35.0,35,946.2,7.1,0.0,82.2,45.3,279.0,2.1,10.3,176.0,134
2024-05-19 12:00:00,36.2,33,945.1,12.5,0.0,77.1,42.6,274.0,1.6,9.5,179.0,133
2024-05-19 13:00:00,35.5,35,943.9,15.4,0.0,74.0,40.9,269.0,1.9,9.4,174.0,131
2024-05-19 14:00:00,38.1,26,942.5,8.5,0.0,71.7,39.8,265.0,2.3,9.5,170.0,130
2024-05-19 15:00:00,38.9,23,941.7,13.6,0.0,71.0,39.6,256.0,2.4,9.6,170.0,129
2024-05-19 16:00:00,33.3,41,941.6,19.8,0.1,72.6,40.0,248.0,2.8,10.0,171.0,139
2024-05-19 17:00:00,34.3,39,941.2,17.6,0.0,80.3,41.7,254.0,2.8,6.4,171.0,151
2024-05-19 18:00:00,32.2,52,940.6,20.8,0.0,77.8,42.1,274.0,5.4,9.9,168.0,156
2024-05-19 19:00:00,31.8,57,941.5,13.8,0.0,72.2,41.8,303.0,9.1,14.7,162.0,157
2024-05-19 20:00:00,30.5,65,942.9,12.0,0.0,69.6,41.8,331.0,12.3,18.7,153.0,155
2024-05-19 21:00:00,29.5,76,943.4,13.1,0.0,67.3,41.2,359.0,14.8,21.0,136.0,151
2024-05-19 22:00:00,28.5,79,943.8,15.1,0.0,65.2,40.6,387.0,16.9,22.4,115.0,143
2024-05-19 23:00:00,28.1,80,944.0,11.0,0.0,64.5,40.6,400.0,17.6,23.0,100.0,132
2024-05-20 00:00:00,27.9,82,943.7,9.6,0.0,64.0,40.7,389.0,15.9,22.7,95.0,117
2024-05-20 01:00:00,27.4,84,943.1,11.1,0.0,64.7,41.1,364.0,12.9,21.7,96.0,112
2024-05-20 02:00:00,26.8,87,942.8,8.0,0.0,61.2,39.2,340.0,10.3,20.5,95.0,111
2024-05-20 03:00:00,26.2,88,942.4,8.0,0.0,59.8,37.7,319.0,8.8,18.9,88.0,112
2024-05-20 04:00:00,25.7,88,942.3,7.2,0.0,55.9,35.5,299.0,7.8,17.1,80.0,113
2024-05-20 05:00:00,25.6,86,942.9,5.2,0.0,54.8,35.3,274.0,6.7,19.4,85.0,114
2024-05-20 06:00:00,26.8,78,943.9,8.3,0.0,56.2,35.3,279.0,7.9,21.0,88.0,113
2024-05-20 07:00:00,27.4,75,944.0,11.0,0.0,57.9,35.9,286.0,9.3,23.2,93.0,113
2024-05-20 08:00:00,29.3,64,945.1,5.6,0.0,58.7,36.0,285.0,9.7,24.0,103.0,112
2024-05-20 09:00:00,30.9,55,946.2,2.8,0.0,59.4,35.7,271.0,7.9,22.4,122.0,112
2024-05-20 10:00:00,34.2,42,946.2,3.8,0.0,56.0,33.1,250.0,4.9,19.5,146.0,111
2024-05-20 11:00:00,37.1,32,945.6,6.6,0.0,57.0,31.7,234.0,2.6,16.6,164.0,110
2024-05-20 12:00:00,39.5,22,944.8,6.6,0.0,57.5,31.0,226.0,1.7,13.8,169.0,108
2024-05-20 13:00:00,40.5,18,943.7,11.9,0.0,55.3,29.0,222.0,1.4,11.0,167.0,107
2024-05-20 14:00:00,39.0,21,942.8,15.1,0.0,53.3,27.6,222.0,1.6,9.3,167.0,106
2024-05-20 15:00:00,35.9,31,941.9,23.5,0.3,52.3,26.8,225.0,2.1,9.1,172.0,107
2024-05-20 16:00:00,36.1,31,941.4,22.5,0.4,52.3,27.7,231.0,2.9,10.0,178.0,124
2024-05-20 17:00:00,34.9,39,941.5,24.5,0.0,74.3,39.2,249.0,4.4,14.2,183.0,140
2024-05-20 18:00:00,30.2,66,942.7,23.5,0.0,70.3,39.6,262.0,6.1,18.9,190.0,152
2024-05-20 19:00:00,28.9,77,943.8,18.4,0.1,68.0,42.0,279.0,8.5,25.3,199.0,159
2024-05-20 20:00:00,28.4,78,944.5,17.1,0.0,65.0,40.5,285.0,10.1,28.9,197.0,165
2024-05-20 21:00:00,28.1,77,945.2,14.8,0.0,59.5,37.0,270.0,10.2,27.2,175.0,169
2024-05-20 22:00:00,27.2,80,945.5,14.0,0.0,52.9,32.4,244.0,9.5,22.8,142.0,170
2024-05-20 23:00:00,26.8,82,945.3,11.9,0.0,46.0,27.5,220.0,8.8,18.6,114.0,166
2024-05-21 00:00:00,26.2,86,944.8,11.6,0.0,40.9,24.0,201.0,8.1,15.4,95.0,157
2024-05-21 01:00:00,25.6,88,944.1,11.4,0.0,36.8,21.5,184.0,7.5,12.4,81.0,142
2024-05-21 02:00:00,25.4,87,943.7,8.6,0.0,33.3,19.7,172.0,7.1,10.4,69.0,120
2024-05-21 03:00:00,25.2,84,943.1,8.5,0.0,31.0,18.3,168.0,7.4,9.6,57.0,95
2024-05-21 04:00:00,25.0,82,943.1,6.4,0.0,29.1,17.5,170.0,8.0,9.8,48.0,93
2024-05-21 05:00:00,24.5,84,943.5,4.6,0.0,29.8,18.1,208.0,11.0,14.3,44.0,92
2024-05-21 06:00:00,27.6,68,944.1,9.8,0.0,30.4,18.6,219.0,11.1,15.8,54.0,90
2024-05-21 07:00:00,29.5,60,945.0,8.8,0.0,36.2,21.1,234.0,11.0,17.7,69.0,89
2024-05-21 08:00:00,31.4,47,945.3,9.7,0.0,41.4,23.1,241.0,10.2,18.4,86.0,88
2024-05-21 09:00:00,33.5,39,945.8,6.4,0.0,46.1,24.7,234.0,7.8,16.7,109.0,87
2024-05-21 10:00:00,36.5,31,945.8,3.8,0.0,49.0,25.6,220.0,4.7,13.6,134.0,86
2024-05-21 11:00:00,38.7,23,945.1,11.3,0.0,50.6,25.2,209.0,2.3,10.8,152.0,85
2024-05-21 12:00:00,40.2,20,944.2,11.5,0.0,51.1,24.0,205.0,1.4,8.6,155.0,85
2024-05-21 13:00:00,41.2,17,943.2,16.6,0.0,49.8,22.6,203.0,1.2,6.7,151.0,84
2024-05-21 14:00:00,40.5,17,942.0,17.2,0.0,48.5,21.5,203.0,1.3,5.4,147.0,84
2024-05-21 15:00:00,41.7,15,941.2,16.3,0.0,49.4,21.5,201.0,1.3,4.4,147.0,83
2024-05-21 16:00:00,37.8,24,940.9,21.6,0.0,50.6,22.1,200.0,1.5,4.0,147.0,96
2024-05-21 17:00:00,37.7,24,941.0,21.8,0.0,47.3,22.8,226.0,3.0,5.8,161.0,109
2024-05-21 18:00:00,30.3,71,941.9,21.7,0.0,46.2,23.7,246.0,5.5,10.4,160.0,120
2024-05-21 19:00:00,30.3,69,941.9,18.8,0.0,45.9,26.4,273.0,9.0,16.6,159.0,126
2024-05-21 20:00:00,29.1,74,942.8,16.6,0.0,49.9,29.6,290.0,11.2,21.2,156.0,128
2024-05-21 21:00:00,28.2,79,944.1,14.2,0.0,53.1,31.8,290.0,11.2,22.7,151.0,128
2024-05-21 22:00:00,27.7,80,944.9,15.0,0.0,54.6,32.5,281.0,10.0,22.6,144.0,128
2024-05-21 23:00:00,27.3,81,945.1,10.2,0.0,48.0,28.9,270.0,8.7,21.5,137.0,127
2024-05-22 00:00:00,26.9,85,944.8,13.0,0.0,43.5,26.4,256.0,7.5,19.2,131.0,125
2024-05-22 01:00:00,26.5,84,944.1,13.5,0.0,41.0,24.7,238.0,6.2,16.0,125.0,122
2024-05-22 02:00:00,25.9,88,943.2,11.0,0.0,42.4,24.2,227.0,5.4,13.7,118.0,114
2024-05-22 03:00:00,25.8,84,942.6,11.5,0.0,43.4,24.4,224.0,5.4,13.0,106.0,105
2024-05-22 04:00:00,25.6,81,942.4,7.3,0.0,44.6,25.0,226.0,5.9,13.3,94.0,94
2024-05-22 05:00:00,25.2,81,942.6,6.8,0.0,38.6,20.8,210.0,5.7,12.2,84.0,81
2024-05-22 06:00:00,26.3,88,944.0,5.8,0.0,43.7,21.9,217.0,6.4,13.6,87.0,79
2024-05-22 07:00:00,28.0,78,944.8,7.6,0.0,45.3,22.8,227.0,7.4,15.6,91.0,80
2024-05-22 08:00:00,30.8,57,945.4,8.0,0.0,49.4,23.9,235.0,7.5,16.3,101.0,80
2024-05-22 09:00:00,33.8,45,945.7,7.0,0.0,50.9,24.9,238.0,6.1,14.8,121.0,80
2024-05-22 10:00:00,36.1,38,945.3,5.9,0.0,53.6,26.3,239.0,3.9,12.2,146.0,80
2024-05-22 11:00:00,38.0,32,945.2,4.4,0.0,54.7,26.9,238.0,2.2,10.0,165.0,80
2024-05-22 12:00:00,39.9,27,944.6,9.2,0.0,54.6,27.0,235.0,1.5,8.8,171.0,80
2024-05-22 13:00:00,33.9,38,943.9,13.0,0.3,54.2,26.5,230.0,1.4,8.0,171.0,80
2024-05-22 14:00:00,36.8,33,942.9,14.8,0.0,54.5,26.3,226.0,1.6,7.8,169.0,91
2024-05-22 15:00:00,35.5,37,942.2,16.6,0.0,53.4,25.9,224.0,2.2,7.9,167.0,108
2024-05-22 16:00:00,36.1,33,941.8,11.0,0.1,53.8,26.4,223.0,3.1,8.5,164.0,124
2024-05-22 17:00:00,35.6,34,941.4,10.7,0.0,91.0,40.7,243.0,3.0,4.2,166.0,138
2024-05-22 18:00:00,33.4,50,941.8,16.8,0.0,90.3,42.6,264.0,4.9,9.3,170.0,147
2024-05-22 19:00:00,31.5,67,941.8,20.4,0.0,92.4,46.3,292.0,7.4,16.4,177.0,152
2024-05-22 20:00:00,31.3,57,942.4,13.4,0.0,123.9,59.6,313.0,9.1,22.2,180.0,154
2024-05-22 21:00:00,30.5,63,943.4,6.2,0.0,104.1,53.9,318.0,9.3,25.7,180.0,155
2024-05-22 22:00:00,30.0,69,943.5,7.1,0.0,83.8,45.1,315.0,8.6,27.9,177.0,156
2024-05-22 23:00:00,29.1,74,943.2,8.4,0.0,69.4,40.4,310.0,7.9,28.8,171.0,158
2024-05-23 00:00:00,28.6,74,942.9,9.2,0.0,64.7,38.1,304.0,7.1,27.8,162.0,158
2024-05-23 01:00:00,28.3,73,942.0,6.6,0.0,68.5,39.6,297.0,6.2,25.4,151.0,158
2024-05-23 02:00:00,27.5,78,941.3,5.4,0.0,68.5,39.6,295.0,5.9,23.3,138.0,156
2024-05-23 03:00:00,26.5,86,941.0,8.3,0.0,67.5,39.3,305.0,6.6,21.7,120.0,151
2024-05-23 04:00:00,25.8,91,941.4,6.5,0.0,64.3,38.6,320.0,7.7,20.3,100.0,139
2024-05-23 05:00:00,25.4,94,941.8,6.5,0.0,53.6,31.7,275.0,7.1,17.8,86.0,122
2024-05-23 06:00:00,27.1,89,942.8,8.7,0.0,63.3,34.3,273.0,7.3,19.1,95.0,102
2024-05-23 07:00:00,29.3,79,944.1,4.3,0.0,71.2,35.9,269.0,7.5,20.8,109.0,100
2024-05-23 08:00:00,31.8,63,944.9,2.2,0.0,71.5,31.7,261.0,7.1,21.3,122.0,101
2024-05-23 09:00:00,33.7,53,944.8,7.2,0.0,70.5,28.2,246.0,5.7,19.6,136.0,102
2024-05-23 10:00:00,36.1,40,944.5,7.0,0.0,66.4,26.3,226.0,3.8,16.8,149.0,102
2024-05-23 11:00:00,37.8,33,943.9,10.8,0.0,59.4,23.9,210.0,2.3,14.1,158.0,102
2024-05-23 12:00:00,38.8,30,943.2,15.7,0.0,53.4,22.1,198.0,1.7,11.9,158.0,102
2024-05-23 13:00:00,32.4,55,943.4,19.5,2.4,55.6,23.3,190.0,1.5,9.8,153.0,101
2024-05-23 14:00:00,32.0,57,941.9,12.4,0.0,51.0,22.4,186.0,1.7,8.6,150.0,101
2024-05-23 15:00:00,34.0,50,941.3,15.1,0.1,53.3,24.1,187.0,2.0,8.3,151.0,108
2024-05-23 16:00:00,31.5,59,941.2,20.9,0.1,50.6,24.6,192.0,2.7,8.9,152.0,117
2024-05-23 17:00:00,32.2,59,941.0,18.0,0.1,72.4,34.2,220.0,4.0,13.0,175.0,123
2024-05-23 18:00:00,33.2,53,940.8,20.3,0.0,66.8,34.1,242.0,6.4,16.4,173.0,132
2024-05-23 19:00:00,30.5,72,940.9,16.6,0.0,59.0,34.6,272.0,9.8,21.0,168.0,137
2024-05-23 20:00:00,28.5,83,941.7,16.6,0.0,56.3,34.1,297.0,12.4,24.4,160.0,139
2024-05-23 21:00:00,27.6,85,942.1,13.7,0.0,54.7,33.4,312.0,13.6,25.4,144.0,139
2024-05-23 22:00:00,26.9,86,942.8,10.4,0.0,54.6,32.7,322.0,14.0,25.1,124.0,137
2024-05-23 23:00:00,26.3,86,942.5,13.5,0.0,52.7,31.7,322.0,13.9,24.1,106.0,132
2024-05-24 00:00:00,26.1,86,941.8,12.7,0.0,48.2,28.9,308.0,13.1,22.5,92.0,122
2024-05-24 01:00:00,25.7,88,941.2,13.8,0.0,42.6,25.7,285.0,11.9,20.3,79.0,109
2024-05-24 02:00:00,25.1,86,940.4,14.7,0.0,42.5,23.8,264.0,10.7,18.1,69.0,91
2024-05-24 03:00:00,24.7,82,940.0,13.0,0.0,39.0,22.0,250.0,9.8,15.7,59.0,90
2024-05-24 04:00:00,24.7,75,940.1,11.4,0.0,36.0,20.7,238.0,9.1,13.3,52.0,88
2024-05-24 05:00:00,24.8,69,940.5,11.8,0.0,40.0,21.7,226.0,7.7,12.1,53.0,87
2024-05-24 06:00:00,26.4,67,941.8,9.6,0.0,48.3,23.6,220.0,7.8,13.2,59.0,86
2024-05-24 07:00:00,28.3,63,942.9,11.6,0.0,51.9,24.9,212.0,7.8,14.6,69.0,85
2024-05-24 08:00:00,29.3,64,943.5,14.3,0.0,50.8,21.9,204.0,7.4,15.2,81.0,84
2024-05-24 09:00:00,30.4,64,943.7,18.0,0.0,47.0,20.3,197.0,6.0,14.1,98.0,84
2024-05-24 10:00:00,32.6,55,944.0,19.0,0.0,46.0,21.0,191.0,4.1,12.1,119.0,83
2024-05-24 11:00:00,33.9,49,944.0,18.1,0.0,46.2,22.1,188.0,2.6,10.4,135.0,83
2024-05-24 12:00:00,35.0,44,943.6,17.6,0.0,46.9,23.2,191.0,2.0,9.4,144.0,82
2024-05-24 13:00:00,35.9,41,943.1,17.7,0.0,47.3,23.7,197.0,1.8,8.7,150.0,82
2024-05-24 14:00:00,35.7,38,942.1,16.4,0.2,47.5,23.9,202.0,1.9,8.5,155.0,83
2024-05-24 15:00:00,35.5,33,941.5,17.1,0.0,49.1,24.3,205.0,2.1,9.1,162.0,83
2024-05-24 16:00:00,34.1,40,941.0,17.7,0.1,47.4,23.9,208.0,2.6,10.3,168.0,89
2024-05-24 17:00:00,33.4,40,941.2,19.1,0.0,64.3,32.6,234.0,3.8,12.2,179.0,107
2024-05-24 18:00:00,31.8,43,940.6,26.4,0.0,59.4,31.1,230.0,5.1,13.3,167.0,124
2024-05-24 19:00:00,29.2,57,941.2,20.2,0.0,52.2,28.6,224.0,6.9,14.8,149.0,135
2024-05-24 20:00:00,27.7,67,941.9,17.1,0.0,44.5,24.0,216.0,8.2,15.4,131.0,138
2024-05-24 21:00:00,26.6,76,942.7,17.1,0.0,38.3,20.6,207.0,8.8,14.5,112.0,135
2024-05-24 22:00:00,26.0,81,943.3,17.3,0.0,34.2,18.3,195.0,9.0,12.9,92.0,127
2024-05-24 23:00:00,25.4,82,943.4,16.6,0.0,31.5,16.6,183.0,8.8,11.2,76.0,113
2024-05-25 00:00:00,24.8,83,943.0,15.7,0.0,29.5,15.0,167.0,8.0,9.8,68.0,95
2024-05-25 01:00:00,24.4,83,942.5,16.4,0.0,28.1,13.9,150.0,6.8,8.3,65.0,77
2024-05-25 02:00:00,24.0,83,941.4,16.7,0.0,26.3,13.0,138.0,5.9,7.3,62.0,76
2024-05-25 03:00:00,23.9,81,940.9,15.5,0.0,24.8,12.3,133.0,5.7,6.8,58.0,75
2024-05-25 04:00:00,23.7,77,941.0,13.6,0.0,23.0,11.9,133.0,5.7,6.7,53.0,74
2024-05-25 05:00:00,23.6,76,941.6,14.9,0.0,25.1,13.2,140.0,6.5,8.1,51.0,73
2024-05-25 06:00:00,25.0,70,942.7,13.1,0.0,28.1,14.6,141.0,6.7,8.4,52.0,73
2024-05-25 07:00:00,26.5,75,944.4,9.5,0.0,28.9,14.2,142.0,6.8,8.7,53.0,72
2024-05-25 08:00:00,28.0,68,944.3,20.9,0.0,30.6,14.2,142.0,6.6,9.0,59.0,71
2024-05-25 09:00:00,28.4,66,943.7,27.4,0.0,32.5,14.5,139.0,5.5,9.2,72.0,70
2024-05-25 10:00:00,29.7,62,944.2,24.0,0.0,34.7,15.4,134.0,4.1,9.3,90.0,70
2024-05-25 11:00:00,31.5,56,943.8,24.3,0.0,36.9,16.2,131.0,2.9,9.2,105.0,70
2024-05-25 12:00:00,33.7,47,943.7,23.1,0.0,39.5,16.8,131.0,2.4,8.8,117.0,69
2024-05-25 13:00:00,34.1,44,943.3,24.3,0.0,43.3,18.0,133.0,2.2,8.3,126.0,69
2024-05-25 14:00:00,34.0,44,942.5,24.3,0.0,46.7,19.1,135.0,2.2,8.0,133.0,68
2024-05-25 15:00:00,33.8,44,941.7,24.3,0.0,49.2,19.9,138.0,2.4,8.0,136.0,68
2024-05-25 16:00:00,33.0,45,941.6,20.6,0.0,50.3,20.3,142.0,2.9,8.2,136.0,67
2024-05-25 17:00:00,31.3,50,941.8,19.2,0.0,54.7,21.9,143.0,3.9,8.9,135.0,67
2024-05-25 18:00:00,30.4,51,941.8,22.3,0.0,49.4,20.4,141.0,4.8,8.9,121.0,75
2024-05-25 19:00:00,27.6,69,942.8,21.2,0.0,42.6,19.0,138.0,5.9,8.9,102.0,81
2024-05-25 20:00:00,26.7,75,943.7,20.5,0.0,39.6,17.2,134.0,6.8,8.7,86.0,81
2024-05-25 21:00:00,25.9,80,944.3,19.6,0.0,37.0,15.9,129.0,7.0,8.3,75.0,74
2024-05-25 22:00:00,25.6,82,944.5,20.0,0.0,35.5,15.3,122.0,6.9,7.8,67.0,64
2024-05-25 23:00:00,25.3,84,944.3,18.9,0.0,35.5,14.9,116.0,6.7,7.3,61.0,64
2024-05-26 00:00:00,25.0,86,944.0,18.3,0.0,33.8,14.4,111.0,6.3,6.9,58.0,63
2024-05-26 01:00:00,24.8,85,943.6,18.1,0.0,31.8,14.0,105.0,5.8,6.5,56.0,63
2024-05-26 02:00:00,24.6,85,943.1,18.9,0.0,31.7,13.9,101.0,5.3,6.0,56.0,63
2024-05-26 03:00:00,24.5,83,942.6,19.1,0.0,31.8,13.9,97.0,4.7,5.4,57.0,63
2024-05-26 04:00:00,24.5,83,942.6,19.4,0.0,35.7,14.2,94.0,4.0,4.7,58.0,64
2024-05-26 05:00:00,24.4,83,943.0,17.6,0.0,38.6,17.0,106.0,5.8,7.7,53.0,64
2024-05-26 06:00:00,26.1,82,944.1,19.8,0.0,40.9,17.2,108.0,5.5,6.9,54.0,64
2024-05-26 07:00:00,27.0,79,944.4,24.2,0.0,41.7,17.3,110.0,5.1,5.9,56.0,64
2024-05-26 08:00:00,28.5,71,944.9,25.0,0.0,38.1,15.5,112.0,4.5,5.2,61.0,65
2024-05-26 09:00:00,30.0,62,945.1,24.6,0.0,37.4,15.5,114.0,3.7,5.1,71.0,65
2024-05-26 10:00:00,31.9,54,945.4,26.3,0.0,35.5,15.0,115.0,2.8,5.4,85.0,65
2024-05-26 11:00:00,33.0,50,945.2,25.6,0.0,36.0,15.3,118.0,2.1,5.6,97.0,65
2024-05-26 12:00:00,33.8,47,945.0,25.5,0.0,38.0,16.4,124.0,1.7,5.6,108.0,65
2024-05-26 13:00:00,34.3,45,943.9,26.2,0.0,40.7,17.8,131.0,1.5,5.4,118.0,65
2024-05-26 14:00:00,33.9,46,943.0,26.9,0.0,43.2,18.7,136.0,1.6,5.4,124.0,65
2024-05-26 15:00:00,33.3,47,942.4,25.2,0.0,43.4,18.9,137.0,1.9,5.4,123.0,65
2024-05-26 16:00:00,32.3,50,942.1,23.7,0.0,41.9,18.4,135.0,2.4,5.6,118.0,64
2024-05-26 17:00:00,30.7,54,941.7,24.5,0.0,58.8,26.1,145.0,3.7,9.5,138.0,64
2024-05-26 18:00:00,29.9,55,942.5,23.0,0.0,55.4,25.0,146.0,4.7,9.7,125.0,65
2024-05-26 19:00:00,27.9,67,942.9,20.9,0.0,50.6,23.6,148.0,6.0,9.9,106.0,69
2024-05-26 20:00:00,26.6,75,943.7,19.5,0.0,48.3,22.6,149.0,7.0,9.9,89.0,71
2024-05-26 21:00:00,26.1,78,944.6,16.8,0.0,45.8,21.8,149.0,7.5,9.6,77.0,67
2024-05-26 22:00:00,26.0,80,944.9,17.4,0.0,43.4,21.0,148.0,7.7,9.1,67.0,66
2024-05-26 23:00:00,25.4,84,944.7,16.2,0.0,41.3,20.3,146.0,7.5,8.4,60.0,67
2024-05-27 00:00:00,24.9,88,943.3,18.2,0.0,39.0,19.2,140.0,6.8,7.5,57.0,67
2024-05-27 01:00:00,24.8,90,943.1,16.3,0.0,38.2,18.3,133.0,5.7,6.4,57.0,68
2024-05-27 02:00:00,25.1,88,942.4,20.9,0.0,36.6,17.6,127.0,4.8,5.5,57.0,68
2024-05-27 03:00:00,25.1,87,942.3,20.0,0.0,34.7,16.9,123.0,4.3,5.0,57.0,68
2024-05-27 04:00:00,24.9,88,942.4,20.2,0.0,34.1,16.6,120.0,4.0,4.7,57.0,68
2024-05-27 05:00:00,25.1,85,942.4,22.4,0.0,33.1,17.3,118.0,3.5,2.6,53.0,69
2024-05-27 06:00:00,25.9,86,943.2,20.6,0.0,29.2,15.2,125.0,4.3,3.2,51.0,69
2024-05-27 07:00:00,26.5,81,943.3,23.9,0.0,26.3,13.9,134.0,5.4,4.0,50.0,68
2024-05-27 08:00:00,27.4,76,943.9,26.0,0.0,27.9,13.9,139.0,5.9,4.6,51.0,68
2024-05-27 09:00:00,27.9,74,944.4,24.5,0.0,31.4,14.3,137.0,5.1,4.6,59.0,68
2024-05-27 10:00:00,31.0,60,944.7,27.8,0.0,33.9,14.3,132.0,3.6,4.4,70.0,68
2024-05-27 11:00:00,32.6,54,944.9,24.8,0.0,34.1,14.3,128.0,2.5,4.3,79.0,68
2024-05-27 12:00:00,32.7,51,944.5,26.7,0.0,35.0,14.7,128.0,2.1,4.4,85.0,68
2024-05-27 13:00:00,32.1,52,943.8,25.3,0.0,35.3,15.0,129.0,2.0,4.5,89.0,68
2024-05-27 14:00:00,31.8,53,943.3,23.7,0.0,35.7,15.4,130.0,2.1,4.6,90.0,67
2024-05-27 15:00:00,30.8,54,942.6,24.1,0.0,36.3,15.6,131.0,2.6,4.7,88.0,67
2024-05-27 16:00:00,29.4,59,942.4,24.1,0.0,37.1,15.9,132.0,3.3,4.7,83.0,67
2024-05-27 17:00:00,28.6,63,942.2,23.4,0.0,54.9,22.9,153.0,5.7,6.8,81.0,67
2024-05-27 18:00:00,27.5,67,943.0,20.4,0.0,51.0,22.0,152.0,6.2,6.8,75.0,66
2024-05-27 19:00:00,26.2,74,943.3,19.7,0.0,47.5,21.2,151.0,6.8,6.7,68.0,66
2024-05-27 20:00:00,26.4,77,943.9,17.7,0.0,45.5,20.7,148.0,7.1,6.6,61.0,66
2024-05-27 21:00:00,26.2,81,944.0,17.5,0.0,46.2,20.2,144.0,6.9,6.4,57.0,66
2024-05-27 22:00:00,25.2,87,944.1,19.2,0.0,44.5,19.4,140.0,6.5,6.0,54.0,66
2024-05-27 23:00:00,25.4,87,943.9,18.8,0.0,41.0,18.6,134.0,5.8,5.5,52.0,66
2024-05-28 00:00:00,25.1,87,943.6,18.4,0.0,38.9,17.3,125.0,4.9,4.7,53.0,66
2024-05-28 01:00:00,24.7,89,943.1,19.1,0.0,38.6,16.4,115.0,3.7,3.7,55.0,65
2024-05-28 02:00:00,24.8,87,942.9,21.0,0.0,35.4,15.4,107.0,2.9,3.0,56.0,65
2024-05-28 03:00:00,24.5,87,942.7,21.0,0.0,32.5,14.6,103.0,2.6,2.7,56.0,65
2024-05-28 04:00:00,24.2,88,942.6,21.0,0.0,30.9,13.6,102.0,2.5,2.6,55.0,65
2024-05-28 05:00:00,24.4,87,942.8,20.7,0.0,34.1,13.9,105.0,2.7,2.7,55.0,65
2024-05-28 06:00:00,25.4,83,943.8,21.4,0.0,29.5,12.3,110.0,2.9,3.0,55.0,64
2024-05-28 07:00:00,26.6,76,944.4,23.0,0.0,30.6,12.9,116.0,3.3,3.4,56.0,64
2024-05-28 08:00:00,28.3,69,944.9,27.1,0.0,36.2,13.8,121.0,3.3,3.7,59.0,64
2024-05-28 09:00:00,30.0,60,945.4,31.0,0.0,41.1,14.6,121.0,2.8,3.7,67.0,64
2024-05-28 10:00:00,31.4,54,945.2,31.8,0.0,43.9,15.4,119.0,2.0,3.6,77.0,64
2024-05-28 11:00:00,32.2,50,944.9,31.0,0.0,45.4,16.3,118.0,1.4,3.5,86.0,64
2024-05-28 12:00:00,33.1,47,944.6,29.2,0.0,46.1,17.1,118.0,1.2,3.4,92.0,64
2024-05-28 13:00:00,34.1,42,944.1,28.7,0.0,47.0,17.7,119.0,1.2,3.4,96.0,65
2024-05-28 14:00:00,34.0,40,943.6,28.0,0.0,47.6,18.3,121.0,1.4,3.5,98.0,65
2024-05-28 15:00:00,33.4,42,942.9,27.0,0.0,46.8,18.5,123.0,1.7,3.7,99.0,65
2024-05-28 16:00:00,32.4,44,942.5,25.8,0.0,46.3,18.8,125.0,2.2,4.0,98.0,65
2024-05-28 17:00:00,30.9,49,942.4,24.9,0.0,47.7,19.0,124.0,2.7,3.7,88.0,65
2024-05-28 18:00:00,29.3,54,942.9,22.3,0.0,46.0,18.7,129.0,3.9,4.1,79.0,65
2024-05-28 19:00:00,27.4,65,943.5,19.8,0.0,40.7,18.3,136.0,5.4,4.7,66.0,65
2024-05-28 20:00:00,26.2,74,943.9,17.9,0.0,39.2,18.4,140.0,6.5,5.1,56.0,65
2024-05-28 21:00:00,25.3,79,944.2,15.7,0.0,40.2,18.6,139.0,6.6,5.2,51.0,64
2024-05-28 22:00:00,25.0,81,944.3,16.8,0.0,41.6,19.0,136.0,6.2,5.2,49.0,64
2024-05-28 23:00:00,24.3,85,943.9,18.6,0.0,42.8,19.3,132.0,5.7,5.1,48.0,64
2024-05-29 00:00:00,24.0,87,943.5,18.5,0.0,42.3,18.9,127.0,5.2,4.9,47.0,64
2024-05-29 01:00:00,23.8,88,943.0,19.8,0.0,39.6,18.3,121.0,4.6,4.5,47.0,64
2024-05-29 02:00:00,23.7,88,942.5,20.3,0.0,40.4,18.4,117.0,4.1,4.2,47.0,65
2024-05-29 03:00:00,23.6,87,942.3,20.3,0.0,39.5,18.0,115.0,3.8,4.0,47.0,65
2024-05-29 04:00:00,23.5,88,942.6,19.8,0.0,40.3,18.0,113.0,3.6,3.7,47.0,65
2024-05-29 05:00:00,23.6,86,943.0,19.8,0.0,40.3,18.0,128.0,4.8,4.9,43.0,65
2024-05-29 06:00:00,24.6,83,943.9,20.0,0.0,46.7,18.5,128.0,4.4,4.6,46.0,66
2024-05-29 07:00:00,26.4,72,944.6,21.8,0.0,50.6,19.0,128.0,3.9,4.3,51.0,66
2024-05-29 08:00:00,28.5,62,945.2,24.5,0.0,51.6,18.7,127.0,3.3,3.9,57.0,67
2024-05-29 09:00:00,30.0,56,945.8,22.3,0.0,50.2,18.3,125.0,2.6,3.6,65.0,67
2024-05-29 10:00:00,31.6,50,945.6,23.3,0.0,47.0,17.7,122.0,1.9,3.3,74.0,67
2024-05-29 11:00:00,32.9,45,945.2,25.0,0.0,43.8,17.0,119.0,1.4,3.1,81.0,68
2024-05-29 12:00:00,34.2,41,944.6,26.1,0.0,40.7,16.2,117.0,1.2,2.9,84.0,68
2024-05-29 13:00:00,34.4,40,944.1,27.8,0.0,39.6,15.8,116.0,1.2,2.7,85.0,68
2024-05-29 14:00:00,33.9,42,943.4,28.1,0.0,39.3,15.5,116.0,1.3,2.6,85.0,67
2024-05-29 15:00:00,33.1,43,942.9,27.4,0.0,39.8,15.5,117.0,1.5,2.7,84.0,67
2024-05-29 16:00:00,32.2,45,942.7,26.3,0.0,39.7,15.4,118.0,1.8,2.8,82.0,67
2024-05-29 17:00:00,30.5,52,942.6,25.6,0.0,46.1,17.5,124.0,2.5,3.1,76.0,67
2024-05-29 18:00:00,30.0,49,942.9,23.2,0.0,42.0,16.8,127.0,3.4,3.4,67.0,67
2024-05-29 19:00:00,27.7,64,943.4,20.5,0.0,33.9,15.9,131.0,4.6,3.8,55.0,66
2024-05-29 20:00:00,26.2,74,944.3,18.9,0.0,32.2,15.4,133.0,5.5,4.1,46.0,66
2024-05-29 21:00:00,25.5,79,945.1,16.7,0.0,30.4,15.1,133.0,5.8,4.4,41.0,66
2024-05-29 22:00:00,25.1,82,945.4,14.7,0.0,29.4,15.1,132.0,5.9,4.7,40.0,66
2024-05-29 23:00:00,24.9,83,945.5,14.6,0.0,29.6,14.7,128.0,5.6,4.7,39.0,65
2024-05-30 00:00:00,24.5,85,944.9,14.8,0.0,27.1,13.8,120.0,4.9,4.3,40.0,65
2024-05-30 01:00:00,24.2,86,944.0,16.2,0.0,28.6,13.4,111.0,4.0,3.8,43.0,65
2024-05-30 02:00:00,23.8,88,943.5,16.6,0.0,32.1,14.1,104.0,3.3,3.4,45.0,64
2024-05-30 03:00:00,23.6,89,943.4,16.6,0.0,33.6,14.4,102.0,3.2,3.4,45.0,64
2024-05-30 04:00:00,23.3,90,943.6,16.7,0.0,34.9,14.7,103.0,3.4,3.7,45.0,64
2024-05-30 05:00:00,23.3,89,943.9,16.0,0.0,36.6,15.7,111.0,4.0,4.2,43.0,63
2024-05-30 06:00:00,23.9,85,944.3,14.4,0.0,40.2,15.8,114.0,4.0,4.4,45.0,63
2024-05-30 07:00:00,26.1,74,945.2,22.7,0.0,46.3,16.6,118.0,3.9,4.6,49.0,63
2024-05-30 08:00:00,28.1,64,945.9,22.0,0.0,46.9,16.8,121.0,3.6,4.8,55.0,63
2024-05-30 09:00:00,30.1,54,946.4,20.7,0.0,44.8,16.8,121.0,3.0,5.0,65.0,63
2024-05-30 10:00:00,31.8,48,946.7,19.7,0.0,42.7,16.9,120.0,2.3,5.2,78.0,63
2024-05-30 11:00:00,33.5,43,946.3,19.6,0.0,41.4,17.0,119.0,1.7,5.3,89.0,62
2024-05-30 12:00:00,34.9,38,945.9,20.0,0.0,42.0,17.3,119.0,1.5,5.2,97.0,62
2024-05-30 13:00:00,35.8,35,945.1,20.5,0.0,42.3,17.7,119.0,1.4,5.0,104.0,63
2024-05-30 14:00:00,36.2,33,944.3,21.8,0.0,41.8,17.6,119.0,1.5,4.8,106.0,63
2024-05-30 15:00:00,35.5,35,943.9,22.8,0.0,40.3,17.3,117.0,1.8,4.6,103.0,63
2024-05-30 16:00:00,34.3,37,944.0,23.1,0.0,37.0,16.5,115.0,2.2,4.5,96.0,63
2024-05-30 17:00:00,32.3,44,944.1,21.2,0.0,42.5,17.1,123.0,2.9,5.9,104.0,63
2024-05-30 18:00:00,30.5,47,944.9,21.2,0.0,35.0,15.9,121.0,3.6,5.7,90.0,63
2024-05-30 19:00:00,28.5,59,945.6,17.3,0.0,30.4,14.5,119.0,4.7,5.4,71.0,63
2024-05-30 20:00:00,27.4,68,946.3,16.2,0.0,28.2,13.6,117.0,5.5,5.2,55.0,63
2024-05-30 21:00:00,26.6,76,947.0,15.6,0.0,26.3,12.9,118.0,6.0,5.3,47.0,63
2024-05-30 22:00:00,25.9,82,947.0,13.5,0.0,24.6,12.5,119.0,6.4,5.6,42.0,63
2024-05-30 23:00:00,25.4,86,946.5,14.2,0.0,24.2,12.0,119.0,6.5,5.8,39.0,62
2024-05-31 00:00:00,24.9,88,946.0,15.0,0.0,23.3,11.3,115.0,6.3,5.9,38.0,62
2024-05-31 01:00:00,24.6,89,945.1,15.9,0.0,22.2,11.0,110.0,5.8,5.8,38.0,62
2024-05-31 02:00:00,24.4,90,944.4,15.5,0.0,21.2,10.9,106.0,5.4,5.7,39.0,62
2024-05-31 03:00:00,24.1,92,944.4,14.8,0.0,20.0,10.4,104.0,5.1,5.3,38.0,62
2024-05-31 04:00:00,24.2,91,944.6,14.0,0.0,18.9,10.4,104.0,4.9,4.9,37.0,61
2024-05-31 05:00:00,24.1,92,945.0,13.7,0.0,20.0,10.5,113.0,5.9,6.4,34.0,61
2024-05-31 06:00:00,24.8,84,946.1,12.4,0.0,21.8,10.9,116.0,5.5,6.2,38.0,60
2024-05-31 07:00:00,26.7,75,947.0,14.1,0.0,22.4,10.9,121.0,4.9,6.0,44.0,60
2024-05-31 08:00:00,29.2,64,947.6,17.7,0.0,25.9,12.1,124.0,4.2,5.7,52.0,60
2024-05-31 09:00:00,31.5,54,947.8,19.8,0.0,28.7,12.9,124.0,3.3,5.4,64.0,59
2024-05-31 10:00:00,32.7,50,947.8,18.7,0.0,31.5,13.1,123.0,2.3,5.0,78.0,59
2024-05-31 11:00:00,34.4,43,947.3,18.5,0.0,36.0,13.5,122.0,1.6,4.6,90.0,59
2024-05-31 12:00:00,35.4,40,946.7,20.1,0.0,41.8,14.2,123.0,1.3,4.3,97.0,58
2024-05-31 13:00:00,35.8,39,946.0,20.5,0.0,49.2,15.1,124.0,1.3,4.0,101.0,58
2024-05-31 14:00:00,35.7,37,945.2,20.4,0.0,54.6,15.9,126.0,1.4,3.8,103.0,58
2024-05-31 15:00:00,35.4,37,944.8,20.3,0.0,56.3,16.5,127.0,1.6,3.8,103.0,58
2024-05-31 16:00:00,33.6,44,944.8,21.1,0.0,52.3,16.0,129.0,2.0,3.9,100.0,58
2024-05-31 17:00:00,32.1,50,945.0,20.3,0.0,52.7,16.9,135.0,2.7,5.7,108.0,58
2024-05-31 18:00:00,31.1,53,945.0,21.7,0.0,47.3,16.1,138.0,3.8,6.4,99.0,58
2024-05-31 19:00:00,29.4,61,945.1,19.9,0.0,38.1,14.9,143.0,5.3,7.5,85.0,58
2024-05-31 20:00:00,28.1,67,945.5,18.1,0.0,32.2,14.1,146.0,6.6,8.3,73.0,58
2024-05-31 21:00:00,26.6,80,945.9,16.3,0.0,28.1,13.0,147.0,7.4,8.8,63.0,58
2024-05-31 22:00:00,25.8,86,946.0,15.2,0.0,25.8,12.3,146.0,8.0,9.1,54.0,58
2024-05-31 23:00:00,25.3,91,945.9,17.0,0.0,23.4,11.7,143.0,8.1,9.0,47.0,58
2024-06-01 00:00:00,25.2,91,945.3,16.2,0.0,22.1,10.8,138.0,7.6,8.4,44.0,58
2024-06-01 01:00:00,25.4,88,944.8,13.7,0.0,21.0,9.8,130.0,6.7,7.5,43.0,58
2024-06-01 02:00:00,25.2,86,944.6,14.0,0.0,19.2,9.2,125.0,6.0,6.8,42.0,58
2024-06-01 03:00:00,24.7,88,944.4,13.7,0.0,18.5,8.9,122.0,5.7,6.5,40.0,57
2024-06-01 04:00:00,24.2,91,944.7,13.0,0.0,17.3,8.6,121.0,5.6,6.3,39.0,57
2024-06-01 05:00:00,24.0,91,944.9,13.4,0.0,16.5,9.5,131.0,6.2,6.6,35.0,57
2024-06-01 06:00:00,25.5,86,945.8,15.9,0.0,15.9,9.2,135.0,5.6,6.2,39.0,57
2024-06-01 07:00:00,27.1,76,946.7,17.9,0.0,17.6,9.2,140.0,4.8,5.6,44.0,57
2024-06-01 08:00:00,28.8,62,947.2,15.7,0.0,23.5,9.8,144.0,4.0,5.1,52.0,57
2024-06-01 09:00:00,30.9,52,947.7,15.7,0.0,29.7,10.7,145.0,3.2,4.8,63.0,57
2024-06-01 10:00:00,32.7,46,947.8,16.0,0.0,34.0,11.2,145.0,2.3,4.5,77.0,57
2024-06-01 11:00:00,34.0,41,947.2,16.3,0.0,36.2,11.9,145.0,1.7,4.3,88.0,56
2024-06-01 12:00:00,35.1,38,946.6,17.3,0.0,39.1,12.7,145.0,1.4,4.1,94.0,56
2024-06-01 13:00:00,35.7,37,945.8,18.4,0.0,40.6,13.4,145.0,1.3,4.0,98.0,56
2024-06-01 14:00:00,35.9,36,944.9,18.8,0.0,38.8,13.5,145.0,1.4,3.9,100.0,56
2024-06-01 15:00:00,35.4,38,944.6,19.9,0.0,39.2,14.2,146.0,1.7,3.9,100.0,56
2024-06-01 16:00:00,33.6,43,944.6,19.8,0.0,38.6,14.5,148.0,2.1,4.1,97.0,56
2024-06-01 17:00:00,31.6,51,944.6,18.3,0.1,41.8,15.4,150.0,2.5,4.0,105.0,56
2024-06-01 18:00:00,32.7,42,944.8,19.9,0.0,36.9,14.8,152.0,3.5,4.5,94.0,55
2024-06-01 19:00:00,30.4,56,944.8,20.2,0.0,27.4,13.0,156.0,4.9,5.1,78.0,55
2024-06-01 20:00:00,27.9,71,945.8,17.7,0.0,24.1,11.9,158.0,6.0,5.7,64.0,55
2024-06-01 21:00:00,26.9,77,946.3,16.3,0.0,22.1,11.2,159.0,6.7,6.2,55.0,55
2024-06-01 22:00:00,26.3,80,946.3,14.6,0.0,20.8,10.8,159.0,7.1,6.6,48.0,55
2024-06-01 23:00:00,25.7,83,946.4,13.8,0.0,19.6,10.4,158.0,7.4,7.0,43.0,55
2024-06-02 00:00:00,25.1,87,946.1,12.4,0.0,18.5,9.9,156.0,7.5,7.2,39.0,55
2024-06-02 01:00:00,25.0,87,945.6,12.0,0.0,17.6,9.7,153.0,7.4,7.4,37.0,55
2024-06-02 02:00:00,24.7,89,945.1,12.4,0.0,16.6,9.4,150.0,7.2,7.4,36.0,55
2024-06-02 03:00:00,24.6,88,944.9,13.1,0.0,16.5,9.4,147.0,7.0,7.3,35.0,55
2024-06-02 04:00:00,24.8,87,944.9,13.5,0.0,17.8,9.5,143.0,6.7,7.1,34.0,55
2024-06-02 05:00:00,24.9,85,945.4,13.0,0.0,16.9,9.3,144.0,6.1,6.4,34.0,55
2024-06-02 06:00:00,25.6,79,946.3,12.2,0.0,17.7,9.4,144.0,5.5,6.2,38.0,55
2024-06-02 07:00:00,26.9,70,947.2,13.0,0.0,19.0,9.2,145.0,4.7,5.8,43.0,55
2024-06-02 08:00:00,28.7,60,947.8,13.3,0.0,24.0,9.8,145.0,3.9,5.4,51.0,55
2024-06-02 09:00:00,30.8,50,947.9,13.5,0.0,29.3,10.9,144.0,3.0,4.9,62.0,55
2024-06-02 10:00:00,32.8,42,947.8,15.0,0.0,33.8,11.6,144.0,2.1,4.4,75.0,55
2024-06-02 11:00:00,34.4,38,947.5,16.2,0.0,36.2,12.0,143.0,1.5,4.0,85.0,55
2024-06-02 12:00:00,35.1,36,946.7,16.6,0.0,37.6,12.8,143.0,1.2,3.7,90.0,55
2024-06-02 13:00:00,35.5,36,946.2,17.5,0.0,41.2,14.6,143.0,1.2,3.5,93.0,55
2024-06-02 14:00:00,36.2,35,945.5,17.4,0.0,38.6,14.5,144.0,1.4,3.6,94.0,55
2024-06-02 15:00:00,35.4,37,944.7,16.9,0.0,37.1,14.8,146.0,1.9,3.9,94.0,55
2024-06-02 16:00:00,34.6,39,944.4,17.4,0.0,38.0,15.5,150.0,2.6,4.4,94.0,55
2024-06-02 17:00:00,33.5,42,944.7,17.2,0.0,48.3,20.7,173.0,3.1,7.9,125.0,55
2024-06-02 18:00:00,32.7,40,944.7,18.8,0.0,47.1,21.3,183.0,4.4,9.2,121.0,55
2024-06-02 19:00:00,30.8,44,945.2,17.0,0.0,45.8,22.2,196.0,6.3,11.0,115.0,56
2024-06-02 20:00:00,29.3,50,946.2,14.4,0.0,41.1,20.4,208.0,8.0,12.7,107.0,57
2024-06-02 21:00:00,28.3,55,946.8,10.9,0.0,37.6,19.0,216.0,9.3,14.2,97.0,57
2024-06-02 22:00:00,27.6,60,947.2,9.7,0.0,35.9,18.5,223.0,10.5,15.6,85.0,58
2024-06-02 23:00:00,26.7,66,947.1,11.0,0.0,34.7,17.9,224.0,11.1,16.4,74.0,59
2024-06-03 00:00:00,26.2,70,946.6,11.9,0.0,32.6,16.9,218.0,10.9,16.2,66.0,59
2024-06-03 01:00:00,25.6,73,946.0,10.2,0.0,30.9,16.1,207.0,10.3,15.4,60.0,60
2024-06-03 02:00:00,25.1,76,945.5,7.5,0.0,31.1,15.1,197.0,9.7,14.6,54.0,60
2024-06-03 03:00:00,24.6,79,945.1,9.3,0.0,29.1,14.0,191.0,9.6,13.8,48.0,61
2024-06-03 04:00:00,24.3,80,945.2,9.2,0.0,27.8,13.2,187.0,9.5,13.0,43.0,61
2024-06-03 05:00:00,24.2,80,945.8,10.3,0.0,26.0,12.7,204.0,9.5,10.6,36.0,61
2024-06-03 06:00:00,25.8,79,947.0,8.7,0.9,30.0,12.9,195.0,8.6,9.8,40.0,62
2024-06-03 07:00:00,26.5,76,947.5,6.3,0.1,31.7,12.5,183.0,7.2,8.6,46.0,62
2024-06-03 08:00:00,27.9,67,948.2,6.2,0.0,38.9,14.7,173.0,5.9,7.6,55.0,62
2024-06-03 09:00:00,30.0,56,948.1,6.8,0.0,41.4,17.6,169.0,4.5,7.0,70.0,62
2024-06-03 10:00:00,33.2,41,948.4,8.2,0.0,42.1,19.2,167.0,3.2,6.6,88.0,63
2024-06-03 11:00:00,35.3,34,947.9,7.4,0.0,41.9,19.3,166.0,2.2,6.1,101.0,64
2024-06-03 12:00:00,36.8,31,947.0,7.6,0.0,41.6,19.1,163.0,1.7,5.5,107.0,64
2024-06-03 13:00:00,37.4,31,946.0,9.2,0.0,40.5,18.6,159.0,1.5,4.8,108.0,65
2024-06-03 14:00:00,32.4,48,945.6,19.4,0.4,38.6,18.0,159.0,1.9,4.3,105.0,65
2024-06-03 15:00:00,34.1,43,944.8,17.7,0.4,34.6,16.8,163.0,3.1,3.9,97.0,65
2024-06-03 16:00:00,33.1,49,944.6,14.6,0.0,31.9,16.5,170.0,4.8,3.8,86.0,65
2024-06-03 17:00:00,32.4,52,944.8,12.0,0.2,50.9,25.6,177.0,3.4,5.3,114.0,66
2024-06-03 18:00:00,31.1,57,944.8,16.2,0.0,45.2,23.9,180.0,4.8,6.9,104.0,66
2024-06-03 19:00:00,29.7,62,945.4,16.4,0.0,40.5,22.3,184.0,6.8,9.1,91.0,66
2024-06-03 20:00:00,28.5,66,946.3,12.7,0.0,38.8,20.7,187.0,8.2,10.7,80.0,66
2024-06-03 21:00:00,27.8,71,946.9,12.2,0.0,39.7,20.3,187.0,8.4,11.3,75.0,66
2024-06-03 22:00:00,27.1,76,947.8,7.2,0.0,40.9,20.1,185.0,8.0,11.3,73.0,66
2024-06-03 23:00:00,26.6,81,947.2,11.6,0.1,43.4,21.1,183.0,7.7,11.1,70.0,66
2024-06-04 00:00:00,26.1,85,946.9,7.6,0.0,43.9,22.1,180.0,7.5,10.6,66.0,67
2024-06-04 01:00:00,25.8,86,946.4,7.3,0.0,40.3,20.7,176.0,7.3,9.8,61.0,67
2024-06-04 02:00:00,25.4,88,946.1,7.2,0.0,34.5,18.2,175.0,7.4,9.4,56.0,67
2024-06-04 03:00:00,25.1,89,945.9,6.8,0.0,31.7,17.1,179.0,8.2,9.8,49.0,68
2024-06-04 04:00:00,24.9,89,945.9,5.8,0.0,30.6,16.8,187.0,9.3,10.5,41.0,68
2024-06-04 05:00:00,24.6,90,946.1,4.7,0.0,32.6,16.0,174.0,6.4,8.9,55.0,68
2024-06-04 06:00:00,24.4,94,946.8,3.3,9.9,33.8,16.1,181.0,6.7,9.2,54.0,68
2024-06-04 07:00:00,24.1,93,947.6,3.1,6.5,36.3,16.9,190.0,7.0,9.5,54.0,69
2024-06-04 08:00:00,24.4,93,947.5,7.7,0.3,41.6,18.3,193.0,6.7,9.4,58.0,69
2024-06-04 09:00:00,25.1,87,948.5,7.2,0.4,45.9,18.2,184.0,5.3,8.7,70.0,69
2024-06-04 10:00:00,26.3,83,948.9,5.4,0.1,43.8,18.6,169.0,3.4,7.7,86.0,69
2024-06-04 11:00:00,28.6,74,948.4,5.6,0.5,40.4,19.1,158.0,2.1,6.6,96.0,69
2024-06-04 12:00:00,30.2,65,947.3,10.0,0.3,36.4,18.4,153.0,1.8,5.4,97.0,69
2024-06-04 13:00:00,31.4,60,946.6,16.5,0.1,33.5,17.6,151.0,2.2,4.2,92.0,69
2024-06-04 14:00:00,29.3,66,946.2,12.3,2.7,33.1,18.1,153.0,3.1,3.6,85.0,69
2024-06-04 15:00:00,28.9,65,945.7,16.3,0.0,28.7,17.0,159.0,4.7,4.1,77.0,69
2024-06-04 16:00:00,28.7,67,945.3,15.1,0.0,26.7,16.1,168.0,6.9,5.2,67.0,69
2024-06-04 17:00:00,29.0,65,945.4,13.7,0.0,23.1,13.6,160.0,7.4,4.5,55.0,69
2024-06-04 18:00:00,26.2,84,946.5,9.9,0.0,20.3,12.3,170.0,8.9,5.4,51.0,68
2024-06-04 19:00:00,25.3,86,946.9,8.4,0.0,18.6,11.5,184.0,11.0,6.6,45.0,67
2024-06-04 20:00:00,25.5,85,946.9,12.7,0.1,18.5,11.4,192.0,12.3,7.5,40.0,66
2024-06-04 21:00:00,25.2,87,947.2,12.3,0.1,18.3,11.2,191.0,12.2,7.9,38.0,66
2024-06-04 22:00:00,25.1,87,947.7,10.4,0.0,18.4,11.2,185.0,11.4,7.9,38.0,65
2024-06-04 23:00:00,24.9,88,947.6,8.3,0.0,19.2,11.4,177.0,10.4,7.7,38.0,64
2024-06-05 00:00:00,24.7,88,947.1,10.8,0.0,18.9,11.4,167.0,9.2,6.9,38.0,64
2024-06-05 01:00:00,24.5,89,946.4,10.2,0.0,18.6,10.7,155.0,7.8,5.8,38.0,63
2024-06-05 02:00:00,24.4,90,946.0,9.1,0.0,16.3,9.6,146.0,6.8,5.1,38.0,62
2024-06-05 03:00:00,24.4,90,945.7,9.3,0.0,14.2,8.6,143.0,6.7,5.2,36.0,61
2024-06-05 04:00:00,24.4,89,945.9,9.2,0.0,12.6,7.8,144.0,7.1,5.7,34.0,61
2024-06-05 05:00:00,24.5,88,946.3,7.3,0.0,13.9,9.0,157.0,8.4,7.5,34.0,60
2024-06-05 06:00:00,25.2,90,946.7,9.4,0.0,14.9,9.2,156.0,7.8,7.2,36.0,59
2024-06-05 07:00:00,26.5,82,947.6,9.8,0.0,15.5,9.0,155.0,6.9,6.8,40.0,59
2024-06-05 08:00:00,28.3,73,948.3,9.1,0.0,16.7,9.1,152.0,5.8,6.3,46.0,58
2024-06-05 09:00:00,30.0,65,948.8,9.7,0.1,17.1,9.2,146.0,4.4,5.6,57.0,57
2024-06-05 10:00:00,31.5,58,948.8,9.7,0.1,18.2,9.8,139.0,2.8,4.8,70.0,57
2024-06-05 11:00:00,33.2,49,948.2,8.9,0.1,18.3,9.9,135.0,1.9,4.1,78.0,56
2024-06-05 12:00:00,25.4,81,947.8,23.9,4.1,18.0,9.7,138.0,2.2,3.6,79.0,55
2024-06-05 13:00:00,27.3,76,947.4,11.8,2.4,20.3,11.1,144.0,3.1,3.2,75.0,55
2024-06-05 14:00:00,28.3,68,946.7,13.7,0.1,19.8,11.8,150.0,4.2,3.2,70.0,54
2024-06-05 15:00:00,29.8,63,945.6,17.6,0.1,16.7,10.5,154.0,5.2,3.8,66.0,54
2024-06-05 16:00:00,29.5,65,945.5,17.3,0.1,15.7,9.8,158.0,6.4,4.7,61.0,53
2024-06-05 17:00:00,28.7,68,945.5,14.4,0.0,26.0,14.3,188.0,9.4,6.9,54.0,53
2024-06-05 18:00:00,26.0,89,946.1,5.7,0.7,21.8,12.9,195.0,10.4,6.9,50.0,53
2024-06-05 19:00:00,26.0,86,946.5,6.2,0.1,19.4,12.0,204.0,11.8,6.9,44.0,53
2024-06-05 20:00:00,25.7,87,947.2,9.5,0.0,18.8,11.8,213.0,12.9,7.0,39.0,53
2024-06-05 21:00:00,25.3,87,947.3,7.7,0.0,15.9,10.0,221.0,13.6,7.1,35.0,53
2024-06-05 22:00:00,25.0,88,948.0,8.2,0.0,14.8,9.8,229.0,13.9,7.2,31.0,53
2024-06-05 23:00:00,24.8,88,947.9,11.0,0.0,14.9,10.0,231.0,13.9,7.4,28.0,53
2024-06-06 00:00:00,24.7,89,947.2,12.1,0.0,13.1,8.7,224.0,13.3,7.6,27.0,52
2024-06-06 01:00:00,24.4,90,946.6,11.3,0.0,12.3,8.4,211.0,12.3,7.9,27.0,52
2024-06-06 02:00:00,24.1,92,946.4,10.2,0.0,11.6,7.9,199.0,11.3,8.1,27.0,52
2024-06-06 03:00:00,23.9,93,946.4,8.4,0.0,11.2,7.6,188.0,10.5,8.4,27.0,52
2024-06-06 04:00:00,23.8,94,946.8,7.3,0.0,11.1,7.4,177.0,9.8,8.7,27.0,52
2024-06-06 05:00:00,23.6,94,947.1,6.8,0.0,10.3,7.2,204.0,11.5,9.6,26.0,52
2024-06-06 06:00:00,25.6,90,947.0,12.2,0.0,11.5,7.7,195.0,10.6,9.5,29.0,52
2024-06-06 07:00:00,26.4,85,947.9,12.2,0.1,12.0,7.5,182.0,9.4,9.4,34.0,52
2024-06-06 08:00:00,27.5,77,949.1,16.3,0.1,12.9,8.0,171.0,8.0,9.1,41.0,51
2024-06-06 09:00:00,28.5,70,949.3,17.5,0.0,14.1,8.8,163.0,6.4,8.6,53.0,51
2024-06-06 10:00:00,30.1,63,949.3,15.3,0.1,15.7,9.8,157.0,4.6,7.9,66.0,51
2024-06-06 11:00:00,31.8,55,949.0,13.4,0.1,18.6,11.3,152.0,3.3,7.2,78.0,51
2024-06-06 12:00:00,33.2,49,948.6,13.4,0.0,20.7,12.2,146.0,2.5,6.5,86.0,51
2024-06-06 13:00:00,33.6,47,948.0,14.3,0.0,22.2,12.9,142.0,2.2,5.8,91.0,52
2024-06-06 14:00:00,30.9,58,946.8,9.8,2.2,23.8,13.7,140.0,2.4,5.4,93.0,52
2024-06-06 15:00:00,30.2,59,946.3,7.3,0.1,25.0,14.3,142.0,3.2,5.2,91.0,52
2024-06-06 16:00:00,29.2,63,946.4,13.0,0.0,26.1,15.0,147.0,4.4,5.2,85.0,52
2024-06-06 17:00:00,28.3,69,946.0,13.0,0.0,36.2,22.1,180.0,6.4,11.2,103.0,53
2024-06-06 18:00:00,25.7,92,945.9,9.7,0.4,40.9,25.0,208.0,9.2,12.5,98.0,53
2024-06-06 19:00:00,25.4,93,946.5,9.0,0.6,41.3,26.0,245.0,13.1,14.4,90.0,54
2024-06-06 20:00:00,25.0,94,947.2,8.0,2.0,40.6,26.2,271.0,15.6,15.8,84.0,55
2024-06-06 21:00:00,24.9,94,947.8,5.5,0.2,39.9,25.3,274.0,15.6,16.5,81.0,56
2024-06-06 22:00:00,24.9,94,947.6,9.1,0.2,38.2,23.7,266.0,14.3,16.8,80.0,58
2024-06-06 23:00:00,24.9,93,947.7,10.4,0.0,35.2,22.8,254.0,12.8,16.7,78.0,59
2024-06-07 00:00:00,24.6,94,947.1,9.5,0.0,28.1,18.3,240.0,11.4,16.2,74.0,60
2024-06-07 01:00:00,24.5,94,946.7,9.8,0.0,22.1,13.9,223.0,9.8,15.4,69.0,60
2024-06-07 02:00:00,24.0,94,946.5,14.3,0.2,25.6,15.0,207.0,8.5,14.4,64.0,61
2024-06-07 03:00:00,23.9,94,945.8,8.2,0.0,29.2,16.5,194.0,7.6,12.9,60.0,61
2024-06-07 04:00:00,23.8,94,945.5,11.9,0.2,34.1,18.5,183.0,6.9,11.1,56.0,62
2024-06-07 05:00:00,23.6,95,945.6,10.5,0.2,25.4,11.1,190.0,8.5,12.7,49.0,63
2024-06-07 06:00:00,23.3,95,945.2,10.6,0.2,27.8,12.7,194.0,9.6,13.8,46.0,63
2024-06-07 07:00:00,24.6,87,946.6,10.0,0.0,33.4,15.4,199.0,11.0,15.2,43.0,64
2024-06-07 08:00:00,25.8,84,947.8,10.1,0.6,43.8,17.6,200.0,11.2,15.5,46.0,64
2024-06-07 09:00:00,27.3,75,947.8,7.1,0.1,46.2,18.0,193.0,9.1,13.8,62.0,65
2024-06-07 10:00:00,28.8,67,947.6,7.6,0.0,47.5,19.4,181.0,5.9,10.9,84.0,66
2024-06-07 11:00:00,30.8,56,946.8,9.2,0.0,48.5,20.8,172.0,3.3,8.6,103.0,67
2024-06-07 12:00:00,32.1,50,946.1,9.0,0.0,48.9,22.5,168.0,2.2,7.4,116.0,67
2024-06-07 13:00:00,32.8,47,945.3,7.9,0.0,49.7,23.9,167.0,1.7,6.7,125.0,68
2024-06-07 14:00:00,33.2,45,944.1,4.0,0.0,49.5,24.4,169.0,1.8,6.2,130.0,69
2024-06-07 15:00:00,33.9,44,943.4,6.4,0.0,48.3,24.6,173.0,2.3,5.6,129.0,70
2024-06-07 16:00:00,29.7,63,943.3,19.2,0.0,48.8,24.8,179.0,3.4,5.2,123.0,71
2024-06-07 17:00:00,29.0,65,943.0,16.4,0.1,59.0,32.6,206.0,5.5,7.7,128.0,71
2024-06-07 18:00:00,25.5,85,943.8,11.0,6.8,54.4,32.2,218.0,7.0,8.3,121.0,72
2024-06-07 19:00:00,23.8,91,944.2,15.6,5.4,45.5,28.5,235.0,9.1,9.3,111.0,74
2024-06-07 20:00:00,23.7,91,944.8,11.1,0.0,41.8,26.7,249.0,10.8,10.4,101.0,76
2024-06-07 21:00:00,23.6,91,945.6,9.0,0.0,40.9,26.1,260.0,12.0,12.0,93.0,73
2024-06-07 22:00:00,23.7,90,946.1,9.5,0.0,42.5,27.3,268.0,12.9,13.8,85.0,73
2024-06-07 23:00:00,23.7,92,946.2,9.7,0.0,45.3,28.2,267.0,12.9,14.6,79.0,73
2024-06-08 00:00:00,23.6,92,945.9,7.3,0.0,44.7,26.6,249.0,11.5,13.9,75.0,74
2024-06-08 01:00:00,23.5,94,945.2,7.6,0.0,43.1,23.7,221.0,9.2,12.3,72.0,74
2024-06-08 02:00:00,23.5,94,944.4,10.0,0.0,39.9,22.2,197.0,7.3,10.6,71.0,75
2024-06-08 03:00:00,23.6,94,944.1,8.0,0.0,32.7,18.3,180.0,6.0,9.0,70.0,76
2024-06-08 04:00:00,23.7,94,944.0,9.7,0.0,24.4,13.3,167.0,5.1,7.3,71.0,76
2024-06-08 05:00:00,23.7,93,944.2,10.8,0.0,26.8,15.9,179.0,5.1,8.0,78.0,76
2024-06-08 06:00:00,24.2,93,944.3,9.7,0.0,28.3,16.2,184.0,5.9,8.4,76.0,76
2024-06-08 07:00:00,25.2,85,945.6,12.0,0.0,32.1,17.6,192.0,7.0,9.0,74.0,76
2024-06-08 08:00:00,26.0,77,945.8,12.7,0.0,35.4,19.3,196.0,7.3,9.1,76.0,76
2024-06-08 09:00:00,27.9,62,946.1,12.8,0.0,39.3,21.0,195.0,6.0,8.5,87.0,77
2024-06-08 10:00:00,29.7,54,946.1,11.2,0.0,42.4,22.9,190.0,4.0,7.5,103.0,77
2024-06-08 11:00:00,31.2,50,945.7,9.2,0.0,44.9,25.0,187.0,2.4,6.5,116.0,77
2024-06-08 12:00:00,32.3,49,945.2,10.7,0.0,47.7,26.9,186.0,1.8,5.7,123.0,77
2024-06-08 13:00:00,32.2,50,944.1,12.0,0.0,52.0,29.4,187.0,1.6,5.0,127.0,78
2024-06-08 14:00:00,32.3,51,943.2,9.4,0.0,51.7,28.9,189.0,1.8,4.5,128.0,78
2024-06-08 15:00:00,27.8,67,942.5,17.3,0.2,51.2,28.3,191.0,2.2,3.9,126.0,78
2024-06-08 16:00:00,27.2,72,942.9,10.6,1.4,54.6,30.0,195.0,3.0,3.5,120.0,79
2024-06-08 17:00:00,25.8,84,942.2,4.8,0.7,54.0,33.5,229.0,8.0,5.9,103.0,79
2024-06-08 18:00:00,24.3,93,942.4,7.0,2.6,51.9,32.4,252.0,10.4,7.5,99.0,79
2024-06-08 19:00:00,24.3,93,943.5,2.7,2.4,52.3,33.4,283.0,13.6,9.8,93.0,79
2024-06-08 20:00:00,24.1,93,943.9,5.5,1.2,53.1,34.3,305.0,15.7,11.8,88.0,80
2024-06-08 21:00:00,24.0,94,944.5,7.5,0.4,52.9,34.7,310.0,15.9,13.4,86.0,80
2024-06-08 22:00:00,23.6,94,944.4,7.3,0.2,51.0,34.0,305.0,14.9,14.7,85.0,81
2024-06-08 23:00:00,23.6,93,944.5,7.3,0.2,48.3,32.0,293.0,13.6,15.3,84.0,81
2024-06-09 00:00:00,23.6,94,943.8,9.7,0.0,45.2,29.1,270.0,11.8,14.9,82.0,82
2024-06-09 01:00:00,23.6,95,943.2,10.5,0.0,40.9,26.1,240.0,9.6,13.8,79.0,82
2024-06-09 02:00:00,23.8,94,942.8,10.8,0.0,36.8,23.0,214.0,7.9,12.6,75.0,82
2024-06-09 03:00:00,23.7,93,942.6,12.3,0.0,30.5,18.7,196.0,7.0,11.2,70.0,82
2024-06-09 04:00:00,23.8,92,942.6,13.1,0.0,20.8,12.5,181.0,6.7,9.8,64.0,82
2024-06-09 05:00:00,23.5,93,942.7,11.5,0.0,32.5,19.2,190.0,9.0,14.1,54.0,82
2024-06-09 06:00:00,23.1,95,943.2,11.9,0.7,27.6,16.2,195.0,9.0,13.7,56.0,82
2024-06-09 07:00:00,23.2,94,944.2,13.7,0.4,30.2,17.1,202.0,9.0,13.1,60.0,82
2024-06-09 08:00:00,23.9,89,944.6,15.7,0.3,34.5,19.4,207.0,8.4,12.3,68.0,82
2024-06-09 09:00:00,24.8,87,945.2,12.0,0.3,38.8,22.1,209.0,6.9,11.1,83.0,82
2024-06-09 10:00:00,25.1,86,945.2,11.9,0.3,42.4,24.9,209.0,4.8,9.6,102.0,82
2024-06-09 11:00:00,26.7,76,945.4,12.4,0.2,44.7,26.4,207.0,3.2,8.2,116.0,83
2024-06-09 12:00:00,26.4,76,944.9,10.5,0.1,45.8,27.0,202.0,2.3,6.7,122.0,83
2024-06-09 13:00:00,26.3,76,944.3,10.6,0.4,47.0,27.3,195.0,1.9,5.3,124.0,83
2024-06-09 14:00:00,27.0,74,943.0,10.7,0.0,49.9,28.6,192.0,2.2,4.5,123.0,83
2024-06-09 15:00:00,26.8,74,942.7,16.1,0.0,50.3,29.0,197.0,3.5,4.4,118.0,83
2024-06-09 16:00:00,26.8,75,942.6,14.6,0.0,51.1,29.3,206.0,5.5,5.0,109.0,83
2024-06-09 17:00:00,26.8,74,942.8,15.3,0.0,58.3,34.6,224.0,9.3,9.3,96.0,83
2024-06-09 18:00:00,26.2,76,943.3,15.7,0.0,52.3,31.0,226.0,10.0,10.2,92.0,83
2024-06-09 19:00:00,25.2,82,943.9,11.8,0.0,46.0,27.9,228.0,11.0,11.4,87.0,83
2024-06-09 20:00:00,24.9,84,944.4,13.0,0.0,41.3,24.7,223.0,11.4,11.9,81.0,82
2024-06-09 21:00:00,24.5,86,945.1,13.3,0.0,39.0,21.7,207.0,10.7,11.2,74.0,81
2024-06-09 22:00:00,24.2,85,945.5,13.7,0.1,42.5,20.1,184.0,9.4,9.9,66.0,80
2024-06-09 23:00:00,24.0,83,945.3,13.0,0.0,39.1,18.5,165.0,8.1,8.5,60.0,79
2024-06-10 00:00:00,23.8,84,944.9,11.6,0.0,34.6,17.3,152.0,6.7,7.1,58.0,78
2024-06-10 01:00:00,23.4,89,944.8,11.3,0.6,35.0,16.8,143.0,5.3,5.7,59.0,77
2024-06-10 02:00:00,23.2,94,944.1,13.3,2.1,28.3,14.8,138.0,4.3,4.7,60.0,77
2024-06-10 03:00:00,23.0,95,943.6,13.8,4.3,18.8,11.1,137.0,3.8,4.3,61.0,76
2024-06-10 04:00:00,23.0,95,943.3,9.0,3.3,8.7,5.7,140.0,3.8,4.4,62.0,75
2024-06-10 05:00:00,23.1,95,943.7,9.9,2.0,17.1,11.9,161.0,9.1,12.2,41.0,75
2024-06-10 06:00:00,22.1,94,944.6,9.7,0.6,16.6,11.9,173.0,9.8,13.4,42.0,74
2024-06-10 07:00:00,22.8,94,945.1,9.4,0.1,19.6,14.1,189.0,10.7,15.0,44.0,74
2024-06-10 08:00:00,24.3,85,945.3,14.4,0.1,24.4,17.3,199.0,10.8,15.7,50.0,74
2024-06-10 09:00:00,24.9,81,945.5,13.7,0.0,32.1,21.5,196.0,9.3,14.6,62.0,73
2024-06-10 10:00:00,26.2,76,945.7,11.4,0.0,38.6,24.4,187.0,7.0,12.6,78.0,73
2024-06-10 11:00:00,26.4,74,945.8,11.7,0.0,41.1,25.0,178.0,5.2,10.8,90.0,73
2024-06-10 12:00:00,26.4,74,945.8,13.9,0.1,42.6,25.4,172.0,4.2,9.8,96.0,73
2024-06-10 13:00:00,26.6,75,945.1,13.8,0.4,39.1,23.5,167.0,3.7,9.0,99.0,73
2024-06-10 14:00:00,27.7,71,944.6,14.3,0.2,37.0,22.1,166.0,3.7,8.4,100.0,73
2024-06-10 15:00:00,27.5,71,944.0,18.2,0.0,36.2,21.4,171.0,4.2,7.7,100.0,72
2024-06-10 16:00:00,26.7,74,943.7,16.4,0.0,36.0,21.5,181.0,5.1,7.2,98.0,72
2024-06-10 17:00:00,26.5,75,943.8,17.1,0.0,47.4,29.3,209.0,6.7,7.8,109.0,71
2024-06-10 18:00:00,23.8,91,944.8,12.1,2.4,47.8,29.8,220.0,8.5,10.0,104.0,71
2024-06-10 19:00:00,23.9,93,945.4,13.8,0.9,43.8,28.0,236.0,11.0,13.0,97.0,71
2024-06-10 20:00:00,23.7,92,945.8,15.1,0.0,37.6,24.3,243.0,12.4,14.7,90.0,71
2024-06-10 21:00:00,23.5,91,946.4,13.1,0.0,29.6,19.5,237.0,11.8,14.1,85.0,71
2024-06-10 22:00:00,23.4,91,946.8,10.9,0.0,20.7,13.6,223.0,10.1,12.4,82.0,70
2024-06-10 23:00:00,23.4,91,946.6,13.1,0.0,13.8,9.1,208.0,8.5,10.6,78.0,70
2024-06-11 00:00:00,23.2,91,946.1,15.5,0.0,7.9,5.3,194.0,7.3,9.1,75.0,69
2024-06-11 01:00:00,23.1,90,945.4,13.2,0.0,4.5,3.0,179.0,6.2,7.5,71.0,68
2024-06-11 02:00:00,22.8,91,944.6,12.9,0.0,3.0,2.0,168.0,5.5,6.5,68.0,67
2024-06-11 03:00:00,22.7,92,944.3,11.0,0.0,3.2,2.0,161.0,5.1,6.2,64.0,66
2024-06-11 04:00:00,22.8,93,944.5,12.1,0.0,4.7,2.8,158.0,5.0,6.5,60.0,65
2024-06-11 05:00:00,23.1,93,944.6,13.6,0.0,2.1,1.4,148.0,5.1,5.6,59.0,65
2024-06-11 06:00:00,23.1,94,945.5,12.1,1.1,3.6,2.4,154.0,6.2,6.2,56.0,64
2024-06-11 07:00:00,23.4,92,946.3,4.5,1.3,4.4,2.9,162.0,7.7,6.9,53.0,64
2024-06-11 08:00:00,24.1,88,946.7,12.2,0.2,6.2,4.1,165.0,8.2,7.2,54.0,63
2024-06-11 09:00:00,25.6,81,947.0,15.6,0.1,9.9,5.7,159.0,6.8,6.6,63.0,62
2024-06-11 10:00:00,26.5,76,947.1,16.9,0.1,16.2,8.6,149.0,4.5,5.5,75.0,60
2024-06-11 11:00:00,26.7,75,946.9,14.9,0.1,23.0,11.7,143.0,2.9,4.7,85.0,59
2024-06-11 12:00:00,27.5,70,946.6,13.4,0.0,28.6,14.3,146.0,2.8,4.3,89.0,58
2024-06-11 13:00:00,27.9,68,945.4,14.8,0.0,39.2,17.9,154.0,3.6,4.0,89.0,57
2024-06-11 14:00:00,27.3,70,945.1,19.9,0.4,40.9,21.3,162.0,4.6,4.1,87.0,57
2024-06-11 15:00:00,27.4,73,944.6,16.6,0.1,28.7,17.3,168.0,5.9,4.6,82.0,57
2024-06-11 16:00:00,27.4,73,944.2,14.2,0.1,18.5,11.8,174.0,7.4,5.4,74.0,56
2024-06-11 17:00:00,24.2,88,944.6,14.8,2.7,35.0,21.2,182.0,8.4,5.9,78.0,56
2024-06-11 18:00:00,24.3,91,945.0,12.6,1.5,27.1,17.2,188.0,9.7,7.0,72.0,55
2024-06-11 19:00:00,23.9,90,945.2,14.4,0.2,23.1,15.3,197.0,11.4,8.6,63.0,54
2024-06-11 20:00:00,23.3,93,945.5,14.6,1.7,19.4,12.7,201.0,12.5,9.6,55.0,53
2024-06-11 21:00:00,23.3,94,946.3,11.9,7.5,17.9,11.6,197.0,12.5,9.6,50.0,52
2024-06-11 22:00:00,23.4,94,946.6,13.1,4.3,15.4,9.8,190.0,11.8,9.1,46.0,52
2024-06-11 23:00:00,23.2,94,946.7,11.7,0.5,14.2,8.6,180.0,10.9,8.5,43.0,51
2024-06-12 00:00:00,23.2,93,946.6,10.8,0.0,13.0,7.8,169.0,9.7,7.7,41.0,51
2024-06-12 01:00:00,23.2,94,946.1,11.9,0.1,14.4,8.7,156.0,8.3,6.8,40.0,51
2024-06-12 02:00:00,23.0,95,945.5,13.4,0.3,15.8,9.5,145.0,7.1,6.0,39.0,52
2024-06-12 03:00:00,22.9,95,945.2,14.2,0.5,16.6,10.0,136.0,6.3,5.6,39.0,52
2024-06-12 04:00:00,23.0,95,945.4,14.3,0.4,18.6,10.8,129.0,5.8,5.4,40.0,53
2024-06-12 05:00:00,23.0,95,945.8,11.7,0.2,17.3,10.3,128.0,5.3,4.5,41.0,54
2024-06-12 06:00:00,23.7,93,946.4,12.2,0.0,16.9,10.1,141.0,6.0,4.6,40.0,54
2024-06-12 07:00:00,24.6,88,947.0,16.7,0.0,17.9,10.0,158.0,6.9,4.8,40.0,55
2024-06-12 08:00:00,25.9,80,947.9,18.4,0.0,18.0,9.8,167.0,7.0,4.8,43.0,56
2024-06-12 09:00:00,27.1,74,948.3,18.1,0.0,17.4,8.8,160.0,5.6,4.5,52.0,56
2024-06-12 10:00:00,27.6,72,948.3,17.4,0.1,17.6,9.0,146.0,3.4,4.1,65.0,56
2024-06-12 11:00:00,27.0,79,948.2,12.2,5.3,19.9,10.2,136.0,1.9,3.7,74.0,56
2024-06-12 12:00:00,26.0,84,947.3,13.8,0.8,22.4,11.5,136.0,1.7,3.3,78.0,56
2024-06-12 13:00:00,28.0,73,946.9,12.6,0.4,24.3,12.8,140.0,2.3,2.8,79.0,56
2024-06-12 14:00:00,28.8,67,946.1,16.6,0.1,22.9,13.1,146.0,3.0,2.8,79.0,56
2024-06-12 15:00:00,26.6,77,945.8,16.9,0.7,20.5,12.7,152.0,3.7,3.4,78.0,55
2024-06-12 16:00:00,26.4,77,945.3,14.1,0.5,16.7,10.6,159.0,4.6,4.5,75.0,55
2024-06-12 17:00:00,25.9,80,945.0,15.2,0.1,15.4,10.0,169.0,6.0,5.5,70.0,54
2024-06-12 18:00:00,26.4,75,945.5,14.6,0.0,14.9,10.0,186.0,8.6,6.5,61.0,54
2024-06-12 19:00:00,25.0,81,946.0,13.1,0.0,14.5,9.9,206.0,11.8,7.5,50.0,53
2024-06-12 20:00:00,24.3,85,946.8,11.0,0.0,13.1,8.9,216.0,13.7,8.0,42.0,53
2024-06-12 21:00:00,24.1,88,947.4,9.6,0.0,11.1,7.5,208.0,13.3,7.8,39.0,52
2024-06-12 22:00:00,24.1,88,947.6,7.3,0.0,10.4,7.1,189.0,11.6,7.2,38.0,52
2024-06-12 23:00:00,23.9,90,947.3,8.7,0.0,10.2,6.9,172.0,9.9,6.6,38.0,52
2024-06-13 00:00:00,24.0,89,947.1,11.4,0.0,9.8,6.5,159.0,8.6,6.0,38.0,52
2024-06-13 01:00:00,23.6,90,946.4,10.9,0.0,9.5,6.2,146.0,7.3,5.4,38.0,51
2024-06-13 02:00:00,23.5,91,945.8,10.5,0.0,9.4,6.1,137.0,6.4,5.0,38.0,51
2024-06-13 03:00:00,23.2,93,945.6,9.3,0.0,9.4,6.1,132.0,5.9,5.0,38.0,51
2024-06-13 04:00:00,23.3,92,945.8,9.7,0.0,9.5,6.2,131.0,5.8,5.3,37.0,51
2024-06-13 05:00:00,23.5,90,946.2,12.2,0.0,9.6,6.2,133.0,5.9,5.4,37.0,50
2024-06-13 06:00:00,23.6,92,946.0,12.3,0.0,9.9,6.5,141.0,6.4,5.3,37.0,50
2024-06-13 07:00:00,24.9,85,946.5,16.2,0.0,10.9,7.1,153.0,7.1,5.1,39.0,49
2024-06-13 08:00:00,26.6,75,947.2,16.5,0.1,11.2,7.3,160.0,7.2,4.9,42.0,49
2024-06-13 09:00:00,26.8,75,947.8,15.2,0.2,10.2,6.5,156.0,5.9,4.6,50.0,48
2024-06-13 10:00:00,27.8,72,948.0,16.0,0.1,10.6,6.6,146.0,4.0,4.3,60.0,47
2024-06-13 11:00:00,26.8,78,948.3,12.4,4.4,11.8,6.9,139.0,2.6,4.1,68.0,47
2024-06-13 12:00:00,27.8,74,947.3,15.2,0.2,13.4,7.6,137.0,2.1,3.9,74.0,46
2024-06-13 13:00:00,28.2,70,946.2,15.5,1.3,14.2,8.2,136.0,2.0,3.8,79.0,45
2024-06-13 14:00:00,28.5,69,945.7,18.4,0.1,15.4,8.6,137.0,2.2,3.7,80.0,44
2024-06-13 15:00:00,28.8,70,945.0,16.3,0.9,15.1,8.8,138.0,2.7,3.7,77.0,43
2024-06-13 16:00:00,27.1,73,944.4,19.8,0.3,15.9,9.4,141.0,3.5,3.8,71.0,42
2024-06-13 17:00:00,26.1,77,944.8,19.0,1.4,13.8,9.2,163.0,6.3,4.8,66.0,42
2024-06-13 18:00:00,26.0,77,944.7,17.8,0.1,11.5,7.8,169.0,7.7,5.4,60.0,42
2024-06-13 19:00:00,24.4,82,945.0,13.6,0.0,10.5,7.3,178.0,9.6,6.2,52.0,41
2024-06-13 20:00:00,23.9,86,945.8,10.1,0.0,9.1,6.3,184.0,11.0,6.8,45.0,41
2024-06-13 21:00:00,24.0,88,946.3,7.8,0.0,8.8,6.1,185.0,11.4,7.1,41.0,40
2024-06-13 22:00:00,23.9,89,946.5,7.9,0.0,9.3,6.4,184.0,11.3,7.3,38.0,40
2024-06-13 23:00:00,23.7,89,946.8,10.1,0.0,8.9,6.1,178.0,10.7,7.0,37.0,40
2024-06-14 00:00:00,23.6,89,946.3,9.2,0.0,8.3,5.7,165.0,9.4,6.1,37.0,39
2024-06-14 01:00:00,23.6,89,945.8,9.9,0.0,9.5,6.2,149.0,7.5,4.8,39.0,39
2024-06-14 02:00:00,23.4,89,945.0,11.4,0.0,10.0,6.7,136.0,6.1,3.8,40.0,39
2024-06-14 03:00:00,23.3,90,944.9,11.5,0.0,10.1,6.7,130.0,5.4,3.4,40.0,39
2024-06-14 04:00:00,23.2,90,944.8,12.8,0.0,9.8,6.5,128.0,5.1,3.2,40.0,39
2024-06-14 05:00:00,22.9,91,944.5,12.4,0.0,11.0,6.2,120.0,3.7,2.9,47.0,40
2024-06-14 06:00:00,23.5,88,945.3,11.1,0.0,12.4,6.5,126.0,4.0,3.3,47.0,40
2024-06-14 07:00:00,24.4,83,945.9,13.1,0.0,13.6,6.9,134.0,4.3,3.8,47.0,40
2024-06-14 08:00:00,26.0,74,946.6,16.8,0.0,14.8,7.3,139.0,4.3,4.1,49.0,39
2024-06-14 09:00:00,27.0,70,946.9,17.0,0.0,15.5,7.4,137.0,3.6,4.2,56.0,39
2024-06-14 10:00:00,27.0,71,946.8,17.2,0.0,16.2,7.9,131.0,2.5,4.1,64.0,40
2024-06-14 11:00:00,26.7,73,946.3,16.4,0.1,19.8,9.5,127.0,1.8,3.8,70.0,40
2024-06-14 12:00:00,26.9,74,946.1,17.1,0.5,14.9,7.4,125.0,1.7,3.2,70.0,41
2024-06-14 13:00:00,28.9,66,945.6,16.3,0.0,14.6,7.3,124.0,2.0,2.4,66.0,41
2024-06-14 14:00:00,26.6,73,944.8,17.9,0.3,15.2,7.8,125.0,2.5,2.0,63.0,40
2024-06-14 15:00:00,26.6,73,944.3,18.8,0.2,14.5,8.1,128.0,3.0,2.4,62.0,40
2024-06-14 16:00:00,26.2,74,944.2,20.6,0.1,13.6,7.7,132.0,3.6,3.1,62.0,40
2024-06-14 17:00:00,26.0,77,944.0,18.9,0.0,18.5,9.3,130.0,3.4,3.2,60.0,40
2024-06-14 18:00:00,25.9,73,944.0,16.1,0.0,16.4,8.8,145.0,5.7,4.2,53.0,40
2024-06-14 19:00:00,24.8,79,944.8,11.2,0.0,15.0,8.9,165.0,8.9,5.5,43.0,40
2024-06-14 20:00:00,24.2,82,945.3,9.4,0.0,15.1,9.2,181.0,11.2,6.6,36.0,40
2024-06-14 21:00:00,23.8,85,945.9,8.1,0.0,14.5,9.0,189.0,12.1,7.1,33.0,41
2024-06-14 22:00:00,23.4,88,946.5,7.1,0.0,14.1,8.9,193.0,12.2,7.4,31.0,42
2024-06-14 23:00:00,23.5,89,946.7,6.8,0.0,13.7,8.9,190.0,11.6,7.2,31.0,42
2024-06-15 00:00:00,23.6,88,946.2,8.9,0.0,13.1,8.4,177.0,10.1,6.3,32.0,43
2024-06-15 01:00:00,23.4,89,945.3,7.1,0.0,11.2,7.3,158.0,8.0,5.0,34.0,43
2024-06-15 02:00:00,23.3,90,944.6,6.6,0.0,10.3,6.8,143.0,6.4,4.1,35.0,44
2024-06-15 03:00:00,23.7,87,944.1,9.0,0.0,9.6,6.4,138.0,5.8,3.9,35.0,44
2024-06-15 04:00:00,23.8,87,944.0,10.8,0.0,8.6,5.8,137.0,5.8,4.0,34.0,44
2024-06-15 05:00:00,23.7,87,944.1,11.5,0.0,9.0,6.1,140.0,5.6,3.9,35.0,43
2024-06-15 06:00:00,23.0,89,944.5,10.0,0.0,10.9,7.3,143.0,5.6,3.9,37.0,43
2024-06-15 07:00:00,24.1,84,945.2,15.7,0.0,10.2,6.7,147.0,5.5,3.8,41.0,44
2024-06-15 08:00:00,25.5,78,945.7,13.4,0.0,8.2,5.2,149.0,5.1,3.7,46.0,44
2024-06-15 09:00:00,26.3,75,946.0,13.5,0.4,8.8,5.3,145.0,4.0,3.6,55.0,43
2024-06-15 10:00:00,28.0,69,945.9,10.5,0.2,9.3,5.5,139.0,2.6,3.4,66.0,43
2024-06-15 11:00:00,28.7,66,945.6,12.9,0.0,10.9,6.4,134.0,1.7,3.2,74.0,42
2024-06-15 12:00:00,29.3,63,945.0,11.3,0.0,10.7,6.4,132.0,1.7,2.9,75.0,41
2024-06-15 13:00:00,26.3,77,944.7,15.6,1.4,12.3,6.9,132.0,2.2,2.6,72.0,41
2024-06-15 14:00:00,28.9,67,944.1,13.9,0.2,14.0,8.2,133.0,2.8,2.6,69.0,41
2024-06-15 15:00:00,26.0,79,943.7,15.5,0.5,12.2,7.8,133.0,3.2,2.9,67.0,41
2024-06-15 16:00:00,27.7,71,943.2,16.0,0.1,10.1,6.7,133.0,3.7,3.4,64.0,41
2024-06-15 17:00:00,27.0,71,943.0,14.8,0.1,15.6,8.8,140.0,5.4,3.8,58.0,41
2024-06-15 18:00:00,26.5,75,943.4,11.3,0.3,13.2,8.0,159.0,8.0,4.6,51.0,41
2024-06-15 19:00:00,25.2,81,944.0,11.4,0.1,13.9,9.0,185.0,11.7,5.8,42.0,40
2024-06-15 20:00:00,24.3,87,945.2,7.2,0.1,15.1,9.9,205.0,14.3,6.8,35.0,41
2024-06-15 21:00:00,24.0,88,945.8,8.2,0.0,14.4,9.4,213.0,15.1,7.5,31.0,41
2024-06-15 22:00:00,23.6,89,946.2,7.0,0.0,14.4,9.6,215.0,14.8,8.0,30.0,41
2024-06-15 23:00:00,23.3,91,946.2,4.9,0.0,14.1,9.5,210.0,14.0,8.2,29.0,41
2024-06-16 00:00:00,23.1,92,945.4,8.9,0.0,13.1,9.0,196.0,12.6,8.0,30.0,41
2024-06-16 01:00:00,23.0,92,944.7,9.0,0.0,12.3,8.4,176.0,10.6,7.4,32.0,41
2024-06-16 02:00:00,22.8,94,944.2,9.5,0.0,11.5,7.7,160.0,9.0,6.7,33.0,41
2024-06-16 03:00:00,22.6,95,944.3,9.2,0.0,11.9,8.0,151.0,8.0,5.6,32.0,42
2024-06-16 04:00:00,23.1,92,944.7,10.3,0.0,12.8,8.7,145.0,7.4,4.3,31.0,42
2024-06-16 05:00:00,23.2,92,945.0,9.3,0.0,18.6,12.8,143.0,6.8,2.9,30.0,43
2024-06-16 06:00:00,23.3,89,945.1,8.5,0.0,19.6,13.1,144.0,6.4,3.4,34.0,44
2024-06-16 07:00:00,24.6,82,945.7,9.5,0.0,19.5,12.6,145.0,5.9,4.0,40.0,46
2024-06-16 08:00:00,26.0,75,946.1,9.0,0.0,19.2,10.6,146.0,5.2,4.4,48.0,47
2024-06-16 09:00:00,27.1,70,946.6,8.0,0.0,21.6,11.1,145.0,4.1,4.5,60.0,48
2024-06-16 10:00:00,28.0,67,946.6,7.3,0.1,24.5,11.9,143.0,2.9,4.4,73.0,50
2024-06-16 11:00:00,29.3,61,946.2,6.4,0.1,26.3,12.2,141.0,2.0,4.2,84.0,50
2024-06-16 12:00:00,29.8,60,945.5,6.1,0.2,26.1,12.3,138.0,1.6,4.0,90.0,51
2024-06-16 13:00:00,30.5,59,944.7,10.3,0.0,26.5,12.9,135.0,1.7,3.7,92.0,51
2024-06-16 14:00:00,27.3,74,944.3,15.9,1.6,24.5,12.3,137.0,2.3,3.7,91.0,52
2024-06-16 15:00:00,27.6,72,943.7,14.6,2.0,30.5,15.7,146.0,3.8,3.9,86.0,52
2024-06-16 16:00:00,27.4,73,943.6,13.1,0.1,27.4,14.8,159.0,5.8,4.3,77.0,53
2024-06-16 17:00:00,25.3,83,943.7,11.3,3.7,21.7,12.2,148.0,5.0,4.6,78.0,53
2024-06-16 18:00:00,25.8,82,944.0,12.8,0.2,18.4,11.2,164.0,7.5,5.5,69.0,54
2024-06-16 19:00:00,25.0,86,944.6,9.0,0.3,17.2,11.1,185.0,10.9,6.8,56.0,54
2024-06-16 20:00:00,24.3,91,945.4,7.2,0.3,16.2,10.6,199.0,13.3,7.8,46.0,54
2024-06-16 21:00:00,24.0,93,945.7,9.3,0.0,18.3,11.3,200.0,13.8,8.4,41.0,54
2024-06-16 22:00:00,23.7,93,946.3,4.2,0.0,15.0,9.6,194.0,13.3,8.8,38.0,54
2024-06-16 23:00:00,23.7,93,946.0,10.7,0.1,14.4,9.3,187.0,12.6,8.9,36.0,54
2024-06-17 00:00:00,23.4,95,945.3,8.6,0.3,13.2,8.7,181.0,12.0,8.8,34.0,54
2024-06-17 01:00:00,23.4,94,944.7,8.0,0.0,13.1,8.4,173.0,11.2,8.4,32.0,54
2024-06-17 02:00:00,23.3,95,944.3,6.8,0.0,14.0,8.7,165.0,10.4,8.1,31.0,54
2024-06-17 03:00:00,23.2,95,944.1,7.8,0.0,15.3,9.2,155.0,9.6,7.8,31.0,54
2024-06-17 04:00:00,23.0,96,944.2,8.7,0.0,17.9,10.2,145.0,8.9,7.6,31.0,54
2024-06-17 05:00:00,22.8,96,944.3,8.4,0.0,19.2,10.9,143.0,8.0,6.7,33.0,54
2024-06-17 06:00:00,23.5,91,945.5,8.0,0.0,25.3,11.9,143.0,7.6,6.6,36.0,54
2024-06-17 07:00:00,24.4,87,946.2,8.4,0.0,30.3,13.0,143.0,7.0,6.5,40.0,54
2024-06-17 08:00:00,25.6,80,946.4,10.1,0.0,36.8,14.0,142.0,6.2,6.2,46.0,54
2024-06-17 09:00:00,27.0,73,946.6,10.5,0.0,42.5,14.6,140.0,4.9,5.7,57.0,55
2024-06-17 10:00:00,28.5,66,946.7,11.7,0.0,44.4,14.9,138.0,3.2,5.1,71.0,55
2024-06-17 11:00:00,29.6,62,946.4,10.7,0.0,43.1,14.7,135.0,2.1,4.5,80.0,55
2024-06-17 12:00:00,30.3,59,946.1,10.0,0.0,40.7,14.7,131.0,1.7,3.7,82.0,55
2024-06-17 13:00:00,30.6,57,945.5,12.3,0.0,35.4,13.5,127.0,1.7,3.0,80.0,55
2024-06-17 14:00:00,27.6,73,945.1,17.1,2.0,58.0,23.0,126.0,2.1,2.6,78.0,55
2024-06-17 15:00:00,28.0,76,944.4,11.3,1.7,29.1,13.3,131.0,2.7,2.9,77.0,56
2024-06-17 16:00:00,26.6,77,944.1,13.0,1.8,25.9,13.1,139.0,3.7,3.7,75.0,56
2024-06-17 17:00:00,26.9,76,944.2,12.6,0.1,24.5,12.6,152.0,5.6,4.6,64.0,56
2024-06-17 18:00:00,26.4,77,944.3,16.0,0.0,23.3,12.5,165.0,7.5,5.3,58.0,56
2024-06-17 19:00:00,25.2,82,945.3,13.1,0.0,21.0,12.0,182.0,10.2,6.3,49.0,56
2024-06-17 20:00:00,24.6,86,946.0,9.5,0.0,21.1,11.9,194.0,12.0,7.0,42.0,56
2024-06-17 21:00:00,24.3,88,946.6,6.8,0.0,21.7,11.8,197.0,12.3,7.2,39.0,56
2024-06-17 22:00:00,24.4,89,947.3,8.8,0.0,22.3,11.7,195.0,11.7,7.1,37.0,56
2024-06-17 23:00:00,24.1,89,947.0,7.8,0.0,22.0,11.6,190.0,11.0,6.9,36.0,56
2024-06-18 00:00:00,24.0,90,946.5,8.5,0.0,21.0,11.2,181.0,10.2,6.8,35.0,57
2024-06-18 01:00:00,23.9,89,945.7,10.0,0.0,20.4,10.8,169.0,9.2,6.7,34.0,57
2024-06-18 02:00:00,23.6,91,945.0,9.7,0.0,19.4,10.4,158.0,8.2,6.4,34.0,57
2024-06-18 03:00:00,23.4,92,944.3,10.1,0.1,18.3,9.9,147.0,7.2,6.0,34.0,57
2024-06-18 04:00:00,23.2,93,944.1,11.2,0.0,17.6,9.6,137.0,6.3,5.4,35.0,57
2024-06-18 05:00:00,23.2,92,944.5,11.6,0.0,14.5,8.4,144.0,7.0,5.9,33.0,57
2024-06-18 06:00:00,23.6,90,945.1,10.9,0.0,18.7,9.0,143.0,6.5,5.6,36.0,57
2024-06-18 07:00:00,24.7,84,945.6,16.1,0.0,20.4,9.5,141.0,5.8,5.1,40.0,57
2024-06-18 08:00:00,26.1,77,946.0,16.3,0.0,21.9,9.8,139.0,5.0,4.7,46.0,57
2024-06-18 09:00:00,27.2,72,946.3,16.6,0.3,22.1,9.6,135.0,3.9,4.4,55.0,56
2024-06-18 10:00:00,28.0,69,946.7,16.2,0.3,22.3,9.7,129.0,2.6,4.1,65.0,56
2024-06-18 11:00:00,29.1,64,946.4,17.9,0.2,22.3,9.8,126.0,1.8,3.8,72.0,55
2024-06-18 12:00:00,29.6,63,945.6,17.7,0.1,20.6,9.0,126.0,1.7,3.4,73.0,55
2024-06-18 13:00:00,29.6,63,944.6,19.6,0.1,19.8,8.5,129.0,2.1,3.1,71.0,55
2024-06-18 14:00:00,28.7,67,944.1,23.2,0.3,16.1,8.6,133.0,2.7,3.0,68.0,54
2024-06-18 15:00:00,27.2,76,943.8,21.9,3.7,12.2,6.9,138.0,3.6,3.3,66.0,53
2024-06-18 16:00:00,25.3,81,943.7,19.3,14.2,12.3,7.1,144.0,4.8,3.8,63.0,53
2024-06-18 17:00:00,25.5,82,943.5,21.1,0.2,17.9,8.8,136.0,3.8,2.6,59.0,52
2024-06-18 18:00:00,25.9,78,944.0,19.6,0.0,19.4,9.9,144.0,5.2,3.6,55.0,52
2024-06-18 19:00:00,24.7,84,944.1,16.4,0.0,19.2,10.7,155.0,7.1,4.9,50.0,52
2024-06-18 20:00:00,24.3,84,944.8,15.9,0.0,19.4,10.9,163.0,8.5,5.9,46.0,51
2024-06-18 21:00:00,24.3,86,945.6,13.4,0.0,19.2,10.9,165.0,8.9,6.3,44.0,51
2024-06-18 22:00:00,24.2,86,945.9,13.9,0.0,19.3,10.9,164.0,8.8,6.5,42.0,51
2024-06-18 23:00:00,23.9,88,945.7,13.8,0.0,19.0,10.4,161.0,8.4,6.3,41.0,51
2024-06-19 00:00:00,23.5,89,944.7,15.3,0.0,15.9,9.0,155.0,7.7,5.7,40.0,51
2024-06-19 01:00:00,23.2,90,944.1,14.9,0.0,14.0,8.3,147.0,6.7,4.8,39.0,51
2024-06-19 02:00:00,23.1,92,943.3,14.9,0.0,14.2,8.4,141.0,5.9,4.1,38.0,51
2024-06-19 03:00:00,23.3,92,943.0,14.4,0.0,15.8,9.1,137.0,5.4,3.9,38.0,51
2024-06-19 04:00:00,23.7,90,943.2,14.2,0.0,16.8,9.2,133.0,5.0,3.9,38.0,51
2024-06-19 05:00:00,23.6,90,943.5,13.2,0.0,16.5,7.8,124.0,4.0,3.5,44.0,51
2024-06-19 06:00:00,23.6,87,943.5,14.6,0.0,16.1,7.4,130.0,4.4,3.6,45.0,50
2024-06-19 07:00:00,24.5,84,943.8,18.8,0.0,18.2,8.0,139.0,4.9,3.8,47.0,50
2024-06-19 08:00:00,25.5,80,944.2,19.2,0.1,19.4,8.4,144.0,5.0,3.9,50.0,50
2024-06-19 09:00:00,26.1,77,944.9,20.3,0.1,20.8,8.3,142.0,4.2,3.8,57.0,50
2024-06-19 10:00:00,26.6,74,945.0,19.8,0.3,21.2,8.7,136.0,2.9,3.6,65.0,50
2024-06-19 11:00:00,26.7,74,944.6,19.2,0.2,20.1,8.5,131.0,2.0,3.3,71.0,50
2024-06-19 12:00:00,27.0,72,944.1,20.5,0.1,19.4,8.0,129.0,1.7,2.9,73.0,49
2024-06-19 13:00:00,27.7,70,943.5,21.1,0.1,17.6,7.4,128.0,1.7,2.5,72.0,49
2024-06-19 14:00:00,27.8,67,942.8,23.2,0.2,15.2,7.1,128.0,2.0,2.3,70.0,49
2024-06-19 15:00:00,27.7,69,942.3,22.8,0.4,14.3,7.4,129.0,2.7,2.6,66.0,49
2024-06-19 16:00:00,26.9,71,941.7,21.4,0.3,13.2,6.7,132.0,3.7,3.1,61.0,49
2024-06-19 17:00:00,25.9,76,941.8,21.2,0.0,14.3,7.0,144.0,4.5,2.7,55.0,49
2024-06-19 18:00:00,25.1,80,942.2,18.3,0.0,16.4,7.9,153.0,6.0,3.6,52.0,48
2024-06-19 19:00:00,24.3,84,942.4,15.3,0.0,17.6,8.9,166.0,8.1,4.8,47.0,48
2024-06-19 20:00:00,23.9,87,943.0,14.6,0.0,18.9,9.5,173.0,9.4,5.7,44.0,47
2024-06-19 21:00:00,23.8,88,943.4,15.8,0.0,19.3,9.1,171.0,9.3,6.0,43.0,47
2024-06-19 22:00:00,24.0,88,943.6,15.7,0.0,17.9,8.9,164.0,8.4,5.9,43.0,47
2024-06-19 23:00:00,23.5,90,943.7,14.8,0.0,16.6,7.9,156.0,7.4,5.5,44.0,46
2024-06-20 00:00:00,23.9,88,943.6,14.3,0.0,12.1,6.4,146.0,6.3,4.7,45.0,46
2024-06-20 01:00:00,23.5,90,942.8,14.3,0.0,8.4,4.6,135.0,5.1,3.6,46.0,45
2024-06-20 02:00:00,23.3,90,942.1,13.5,0.1,6.6,4.0,127.0,4.2,2.8,46.0,44
2024-06-20 03:00:00,23.4,89,942.0,12.2,0.0,5.7,3.6,125.0,3.9,2.6,45.0,43
2024-06-20 04:00:00,23.4,89,941.7,13.1,0.0,3.9,2.4,126.0,3.9,2.8,44.0,42
2024-06-20 05:00:00,23.2,90,942.0,12.3,0.0,3.1,1.9,120.0,3.1,2.5,48.0,40
2024-06-20 06:00:00,23.7,90,942.1,12.7,0.0,5.2,2.8,127.0,3.9,2.7,47.0,39
2024-06-20 07:00:00,24.3,87,942.9,17.7,0.0,4.9,2.6,137.0,4.9,3.0,45.0,38
2024-06-20 08:00:00,25.0,83,943.0,22.5,0.0,7.6,3.7,142.0,5.3,3.2,46.0,37
2024-06-20 09:00:00,26.4,76,943.8,23.6,0.0,8.2,4.4,138.0,4.5,3.2,51.0,35
2024-06-20 10:00:00,27.3,71,944.2,23.7,0.0,11.3,5.3,130.0,3.1,3.0,59.0,35
2024-06-20 11:00:00,28.2,68,944.1,23.5,0.1,14.3,6.3,123.0,2.0,2.9,64.0,34
2024-06-20 12:00:00,29.0,67,943.5,23.3,0.2,15.5,6.8,119.0,1.7,2.8,65.0,33
2024-06-20 13:00:00,27.4,72,943.0,23.6,0.6,14.0,6.5,116.0,1.8,2.7,64.0,33
2024-06-20 14:00:00,27.8,72,942.4,23.1,1.1,9.4,4.9,115.0,2.1,2.7,63.0,33
2024-06-20 15:00:00,26.7,76,941.8,23.3,0.5,9.2,5.0,116.0,2.6,2.7,62.0,32
2024-06-20 16:00:00,26.7,76,941.4,23.5,0.1,10.0,5.0,119.0,3.3,2.7,60.0,32
2024-06-20 17:00:00,26.1,77,941.5,20.9,0.1,22.8,9.5,127.0,4.6,2.9,57.0,31
2024-06-20 18:00:00,23.9,91,941.3,7.6,0.6,17.8,8.2,140.0,6.4,3.7,53.0,32
2024-06-20 19:00:00,23.9,93,941.3,8.9,0.0,12.8,7.1,157.0,8.8,4.7,47.0,32
2024-06-20 20:00:00,23.8,92,942.7,11.1,0.0,8.4,5.3,168.0,10.3,5.4,42.0,32
2024-06-20 21:00:00,23.7,93,943.4,12.7,0.0,6.2,4.1,167.0,10.3,5.3,40.0,31
2024-06-20 22:00:00,23.7,93,943.9,13.0,0.0,5.3,3.2,160.0,9.4,4.8,40.0,29
2024-06-20 23:00:00,23.6,93,943.9,13.6,0.0,5.6,3.5,151.0,8.3,4.2,40.0,28
2024-06-21 00:00:00,23.6,92,943.5,14.4,0.0,9.4,4.0,139.0,6.8,3.7,42.0,27
2024-06-21 01:00:00,23.6,91,942.9,15.0,0.0,11.7,5.0,124.0,5.0,3.2,45.0,27
2024-06-21 02:00:00,23.4,91,942.4,14.2,0.0,11.2,4.8,114.0,3.7,2.7,47.0,27
2024-06-21 03:00:00,23.7,89,942.0,13.9,0.0,7.3,3.6,111.0,3.4,2.2,46.0,27
2024-06-21 04:00:00,23.6,88,942.0,14.0,0.0,4.9,2.8,111.0,3.7,1.7,44.0,27
2024-06-21 05:00:00,23.5,89,942.2,14.3,0.0,6.8,3.6,110.0,3.1,1.9,45.0,27
2024-06-21 06:00:00,24.4,86,942.7,19.8,0.0,8.9,4.5,119.0,3.9,2.4,44.0,27
2024-06-21 07:00:00,24.9,85,943.4,16.8,0.0,11.2,5.2,131.0,4.8,3.0,42.0,28
2024-06-21 08:00:00,25.2,83,943.9,19.2,0.0,10.6,4.8,139.0,5.3,3.4,42.0,28
2024-06-21 09:00:00,26.0,80,944.5,20.1,0.0,12.3,5.5,138.0,4.7,3.4,45.0,29
2024-06-21 10:00:00,27.3,74,944.6,21.2,0.1,17.1,7.2,132.0,3.5,3.2,50.0,29
2024-06-21 11:00:00,27.6,72,944.2,22.7,0.1,22.2,8.1,128.0,2.6,3.0,55.0,29
2024-06-21 12:00:00,27.5,73,944.0,23.4,0.1,32.9,9.8,127.0,2.1,3.0,60.0,30
2024-06-21 13:00:00,29.3,66,943.5,23.5,0.2,31.5,9.8,127.0,1.9,3.0,64.0,30
2024-06-21 14:00:00,29.4,64,943.0,23.8,0.0,30.9,10.3,128.0,2.0,3.1,66.0,31
2024-06-21 15:00:00,28.7,67,942.3,22.6,0.1,30.4,10.4,130.0,2.4,3.3,65.0,32
2024-06-21 16:00:00,28.4,67,941.9,20.1,0.0,28.0,10.6,132.0,3.1,3.7,62.0,34
2024-06-21 17:00:00,27.7,71,941.6,19.4,0.0,41.6,14.3,135.0,4.3,4.1,57.0,35
2024-06-21 18:00:00,26.9,72,941.6,17.1,0.0,35.9,13.9,140.0,5.4,4.5,52.0,36
2024-06-21 19:00:00,25.5,80,942.1,16.9,0.0,29.2,13.4,147.0,6.9,5.0,45.0,37
2024-06-21 20:00:00,24.4,86,943.0,13.8,0.0,28.0,12.3,151.0,8.0,5.3,40.0,39
2024-06-21 21:00:00,24.0,89,943.5,14.8,0.0,23.1,10.8,151.0,8.3,5.2,37.0,40
2024-06-21 22:00:00,24.2,89,944.3,14.0,0.0,18.6,9.7,147.0,8.0,5.0,35.0,42
2024-06-21 23:00:00,24.0,90,943.8,13.7,0.0,14.5,7.9,142.0,7.6,4.6,34.0,43
2024-06-22 00:00:00,23.5,90,943.0,13.4,0.0,10.6,5.9,133.0,6.8,4.1,34.0,45
2024-06-22 01:00:00,23.6,87,942.5,13.5,0.0,8.7,5.4,122.0,5.8,3.4,34.0,45
2024-06-22 02:00:00,23.1,89,941.5,13.7,0.0,7.5,4.8,114.0,5.0,2.9,34.0,45
2024-06-22 03:00:00,22.9,90,941.1,12.9,0.0,6.7,3.8,111.0,4.7,2.6,33.0,45
2024-06-22 04:00:00,22.8,90,941.0,11.2,0.0,6.1,3.7,111.0,4.6,2.4,32.0,45
2024-06-22 05:00:00,22.8,91,941.4,10.9,0.0,15.7,9.9,116.0,5.4,2.0,30.0,45
2024-06-22 06:00:00,23.6,87,941.7,10.9,0.0,18.1,10.6,121.0,5.6,2.5,31.0,47
2024-06-22 07:00:00,24.2,84,942.3,14.5,0.0,18.6,10.0,128.0,5.9,3.1,34.0,48
2024-06-22 08:00:00,25.3,80,943.0,16.8,0.0,21.0,9.2,132.0,5.7,3.5,38.0,49
2024-06-22 09:00:00,26.5,75,943.1,16.7,0.1,27.5,9.6,129.0,4.7,3.4,46.0,50
2024-06-22 10:00:00,27.4,72,943.5,14.3,0.1,29.5,9.2,123.0,3.2,3.1,57.0,50
2024-06-22 11:00:00,28.2,71,943.1,15.2,0.1,31.5,8.7,118.0,2.2,2.8,65.0,51
2024-06-22 12:00:00,29.3,67,942.6,15.7,0.1,38.9,10.2,116.0,1.9,2.4,68.0,51
2024-06-22 13:00:00,29.7,64,941.8,17.5,0.0,42.1,11.1,115.0,2.0,2.0,69.0,51
2024-06-22 14:00:00,29.1,66,940.7,19.6,0.1,45.6,11.9,116.0,2.3,1.8,69.0,51
2024-06-22 15:00:00,29.8,64,940.2,17.7,0.0,50.9,13.0,119.0,2.5,2.0,69.0,51
2024-06-22 16:00:00,29.4,62,940.1,20.5,0.0,51.8,13.7,123.0,3.0,2.5,67.0,51
2024-06-22 17:00:00,27.8,68,940.3,19.3,0.0,38.4,10.4,127.0,3.4,3.2,58.0,51
2024-06-22 18:00:00,27.5,67,940.2,15.5,0.0,42.1,12.0,143.0,5.9,4.3,52.0,51
2024-06-22 19:00:00,26.2,76,941.1,14.8,0.0,35.5,12.8,165.0,9.2,5.8,44.0,51
2024-06-22 20:00:00,25.2,82,941.9,12.3,0.0,33.6,13.2,181.0,11.6,7.0,38.0,51
2024-06-22 21:00:00,24.7,84,942.6,11.8,0.0,30.5,12.8,185.0,12.2,7.6,35.0,51
2024-06-22 22:00:00,24.6,85,942.9,11.6,0.0,29.3,12.4,183.0,11.8,7.8,33.0,51
2024-06-22 23:00:00,24.4,85,942.7,10.6,0.0,27.2,12.0,176.0,11.0,7.6,33.0,51
2024-06-23 00:00:00,24.2,86,942.2,10.5,0.0,26.3,11.9,163.0,9.5,6.7,34.0,52
2024-06-23 01:00:00,23.7,88,941.5,12.6,0.0,28.6,11.3,146.0,7.6,5.3,36.0,52
2024-06-23 02:00:00,23.3,90,940.7,12.9,0.0,28.2,10.8,132.0,6.1,4.3,37.0,53
2024-06-23 03:00:00,23.3,91,940.9,9.4,0.0,25.6,10.2,125.0,5.3,4.0,38.0,53
2024-06-23 04:00:00,23.2,91,940.7,10.1,0.0,22.5,9.5,121.0,5.0,4.1,38.0,54
2024-06-23 05:00:00,23.4,90,940.9,13.0,0.0,19.3,7.7,128.0,6.0,5.2,35.0,54
2024-06-23 06:00:00,23.3,89,941.4,6.6,0.0,21.5,7.8,133.0,5.9,5.3,36.0,54
2024-06-23 07:00:00,24.4,85,942.0,7.6,0.0,27.2,8.0,140.0,5.6,5.5,38.0,54
2024-06-23 08:00:00,26.3,78,942.3,8.0,0.0,33.2,9.1,145.0,5.2,5.6,43.0,53
2024-06-23 09:00:00,27.7,73,942.3,9.3,0.0,46.4,11.1,146.0,4.3,5.6,54.0,53
2024-06-23 10:00:00,29.0,68,942.4,7.4,0.0,54.5,13.0,145.0,3.2,5.5,69.0,54
2024-06-23 11:00:00,29.5,65,942.4,7.6,0.1,58.8,14.6,145.0,2.5,5.2,80.0,54
2024-06-23 12:00:00,30.3,62,941.6,8.2,0.0,66.1,16.8,145.0,2.2,4.4,85.0,54
2024-06-23 13:00:00,29.2,64,940.3,11.8,0.3,72.6,18.9,145.0,2.3,3.4,86.0,55
2024-06-23 14:00:00,28.7,65,939.6,14.1,0.2,96.6,26.3,148.0,2.9,3.0,85.0,55
2024-06-23 15:00:00,28.3,66,939.2,15.5,0.4,83.1,25.3,155.0,4.1,3.7,81.0,57
2024-06-23 16:00:00,27.9,69,938.9,14.7,0.1,53.2,22.1,165.0,5.8,5.1,75.0,58
2024-06-23 17:00:00,25.7,80,939.2,10.9,0.9,27.0,10.0,141.0,4.3,3.6,70.0,58
2024-06-23 18:00:00,25.9,80,939.1,14.7,0.4,21.9,9.5,152.0,6.4,4.7,63.0,58
2024-06-23 19:00:00,24.8,85,939.7,13.1,0.1,18.6,9.5,167.0,9.2,6.1,52.0,58
2024-06-23 20:00:00,24.1,89,940.6,11.0,0.0,15.7,8.7,177.0,11.1,7.2,44.0,58
2024-06-23 21:00:00,23.8,89,941.0,9.2,0.0,13.5,7.8,177.0,11.3,7.4,40.0,57
2024-06-23 22:00:00,23.8,89,941.1,8.2,0.0,15.2,8.3,171.0,10.6,7.3,38.0,57
2024-06-23 23:00:00,23.5,91,941.2,10.0,0.0,13.7,8.1,165.0,9.9,7.1,36.0,57
2024-06-24 00:00:00,23.2,93,940.9,8.2,0.0,13.2,7.9,160.0,9.5,7.0,34.0,56
2024-06-24 01:00:00,23.3,92,940.5,9.0,0.0,13.3,7.9,156.0,9.0,6.9,33.0,56
2024-06-24 02:00:00,23.4,92,939.6,8.9,0.2,13.4,8.0,152.0,8.6,6.8,32.0,56
2024-06-24 03:00:00,23.2,92,939.5,9.6,0.0,13.4,8.1,149.0,8.2,6.8,31.0,56
2024-06-24 04:00:00,23.3,92,939.3,10.2,0.0,13.7,8.4,147.0,8.0,6.9,30.0,55
2024-06-24 05:00:00,23.3,92,939.4,8.7,0.0,10.2,6.7,138.0,6.7,5.5,34.0,55
2024-06-24 06:00:00,23.3,91,939.9,5.1,0.0,11.9,6.7,139.0,6.4,5.1,37.0,55
2024-06-24 07:00:00,24.2,86,940.6,5.8,0.0,13.0,7.0,140.0,5.9,4.5,41.0,55
2024-06-24 08:00:00,25.1,81,940.7,6.4,0.0,13.6,7.0,141.0,5.2,4.0,47.0,55
2024-06-24 09:00:00,27.0,71,940.9,5.1,0.0,14.5,7.7,142.0,4.2,3.9,57.0,55
2024-06-24 10:00:00,28.0,67,940.8,1.5,0.0,18.7,9.3,142.0,3.1,4.0,69.0,55
2024-06-24 11:00:00,29.2,63,940.3,4.0,0.0,19.1,9.7,141.0,2.3,3.9,77.0,54
2024-06-24 12:00:00,29.8,60,939.6,5.6,0.3,18.1,8.8,137.0,1.8,3.3,80.0,54
2024-06-24 13:00:00,30.8,58,939.0,8.4,0.4,17.7,8.6,131.0,1.6,2.6,80.0,53
2024-06-24 14:00:00,28.4,68,938.4,16.2,0.5,16.4,7.9,130.0,2.0,2.2,78.0,52
2024-06-24 15:00:00,29.0,72,937.9,10.8,0.7,16.0,7.8,134.0,3.1,2.5,73.0,51
2024-06-24 16:00:00,27.0,77,937.6,13.4,3.2,16.1,8.8,143.0,4.7,3.1,65.0,49
2024-06-24 17:00:00,27.5,75,937.4,14.2,0.1,31.7,14.8,148.0,4.8,3.8,74.0,46
2024-06-24 18:00:00,26.9,74,937.8,14.5,0.0,26.8,14.3,155.0,6.4,4.4,67.0,47
2024-06-24 19:00:00,25.5,81,938.4,12.9,0.0,26.0,14.4,165.0,8.6,5.4,56.0,48
2024-06-24 20:00:00,24.7,85,939.1,11.7,0.0,27.3,14.8,176.0,10.5,6.1,47.0,49
2024-06-24 21:00:00,24.5,87,939.7,10.5,0.0,27.1,15.2,191.0,12.0,6.6,40.0,50
2024-06-24 22:00:00,24.3,88,939.7,9.2,0.0,26.1,15.0,206.0,13.2,7.0,35.0,51
2024-06-24 23:00:00,24.1,89,939.8,10.2,0.0,23.8,14.4,212.0,13.5,7.0,32.0,51
2024-06-25 00:00:00,24.1,89,939.4,10.0,0.0,20.4,12.0,199.0,12.1,6.2,32.0,52
2024-06-25 01:00:00,24.0,89,939.0,8.9,0.0,16.5,10.0,178.0,9.9,4.9,34.0,52
2024-06-25 02:00:00,23.9,90,938.6,9.2,0.0,14.5,9.0,163.0,8.3,4.0,35.0,52
2024-06-25 03:00:00,24.0,89,938.4,7.4,0.0,13.5,8.9,166.0,8.4,3.7,32.0,52
2024-06-25 04:00:00,23.9,90,938.1,7.3,0.0,12.6,8.5,176.0,9.1,3.7,27.0,52
2024-06-25 05:00:00,24.2,89,938.3,6.9,0.0,5.0,3.5,125.0,5.5,2.8,36.0,52
2024-06-25 06:00:00,24.6,85,939.0,8.4,0.0,3.9,2.6,128.0,5.3,2.8,38.0,52
2024-06-25 07:00:00,24.9,84,939.3,6.7,0.0,4.0,2.7,131.0,5.0,2.8,40.0,52
2024-06-25 08:00:00,25.6,82,939.7,9.9,0.0,4.3,2.9,132.0,4.5,2.8,44.0,52
2024-06-25 09:00:00,27.0,75,939.8,10.0,0.0,5.0,3.2,128.0,3.5,2.7,50.0,51
2024-06-25 10:00:00,28.6,68,939.8,12.1,0.1,5.2,3.4,121.0,2.3,2.5,58.0,51
2024-06-25 11:00:00,28.4,67,939.4,12.9,0.3,4.8,3.2,116.0,1.5,2.3,63.0,50
2024-06-25 12:00:00,28.7,69,938.8,12.3,0.2,4.2,2.8,114.0,1.5,2.1,63.0,50
2024-06-25 13:00:00,29.4,67,938.2,17.7,0.1,4.7,3.1,114.0,1.9,2.0,60.0,48
2024-06-25 14:00:00,28.6,72,937.7,16.8,0.7,6.0,4.0,116.0,2.5,2.0,57.0,47
2024-06-25 15:00:00,26.9,78,937.2,22.3,1.0,6.8,4.7,121.0,3.2,2.2,56.0,46
2024-06-25 16:00:00,26.6,80,936.7,21.4,1.0,6.7,4.7,127.0,4.0,2.4,56.0,45
2024-06-25 17:00:00,26.4,81,936.7,19.4,0.1,15.2,9.8,137.0,4.5,2.7,57.0,44
2024-06-25 18:00:00,25.9,80,936.1,10.0,0.4,12.9,8.8,143.0,5.7,3.1,53.0,43
2024-06-25 19:00:00,25.5,82,937.3,9.3,0.1,11.3,7.9,152.0,7.4,3.6,48.0,42
2024-06-25 20:00:00,25.1,85,938.3,15.5,0.0,8.7,6.3,158.0,8.5,3.9,44.0,41
2024-06-25 21:00:00,24.7,87,939.3,17.2,0.0,7.3,5.3,159.0,8.6,3.9,43.0,39
2024-06-25 22:00:00,24.3,89,939.4,16.5,0.0,6.4,4.6,158.0,8.0,3.8,44.0,36
2024-06-25 23:00:00,24.2,88,939.5,18.4,0.0,4.9,3.5,153.0,7.3,3.6,45.0,34
2024-06-26 00:00:00,23.9,88,938.9,18.3,0.0,3.5,2.5,143.0,6.3,3.2,47.0,31
2024-06-26 01:00:00,23.7,90,938.2,14.8,0.0,3.0,2.1,130.0,5.0,2.8,49.0,29
2024-06-26 02:00:00,23.9,88,937.7,14.4,0.0,2.8,2.0,120.0,4.1,2.4,51.0,27
2024-06-26 03:00:00,24.1,88,937.8,13.0,0.0,2.4,1.7,116.0,3.7,2.1,51.0,26
2024-06-26 04:00:00,24.1,88,937.9,12.5,0.0,2.9,2.0,116.0,3.7,1.9,50.0,24
2024-06-26 05:00:00,24.1,88,937.8,11.8,0.0,2.2,1.6,114.0,3.2,1.8,55.0,23
2024-06-26 06:00:00,24.0,88,937.7,12.6,0.0,2.1,1.5,121.0,3.9,2.0,56.0,23
2024-06-26 07:00:00,24.6,86,938.0,9.7,0.0,3.0,2.0,131.0,4.8,2.4,57.0,23
2024-06-26 08:00:00,25.4,83,938.6,10.7,0.0,4.9,3.4,137.0,5.2,2.6,59.0,24
2024-06-26 09:00:00,26.4,81,939.1,14.2,0.0,5.5,3.9,134.0,4.5,2.6,62.0,25
2024-06-26 10:00:00,27.6,75,939.5,20.6,0.0,5.2,3.7,128.0,3.3,2.6,65.0,26
2024-06-26 11:00:00,28.2,73,939.3,20.9,0.1,3.9,2.8,123.0,2.4,2.5,68.0,26
2024-06-26 12:00:00,29.2,70,939.1,24.4,0.5,3.2,2.3,122.0,2.1,2.4,69.0,27
2024-06-26 13:00:00,29.7,68,938.6,24.4,0.1,4.3,3.1,122.0,2.2,2.4,70.0,28
2024-06-26 14:00:00,29.0,69,937.6,24.8,1.1,3.2,2.3,125.0,2.6,2.4,69.0,29
2024-06-26 15:00:00,27.8,73,937.3,26.7,0.8,2.9,2.1,130.0,3.4,2.5,67.0,30
2024-06-26 16:00:00,26.4,81,936.8,20.3,0.2,4.2,3.0,137.0,4.6,2.8,63.0,31
2024-06-26 17:00:00,25.8,83,937.0,19.8,0.1,10.1,5.7,160.0,7.3,2.5,51.0,31
2024-06-26 18:00:00,24.7,92,937.9,13.8,1.6,6.9,4.3,160.0,7.7,3.0,50.0,30
2024-06-26 19:00:00,24.4,92,938.7,16.5,0.7,6.2,4.1,161.0,8.3,3.7,48.0,29
2024-06-26 20:00:00,24.5,91,939.8,15.0,0.1,5.2,3.6,162.0,8.8,4.3,46.0,28
2024-06-26 21:00:00,24.2,92,940.6,14.5,0.0,4.6,3.2,166.0,9.1,4.8,44.0,27
2024-06-26 22:00:00,24.1,91,940.5,16.6,0.0,5.0,3.5,170.0,9.4,5.3,43.0,25
2024-06-26 23:00:00,23.7,93,940.8,16.6,0.0,5.1,3.6,170.0,9.1,5.3,42.0,24
2024-06-27 00:00:00,24.0,91,940.1,15.6,0.0,5.3,3.6,161.0,8.0,4.5,42.0,22
2024-06-27 01:00:00,24.0,91,939.8,13.3,0.0,7.2,4.5,148.0,6.4,3.2,43.0,21
2024-06-27 02:00:00,24.1,90,939.3,11.9,0.0,6.4,3.9,136.0,5.1,2.2,44.0,21
2024-06-27 03:00:00,24.1,91,939.3,10.0,0.0,5.6,3.1,128.0,4.2,1.9,45.0,20
2024-06-27 04:00:00,24.0,91,939.2,9.7,0.0,5.1,3.1,121.0,3.6,2.0,47.0,20
2024-06-27 05:00:00,24.1,90,939.5,10.6,0.0,4.0,2.5,119.0,3.5,2.6,49.0,20
2024-06-27 06:00:00,23.4,88,939.7,8.0,0.0,5.3,3.1,127.0,4.3,2.9,49.0,21
2024-06-27 07:00:00,24.1,85,940.2,10.5,0.0,5.3,3.2,138.0,5.3,3.2,50.0,21
2024-06-27 08:00:00,24.9,82,940.8,12.1,0.0,6.0,3.6,144.0,5.7,3.4,52.0,21
2024-06-27 09:00:00,25.6,80,941.5,18.3,0.0,6.5,4.0,141.0,4.8,3.2,56.0,22
2024-06-27 10:00:00,26.9,75,942.0,21.4,0.0,6.3,3.8,132.0,3.3,2.9,60.0,23
2024-06-27 11:00:00,27.2,74,942.0,24.4,0.2,8.3,4.4,126.0,2.2,2.7,64.0,24
2024-06-27 12:00:00,26.7,76,941.5,24.5,0.4,7.4,3.9,124.0,1.8,2.7,66.0,25
2024-06-27 13:00:00,26.9,77,941.0,27.7,0.4,6.8,4.0,123.0,1.8,2.7,66.0,26
2024-06-27 14:00:00,27.6,73,940.2,26.8,0.1,8.5,5.2,124.0,2.1,2.8,65.0,27
2024-06-27 15:00:00,27.3,74,939.9,28.4,0.1,7.7,4.7,128.0,3.1,2.8,61.0,28
2024-06-27 16:00:00,26.5,77,939.6,26.3,0.1,9.4,5.8,134.0,4.4,2.8,55.0,28
2024-06-27 17:00:00,25.7,80,939.6,22.0,0.1,7.5,4.2,128.0,4.6,2.3,48.0,29
2024-06-27 18:00:00,24.1,87,940.1,15.0,0.4,5.3,3.4,132.0,5.3,2.8,47.0,28
2024-06-27 19:00:00,23.9,88,941.3,17.9,0.1,4.6,3.2,138.0,6.2,3.5,45.0,27
2024-06-27 20:00:00,23.8,88,941.8,16.2,0.1,4.4,3.2,141.0,6.7,3.7,44.0,26
2024-06-27 21:00:00,23.6,89,942.3,16.7,0.0,3.7,2.7,140.0,6.5,3.0,44.0,25
2024-06-27 22:00:00,23.6,89,942.8,16.9,0.1,6.0,4.3,137.0,5.8,1.9,44.0,24
2024-06-27 23:00:00,23.6,90,942.8,17.4,0.1,5.2,3.7,133.0,5.1,1.1,45.0,22
2024-06-28 00:00:00,23.9,89,942.3,18.9,0.1,3.4,2.4,128.0,4.4,0.9,46.0,22
2024-06-28 01:00:00,23.7,90,941.4,18.8,0.1,3.2,2.3,121.0,3.7,0.9,48.0,21
2024-06-28 02:00:00,23.9,89,941.1,16.4,0.1,2.9,2.0,117.0,3.1,0.9,49.0,21
2024-06-28 03:00:00,23.7,90,940.8,16.0,0.1,3.1,2.2,115.0,2.8,0.7,50.0,21
2024-06-28 04:00:00,23.8,89,940.7,18.5,0.1,2.7,1.9,115.0,2.6,0.5,50.0,21
2024-06-28 05:00:00,23.7,88,940.8,18.8,0.0,2.2,1.6,117.0,2.5,0.9,50.0,22
2024-06-28 06:00:00,23.6,92,941.2,18.6,0.6,2.8,1.9,127.0,3.6,1.3,49.0,22
2024-06-28 07:00:00,24.4,88,942.0,19.9,0.1,4.5,3.1,139.0,5.0,1.9,47.0,22
2024-06-28 08:00:00,24.9,85,942.4,21.4,0.0,4.5,3.0,146.0,5.7,2.3,47.0,23
2024-06-28 09:00:00,26.5,77,942.9,26.2,0.0,4.5,2.8,141.0,4.9,2.3,50.0,23
2024-06-28 10:00:00,26.9,76,942.7,26.6,0.2,4.6,2.7,129.0,3.3,2.2,55.0,23
2024-06-28 11:00:00,27.8,73,942.8,28.8,0.3,5.4,2.8,120.0,2.1,2.0,59.0,23
2024-06-28 12:00:00,26.7,80,942.6,25.6,5.5,7.9,3.8,116.0,1.7,1.9,60.0,24
2024-06-28 13:00:00,26.9,79,941.8,25.3,1.3,7.1,4.0,115.0,1.7,1.7,59.0,24
2024-06-28 14:00:00,27.0,77,941.3,28.2,0.8,7.2,3.5,115.0,2.0,1.7,58.0,25
2024-06-28 15:00:00,26.9,77,941.1,26.3,0.4,11.1,5.6,118.0,2.7,1.9,57.0,25
2024-06-28 16:00:00,26.0,78,940.6,23.9,1.1,8.8,5.0,123.0,3.8,2.3,54.0,26
2024-06-28 17:00:00,25.4,83,940.4,20.9,0.1,16.2,7.7,133.0,4.8,3.1,52.0,26
2024-06-28 18:00:00,25.4,82,940.7,17.1,0.0,11.5,6.0,139.0,5.7,3.4,49.0,26
2024-06-28 19:00:00,24.5,85,941.1,18.0,0.1,10.6,6.0,146.0,7.0,3.9,46.0,26
2024-06-28 20:00:00,24.2,87,942.0,16.5,0.1,8.6,5.1,151.0,7.9,4.1,43.0,25
2024-06-28 21:00:00,24.0,89,942.5,14.3,0.3,5.9,3.8,151.0,8.0,4.0,41.0,24
2024-06-28 22:00:00,23.8,90,942.8,14.3,0.1,4.7,3.2,148.0,7.7,3.7,41.0,23
2024-06-28 23:00:00,23.8,90,942.7,15.5,0.0,3.9,2.6,143.0,7.2,3.4,40.0,22
2024-06-29 00:00:00,23.5,89,942.2,14.8,0.0,2.7,1.9,136.0,6.3,2.9,40.0,21
2024-06-29 01:00:00,23.4,89,941.9,12.3,0.0,2.5,1.7,127.0,5.1,2.4,40.0,20
2024-06-29 02:00:00,23.4,89,941.3,13.2,0.0,2.5,1.8,120.0,4.2,2.0,40.0,20
2024-06-29 03:00:00,23.5,89,941.1,13.8,0.1,2.4,1.6,117.0,3.8,1.7,39.0,19
2024-06-29 04:00:00,23.3,89,941.6,14.3,0.0,2.4,1.7,116.0,3.7,1.6,38.0,19
2024-06-29 05:00:00,23.1,90,941.7,16.3,0.0,2.9,2.0,114.0,3.5,1.4,37.0,19
2024-06-29 06:00:00,24.0,86,942.0,14.1,0.0,3.5,2.2,118.0,3.7,1.8,38.0,19
2024-06-29 07:00:00,24.7,83,942.8,14.8,0.0,4.7,2.7,124.0,3.9,2.4,39.0,19
2024-06-29 08:00:00,25.7,80,943.3,16.4,0.0,7.9,3.9,126.0,3.8,2.8,42.0,19
2024-06-29 09:00:00,26.2,78,943.8,17.4,0.0,11.2,5.4,122.0,3.2,3.0,46.0,19
2024-06-29 10:00:00,26.7,77,944.2,18.8,0.0,11.9,5.9,116.0,2.4,3.0,52.0,20
2024-06-29 11:00:00,27.5,73,944.0,21.9,0.2,11.4,5.7,110.0,1.8,2.9,56.0,21
2024-06-29 12:00:00,28.3,71,943.9,23.7,0.3,10.3,5.3,107.0,1.5,2.7,58.0,21
2024-06-29 13:00:00,28.1,71,943.6,25.2,0.2,10.3,5.5,105.0,1.5,2.5,58.0,22
2024-06-29 14:00:00,28.4,71,942.9,26.1,0.4,8.7,4.7,105.0,1.7,2.4,57.0,23
2024-06-29 15:00:00,28.0,70,942.3,27.6,0.4,8.7,4.9,109.0,2.2,2.5,56.0,24
2024-06-29 16:00:00,27.2,75,941.9,24.3,0.1,10.6,5.9,115.0,2.9,2.7,54.0,25
2024-06-29 17:00:00,26.5,78,942.1,22.2,0.0,17.7,8.8,125.0,3.8,3.1,49.0,25
2024-06-29 18:00:00,25.6,81,942.4,15.7,0.0,17.4,8.8,137.0,5.7,3.8,45.0,26
2024-06-29 19:00:00,24.8,84,942.9,12.6,0.0,15.2,8.5,154.0,8.2,4.8,38.0,25
2024-06-29 20:00:00,24.4,86,943.7,12.3,0.0,14.4,8.5,164.0,9.8,5.3,34.0,24
2024-06-29 21:00:00,23.9,89,944.4,11.0,0.0,12.3,7.1,162.0,9.5,5.1,33.0,25
2024-06-29 22:00:00,24.3,87,944.6,11.5,0.0,8.4,5.2,153.0,8.3,4.5,33.0,26
2024-06-29 23:00:00,24.2,87,944.4,13.5,0.0,5.6,3.6,144.0,7.1,3.9,34.0,26
2024-06-30 00:00:00,23.8,88,943.6,12.5,0.0,3.9,2.6,137.0,6.3,3.5,34.0,26
2024-06-30 01:00:00,23.7,88,943.0,12.7,0.0,2.8,1.9,129.0,5.4,3.1,34.0,26
2024-06-30 02:00:00,23.8,87,942.5,13.8,0.0,2.5,1.7,123.0,4.8,2.8,34.0,26
2024-06-30 03:00:00,23.5,88,942.5,12.2,0.0,2.2,1.5,119.0,4.3,2.6,34.0,26
2024-06-30 04:00:00,23.5,88,942.5,11.5,0.1,2.5,1.7,116.0,4.0,2.4,34.0,26
2024-06-30 05:00:00,23.4,89,942.8,12.8,0.0,2.0,1.4,115.0,3.5,2.0,39.0,26
2024-06-30 06:00:00,24.4,89,942.3,16.8,0.1,3.6,2.5,120.0,3.8,2.2,41.0,26
2024-06-30 07:00:00,24.7,86,943.3,17.5,0.0,5.2,3.4,126.0,4.1,2.5,44.0,26
2024-06-30 08:00:00,25.3,83,943.5,14.3,0.1,5.7,3.1,128.0,4.2,2.7,47.0,26
2024-06-30 09:00:00,26.1,80,944.1,19.6,0.0,6.3,3.4,123.0,3.7,2.5,49.0,26
2024-06-30 10:00:00,26.5,78,944.6,20.0,0.0,6.1,3.0,114.0,3.0,2.2,51.0,26
2024-06-30 11:00:00,27.5,74,944.3,23.7,0.2,8.5,3.9,108.0,2.5,2.1,52.0,25
2024-06-30 12:00:00,27.9,74,943.5,24.9,0.2,7.7,4.0,109.0,2.5,2.4,53.0,25
2024-06-30 13:00:00,27.3,75,943.1,26.1,1.4,7.7,4.0,112.0,2.9,2.8,55.0,24
2024-06-30 14:00:00,26.8,79,942.5,23.9,0.5,11.7,6.2,115.0,3.3,3.1,55.0,24
2024-06-30 15:00:00,26.4,80,942.1,23.8,1.5,8.3,4.5,115.0,3.8,3.1,54.0,24
2024-06-30 16:00:00,25.9,81,941.9,24.3,0.1,7.7,4.1,114.0,4.4,3.0,52.0,24
2024-06-30 17:00:00,25.4,85,942.0,19.1,0.1,14.6,6.8,119.0,5.9,3.0,43.0,24
2024-06-30 18:00:00,25.1,84,942.2,14.5,0.1,11.8,6.0,121.0,6.3,3.2,42.0,24
2024-06-30 19:00:00,24.5,86,942.9,17.6,0.1,10.4,5.7,124.0,6.7,3.4,41.0,24
2024-06-30 20:00:00,23.8,88,943.1,19.2,0.1,10.0,5.4,124.0,6.8,3.5,40.0,23
2024-06-30 21:00:00,23.9,89,944.3,16.4,0.1,10.7,5.8,120.0,6.2,3.2,40.0,22
2024-06-30 22:00:00,23.8,89,944.2,17.3,0.0,8.0,4.1,114.0,5.3,2.7,41.0,21
2024-06-30 23:00:00,23.7,89,944.1,19.3,0.0,6.5,3.2,108.0,4.5,2.3,41.0,21
2024-07-01 00:00:00,23.8,88,943.7,20.9,0.0,7.0,3.7,103.0,4.0,2.0,40.0,21
2024-07-01 01:00:00,23.8,88,942.8,20.0,0.0,7.1,3.6,98.0,3.6,1.6,38.0,21
2024-07-01 02:00:00,23.6,88,941.9,19.2,0.1,5.6,2.9,95.0,3.3,1.4,37.0,21
2024-07-01 03:00:00,23.4,89,941.6,18.9,0.0,3.7,2.0,92.0,3.0,1.2,36.0,22
2024-07-01 04:00:00,23.5,87,941.4,20.4,0.0,2.6,1.5,90.0,2.8,1.0,36.0,22
2024-07-01 05:00:00,23.6,87,941.6,19.6,0.0,3.1,1.5,91.0,2.9,2.0,37.0,22
2024-07-01 06:00:00,23.8,88,942.1,19.5,0.0,1.9,1.1,98.0,3.2,2.1,38.0,22
2024-07-01 07:00:00,23.9,86,942.6,20.9,0.0,2.6,1.6,107.0,3.6,2.3,39.0,22
2024-07-01 08:00:00,24.4,85,943.1,16.9,0.1,5.3,2.9,113.0,3.7,2.4,41.0,21
2024-07-01 09:00:00,25.2,82,943.6,22.4,0.0,6.9,3.8,111.0,3.1,2.2,44.0,21
2024-07-01 10:00:00,26.5,77,943.7,28.5,0.2,5.3,2.9,104.0,2.2,1.8,48.0,21
2024-07-01 11:00:00,27.2,74,943.4,29.7,0.4,8.8,3.9,100.0,1.5,1.6,51.0,21
2024-07-01 12:00:00,27.1,74,943.1,32.1,0.4,9.2,4.4,100.0,1.2,1.6,53.0,21
2024-07-01 13:00:00,26.6,78,942.3,29.3,0.4,7.3,3.7,102.0,1.2,1.7,54.0,21
2024-07-01 14:00:00,26.8,77,941.7,28.3,0.2,11.9,5.2,106.0,1.5,1.8,54.0,21
2024-07-01 15:00:00,25.2,82,941.6,24.5,0.6,13.6,6.2,111.0,2.5,1.8,51.0,22
2024-07-01 16:00:00,25.1,83,941.1,24.4,0.3,11.2,5.3,118.0,3.9,1.8,46.0,23
2024-07-01 17:00:00,24.7,86,941.0,21.5,0.4,20.8,8.9,122.0,4.4,2.6,45.0,23
2024-07-01 18:00:00,24.4,85,941.2,19.7,0.2,13.3,6.7,124.0,5.0,2.5,42.0,23
2024-07-01 19:00:00,23.6,88,941.3,20.4,0.3,8.0,4.4,127.0,5.8,2.4,39.0,23
2024-07-01 20:00:00,23.2,90,942.2,21.5,0.5,8.0,4.4,128.0,6.2,2.4,36.0,22
2024-07-01 21:00:00,23.3,89,942.5,22.5,0.2,7.9,4.4,126.0,6.1,2.6,36.0,22
2024-07-01 22:00:00,22.5,91,942.9,20.1,0.3,4.6,2.8,123.0,5.6,2.8,37.0,21
2024-07-01 23:00:00,22.7,90,942.6,19.8,0.3,2.8,1.8,118.0,4.9,2.9,38.0,21
2024-07-02 00:00:00,22.6,91,941.7,23.6,0.4,3.0,1.9,110.0,3.9,2.6,40.0,21
2024-07-02 01:00:00,22.5,90,940.8,21.9,0.2,5.4,3.0,102.0,2.8,2.1,42.0,20
2024-07-02 02:00:00,22.6,91,940.2,21.1,0.1,5.0,2.9,95.0,2.0,1.7,43.0,20
2024-07-02 03:00:00,22.5,93,939.9,19.1,0.6,2.6,1.5,92.0,1.8,1.6,43.0,20
2024-07-02 04:00:00,23.0,92,940.0,20.2,1.0,1.6,1.0,91.0,1.8,1.7,43.0,20
2024-07-02 05:00:00,23.0,92,940.7,20.5,0.7,1.0,0.7,95.0,2.5,1.6,37.0,20
2024-07-02 06:00:00,23.3,90,940.7,22.2,0.2,4.1,1.8,99.0,2.8,1.8,37.0,20
2024-07-02 07:00:00,23.6,87,941.0,22.8,0.1,4.6,2.2,104.0,3.2,2.1,37.0,20
2024-07-02 08:00:00,24.5,83,941.8,22.4,0.2,2.8,1.6,108.0,3.3,2.3,39.0,20
2024-07-02 09:00:00,25.0,84,942.3,23.1,0.6,4.7,3.0,110.0,2.9,2.4,43.0,20
2024-07-02 10:00:00,26.3,80,943.0,27.2,0.2,5.9,3.7,110.0,2.4,2.4,49.0,20
2024-07-02 11:00:00,27.4,79,943.0,25.4,1.4,5.7,3.2,114.0,2.1,2.4,55.0,20
2024-07-02 12:00:00,26.9,78,942.9,23.7,1.9,8.5,4.5,123.0,2.5,2.6,60.0,20
2024-07-02 13:00:00,26.2,81,941.8,23.0,1.3,15.1,6.5,135.0,3.2,2.8,65.0,21
2024-07-02 14:00:00,26.7,79,941.4,26.9,0.4,21.2,11.2,144.0,3.9,3.0,68.0,22
2024-07-02 15:00:00,25.1,86,940.7,20.8,0.9,20.0,11.6,145.0,4.5,3.2,67.0,24
2024-07-02 16:00:00,24.8,85,940.3,19.4,0.7,12.4,7.1,142.0,5.1,3.4,64.0,26
2024-07-02 17:00:00,25.1,85,940.7,21.6,0.1,18.1,7.3,143.0,6.7,3.1,46.0,27
2024-07-02 18:00:00,23.5,90,941.1,17.6,0.4,8.8,4.4,147.0,7.1,3.3,46.0,27
2024-07-02 19:00:00,23.6,90,941.2,19.8,0.0,8.7,4.7,154.0,7.6,3.5,46.0,27
2024-07-02 20:00:00,23.4,89,941.9,17.9,0.0,10.9,5.7,157.0,7.9,3.6,45.0,27
2024-07-02 21:00:00,23.0,89,943.0,20.4,0.0,7.8,4.3,157.0,7.9,3.6,44.0,26
2024-07-02 22:00:00,23.1,87,943.2,20.1,0.0,5.7,3.3,153.0,7.7,3.4,42.0,25
2024-07-02 23:00:00,22.5,88,942.7,19.9,0.0,7.5,4.1,148.0,7.2,3.1,41.0,23
2024-07-03 00:00:00,22.9,88,941.9,20.1,0.0,8.5,4.0,139.0,6.1,2.4,41.0,23
2024-07-03 01:00:00,22.9,90,941.2,19.8,0.0,8.1,3.7,127.0,4.7,1.5,41.0,24
2024-07-03 02:00:00,23.2,89,940.8,20.0,0.0,9.7,5.1,117.0,3.7,0.8,40.0,24
2024-07-03 03:00:00,23.3,87,940.8,18.3,0.0,10.4,5.7,111.0,3.2,0.6,38.0,25
2024-07-03 04:00:00,23.2,87,941.2,18.2,0.0,9.5,5.2,107.0,3.1,0.6,37.0,26
2024-07-03 05:00:00,22.9,89,941.5,17.2,0.1,6.1,3.6,105.0,2.6,0.8,40.0,27
2024-07-03 06:00:00,23.8,87,942.1,15.9,0.0,6.5,3.2,113.0,3.3,1.4,39.0,27
2024-07-03 07:00:00,24.0,87,942.8,16.9,0.0,7.9,3.6,124.0,4.2,2.1,38.0,28
2024-07-03 08:00:00,24.4,85,943.1,19.5,0.0,9.5,4.3,130.0,4.6,2.7,39.0,28
2024-07-03 09:00:00,25.6,81,943.7,22.9,0.0,12.3,5.3,128.0,4.1,2.9,42.0,28
2024-07-03 10:00:00,26.2,78,943.7,21.8,0.0,14.4,5.7,122.0,3.2,3.0,47.0,29
2024-07-03 11:00:00,26.8,76,944.0,24.0,0.0,13.2,5.8,117.0,2.5,2.9,50.0,29
2024-07-03 12:00:00,27.5,73,943.6,25.8,0.1,15.0,6.7,113.0,2.1,2.6,52.0,30
2024-07-03 13:00:00,27.4,73,943.1,23.4,0.1,14.5,6.2,109.0,1.8,2.1,52.0,31
2024-07-03 14:00:00,27.5,73,942.5,25.3,0.1,19.0,7.5,108.0,1.9,1.8,52.0,31
2024-07-03 15:00:00,27.0,76,942.2,24.8,0.0,19.8,8.6,112.0,2.6,1.9,50.0,30
2024-07-03 16:00:00,26.1,80,941.8,24.6,0.0,19.0,8.7,118.0,3.7,2.3,47.0,29
2024-07-03 17:00:00,25.4,83,941.8,21.3,0.1,12.7,6.6,129.0,4.4,3.0,46.0,29
2024-07-03 18:00:00,24.8,85,942.2,18.2,0.1,8.8,4.9,135.0,5.5,3.2,43.0,29
2024-07-03 19:00:00,24.6,85,942.8,15.3,0.0,7.0,4.2,142.0,7.0,3.5,39.0,29
2024-07-03 20:00:00,24.3,86,943.3,19.1,0.1,5.1,3.2,147.0,8.1,3.7,35.0,29
2024-07-03 21:00:00,24.1,86,943.6,18.9,0.0,4.6,3.0,148.0,8.3,3.8,33.0,29
2024-07-03 22:00:00,23.8,88,944.3,17.3,0.0,4.0,2.5,146.0,8.0,3.9,32.0,28
2024-07-03 23:00:00,23.7,88,944.3,14.7,0.0,3.2,2.2,142.0,7.5,3.8,31.0,28
2024-07-04 00:00:00,23.9,87,943.8,16.9,0.0,3.1,2.1,135.0,6.7,3.5,31.0,28
2024-07-04 01:00:00,23.9,87,943.0,18.0,0.0,2.8,1.9,125.0,5.6,3.2,31.0,27
2024-07-04 02:00:00,23.7,88,942.6,18.1,0.0,2.2,1.5,117.0,4.7,2.8,32.0,27
2024-07-04 03:00:00,23.8,87,942.3,19.7,0.0,2.3,1.3,111.0,4.1,2.5,33.0,26
2024-07-04 04:00:00,23.6,87,942.4,17.7,0.0,2.5,1.5,106.0,3.6,2.3,34.0,25
2024-07-04 05:00:00,23.6,87,943.1,16.3,0.0,2.9,1.7,101.0,2.8,2.4,39.0,24
2024-07-04 06:00:00,23.4,90,942.9,17.0,0.1,6.2,3.0,104.0,3.0,2.4,39.0,24
2024-07-04 07:00:00,24.2,85,943.6,18.4,0.0,8.0,3.5,108.0,3.3,2.3,38.0,24
2024-07-04 08:00:00,24.9,83,944.1,20.1,0.0,10.6,4.5,112.0,3.6,2.4,38.0,24
2024-07-04 09:00:00,25.4,81,944.9,19.7,0.0,10.1,4.9,116.0,3.7,2.7,38.0,24
2024-07-04 10:00:00,26.0,80,945.1,20.6,0.0,7.9,4.1,119.0,3.8,3.2,39.0,24
2024-07-04 11:00:00,26.8,77,945.2,20.6,0.1,6.9,3.9,120.0,3.8,3.4,39.0,23
2024-07-04 12:00:00,26.3,79,944.7,20.9,0.1,5.6,3.0,117.0,3.5,3.2,40.0,23
2024-07-04 13:00:00,26.7,78,944.3,21.9,0.2,7.1,3.9,112.0,3.2,2.7,41.0,22
2024-07-04 14:00:00,26.3,80,943.7,21.2,0.1,6.3,3.4,111.0,3.3,2.5,41.0,21
2024-07-04 15:00:00,26.6,77,943.5,22.9,0.1,7.3,4.0,116.0,4.4,2.7,39.0,20
2024-07-04 16:00:00,26.2,79,943.0,22.9,0.0,7.9,4.6,125.0,6.0,3.2,37.0,19
2024-07-04 17:00:00,25.2,82,942.9,18.5,0.0,11.0,5.3,121.0,4.2,2.3,39.0,18
2024-07-04 18:00:00,25.0,85,942.6,15.9,0.2,7.9,4.1,132.0,6.0,2.9,36.0,18
2024-07-04 19:00:00,24.5,88,942.9,15.1,0.1,6.3,3.8,148.0,8.3,3.8,32.0,18
2024-07-04 20:00:00,24.1,88,943.2,13.9,0.0,6.9,4.3,157.0,9.7,4.3,29.0,18
2024-07-04 21:00:00,23.9,89,943.8,14.3,0.0,6.2,3.8,155.0,9.2,4.2,29.0,18
2024-07-04 22:00:00,24.0,88,944.1,13.8,0.0,4.6,2.9,147.0,7.8,3.8,31.0,18
2024-07-04 23:00:00,23.9,88,943.7,14.1,0.0,3.1,2.1,138.0,6.4,3.3,33.0,18
2024-07-05 00:00:00,23.6,90,943.1,10.5,0.0,2.2,1.5,130.0,5.4,2.8,33.0,18
2024-07-05 01:00:00,23.8,88,942.4,12.3,0.0,1.8,1.2,122.0,4.6,2.2,33.0,18
2024-07-05 02:00:00,23.8,87,941.9,13.6,0.0,2.5,1.7,116.0,3.9,1.7,33.0,18
2024-07-05 03:00:00,23.5,89,941.8,13.1,0.0,2.7,1.9,111.0,3.5,1.5,33.0,18
2024-07-05 04:00:00,23.7,87,941.8,13.6,0.0,2.4,1.6,109.0,3.3,1.4,33.0,18
2024-07-05 05:00:00,23.3,89,942.1,12.7,0.0,3.2,2.2,113.0,3.7,0.7,29.0,18
2024-07-05 06:00:00,23.9,90,942.1,16.1,0.1,3.8,2.4,120.0,4.3,1.2,29.0,18
2024-07-05 07:00:00,24.1,90,942.4,20.0,0.3,3.9,2.0,130.0,5.2,2.0,28.0,18
2024-07-05 08:00:00,24.9,85,943.3,19.2,0.0,5.4,2.9,134.0,5.5,2.5,29.0,18
2024-07-05 09:00:00,25.8,80,943.6,18.7,0.1,7.1,3.0,125.0,4.7,2.6,32.0,17
2024-07-05 10:00:00,26.4,78,943.4,22.2,0.3,8.5,3.4,111.0,3.3,2.5,37.0,17
2024-07-05 11:00:00,28.1,72,943.3,24.5,0.2,6.7,2.8,101.0,2.5,2.5,41.0,17
2024-07-05 12:00:00,27.8,72,942.7,24.9,0.3,7.0,3.0,102.0,2.7,2.7,43.0,17
2024-07-05 13:00:00,27.7,72,941.8,27.3,0.6,8.4,3.9,108.0,3.4,3.1,45.0,17
2024-07-05 14:00:00,27.9,72,941.4,26.9,1.5,10.8,5.1,113.0,4.2,3.3,45.0,17
2024-07-05 15:00:00,26.8,75,940.7,27.7,0.6,8.1,4.3,115.0,4.8,3.3,44.0,17
2024-07-05 16:00:00,25.8,82,940.2,25.4,0.2,10.3,5.0,117.0,5.3,3.2,43.0,18
2024-07-05 17:00:00,25.6,83,939.9,20.3,0.2,15.1,7.0,111.0,4.7,2.6,42.0,19
2024-07-05 18:00:00,24.7,84,940.3,15.5,0.1,10.9,5.7,121.0,6.2,3.1,39.0,20
2024-07-05 19:00:00,24.3,85,940.7,16.7,0.0,8.6,5.3,135.0,8.2,3.7,36.0,20
2024-07-05 20:00:00,23.8,86,941.2,15.5,0.0,6.9,4.3,143.0,9.5,4.1,33.0,20
2024-07-05 21:00:00,23.6,86,941.8,14.1,0.0,5.7,3.5,142.0,9.3,4.1,33.0,19
2024-07-05 22:00:00,23.5,87,941.8,13.8,0.0,4.3,2.9,135.0,8.3,3.9,34.0,18
2024-07-05 23:00:00,23.3,88,941.6,14.8,0.0,3.1,2.1,127.0,7.2,3.6,35.0,18
2024-07-06 00:00:00,23.4,87,941.2,17.1,0.0,2.3,1.6,118.0,6.1,3.3,36.0,18
2024-07-06 01:00:00,23.2,88,940.5,16.8,0.0,1.7,1.2,109.0,4.8,3.0,38.0,18
2024-07-06 02:00:00,23.3,86,940.2,17.9,0.0,1.3,0.9,101.0,3.9,2.6,39.0,18
2024-07-06 03:00:00,23.2,86,939.9,15.1,0.1,3.3,2.3,97.0,3.4,2.1,39.0,18
2024-07-06 04:00:00,23.2,87,939.8,16.7,0.0,3.1,2.1,95.0,3.3,1.6,38.0,18
2024-07-06 05:00:00,23.3,87,939.9,17.3,0.0,1.7,1.2,98.0,2.9,1.4,42.0,18
2024-07-06 06:00:00,23.4,89,940.2,16.9,0.2,3.2,1.8,107.0,4.0,1.5,42.0,18
2024-07-06 07:00:00,23.9,88,940.7,19.0,0.1,6.4,2.7,118.0,5.6,1.6,41.0,18
2024-07-06 08:00:00,25.2,82,941.3,21.3,0.1,9.1,4.4,125.0,6.4,1.8,42.0,18
2024-07-06 09:00:00,26.0,78,942.1,23.2,0.2,9.7,4.7,123.0,5.9,2.4,44.0,19
2024-07-06 10:00:00,26.6,76,942.1,25.5,0.3,11.1,5.5,117.0,4.8,3.1,47.0,19
2024-07-06 11:00:00,27.0,75,942.1,27.2,0.2,16.5,7.7,111.0,3.7,3.5,51.0,19
2024-07-06 12:00:00,27.7,71,941.9,30.8,0.2,12.2,5.9,107.0,2.8,3.1,56.0,20
2024-07-06 13:00:00,27.0,73,941.2,29.6,0.5,10.4,4.5,103.0,2.0,2.4,61.0,21
2024-07-06 14:00:00,26.4,75,940.6,29.4,1.0,17.3,6.4,102.0,1.8,2.0,63.0,22
2024-07-06 15:00:00,26.5,77,940.0,29.1,0.5,15.5,7.0,107.0,2.6,2.2,61.0,23
2024-07-06 16:00:00,25.8,81,939.8,27.3,0.4,17.3,7.9,115.0,4.0,2.8,56.0,25
2024-07-06 17:00:00,25.2,82,939.9,23.6,0.1,14.0,7.5,121.0,5.3,3.3,50.0,25
2024-07-06 18:00:00,24.6,84,940.1,19.3,0.1,14.3,7.2,126.0,6.2,3.7,48.0,26
2024-07-06 19:00:00,24.1,87,940.8,14.1,0.1,13.8,7.5,134.0,7.6,4.2,44.0,26
2024-07-06 20:00:00,23.8,89,941.3,10.8,0.1,11.6,6.8,140.0,8.5,4.6,41.0,25
2024-07-06 21:00:00,23.7,89,941.9,11.8,0.1,7.9,5.1,144.0,8.9,4.8,39.0,25
2024-07-06 22:00:00,23.4,88,942.4,14.2,0.0,5.3,3.7,146.0,8.9,4.8,37.0,25
2024-07-06 23:00:00,23.0,89,942.4,12.0,0.0,3.8,2.6,145.0,8.5,4.7,36.0,25
2024-07-07 00:00:00,23.1,89,941.8,13.3,0.0,3.0,2.1,138.0,7.6,4.4,36.0,25
2024-07-07 01:00:00,23.0,88,941.2,15.6,0.0,2.6,1.7,129.0,6.3,4.1,38.0,25
2024-07-07 02:00:00,23.1,87,940.9,15.5,0.0,1.9,1.3,121.0,5.3,3.6,39.0,25
2024-07-07 03:00:00,23.2,87,940.7,14.7,0.0,1.5,1.0,117.0,4.7,3.0,40.0,25
2024-07-07 04:00:00,23.1,87,940.7,13.5,0.0,2.0,1.4,115.0,4.4,2.3,41.0,25
2024-07-07 05:00:00,22.9,87,940.9,13.7,0.0,2.6,1.9,113.0,3.6,2.1,42.0,25
2024-07-07 06:00:00,22.9,92,941.2,11.8,2.0,3.0,1.6,121.0,4.6,2.5,41.0,25
2024-07-07 07:00:00,23.2,90,941.7,13.8,0.6,3.6,2.4,131.0,5.9,3.1,40.0,25
2024-07-07 08:00:00,23.9,88,942.4,12.6,0.2,4.8,3.0,139.0,6.8,3.6,39.0,25
2024-07-07 09:00:00,25.0,82,943.0,18.6,0.5,5.5,3.3,142.0,6.8,4.0,39.0,25
2024-07-07 10:00:00,25.0,82,943.3,14.4,0.4,7.1,4.5,142.0,6.3,4.2,40.0,24
2024-07-07 11:00:00,26.0,77,943.0,19.9,0.1,11.3,5.9,140.0,5.8,4.3,41.0,24
2024-07-07 12:00:00,26.0,78,942.5,18.6,0.1,14.5,6.8,136.0,5.3,4.0,43.0,24
2024-07-07 13:00:00,26.0,78,942.2,17.9,0.2,18.5,9.0,129.0,4.8,3.5,45.0,24
2024-07-07 14:00:00,25.3,81,941.6,16.8,0.6,21.4,10.4,127.0,4.9,3.2,46.0,25
2024-07-07 15:00:00,25.2,83,941.1,16.1,0.8,16.8,8.9,131.0,6.0,3.2,43.0,26
2024-07-07 16:00:00,24.8,85,940.8,17.5,0.6,13.1,7.6,139.0,7.6,3.4,39.0,26
2024-07-07 17:00:00,24.5,85,941.1,14.6,0.3,4.5,2.9,158.0,10.2,5.8,38.0,26
2024-07-07 18:00:00,24.2,84,941.2,14.9,0.0,6.6,3.8,169.0,11.8,6.1,36.0,25
2024-07-07 19:00:00,23.7,87,942.0,15.6,0.0,5.7,3.8,185.0,14.0,6.6,33.0,24
2024-07-07 20:00:00,23.7,87,942.5,12.4,0.0,5.2,3.6,197.0,15.5,6.9,30.0,23
2024-07-07 21:00:00,23.2,89,943.0,10.0,0.0,5.6,3.9,203.0,15.7,7.2,28.0,23
2024-07-07 22:00:00,23.2,90,943.5,10.4,0.0,5.9,4.1,205.0,15.0,7.3,27.0,22
2024-07-07 23:00:00,23.4,90,943.4,11.2,0.0,5.2,3.6,200.0,13.9,7.2,26.0,23
2024-07-08 00:00:00,23.3,90,943.1,12.1,0.0,4.3,3.0,184.0,12.0,6.6,27.0,23
2024-07-08 01:00:00,23.0,92,942.1,11.9,0.0,4.1,2.9,161.0,9.5,5.7,29.0,23
2024-07-08 02:00:00,23.3,89,941.5,12.2,0.0,4.0,2.8,143.0,7.6,4.8,31.0,23
2024-07-08 03:00:00,23.3,88,941.2,13.4,0.0,5.7,4.0,134.0,6.6,3.8,31.0,24
2024-07-08 04:00:00,23.3,88,941.2,12.0,0.0,7.4,5.1,130.0,6.2,2.8,30.0,24
2024-07-08 05:00:00,23.2,88,941.5,10.4,0.0,3.0,1.5,116.0,4.9,4.1,35.0,25
2024-07-08 06:00:00,22.8,88,941.1,13.5,0.1,2.6,1.6,132.0,6.7,4.5,33.0,25
2024-07-08 07:00:00,23.3,88,941.6,14.0,0.3,3.6,2.4,155.0,9.0,5.0,30.0,25
2024-07-08 08:00:00,24.1,86,942.2,16.9,0.2,4.9,3.4,169.0,10.3,5.5,30.0,25
2024-07-08 09:00:00,24.9,84,942.9,14.7,0.6,4.7,2.9,168.0,9.5,5.9,36.0,25
2024-07-08 10:00:00,24.7,87,942.9,14.5,1.0,5.1,3.2,159.0,7.5,6.2,44.0,25
2024-07-08 11:00:00,25.5,84,943.0,14.8,0.1,6.4,4.0,149.0,5.8,6.1,51.0,25
2024-07-08 12:00:00,26.6,78,942.5,13.8,0.1,6.7,4.1,137.0,4.5,5.4,56.0,24
2024-07-08 13:00:00,27.1,73,941.8,16.2,0.2,10.0,4.5,124.0,3.4,4.3,59.0,24
2024-07-08 14:00:00,26.9,78,941.1,15.5,2.6,15.0,5.5,121.0,3.4,3.7,59.0,23
2024-07-08 15:00:00,26.1,76,940.6,19.2,0.4,16.6,7.4,135.0,5.3,4.0,54.0,22
2024-07-08 16:00:00,25.0,85,940.4,16.6,1.8,16.3,8.2,158.0,8.4,4.8,47.0,23
2024-07-08 17:00:00,24.2,92,940.8,14.6,0.8,12.2,7.1,160.0,8.5,5.8,50.0,24
2024-07-08 18:00:00,23.3,94,941.0,5.5,5.9,10.8,7.0,181.0,11.6,6.6,42.0,24
2024-07-08 19:00:00,23.2,95,941.3,5.4,3.1,9.5,6.6,210.0,15.9,7.7,32.0,24
2024-07-08 20:00:00,23.0,95,941.7,7.9,8.4,8.3,5.8,227.0,18.3,8.4,25.0,24
2024-07-08 21:00:00,23.0,94,942.5,8.7,16.9,6.2,4.3,221.0,17.2,8.2,25.0,24
2024-07-08 22:00:00,23.0,94,942.3,8.9,11.9,5.0,3.6,203.0,14.3,7.5,29.0,24
2024-07-08 23:00:00,22.7,95,942.1,10.5,9.4,4.1,2.9,186.0,11.8,6.9,32.0,24
2024-07-09 00:00:00,22.6,95,942.5,5.4,4.7,3.2,2.2,175.0,10.6,6.6,31.0,24
2024-07-09 01:00:00,22.7,94,941.8,10.1,1.3,3.0,2.1,166.0,9.8,6.5,29.0,24
2024-07-09 02:00:00,22.5,95,941.6,5.9,2.3,2.2,1.5,158.0,9.1,6.3,28.0,24
2024-07-09 03:00:00,22.5,94,941.1,10.3,0.6,1.7,1.2,149.0,8.2,6.0,28.0,23
2024-07-09 04:00:00,22.3,95,941.0,11.3,0.2,1.6,1.1,141.0,7.4,5.7,28.0,23
2024-07-09 05:00:00,22.2,94,941.7,9.8,0.0,4.2,3.0,115.0,4.6,3.9,35.0,22
2024-07-09 06:00:00,22.3,94,941.8,11.1,0.7,5.6,3.7,123.0,5.3,3.8,34.0,22
2024-07-09 07:00:00,23.1,90,942.6,10.5,0.1,9.5,5.5,134.0,6.2,3.7,33.0,23
2024-07-09 08:00:00,23.7,87,943.1,12.9,0.2,14.2,6.7,141.0,6.5,3.7,35.0,23
2024-07-09 09:00:00,24.3,85,943.6,9.8,0.1,16.1,7.0,138.0,5.5,3.9,42.0,24
2024-07-09 10:00:00,25.0,81,943.9,8.9,0.0,19.5,7.4,131.0,3.8,4.2,52.0,25
2024-07-09 11:00:00,26.1,78,943.7,8.7,0.0,25.3,8.1,125.0,2.5,4.3,60.0,26
2024-07-09 12:00:00,26.8,75,943.1,11.8,0.0,34.3,9.3,124.0,2.0,4.0,65.0,27
2024-07-09 13:00:00,27.3,74,942.8,12.9,0.1,29.1,9.2,124.0,1.8,3.6,69.0,28
2024-07-09 14:00:00,27.0,73,941.8,14.0,0.1,26.8,9.3,127.0,2.2,3.4,70.0,29
2024-07-09 15:00:00,27.7,71,941.3,14.3,0.1,23.4,9.1,132.0,3.1,3.8,68.0,30
2024-07-09 16:00:00,26.7,73,941.0,16.2,0.7,18.8,8.7,139.0,4.5,4.5,63.0,31
2024-07-09 17:00:00,24.6,85,941.3,16.9,5.9,11.4,5.5,121.0,3.7,2.8,53.0,31
2024-07-09 18:00:00,23.5,84,942.2,17.2,0.0,11.2,6.0,129.0,5.0,3.3,49.0,30
2024-07-09 19:00:00,23.3,84,942.8,16.6,0.0,17.9,9.2,139.0,6.8,3.9,45.0,30
2024-07-09 20:00:00,22.9,87,943.6,15.5,0.0,10.7,6.4,146.0,8.0,4.4,41.0,31
2024-07-09 21:00:00,23.0,87,944.3,15.6,0.0,8.7,5.5,148.0,8.1,4.7,40.0,31
2024-07-09 22:00:00,23.0,87,944.5,17.1,0.0,7.6,4.8,146.0,7.7,4.9,40.0,31
2024-07-09 23:00:00,23.0,88,944.6,16.8,0.0,5.8,3.7,143.0,7.2,4.9,40.0,31
2024-07-10 00:00:00,23.1,87,944.6,16.3,0.0,4.7,3.1,138.0,6.7,4.7,40.0,32
2024-07-10 01:00:00,23.0,88,944.3,15.7,0.0,3.9,2.6,132.0,6.0,4.3,40.0,32
2024-07-10 02:00:00,22.7,90,943.7,16.5,0.0,3.5,2.3,126.0,5.4,4.0,40.0,32
2024-07-10 03:00:00,22.6,91,943.3,15.3,0.0,3.6,2.3,120.0,4.7,3.7,41.0,32
2024-07-10 04:00:00,22.7,90,943.4,12.7,0.0,4.4,2.5,115.0,4.0,3.4,43.0,32
2024-07-10 05:00:00,23.0,89,943.8,11.1,0.0,12.2,6.0,118.0,4.4,3.6,41.0,33
2024-07-10 06:00:00,23.1,89,944.7,9.3,0.0,10.5,5.4,126.0,4.8,3.8,41.0,33
2024-07-10 07:00:00,23.9,85,945.5,10.0,0.0,10.7,5.1,137.0,5.3,4.1,42.0,34
2024-07-10 08:00:00,24.9,81,946.1,17.1,0.0,9.9,4.7,143.0,5.3,4.3,45.0,34
2024-07-10 09:00:00,25.8,76,946.7,19.0,0.1,10.5,4.7,140.0,4.4,4.2,52.0,33
2024-07-10 10:00:00,26.5,74,946.8,18.4,0.2,11.4,5.1,133.0,3.1,4.0,60.0,33
2024-07-10 11:00:00,27.2,72,946.6,19.5,0.2,13.0,5.5,127.0,2.1,3.7,66.0,32
2024-07-10 12:00:00,27.8,69,946.3,18.3,0.0,16.2,5.8,123.0,1.7,3.2,68.0,31
2024-07-10 13:00:00,28.2,70,945.7,16.6,0.0,22.1,7.1,120.0,1.6,2.7,67.0,31
2024-07-10 14:00:00,27.6,72,944.6,18.7,0.1,27.8,7.8,119.0,1.9,2.4,65.0,30
2024-07-10 15:00:00,27.5,70,944.0,20.8,0.1,27.2,8.2,122.0,2.5,2.7,63.0,30
2024-07-10 16:00:00,27.0,73,943.8,21.6,0.0,20.0,7.8,128.0,3.5,3.3,61.0,30
2024-07-10 17:00:00,26.1,77,944.1,19.5,0.0,24.6,10.7,142.0,5.0,4.2,58.0,29
2024-07-10 18:00:00,25.7,76,944.6,15.5,0.0,22.0,10.4,151.0,6.8,4.6,52.0,31
2024-07-10 19:00:00,24.6,81,945.3,12.4,0.0,18.4,9.8,164.0,9.2,5.2,43.0,32
2024-07-10 20:00:00,23.7,86,946.2,10.2,0.0,17.3,9.5,174.0,11.0,5.8,36.0,32
2024-07-10 21:00:00,23.4,88,946.7,10.4,0.0,16.4,9.2,181.0,11.8,6.4,33.0,33
2024-07-10 22:00:00,23.3,88,946.9,9.7,0.0,16.4,9.7,186.0,12.0,6.9,31.0,33
2024-07-10 23:00:00,23.2,89,946.9,10.1,0.0,16.6,9.6,184.0,11.5,6.9,31.0,34
2024-07-11 00:00:00,23.0,89,946.2,11.6,0.0,15.5,9.3,171.0,10.0,6.0,32.0,36
2024-07-11 01:00:00,23.0,88,945.4,13.0,0.0,12.0,7.3,152.0,7.9,4.6,34.0,37
2024-07-11 02:00:00,22.7,89,944.9,12.2,0.0,7.8,5.0,137.0,6.2,3.6,36.0,38
2024-07-11 03:00:00,22.6,89,944.7,13.3,0.0,4.5,3.0,129.0,5.4,3.4,37.0,39
2024-07-11 04:00:00,22.7,88,944.5,12.4,0.0,3.6,2.5,124.0,4.9,3.6,37.0,39
2024-07-11 05:00:00,22.8,87,944.6,11.4,0.0,3.1,2.0,134.0,5.5,4.0,32.0,39
2024-07-11 06:00:00,22.6,87,945.3,13.2,0.0,2.1,1.4,134.0,5.3,4.0,34.0,38
2024-07-11 07:00:00,23.2,86,945.8,15.1,0.0,2.9,1.7,135.0,5.0,3.9,37.0,37
2024-07-11 08:00:00,24.8,80,946.4,18.5,0.1,5.6,2.9,134.0,4.5,3.9,42.0,37
2024-07-11 09:00:00,25.3,79,946.5,17.4,0.1,12.5,5.4,132.0,3.6,3.9,49.0,36
2024-07-11 10:00:00,24.3,90,946.5,15.1,2.7,20.3,8.0,129.0,2.6,3.9,57.0,36
2024-07-11 11:00:00,24.6,90,946.1,15.8,2.6,28.9,10.5,126.0,1.8,3.9,63.0,37
2024-07-11 12:00:00,24.9,86,945.4,18.4,0.8,31.1,11.6,123.0,1.5,3.7,66.0,38
2024-07-11 13:00:00,25.0,83,944.7,17.4,0.8,27.5,10.9,121.0,1.5,3.5,67.0,39
2024-07-11 14:00:00,26.9,77,944.0,19.5,0.1,23.7,9.8,121.0,1.9,3.4,65.0,40
2024-07-11 15:00:00,26.5,78,943.3,20.4,1.2,16.0,8.1,125.0,2.9,3.5,60.0,41
2024-07-11 16:00:00,25.4,79,943.0,23.1,2.1,11.8,6.6,132.0,4.3,3.7,52.0,41
2024-07-11 17:00:00,25.0,84,942.8,19.9,0.1,7.0,4.3,147.0,8.3,4.3,34.0,40
2024-07-11 18:00:00,24.5,84,942.8,22.1,0.2,4.0,2.6,147.0,8.3,4.3,34.0,39
2024-07-11 19:00:00,23.8,90,943.6,20.3,0.2,3.5,2.4,146.0,8.3,4.3,35.0,37
2024-07-11 20:00:00,23.6,91,944.0,16.7,0.3,3.8,2.5,144.0,8.2,4.3,35.0,35
2024-07-11 21:00:00,23.4,93,944.2,15.7,0.4,3.7,2.5,141.0,7.9,4.2,34.0,34
2024-07-11 22:00:00,23.2,92,944.4,16.0,0.2,5.4,3.4,138.0,7.4,4.1,34.0,32
2024-07-11 23:00:00,23.1,93,944.2,15.8,0.1,8.3,4.7,133.0,6.9,4.0,33.0,31
2024-07-12 00:00:00,23.0,94,943.6,13.5,0.0,8.0,4.5,127.0,6.1,3.8,33.0,30
2024-07-12 01:00:00,23.2,93,942.8,13.7,0.0,5.8,3.3,119.0,5.3,3.6,33.0,29
2024-07-12 02:00:00,23.0,92,942.4,13.4,0.0,4.7,2.8,114.0,4.7,3.5,33.0,28
2024-07-12 03:00:00,23.1,91,942.1,13.8,0.0,4.4,2.6,112.0,4.5,3.5,32.0,27
2024-07-12 04:00:00,23.0,91,941.9,14.0,0.0,4.3,2.5,112.0,4.6,3.6,30.0,27
2024-07-12 05:00:00,22.9,92,942.2,13.9,0.0,8.6,4.1,106.0,3.8,3.1,33.0,27
2024-07-12 06:00:00,23.3,91,942.9,13.1,0.0,5.8,2.9,113.0,4.3,3.4,33.0,28
2024-07-12 07:00:00,23.9,88,943.1,17.2,0.0,4.1,2.2,122.0,4.9,3.7,32.0,28
2024-07-12 08:00:00,24.8,84,944.2,16.4,0.2,4.3,2.2,128.0,5.1,3.9,33.0,28
2024-07-12 09:00:00,25.3,81,944.5,19.5,0.3,4.7,2.6,126.0,4.5,3.6,36.0,28
2024-07-12 10:00:00,25.4,81,944.3,20.9,0.2,5.3,2.8,119.0,3.4,3.1,39.0,27
2024-07-12 11:00:00,26.2,77,944.0,22.9,0.5,6.1,2.8,116.0,2.7,2.8,42.0,26
2024-07-12 12:00:00,26.0,81,943.3,24.0,0.9,7.9,3.9,118.0,2.5,2.9,44.0,24
2024-07-12 13:00:00,25.5,82,942.7,19.1,1.2,6.9,4.0,122.0,2.7,3.2,46.0,22
2024-07-12 14:00:00,25.4,85,941.9,18.6,0.6,4.8,3.0,128.0,3.3,3.5,46.0,21
2024-07-12 15:00:00,25.1,85,941.6,19.7,0.3,5.9,3.8,137.0,4.7,3.8,44.0,19
2024-07-12 16:00:00,24.8,84,941.3,20.5,0.4,6.5,4.3,147.0,6.5,4.2,40.0,19
2024-07-12 17:00:00,24.6,86,941.4,18.1,0.3,2.7,1.9,144.0,6.8,4.0,38.0,20
2024-07-12 18:00:00,23.0,94,941.8,12.3,9.3,3.7,2.5,145.0,7.4,4.2,37.0,20
2024-07-12 19:00:00,23.1,93,942.4,13.0,4.0,4.0,2.9,147.0,8.1,4.4,35.0,20
2024-07-12 20:00:00,23.2,94,943.0,15.0,0.8,3.5,2.5,147.0,8.5,4.5,34.0,19
2024-07-12 21:00:00,23.0,93,943.6,13.4,0.7,2.9,2.0,146.0,8.3,4.5,34.0,19
2024-07-12 22:00:00,22.9,93,943.5,14.3,1.3,3.0,2.0,144.0,7.7,4.4,34.0,18
2024-07-12 23:00:00,23.2,92,943.2,17.9,1.2,2.5,1.7,139.0,6.8,4.1,35.0,17
2024-07-13 00:00:00,23.4,91,942.7,19.8,0.1,2.0,1.4,130.0,5.5,3.6,37.0,17
2024-07-13 01:00:00,23.3,92,942.1,20.5,0.2,1.6,1.0,119.0,4.0,3.0,39.0,16
2024-07-13 02:00:00,23.2,92,941.3,19.5,0.3,1.4,0.9,111.0,2.9,2.5,40.0,17
2024-07-13 03:00:00,22.8,91,941.1,17.6,0.8,1.3,0.9,108.0,2.5,2.4,40.0,17
2024-07-13 04:00:00,23.0,89,941.3,18.9,0.1,1.0,0.7,109.0,2.5,2.5,40.0,17
2024-07-13 05:00:00,22.7,91,941.7,16.9,0.2,1.4,1.0,115.0,2.9,2.5,38.0,17
2024-07-13 06:00:00,22.7,91,942.6,14.9,0.0,1.5,1.1,124.0,3.6,2.7,37.0,18
2024-07-13 07:00:00,23.2,89,942.9,17.3,0.0,3.0,1.9,136.0,4.5,3.1,36.0,18
2024-07-13 08:00:00,24.5,83,943.4,18.8,0.0,4.5,2.6,143.0,5.0,3.3,37.0,18
2024-07-13 09:00:00,25.2,80,943.9,19.9,0.0,4.9,2.9,140.0,4.5,3.4,41.0,18
2024-07-13 10:00:00,25.8,76,944.1,24.1,0.2,3.6,2.3,132.0,3.5,3.4,46.0,18
2024-07-13 11:00:00,26.5,75,943.8,23.5,0.1,3.7,2.5,126.0,2.8,3.4,49.0,18
2024-07-13 12:00:00,26.5,76,943.2,24.9,0.5,2.4,1.7,123.0,2.7,3.2,50.0,19
2024-07-13 13:00:00,25.3,80,942.5,24.6,0.8,3.3,2.1,122.0,3.0,3.0,49.0,19
2024-07-13 14:00:00,25.2,82,941.8,26.6,0.4,7.9,5.0,122.0,3.4,2.8,47.0,20
2024-07-13 15:00:00,24.8,82,941.4,27.1,1.6,7.0,4.8,125.0,4.1,2.7,45.0,21
2024-07-13 16:00:00,24.8,86,941.0,27.2,2.1,5.2,3.5,129.0,5.1,2.7,41.0,21
2024-07-13 17:00:00,24.4,85,940.9,22.7,0.4,2.3,1.7,131.0,4.9,2.8,42.0,21
2024-07-13 18:00:00,23.6,91,940.3,22.2,1.8,2.1,1.5,135.0,5.8,3.0,40.0,21
2024-07-13 19:00:00,23.4,92,941.1,21.7,1.8,2.5,1.7,140.0,7.0,3.3,37.0,21
2024-07-13 20:00:00,23.4,91,941.8,24.1,3.5,2.9,2.0,142.0,7.7,3.6,35.0,20
2024-07-13 21:00:00,23.2,92,942.5,21.7,1.1,2.5,1.8,140.0,7.5,3.8,35.0,19
2024-07-13 22:00:00,23.0,92,943.0,18.7,1.0,2.6,1.8,136.0,6.7,3.9,36.0,19
2024-07-13 23:00:00,22.9,93,942.6,17.2,0.9,2.8,2.0,131.0,6.0,3.9,37.0,18
2024-07-14 00:00:00,22.8,93,942.1,17.8,1.7,2.8,1.9,126.0,5.4,3.8,37.0,18
2024-07-14 01:00:00,22.7,93,941.0,18.1,2.1,1.6,1.1,119.0,4.8,3.6,36.0,17
2024-07-14 02:00:00,22.7,93,940.6,17.6,2.2,1.1,0.8,115.0,4.4,3.5,36.0,17
2024-07-14 03:00:00,22.8,92,940.4,15.4,0.8,1.0,0.7,112.0,4.1,3.5,36.0,17
2024-07-14 04:00:00,22.8,93,940.4,17.5,0.5,0.9,0.6,111.0,3.9,3.5,35.0,17
2024-07-14 05:00:00,22.7,93,940.3,17.6,0.5,1.3,0.9,116.0,4.7,4.2,33.0,17
2024-07-14 06:00:00,23.0,95,940.6,8.2,11.3,1.3,0.9,127.0,5.7,4.5,33.0,17
2024-07-14 07:00:00,23.0,95,941.2,5.8,12.9,2.3,1.6,142.0,7.1,5.0,33.0,16
2024-07-14 08:00:00,23.3,93,941.4,11.9,7.0,3.0,2.0,152.0,7.9,5.3,34.0,16
2024-07-14 09:00:00,23.2,92,941.6,16.2,4.0,3.1,2.0,151.0,7.5,5.2,37.0,16
2024-07-14 10:00:00,24.3,86,941.8,18.0,1.5,4.9,2.7,144.0,6.5,5.0,40.0,16
2024-07-14 11:00:00,23.6,90,941.7,14.4,1.5,4.5,2.8,140.0,5.8,4.8,43.0,16
2024-07-14 12:00:00,23.1,93,941.3,16.0,1.9,4.2,2.7,142.0,5.7,4.8,45.0,17
2024-07-14 13:00:00,23.1,92,940.4,14.4,1.9,4.4,2.9,145.0,5.8,4.9,47.0,17
2024-07-14 14:00:00,24.1,88,939.6,16.9,1.5,4.6,3.2,149.0,6.2,5.0,47.0,18
2024-07-14 15:00:00,24.3,85,939.3,19.8,0.2,6.3,3.8,150.0,6.9,4.9,45.0,19
2024-07-14 16:00:00,24.0,88,939.1,16.3,0.2,5.4,3.5,151.0,8.0,4.8,41.0,20
2024-07-14 17:00:00,23.7,90,939.2,15.1,0.4,3.1,2.2,153.0,8.2,5.4,43.0,20
2024-07-14 18:00:00,23.5,94,938.8,9.4,3.6,4.0,2.8,164.0,9.7,5.9,41.0,20
2024-07-14 19:00:00,23.3,94,939.6,9.1,4.9,5.1,3.5,179.0,11.7,6.7,38.0,20
2024-07-14 20:00:00,23.1,94,940.0,11.0,3.5,5.3,3.6,190.0,13.1,7.2,35.0,20
2024-07-14 21:00:00,23.2,94,940.6,11.8,5.1,5.4,3.6,196.0,13.4,7.3,34.0,20
2024-07-14 22:00:00,23.0,94,941.0,13.1,3.1,4.9,3.2,199.0,13.0,7.2,33.0,19
2024-07-14 23:00:00,22.9,94,941.0,12.5,2.2,5.3,3.1,196.0,12.2,6.9,33.0,18
2024-07-15 00:00:00,22.8,94,940.9,8.8,1.4,3.1,2.1,183.0,10.7,6.3,33.0,17
2024-07-15 01:00:00,22.7,95,940.2,11.6,0.8,2.0,1.4,165.0,8.6,5.6,34.0,17
2024-07-15 02:00:00,22.5,95,939.3,12.6,0.8,1.8,1.3,149.0,6.9,5.0,35.0,16
2024-07-15 03:00:00,22.5,94,939.1,11.9,0.5,2.1,1.4,137.0,5.7,4.6,36.0,16
2024-07-15 04:00:00,22.7,94,939.1,11.2,0.5,3.2,2.1,127.0,4.8,4.3,38.0,16
2024-07-15 05:00:00,22.9,94,939.2,13.1,0.2,5.5,3.1,130.0,5.2,4.8,36.0,16
2024-07-15 06:00:00,22.7,93,940.1,10.9,0.0,8.5,4.3,134.0,5.4,4.8,37.0,16
2024-07-15 07:00:00,23.5,89,940.7,14.1,0.0,13.6,5.9,139.0,5.7,4.7,39.0,16
2024-07-15 08:00:00,23.9,88,941.2,14.9,0.0,18.2,7.2,143.0,5.8,4.7,41.0,17
2024-07-15 09:00:00,24.7,85,941.2,14.3,0.0,21.0,8.0,144.0,5.7,4.8,43.0,17
2024-07-15 10:00:00,26.1,77,941.5,14.7,0.1,19.8,7.3,143.0,5.4,5.0,46.0,19
2024-07-15 11:00:00,26.8,77,941.5,13.7,0.1,20.5,8.0,142.0,5.3,5.2,48.0,20
2024-07-15 12:00:00,27.8,72,940.6,15.5,0.0,17.3,8.0,142.0,5.3,5.5,50.0,21
2024-07-15 13:00:00,28.7,68,940.0,18.8,0.0,18.2,7.8,143.0,5.4,5.9,52.0,22
2024-07-15 14:00:00,27.1,72,939.2,18.4,0.1,17.4,7.8,144.0,5.7,6.0,53.0,23
2024-07-15 15:00:00,27.6,72,938.8,18.4,0.1,15.7,6.8,144.0,6.1,5.5,52.0,24
2024-07-15 16:00:00,26.9,71,938.7,20.5,0.1,17.1,7.1,144.0,6.7,4.7,49.0,25
2024-07-15 17:00:00,25.9,76,938.8,19.1,0.1,13.8,6.3,140.0,6.4,3.4,47.0,26
2024-07-15 18:00:00,24.7,81,939.2,13.8,0.0,14.2,7.3,160.0,9.2,4.8,42.0,27
2024-07-15 19:00:00,23.8,87,939.8,11.2,0.7,14.9,8.4,187.0,12.9,6.7,36.0,28
2024-07-15 20:00:00,23.5,89,940.1,10.2,0.4,15.4,9.1,206.0,15.4,8.1,31.0,29
2024-07-15 21:00:00,23.3,92,940.6,8.1,0.0,14.1,8.6,210.0,15.6,8.6,29.0,30
2024-07-15 22:00:00,23.2,92,940.8,11.5,0.2,12.3,7.8,206.0,14.5,8.6,29.0,31
2024-07-15 23:00:00,23.0,93,940.4,11.4,0.0,10.4,6.8,197.0,13.1,8.2,30.0,32
2024-07-16 00:00:00,22.7,94,940.0,11.0,0.0,8.0,5.3,182.0,11.3,7.4,31.0,33
2024-07-16 01:00:00,22.7,94,939.7,14.1,0.6,6.3,4.2,161.0,9.1,6.2,32.0,34
2024-07-16 02:00:00,22.6,95,938.8,13.7,0.3,5.5,3.7,144.0,7.3,5.3,34.0,35
2024-07-16 03:00:00,22.6,95,938.7,11.6,0.3,4.3,2.8,132.0,6.2,5.0,36.0,35
2024-07-16 04:00:00,22.8,94,939.2,11.3,0.1,3.5,2.3,124.0,5.4,5.1,37.0,36
2024-07-16 05:00:00,22.9,93,939.3,9.9,0.0,3.4,2.3,133.0,6.6,6.7,33.0,36
2024-07-16 06:00:00,22.5,94,940.1,6.4,0.0,3.0,2.0,142.0,7.3,7.0,33.0,35
2024-07-16 07:00:00,23.1,91,940.2,8.7,0.0,3.7,2.6,154.0,8.3,7.3,34.0,35
2024-07-16 08:00:00,24.9,81,941.1,11.5,0.0,4.5,3.1,160.0,8.6,7.4,37.0,34
2024-07-16 09:00:00,26.2,76,941.2,11.2,0.0,5.4,3.7,155.0,7.7,7.1,43.0,33
2024-07-16 10:00:00,26.9,72,941.5,12.5,0.1,6.4,4.3,145.0,6.1,6.5,51.0,32
2024-07-16 11:00:00,27.9,68,941.1,16.0,0.1,7.7,5.0,135.0,4.6,5.8,58.0,32
2024-07-16 12:00:00,28.6,66,940.4,17.6,0.1,7.4,5.0,127.0,3.3,5.0,64.0,31
2024-07-16 13:00:00,28.8,65,939.2,22.3,0.6,6.8,4.7,120.0,2.1,4.1,69.0,30
2024-07-16 14:00:00,27.4,74,938.4,26.0,0.3,4.8,3.5,117.0,1.8,3.5,70.0,29
2024-07-16 15:00:00,27.1,75,937.8,26.7,0.0,4.8,3.5,121.0,3.1,3.5,63.0,28
2024-07-16 16:00:00,26.3,79,937.8,24.3,0.0,4.2,3.1,130.0,5.4,3.9,52.0,28
2024-07-16 17:00:00,25.3,82,938.0,19.7,0.0,6.0,4.3,139.0,5.8,4.6,48.0,27
2024-07-16 18:00:00,24.2,81,939.4,16.2,0.0,4.7,3.4,140.0,6.4,4.7,46.0,28
2024-07-16 19:00:00,23.6,83,940.0,15.1,0.0,6.1,4.2,141.0,7.3,4.8,43.0,27
2024-07-16 20:00:00,23.3,85,940.4,15.6,0.0,8.6,5.4,142.0,8.0,4.8,41.0,26
2024-07-16 21:00:00,23.1,85,940.8,16.7,0.0,9.5,5.8,144.0,8.4,4.8,39.0,25
2024-07-16 22:00:00,23.0,87,941.1,16.1,0.0,9.3,5.9,146.0,8.5,4.7,38.0,23
2024-07-16 23:00:00,23.1,88,941.0,16.6,0.0,8.5,5.2,144.0,8.2,4.6,37.0,22
2024-07-17 00:00:00,23.1,90,940.3,18.7,0.0,5.8,3.4,136.0,7.2,4.2,38.0,22
2024-07-17 01:00:00,23.4,88,939.8,16.9,0.0,3.5,2.1,124.0,5.8,3.8,39.0,22
2024-07-17 02:00:00,23.6,87,939.6,14.8,0.0,2.3,1.5,115.0,4.7,3.5,40.0,21
2024-07-17 03:00:00,23.5,88,939.3,14.3,0.0,1.7,1.1,111.0,4.2,3.5,40.0,21
2024-07-17 04:00:00,23.5,87,939.3,14.5,0.0,1.3,0.9,110.0,4.0,3.6,40.0,20
2024-07-17 05:00:00,23.5,88,940.0,12.4,0.0,1.4,0.9,104.0,3.4,3.1,42.0,20
2024-07-17 06:00:00,22.9,90,940.9,8.4,0.1,1.8,1.1,113.0,4.3,3.4,42.0,20
2024-07-17 07:00:00,23.3,90,941.4,10.6,0.3,2.5,1.6,125.0,5.5,3.8,41.0,19
2024-07-17 08:00:00,24.3,86,942.4,10.0,0.2,2.6,1.7,133.0,6.1,4.1,42.0,19
2024-07-17 09:00:00,24.6,85,942.8,12.8,0.2,2.2,1.5,134.0,5.7,4.2,46.0,19
2024-07-17 10:00:00,25.5,81,942.8,16.0,0.1,2.8,1.8,131.0,4.7,4.1,51.0,19
2024-07-17 11:00:00,26.7,75,942.9,19.3,0.1,2.9,1.9,128.0,3.9,4.0,55.0,20
2024-07-17 12:00:00,26.9,77,942.6,20.3,0.2,2.3,1.5,124.0,3.4,3.7,56.0,21
2024-07-17 13:00:00,26.6,76,941.8,25.0,0.1,3.3,2.3,118.0,3.0,3.3,56.0,22
2024-07-17 14:00:00,26.1,78,941.3,23.5,0.8,2.0,1.4,117.0,3.2,3.1,54.0,23
2024-07-17 15:00:00,25.7,81,940.6,23.7,3.4,2.3,1.6,123.0,4.4,3.1,50.0,23
2024-07-17 16:00:00,25.1,84,940.5,22.9,0.2,2.6,1.9,133.0,6.1,3.3,44.0,24
2024-07-17 17:00:00,24.9,85,940.6,19.5,0.4,11.8,7.1,168.0,11.5,4.9,35.0,24
2024-07-17 18:00:00,24.6,86,940.5,13.2,0.6,9.7,6.2,166.0,11.3,5.1,34.0,23
2024-07-17 19:00:00,23.9,91,941.3,11.3,0.5,7.7,5.2,163.0,11.0,5.4,34.0,22
2024-07-17 20:00:00,23.5,93,942.2,11.1,0.9,6.6,4.5,161.0,10.6,5.5,33.0,21
2024-07-17 21:00:00,23.3,93,942.5,12.9,0.9,5.8,4.1,160.0,10.3,5.4,32.0,20
2024-07-17 22:00:00,23.3,93,942.9,13.5,1.2,4.3,2.9,160.0,9.8,5.3,32.0,18
2024-07-17 23:00:00,23.2,93,942.8,15.2,0.8,3.6,2.5,157.0,9.2,5.0,32.0,17
2024-07-18 00:00:00,23.1,93,942.2,13.0,0.5,2.2,1.6,149.0,8.1,4.6,33.0,16
2024-07-18 01:00:00,23.0,93,941.5,14.5,0.4,1.7,1.2,137.0,6.8,4.2,36.0,15
2024-07-18 02:00:00,23.0,92,940.9,14.2,0.2,1.7,1.1,128.0,5.6,3.8,38.0,15
2024-07-18 03:00:00,22.9,92,940.7,14.7,0.1,1.1,0.7,121.0,4.7,3.6,40.0,16
2024-07-18 04:00:00,23.0,92,940.6,16.6,0.2,0.9,0.6,115.0,3.9,3.4,42.0,16
2024-07-18 05:00:00,23.3,90,940.8,18.0,0.1,2.0,1.4,124.0,4.6,1.9,36.0,17
2024-07-18 06:00:00,23.5,92,941.1,14.1,0.1,2.9,2.0,126.0,4.9,2.1,38.0,17
2024-07-18 07:00:00,23.9,90,942.3,18.6,0.1,4.0,2.8,130.0,5.3,2.4,40.0,17
2024-07-18 08:00:00,25.1,84,942.9,19.1,0.1,3.3,2.3,132.0,5.5,2.7,43.0,18
2024-07-18 09:00:00,25.5,82,943.4,21.6,0.1,2.3,1.6,132.0,5.3,3.2,46.0,18
2024-07-18 10:00:00,25.4,83,943.4,22.5,0.1,2.9,2.0,131.0,4.8,3.8,49.0,19
2024-07-18 11:00:00,25.3,84,943.1,21.1,0.1,3.4,2.3,130.0,4.4,4.1,51.0,19
2024-07-18 12:00:00,25.9,80,942.7,25.6,0.1,3.2,2.2,129.0,4.0,4.0,53.0,20
2024-07-18 13:00:00,26.7,76,942.4,26.5,0.1,5.0,3.2,128.0,3.6,3.6,55.0,21
2024-07-18 14:00:00,25.7,80,941.2,26.7,0.1,6.2,4.0,127.0,3.6,3.3,55.0,22
2024-07-18 15:00:00,25.4,82,940.5,24.8,0.7,6.4,3.6,127.0,4.1,3.2,54.0,23
2024-07-18 16:00:00,24.9,83,940.3,26.2,0.7,4.5,3.1,128.0,4.9,3.2,51.0,24
2024-07-18 17:00:00,24.9,83,940.6,21.9,0.1,5.6,3.6,135.0,6.4,3.8,50.0,24
2024-07-18 18:00:00,23.9,90,940.3,17.5,1.0,3.5,2.4,138.0,7.0,3.9,48.0,24
2024-07-18 19:00:00,23.8,90,941.1,18.3,0.4,2.8,1.9,142.0,7.8,4.0,45.0,24
2024-07-18 20:00:00,23.7,90,941.4,18.7,0.7,2.9,2.0,143.0,8.1,4.0,44.0,24
2024-07-18 21:00:00,23.5,90,941.7,18.3,0.1,2.6,1.8,138.0,7.4,3.9,45.0,23
2024-07-18 22:00:00,23.3,91,942.4,14.5,0.0,2.4,1.7,131.0,6.3,3.6,47.0,23
2024-07-18 23:00:00,23.3,89,942.1,15.8,0.2,2.0,1.3,123.0,5.2,3.4,49.0,22
2024-07-19 00:00:00,23.2,91,941.3,17.3,0.1,1.4,1.0,115.0,4.3,3.1,49.0,22
2024-07-19 01:00:00,23.4,90,940.3,18.2,0.1,1.0,0.7,107.0,3.5,2.9,49.0,22
2024-07-19 02:00:00,23.3,90,939.6,21.1,0.1,1.3,0.8,101.0,3.0,2.7,48.0,22
2024-07-19 03:00:00,23.4,89,939.2,22.2,0.0,1.4,0.8,98.0,2.8,2.7,47.0,22
2024-07-19 04:00:00,23.5,89,939.4,21.6,0.1,1.2,0.8,97.0,2.8,2.7,45.0,22
2024-07-19 05:00:00,23.3,90,939.9,19.7,0.1,4.4,2.6,98.0,2.7,2.4,47.0,22
2024-07-19 06:00:00,23.2,92,940.2,13.7,0.7,2.8,1.7,109.0,4.0,2.8,44.0,22
2024-07-19 07:00:00,23.5,92,940.5,19.8,0.8,2.0,1.4,125.0,5.7,3.3,41.0,22
2024-07-19 08:00:00,23.7,91,940.8,21.1,0.8,2.4,1.7,135.0,6.8,3.7,39.0,21
2024-07-19 09:00:00,23.9,91,941.4,21.9,0.6,2.5,1.7,135.0,6.5,3.8,41.0,21
2024-07-19 10:00:00,23.6,90,941.6,21.1,0.5,2.3,1.6,130.0,5.4,3.8,46.0,20
2024-07-19 11:00:00,24.4,85,941.3,24.6,0.4,2.4,1.6,126.0,4.6,3.8,50.0,20
2024-07-19 12:00:00,24.8,83,940.6,24.9,0.4,3.7,2.6,126.0,4.2,3.7,53.0,20
2024-07-19 13:00:00,25.1,84,940.1,23.9,0.2,2.5,1.8,128.0,4.1,3.6,57.0,21
2024-07-19 14:00:00,24.7,85,939.4,21.3,0.1,3.1,2.2,130.0,4.2,3.4,58.0,22
2024-07-19 15:00:00,25.0,83,938.8,23.6,0.1,2.9,2.1,132.0,4.7,3.2,56.0,22
2024-07-19 16:00:00,25.0,83,938.3,24.6,0.2,2.4,1.7,134.0,5.5,2.9,53.0,23
2024-07-19 17:00:00,24.7,83,938.5,20.8,0.2,2.6,1.8,146.0,7.7,3.5,45.0,24
2024-07-19 18:00:00,24.1,86,939.4,13.7,0.1,3.0,2.1,156.0,8.7,3.8,43.0,24
2024-07-19 19:00:00,23.6,87,939.7,15.3,0.1,2.9,2.0,169.0,10.1,4.2,41.0,24
2024-07-19 20:00:00,23.4,88,940.1,15.4,0.1,2.5,1.8,177.0,10.8,4.5,39.0,24
2024-07-19 21:00:00,23.5,88,940.5,12.7,0.0,2.4,1.7,176.0,10.4,4.5,38.0,23
2024-07-19 22:00:00,23.6,88,940.7,13.8,0.0,2.4,1.7,170.0,9.4,4.4,38.0,22
2024-07-19 23:00:00,23.5,89,940.6,11.4,0.0,2.1,1.4,161.0,8.1,4.1,39.0,20
2024-07-20 00:00:00,23.6,89,939.7,12.6,0.0,1.5,1.0,147.0,6.6,3.6,41.0,19
2024-07-20 01:00:00,23.6,89,939.2,12.5,0.1,1.4,1.0,130.0,4.8,3.1,43.0,19
2024-07-20 02:00:00,23.5,90,938.8,13.8,0.1,1.0,0.7,117.0,3.5,2.6,45.0,19
2024-07-20 03:00:00,23.7,90,938.9,14.0,0.0,0.9,0.6,110.0,2.8,2.3,46.0,19
2024-07-20 04:00:00,23.7,89,938.8,14.7,0.0,1.2,0.8,108.0,2.5,2.2,46.0,19
2024-07-20 05:00:00,23.6,90,939.3,15.7,0.0,1.1,0.7,120.0,4.0,3.1,40.0,19
2024-07-20 06:00:00,23.2,91,939.6,22.2,1.4,1.0,0.7,125.0,4.5,3.1,41.0,20
2024-07-20 07:00:00,23.3,91,940.7,18.2,3.3,1.6,1.1,132.0,5.2,3.2,42.0,20
2024-07-20 08:00:00,23.3,91,941.0,19.0,2.8,1.8,1.2,136.0,5.5,3.3,44.0,20
2024-07-20 09:00:00,23.5,91,941.7,16.2,3.7,1.7,1.2,134.0,5.1,3.4,46.0,20
2024-07-20 10:00:00,23.8,90,942.1,17.4,2.7,2.4,1.8,130.0,4.4,3.5,49.0,20
2024-07-20 11:00:00,24.8,84,941.8,23.6,0.9,2.1,1.5,126.0,3.8,3.6,51.0,21
2024-07-20 12:00:00,24.8,86,941.6,21.4,0.3,2.1,1.5,125.0,3.5,3.6,52.0,21
2024-07-20 13:00:00,25.1,84,940.9,21.8,0.2,3.4,2.5,125.0,3.4,3.5,53.0,21
2024-07-20 14:00:00,25.9,79,940.4,27.0,0.1,2.9,2.1,126.0,3.5,3.3,52.0,22
2024-07-20 15:00:00,25.7,79,939.7,27.3,0.1,3.4,2.4,127.0,4.0,3.0,50.0,23
2024-07-20 16:00:00,25.4,80,939.6,26.8,0.1,1.9,1.4,129.0,4.7,2.8,47.0,23
2024-07-20 17:00:00,24.7,83,939.8,22.9,0.1,4.5,3.3,146.0,7.5,3.7,40.0,23
2024-07-20 18:00:00,23.8,84,941.1,19.6,0.1,5.8,4.0,146.0,7.4,3.8,40.0,23
2024-07-20 19:00:00,23.0,91,941.4,19.4,0.8,7.0,4.8,146.0,7.3,4.0,41.0,22
2024-07-20 20:00:00,22.9,92,942.3,16.0,1.4,6.2,4.3,146.0,7.2,4.1,41.0,22
2024-07-20 21:00:00,22.9,92,942.2,16.9,1.6,4.9,3.5,147.0,7.4,4.2,40.0,21
2024-07-20 22:00:00,23.1,92,942.0,16.4,1.0,3.2,2.3,147.0,7.6,4.3,39.0,20
2024-07-20 23:00:00,23.1,92,941.4,20.0,0.5,2.4,1.7,145.0,7.4,4.2,38.0,20
2024-07-21 00:00:00,23.1,92,941.0,19.7,0.5,1.7,1.2,138.0,6.4,3.9,39.0,19
2024-07-21 01:00:00,23.0,92,940.3,20.6,0.6,1.4,1.0,128.0,5.1,3.5,40.0,18
2024-07-21 02:00:00,22.9,92,939.7,19.1,0.5,1.0,0.7,121.0,4.0,3.1,42.0,18
2024-07-21 03:00:00,22.9,92,939.5,18.3,0.2,0.8,0.6,118.0,3.4,2.8,43.0,19
2024-07-21 04:00:00,23.1,90,939.7,19.3,0.1,0.8,0.5,117.0,3.0,2.6,44.0,19
2024-07-21 05:00:00,23.2,90,939.3,21.3,0.1,0.8,0.5,125.0,3.5,3.0,42.0,19
2024-07-21 06:00:00,23.2,90,940.2,14.3,0.1,1.7,1.2,133.0,4.2,3.1,42.0,19
2024-07-21 07:00:00,23.6,90,940.8,15.3,0.1,2.2,1.5,144.0,5.2,3.3,43.0,19
2024-07-21 08:00:00,24.2,89,941.4,17.9,0.2,3.9,2.6,151.0,5.8,3.5,44.0,19
2024-07-21 09:00:00,24.8,85,941.7,20.1,0.1,5.8,3.8,150.0,5.4,3.7,46.0,20
2024-07-21 10:00:00,25.3,84,942.0,23.3,0.1,6.2,4.0,145.0,4.6,3.8,48.0,20
2024-07-21 11:00:00,26.3,80,942.3,24.7,0.2,5.0,3.4,140.0,4.1,3.9,50.0,20
2024-07-21 12:00:00,26.7,78,941.7,27.7,0.1,4.4,3.1,138.0,4.2,3.9,50.0,21
2024-07-21 13:00:00,26.1,78,941.2,27.9,0.7,3.8,2.8,137.0,4.5,3.9,49.0,21
2024-07-21 14:00:00,26.1,80,940.7,28.0,0.7,2.6,1.8,136.0,4.9,3.8,48.0,22
2024-07-21 15:00:00,25.4,84,940.2,26.8,5.3,3.4,2.4,136.0,5.5,3.6,47.0,22
2024-07-21 16:00:00,24.9,84,940.0,24.4,0.6,3.8,2.8,137.0,6.1,3.4,46.0,22
2024-07-21 17:00:00,24.8,84,940.1,24.8,0.2,5.3,3.3,135.0,5.4,3.2,50.0,22
2024-07-21 18:00:00,23.8,86,941.0,17.6,0.1,3.3,2.2,137.0,5.9,3.4,49.0,22
2024-07-21 19:00:00,23.5,87,941.3,18.5,0.0,2.8,2.0,140.0,6.5,3.8,48.0,23
2024-07-21 20:00:00,23.5,88,941.8,20.4,0.0,2.3,1.6,141.0,6.7,3.9,47.0,22
2024-07-21 21:00:00,23.6,88,942.4,18.5,0.1,1.9,1.3,139.0,6.1,3.7,47.0,22
2024-07-21 22:00:00,23.7,88,942.5,19.8,0.0,1.8,1.2,134.0,5.0,3.4,48.0,22
2024-07-21 23:00:00,23.7,88,942.4,20.1,0.0,1.7,1.2,130.0,4.1,3.1,49.0,22
2024-07-22 00:00:00,23.6,89,942.1,21.1,0.1,1.6,1.1,127.0,3.6,2.8,49.0,22
2024-07-22 01:00:00,23.5,89,941.2,23.2,0.1,1.7,1.2,123.0,3.2,2.6,49.0,22
2024-07-22 02:00:00,23.4,89,940.5,23.9,0.1,1.6,1.1,121.0,2.9,2.4,49.0,22
2024-07-22 03:00:00,23.3,89,940.7,23.0,0.2,1.4,0.9,119.0,2.6,2.4,49.0,22
2024-07-22 04:00:00,22.8,92,940.5,22.1,0.7,1.5,0.8,117.0,2.5,2.4,49.0,22
2024-07-22 05:00:00,22.8,91,941.0,19.6,1.7,1.0,0.7,116.0,2.6,2.6,48.0,23
2024-07-22 06:00:00,22.9,93,942.0,14.0,2.0,1.1,0.8,128.0,4.1,3.0,46.0,23
2024-07-22 07:00:00,23.1,91,942.5,15.5,2.4,1.7,1.2,145.0,6.0,3.5,42.0,22
2024-07-22 08:00:00,23.5,91,943.0,19.6,1.5,2.4,1.6,155.0,7.2,3.9,41.0,22
2024-07-22 09:00:00,23.8,92,943.8,22.3,0.7,2.8,1.7,154.0,6.9,4.0,44.0,22
2024-07-22 10:00:00,24.1,91,943.7,23.1,0.7,4.3,2.6,146.0,5.8,3.9,48.0,21
2024-07-22 11:00:00,24.2,86,943.8,24.4,0.9,8.3,4.7,139.0,4.8,3.7,52.0,21
2024-07-22 12:00:00,24.3,90,943.5,26.6,0.8,6.8,4.4,132.0,3.9,3.4,55.0,21
2024-07-22 13:00:00,24.2,91,942.8,25.5,0.8,4.3,2.9,125.0,3.0,3.1,58.0,22
2024-07-22 14:00:00,24.3,91,942.6,26.3,1.0,3.0,2.1,122.0,2.8,2.9,58.0,22
2024-07-22 15:00:00,24.4,87,942.1,26.6,0.5,3.1,2.0,127.0,4.0,3.0,54.0,23
2024-07-22 16:00:00,24.4,86,942.0,26.9,0.3,3.1,2.1,137.0,6.0,3.3,48.0,24
2024-07-22 17:00:00,24.2,87,941.8,25.0,0.4,2.3,1.6,133.0,6.3,3.0,42.0,24
2024-07-22 18:00:00,23.3,91,942.3,18.9,0.5,2.2,1.6,135.0,6.4,3.1,41.0,24
2024-07-22 19:00:00,23.2,91,942.7,19.5,1.8,2.4,1.7,138.0,6.5,3.3,39.0,24
2024-07-22 20:00:00,23.4,91,943.0,23.0,0.7,2.4,1.7,138.0,6.3,3.4,38.0,23
2024-07-22 21:00:00,23.4,91,944.0,21.9,0.4,2.0,1.4,134.0,5.7,3.2,38.0,22
2024-07-22 22:00:00,23.6,89,944.4,23.2,1.3,1.6,1.2,129.0,4.8,2.9,38.0,21
2024-07-22 23:00:00,23.2,91,944.1,22.9,1.7,1.1,0.8,122.0,4.0,2.6,39.0,20
2024-07-23 00:00:00,23.1,91,943.6,24.3,0.2,0.7,0.5,114.0,3.2,2.3,40.0,19
2024-07-23 01:00:00,23.3,90,943.5,26.4,0.2,0.6,0.4,106.0,2.4,1.9,42.0,18
2024-07-23 02:00:00,23.1,89,942.8,26.5,0.2,0.7,0.5,100.0,1.8,1.7,43.0,18
2024-07-23 03:00:00,23.1,90,942.5,26.3,0.6,0.6,0.5,96.0,1.5,1.6,43.0,18
2024-07-23 04:00:00,23.1,91,942.2,27.4,0.3,0.7,0.5,95.0,1.4,1.5,43.0,19
2024-07-23 05:00:00,23.1,91,942.4,25.9,0.3,2.5,1.3,100.0,2.1,2.0,41.0,19
2024-07-23 06:00:00,23.1,93,943.0,18.1,0.6,1.6,1.0,114.0,3.7,2.3,39.0,19
2024-07-23 07:00:00,23.3,92,943.6,21.3,1.3,2.3,1.4,134.0,5.9,2.8,36.0,19
2024-07-23 08:00:00,23.2,91,943.9,19.8,1.5,2.1,1.4,146.0,7.2,3.1,35.0,19
2024-07-23 09:00:00,23.3,92,944.8,21.6,1.8,2.8,1.7,143.0,6.6,3.1,39.0,19
2024-07-23 10:00:00,23.1,92,944.9,21.3,1.4,2.5,1.7,133.0,5.0,2.9,45.0,18
2024-07-23 11:00:00,23.7,92,944.6,25.3,1.2,2.1,1.5,123.0,3.7,2.7,49.0,19
2024-07-23 12:00:00,23.8,90,944.0,23.7,0.6,3.3,2.2,116.0,3.2,2.6,49.0,19
2024-07-23 13:00:00,24.0,91,943.5,24.5,0.8,3.6,2.5,109.0,3.1,2.6,46.0,19
2024-07-23 14:00:00,24.1,91,943.0,24.9,0.7,2.8,1.9,107.0,3.3,2.6,44.0,20
2024-07-23 15:00:00,24.1,90,942.4,27.6,1.1,4.4,3.0,112.0,4.2,2.7,42.0,20
2024-07-23 16:00:00,23.9,90,941.6,26.0,1.0,4.0,2.8,120.0,5.5,2.8,40.0,20
2024-07-23 17:00:00,23.5,91,941.6,26.3,0.6,2.3,1.5,125.0,6.2,3.1,38.0,21
2024-07-23 18:00:00,23.1,91,942.0,20.4,1.7,2.4,1.6,131.0,7.1,3.3,37.0,20
2024-07-23 19:00:00,23.0,91,942.9,20.8,2.0,2.5,1.7,140.0,8.4,3.6,36.0,20
2024-07-23 20:00:00,23.1,90,943.0,21.7,1.1,2.1,1.4,145.0,9.0,3.8,36.0,19
2024-07-23 21:00:00,23.0,92,943.6,21.9,1.0,2.0,1.4,144.0,8.5,3.7,37.0,18
2024-07-23 22:00:00,23.1,91,943.8,24.7,1.0,1.7,1.2,140.0,7.3,3.5,39.0,18
2024-07-23 23:00:00,22.7,91,943.6,22.4,0.5,1.6,1.1,134.0,6.1,3.2,41.0,18
2024-07-24 00:00:00,22.8,92,942.8,23.8,0.9,0.9,0.6,124.0,4.9,2.8,41.0,18
2024-07-24 01:00:00,22.8,92,942.2,25.5,1.4,1.1,0.7,111.0,3.6,2.3,41.0,18
2024-07-24 02:00:00,22.7,92,941.5,25.5,0.8,0.8,0.6,101.0,2.6,1.9,41.0,18
2024-07-24 03:00:00,22.8,92,940.9,27.0,1.0,0.6,0.4,96.0,2.0,1.6,41.0,18
2024-07-24 04:00:00,22.6,92,940.7,26.4,1.3,0.8,0.5,95.0,1.7,1.5,42.0,18
2024-07-24 05:00:00,22.6,92,940.9,23.1,1.0,0.7,0.5,100.0,1.9,1.7,45.0,19
2024-07-24 06:00:00,22.8,91,941.2,21.4,2.5,1.3,0.9,113.0,3.3,2.1,42.0,19
2024-07-24 07:00:00,22.9,91,941.3,23.2,1.3,1.9,1.3,130.0,5.2,2.5,38.0,19
2024-07-24 08:00:00,23.0,91,941.5,25.1,0.9,1.8,1.2,141.0,6.3,2.9,35.0,19
2024-07-24 09:00:00,23.3,91,942.1,23.7,0.8,2.8,1.8,139.0,6.0,3.0,36.0,19
2024-07-24 10:00:00,23.9,89,942.3,26.0,0.9,4.4,2.9,132.0,5.0,3.0,39.0,19
2024-07-24 11:00:00,23.9,91,941.9,26.5,0.8,6.2,4.0,125.0,4.1,2.9,41.0,18
2024-07-24 12:00:00,24.6,86,941.6,29.2,1.3,5.6,3.8,122.0,3.7,2.8,42.0,18
2024-07-24 13:00:00,24.6,87,940.9,32.9,1.5,2.6,1.7,120.0,3.5,2.7,43.0,18
2024-07-24 14:00:00,24.5,86,940.1,29.7,1.5,2.3,1.5,121.0,3.6,2.7,44.0,18
2024-07-24 15:00:00,24.3,88,939.6,28.6,1.1,3.0,2.0,126.0,4.1,2.8,47.0,18
2024-07-24 16:00:00,24.4,85,939.2,28.5,0.5,10.2,5.8,133.0,4.8,2.9,49.0,19
2024-07-24 17:00:00,23.9,88,939.3,26.9,0.6,9.5,6.6,134.0,5.3,2.8,46.0,20
2024-07-24 18:00:00,23.1,91,939.1,22.3,0.6,11.0,7.2,139.0,6.1,3.2,45.0,20
2024-07-24 19:00:00,23.3,90,939.4,23.0,0.8,5.7,4.2,145.0,7.0,3.7,43.0,21
2024-07-24 20:00:00,23.1,91,940.0,22.3,0.7,2.8,2.0,147.0,7.4,4.0,42.0,21
2024-07-24 21:00:00,23.3,90,940.5,22.4,0.4,2.3,1.5,141.0,6.6,3.8,43.0,21
2024-07-24 22:00:00,23.1,92,940.9,22.8,1.2,3.9,2.4,131.0,5.1,3.2,46.0,21
2024-07-24 23:00:00,23.1,91,940.6,24.7,0.7,3.9,2.6,122.0,3.9,2.8,48.0,21
2024-07-25 00:00:00,22.9,92,940.0,22.5,0.9,2.0,1.4,116.0,3.2,2.5,49.0,21
2024-07-25 01:00:00,23.0,91,939.3,23.5,0.6,2.5,1.3,110.0,2.6,2.3,50.0,21
2024-07-25 02:00:00,22.9,91,938.7,24.3,0.5,1.7,1.1,107.0,2.3,2.2,50.0,21
2024-07-25 03:00:00,22.9,92,938.7,22.7,2.1,1.3,0.8,104.0,2.1,2.1,50.0,22
2024-07-25 04:00:00,23.0,91,938.6,22.8,2.5,1.1,0.7,104.0,2.0,2.2,50.0,22
2024-07-25 05:00:00,22.8,92,939.1,22.5,3.1,0.7,0.5,111.0,2.6,2.8,54.0,22
2024-07-25 06:00:00,23.2,91,938.8,22.7,4.2,1.9,1.3,123.0,3.9,3.0,55.0,23
2024-07-25 07:00:00,23.2,90,939.5,23.7,4.8,3.0,2.0,140.0,5.7,3.3,56.0,24
2024-07-25 08:00:00,23.1,90,939.9,21.4,3.6,4.6,3.2,148.0,6.6,3.4,55.0,24
2024-07-25 09:00:00,23.3,90,940.5,21.3,2.7,3.3,2.4,140.0,5.9,3.2,52.0,24
2024-07-25 10:00:00,23.5,91,940.4,24.4,4.1,3.2,2.3,124.0,4.4,3.0,48.0,24
2024-07-25 11:00:00,23.5,91,940.5,28.7,5.3,4.0,2.6,112.0,3.4,2.8,44.0,24
2024-07-25 12:00:00,23.7,90,940.3,29.4,3.6,5.0,3.5,109.0,3.4,2.9,41.0,24
2024-07-25 13:00:00,23.5,91,940.2,26.8,3.3,3.8,2.7,110.0,4.0,3.2,39.0,23
2024-07-25 14:00:00,23.4,92,939.6,24.6,4.1,3.7,2.5,112.0,4.5,3.4,37.0,23
2024-07-25 15:00:00,23.2,90,939.3,25.8,1.8,3.9,2.7,114.0,4.9,3.4,36.0,22
2024-07-25 16:00:00,23.1,91,939.1,21.3,1.0,3.9,2.8,117.0,5.2,3.3,37.0,20
2024-07-25 17:00:00,22.8,92,939.5,24.5,0.8,12.0,8.2,117.0,5.1,2.8,36.0,19
2024-07-25 18:00:00,22.2,92,940.1,15.2,1.6,11.4,7.3,121.0,5.5,3.1,37.0,18
2024-07-25 19:00:00,22.1,91,940.7,20.5,1.4,9.1,5.8,127.0,6.1,3.4,39.0,18
2024-07-25 20:00:00,22.1,91,941.3,22.0,1.5,7.2,4.7,132.0,6.4,3.7,41.0,18
2024-07-25 21:00:00,22.0,91,941.9,23.8,0.8,4.8,3.2,135.0,6.3,3.9,45.0,18
2024-07-25 22:00:00,21.9,91,942.3,21.8,0.4,9.1,5.3,137.0,6.0,4.0,49.0,18
2024-07-25 23:00:00,21.9,92,941.8,22.3,0.2,16.8,9.0,137.0,5.5,4.0,53.0,19
2024-07-26 00:00:00,22.0,92,940.9,22.5,0.3,27.9,14.1,132.0,4.8,3.8,55.0,20
2024-07-26 01:00:00,22.0,93,940.4,24.0,1.0,37.1,18.2,125.0,4.0,3.5,57.0,21
2024-07-26 02:00:00,22.3,92,940.3,23.4,0.2,26.2,13.5,118.0,3.4,3.2,57.0,25
2024-07-26 03:00:00,22.4,92,940.3,23.3,0.3,18.3,9.6,112.0,3.0,3.1,55.0,28
2024-07-26 04:00:00,22.3,92,940.3,21.0,0.3,10.6,5.8,107.0,2.9,3.1,51.0,30
2024-07-26 05:00:00,22.1,92,940.4,18.0,0.1,5.5,4.0,113.0,2.7,3.1,57.0,31
2024-07-26 06:00:00,22.6,92,940.3,21.5,4.5,3.2,2.3,122.0,3.8,3.4,53.0,32
2024-07-26 07:00:00,22.9,91,940.8,25.1,3.0,2.1,1.4,133.0,5.3,3.7,49.0,32
2024-07-26 08:00:00,22.6,91,941.5,22.1,1.9,4.0,2.2,140.0,6.1,3.9,45.0,32
2024-07-26 09:00:00,24.1,85,942.0,25.3,0.4,8.0,4.0,137.0,5.7,3.7,44.0,32
2024-07-26 10:00:00,24.4,86,942.3,23.8,0.3,12.5,5.9,128.0,4.7,3.4,44.0,32
2024-07-26 11:00:00,24.2,86,942.0,24.0,0.2,10.5,4.4,121.0,3.8,3.2,45.0,33
2024-07-26 12:00:00,24.7,84,942.2,23.4,0.0,14.9,7.1,118.0,3.3,3.2,46.0,33
2024-07-26 13:00:00,24.6,84,941.8,21.2,0.1,21.7,10.1,117.0,3.0,3.3,46.0,34
2024-07-26 14:00:00,25.1,82,941.1,24.5,0.1,12.0,6.0,116.0,2.9,3.3,46.0,36
2024-07-26 15:00:00,24.9,85,940.6,25.6,0.1,14.5,6.4,116.0,3.3,3.1,43.0,36
2024-07-26 16:00:00,24.3,88,940.4,21.4,0.1,14.3,7.5,116.0,4.0,2.7,40.0,37
2024-07-26 17:00:00,24.3,86,940.5,21.9,0.2,7.5,4.6,125.0,5.9,3.4,35.0,38
2024-07-26 18:00:00,23.5,88,941.2,24.6,1.4,9.9,4.7,126.0,6.1,3.5,35.0,38
2024-07-26 19:00:00,23.0,92,941.4,23.4,0.4,12.2,5.9,126.0,6.3,3.7,36.0,37
2024-07-26 20:00:00,23.0,92,941.6,23.0,0.4,13.9,5.7,126.0,6.2,3.7,36.0,37
2024-07-26 21:00:00,23.0,92,942.2,23.0,0.3,5.7,2.8,124.0,5.7,3.5,37.0,37
2024-07-26 22:00:00,23.1,91,942.6,26.1,0.2,2.3,1.3,122.0,5.0,3.2,37.0,37
2024-07-26 23:00:00,23.2,90,942.5,25.8,0.1,3.1,1.6,118.0,4.2,2.9,38.0,36
2024-07-27 00:00:00,23.2,90,942.0,26.4,0.1,4.9,2.4,112.0,3.4,2.6,38.0,35
2024-07-27 01:00:00,23.2,91,941.4,25.5,0.0,4.9,2.4,104.0,2.7,2.2,38.0,32
2024-07-27 02:00:00,23.1,91,940.9,26.2,0.1,5.0,2.4,99.0,2.2,2.0,38.0,28
2024-07-27 03:00:00,23.0,91,940.9,24.4,0.1,5.5,2.6,97.0,2.0,2.0,38.0,26
2024-07-27 04:00:00,22.9,92,941.1,25.9,0.1,4.0,1.9,97.0,2.1,2.1,37.0,24
2024-07-27 05:00:00,22.9,92,941.2,28.1,0.1,5.2,2.8,96.0,2.1,2.1,36.0,23
2024-07-27 06:00:00,22.9,94,942.0,24.0,0.6,4.6,2.3,105.0,3.0,2.3,35.0,23
2024-07-27 07:00:00,23.1,93,942.7,26.1,1.7,6.2,2.5,117.0,4.1,2.6,34.0,23
2024-07-27 08:00:00,23.1,93,943.2,26.9,1.5,9.4,3.5,124.0,4.7,2.8,34.0,23
2024-07-27 09:00:00,23.4,91,943.2,27.4,0.8,12.7,5.5,121.0,4.0,2.7,37.0,23
2024-07-27 10:00:00,24.3,86,943.0,28.4,0.3,11.1,4.6,114.0,2.8,2.5,42.0,24
2024-07-27 11:00:00,25.1,83,943.0,32.8,0.2,12.6,5.1,109.0,1.9,2.4,46.0,23
2024-07-27 12:00:00,24.2,87,942.5,28.8,0.1,17.3,6.3,109.0,1.8,2.4,47.0,24
2024-07-27 13:00:00,24.4,85,942.3,30.7,0.1,34.6,11.9,112.0,2.1,2.6,47.0,23
2024-07-27 14:00:00,24.1,87,941.6,26.8,0.1,34.6,13.6,116.0,2.7,2.7,46.0,24
2024-07-27 15:00:00,24.5,84,941.0,29.3,0.0,34.7,14.6,120.0,3.8,2.9,43.0,26
2024-07-27 16:00:00,24.7,84,941.0,27.8,0.0,32.7,14.1,126.0,5.2,3.1,39.0,27
2024-07-27 17:00:00,24.1,87,940.7,26.5,0.0,27.2,12.6,131.0,5.7,3.5,39.0,29
2024-07-27 18:00:00,23.1,92,941.1,19.5,0.8,21.2,10.2,135.0,6.5,3.7,37.0,31
2024-07-27 19:00:00,22.9,92,941.6,19.0,1.5,11.7,6.3,140.0,7.7,3.9,34.0,32
2024-07-27 20:00:00,22.8,93,941.9,19.2,0.8,5.3,3.2,144.0,8.5,4.1,32.0,32
2024-07-27 21:00:00,22.8,93,942.2,18.4,0.7,3.4,2.1,147.0,8.7,4.3,30.0,32
2024-07-27 22:00:00,22.8,92,942.4,21.2,0.2,4.5,2.8,150.0,8.6,4.4,29.0,31
2024-07-27 23:00:00,22.9,92,941.8,21.0,0.1,5.4,3.4,147.0,8.0,4.3,29.0,32
2024-07-28 00:00:00,22.8,92,941.3,22.4,0.1,3.3,2.1,134.0,6.4,3.7,31.0,32
2024-07-28 01:00:00,22.7,92,940.6,23.5,0.0,3.4,1.9,117.0,4.4,2.9,34.0,32
2024-07-28 02:00:00,22.8,91,940.1,22.7,0.0,7.2,3.2,104.0,2.9,2.3,36.0,32
2024-07-28 03:00:00,22.8,91,939.8,22.8,0.3,7.5,3.6,99.0,2.4,2.2,36.0,32
2024-07-28 04:00:00,22.7,93,939.7,23.9,0.6,4.6,2.7,100.0,2.4,2.4,36.0,32
2024-07-28 05:00:00,22.7,93,940.0,21.5,0.4,1.2,0.9,104.0,2.7,2.6,39.0,33
2024-07-28 06:00:00,23.3,93,940.6,21.8,0.3,1.9,1.3,115.0,4.2,3.0,36.0,32
2024-07-28 07:00:00,23.6,91,941.1,19.6,0.2,3.3,2.1,131.0,6.2,3.4,32.0,32
2024-07-28 08:00:00,23.9,90,940.8,24.4,0.2,8.3,4.2,142.0,7.4,3.8,29.0,32
2024-07-28 09:00:00,24.1,89,941.3,24.3,0.2,11.4,5.8,144.0,7.2,3.9,30.0,32
2024-07-28 10:00:00,24.3,88,941.6,26.9,0.2,9.8,5.4,142.0,6.2,3.9,32.0,32
2024-07-28 11:00:00,24.9,85,941.2,27.7,0.0,7.9,4.7,139.0,5.4,3.9,35.0,32
2024-07-28 12:00:00,24.5,85,940.6,24.3,0.1,8.4,5.1,138.0,5.1,3.9,38.0,32
2024-07-28 13:00:00,24.4,86,940.0,22.2,0.1,11.0,6.1,137.0,4.9,4.0,42.0,32
2024-07-28 14:00:00,24.7,85,939.4,24.4,0.1,10.3,5.6,136.0,4.9,3.9,44.0,31
2024-07-28 15:00:00,25.0,84,939.0,24.6,0.4,7.1,4.1,136.0,5.2,3.7,44.0,29
2024-07-28 16:00:00,24.4,86,938.4,22.4,0.4,3.7,2.3,136.0,5.7,3.3,42.0,26
2024-07-28 17:00:00,24.3,86,938.3,18.8,0.2,2.8,2.0,147.0,8.3,3.8,35.0,24
2024-07-28 18:00:00,23.1,93,938.5,12.9,1.4,3.1,2.2,159.0,9.7,4.5,34.0,21
2024-07-28 19:00:00,23.0,93,938.6,13.0,3.8,4.3,3.1,175.0,11.6,5.5,32.0,19
2024-07-28 20:00:00,22.9,93,938.9,21.3,2.2,4.3,3.0,186.0,12.6,6.1,31.0,18
2024-07-28 21:00:00,23.0,92,939.3,18.0,0.1,2.9,2.0,187.0,12.2,6.0,31.0,18
2024-07-28 22:00:00,22.9,92,939.4,17.0,0.1,2.7,1.9,182.0,10.9,5.6,33.0,18
2024-07-28 23:00:00,22.9,92,939.1,18.9,0.0,2.4,1.7,173.0,9.4,5.0,34.0,18
2024-07-29 00:00:00,22.8,91,938.5,19.4,0.1,1.8,1.2,158.0,7.7,4.3,35.0,18
2024-07-29 01:00:00,23.1,90,938.0,22.4,0.1,1.6,1.1,139.0,5.7,3.5,36.0,18
2024-07-29 02:00:00,23.1,90,937.5,23.5,0.0,1.3,0.9,125.0,4.2,2.9,37.0,17
2024-07-29 03:00:00,23.0,91,937.2,23.3,0.7,1.2,0.8,119.0,3.4,2.6,37.0,17
2024-07-29 04:00:00,22.8,92,937.4,20.6,0.3,1.6,1.0,119.0,3.1,2.4,37.0,16
2024-07-29 05:00:00,22.8,92,937.9,20.4,0.3,4.1,1.5,127.0,4.3,3.5,35.0,16
2024-07-29 06:00:00,23.1,93,938.0,22.3,5.3,1.5,0.8,133.0,4.9,3.5,36.0,16
2024-07-29 07:00:00,23.3,93,938.8,19.6,1.7,1.9,1.3,140.0,5.6,3.6,36.0,17
2024-07-29 08:00:00,23.8,91,939.2,20.9,0.3,2.4,1.5,145.0,6.0,3.6,37.0,17
2024-07-29 09:00:00,24.0,88,940.0,21.0,0.4,2.9,1.9,143.0,5.7,3.5,37.0,17
2024-07-29 10:00:00,23.8,90,940.2,19.4,0.3,4.6,2.6,138.0,5.1,3.4,38.0,17
2024-07-29 11:00:00,24.6,83,939.7,24.1,0.3,4.8,2.9,135.0,4.6,3.3,39.0,17
2024-07-29 12:00:00,26.3,80,939.6,25.3,1.1,5.6,3.3,135.0,4.2,3.4,43.0,17
2024-07-29 13:00:00,25.7,78,939.1,25.4,0.2,9.8,5.4,136.0,3.8,3.6,47.0,17
2024-07-29 14:00:00,25.3,82,938.3,25.3,0.2,10.4,6.3,138.0,3.8,3.7,50.0,18
2024-07-29 15:00:00,24.8,85,938.2,22.9,0.1,7.4,4.5,142.0,4.5,3.6,49.0,19
2024-07-29 16:00:00,24.8,85,937.8,21.4,0.1,9.7,5.6,146.0,5.7,3.5,46.0,20
2024-07-29 17:00:00,24.7,82,938.0,26.0,0.5,23.6,10.5,134.0,4.8,3.3,48.0,20
2024-07-29 18:00:00,23.4,94,938.7,15.4,0.6,21.2,10.3,144.0,6.6,3.8,44.0,21
2024-07-29 19:00:00,23.3,92,939.4,17.7,0.3,13.8,7.6,158.0,8.9,4.5,38.0,21
2024-07-29 20:00:00,22.9,92,940.0,15.8,0.0,8.3,5.3,168.0,10.6,5.0,33.0,21
2024-07-29 21:00:00,23.1,92,940.3,12.9,0.0,4.8,3.3,172.0,10.9,5.2,31.0,21
2024-07-29 22:00:00,22.9,92,941.1,12.8,0.1,5.0,3.3,172.0,10.5,5.1,31.0,20
2024-07-29 23:00:00,22.5,93,940.7,12.1,0.0,4.4,2.9,167.0,9.7,4.9,31.0,20
2024-07-30 00:00:00,22.8,92,940.4,14.6,0.1,3.3,2.1,154.0,8.2,4.3,32.0,20
2024-07-30 01:00:00,22.8,92,940.3,13.1,0.0,3.1,1.8,137.0,6.3,3.5,33.0,20
2024-07-30 02:00:00,22.7,92,940.4,10.8,0.1,3.0,1.8,124.0,4.8,2.9,34.0,20
2024-07-30 03:00:00,22.5,92,940.2,12.2,0.1,6.4,2.9,118.0,4.1,2.8,35.0,20
2024-07-30 04:00:00,22.4,92,940.3,13.5,0.1,5.2,2.7,116.0,3.8,2.9,36.0,21
2024-07-30 05:00:00,22.4,92,940.5,13.4,0.2,3.8,1.6,119.0,3.9,2.8,35.0,21
2024-07-30 06:00:00,23.1,89,941.0,12.8,0.0,2.5,1.4,128.0,4.5,3.2,35.0,21
2024-07-30 07:00:00,23.7,89,941.9,17.4,0.2,2.5,1.6,140.0,5.3,3.6,34.0,21
2024-07-30 08:00:00,24.4,83,942.9,19.4,0.2,3.1,2.0,147.0,5.6,3.9,36.0,22
2024-07-30 09:00:00,25.2,81,943.7,19.2,0.2,7.0,2.8,145.0,4.8,3.8,42.0,22
2024-07-30 10:00:00,26.1,79,944.0,20.1,0.6,20.8,6.0,140.0,3.5,3.4,51.0,22
2024-07-30 11:00:00,26.7,77,943.5,23.5,0.5,22.2,7.4,135.0,2.5,3.2,57.0,23
2024-07-30 12:00:00,27.7,72,943.3,23.6,0.3,24.0,8.0,134.0,2.2,3.1,59.0,24
2024-07-30 13:00:00,26.9,78,942.9,22.4,3.1,34.5,9.4,134.0,2.3,3.1,60.0,25
2024-07-30 14:00:00,26.4,76,942.2,24.4,0.9,31.9,11.8,136.0,2.8,3.2,58.0,26
2024-07-30 15:00:00,26.8,76,941.9,26.5,0.4,17.8,7.9,140.0,3.8,3.4,54.0,27
2024-07-30 16:00:00,26.0,80,941.7,24.1,0.2,10.1,4.8,145.0,5.2,3.8,49.0,28
2024-07-30 17:00:00,25.3,82,941.6,23.7,0.1,14.2,5.8,143.0,5.6,3.2,43.0,28
2024-07-30 18:00:00,24.2,85,942.5,15.3,0.1,10.8,5.5,147.0,6.4,3.5,41.0,27
2024-07-30 19:00:00,23.8,87,943.0,14.8,0.0,8.1,5.0,153.0,7.6,4.0,39.0,25
2024-07-30 20:00:00,23.7,88,943.6,12.5,0.0,7.1,4.7,158.0,8.6,4.4,36.0,25
2024-07-30 21:00:00,23.6,88,944.3,13.9,0.0,7.1,4.7,164.0,9.4,4.7,34.0,25
2024-07-30 22:00:00,23.6,88,944.9,11.6,0.0,5.5,3.8,170.0,10.0,5.0,31.0,25
2024-07-30 23:00:00,23.3,88,944.6,10.6,0.0,5.0,3.4,170.0,9.9,5.0,30.0,25
2024-07-31 00:00:00,23.1,89,944.3,9.3,0.0,4.4,2.7,159.0,8.6,4.6,31.0,25
2024-07-31 01:00:00,23.0,88,943.8,10.9,0.0,3.2,2.0,142.0,6.7,3.9,33.0,25
2024-07-31 02:00:00,22.9,87,943.5,13.5,0.0,2.2,1.5,128.0,5.2,3.4,35.0,25
2024-07-31 03:00:00,22.5,89,943.5,13.4,0.0,1.5,1.1,121.0,4.4,3.3,36.0,25
2024-07-31 04:00:00,22.5,89,943.3,12.4,0.0,1.3,0.9,117.0,4.0,3.4,37.0,25
2024-07-31 05:00:00,22.1,91,943.6,10.9,0.2,1.4,1.0,125.0,4.7,4.1,35.0,24
2024-07-31 06:00:00,22.4,94,943.6,14.3,3.2,3.3,2.3,135.0,5.4,4.1,36.0,24
2024-07-31 07:00:00,23.0,92,944.4,12.1,4.4,6.5,4.2,149.0,6.4,4.0,39.0,25
2024-07-31 08:00:00,23.3,91,945.0,8.9,1.4,5.1,3.1,156.0,6.7,3.9,41.0,25
2024-07-31 09:00:00,23.8,90,945.7,10.6,2.0,4.6,2.9,148.0,5.7,3.6,44.0,25
2024-07-31 10:00:00,23.7,92,945.8,14.7,2.3,5.3,3.2,133.0,4.0,3.3,48.0,25
2024-07-31 11:00:00,24.9,85,946.1,18.5,0.4,7.7,3.4,123.0,2.9,3.1,50.0,25
2024-07-31 12:00:00,26.0,80,945.4,22.5,0.2,11.7,5.2,123.0,2.8,3.1,50.0,24
2024-07-31 13:00:00,26.3,77,945.0,22.1,0.2,10.4,5.0,127.0,3.3,3.3,50.0,23
2024-07-31 14:00:00,25.7,81,944.3,21.5,0.2,12.6,6.1,131.0,4.0,3.4,48.0,22
2024-07-31 15:00:00,26.3,78,943.6,24.3,0.2,12.6,6.5,133.0,4.7,3.5,46.0,21
2024-07-31 16:00:00,25.6,80,942.9,24.4,0.0,8.6,5.1,134.0,5.6,3.5,43.0,22
2024-07-31 17:00:00,24.8,84,942.8,19.5,0.0,10.2,4.1,129.0,4.6,2.5,41.0,22
2024-07-31 18:00:00,24.6,84,943.7,15.7,0.0,14.4,6.1,140.0,6.2,3.4,38.0,22
2024-07-31 19:00:00,24.0,87,944.0,15.6,0.0,14.8,7.3,154.0,8.4,4.6,34.0,21
2024-07-31 20:00:00,23.6,89,944.5,13.9,0.0,12.4,6.5,165.0,10.0,5.5,31.0,21
2024-07-31 21:00:00,23.5,89,945.1,12.1,0.0,9.8,5.8,170.0,10.5,5.7,29.0,21
2024-07-31 22:00:00,23.4,90,945.7,12.5,0.0,8.4,5.3,171.0,10.3,5.4,28.0,22
2024-07-31 23:00:00,23.4,90,945.3,14.0,0.0,7.8,4.6,168.0,9.7,5.0,28.0,22
2024-08-01 00:00:00,23.4,90,944.9,13.7,0.0,7.3,4.0,157.0,8.4,4.4,29.0,22
2024-08-01 01:00:00,23.3,90,944.1,12.6,0.0,6.3,3.3,140.0,6.6,3.6,30.0,22
2024-08-01 02:00:00,23.3,90,943.7,12.1,0.0,4.7,2.5,128.0,5.2,2.9,31.0,23
2024-08-01 03:00:00,23.3,88,943.5,13.8,0.0,3.6,2.2,122.0,4.5,2.3,32.0,23
2024-08-01 04:00:00,23.0,88,943.4,14.4,0.0,3.2,2.1,119.0,4.2,1.7,32.0,23
2024-08-01 05:00:00,22.8,89,943.9,11.8,0.0,1.5,1.0,126.0,4.4,3.3,31.0,24
2024-08-01 06:00:00,23.0,89,943.2,16.4,0.1,1.2,0.9,131.0,4.6,3.3,33.0,24
2024-08-01 07:00:00,23.5,89,943.9,19.9,0.0,2.3,1.3,139.0,4.9,3.2,37.0,23
2024-08-01 08:00:00,24.5,85,944.5,20.0,0.0,2.9,1.7,143.0,4.9,3.2,40.0,23
2024-08-01 09:00:00,24.9,84,945.1,18.1,0.2,3.2,2.0,142.0,4.3,3.2,43.0,22
2024-08-01 10:00:00,25.9,79,945.4,23.0,0.2,3.7,2.2,137.0,3.4,3.2,46.0,22
2024-08-01 11:00:00,26.6,78,945.2,23.1,0.4,6.9,3.6,133.0,2.7,3.2,49.0,22
2024-08-01 12:00:00,26.3,77,944.6,25.3,0.1,9.3,5.0,129.0,2.4,3.0,51.0,22
2024-08-01 13:00:00,26.5,76,943.7,26.4,0.2,7.8,4.3,125.0,2.3,2.8,53.0,22
2024-08-01 14:00:00,25.8,77,943.3,26.8,0.3,9.2,4.8,124.0,2.7,2.8,53.0,22
2024-08-01 15:00:00,25.8,79,943.0,26.7,0.3,8.4,4.6,129.0,3.9,3.1,50.0,22
2024-08-01 16:00:00,25.0,82,942.8,23.1,0.1,9.4,5.3,136.0,5.7,3.5,45.0,22
2024-08-01 17:00:00,24.3,84,943.0,19.0,0.1,10.5,5.6,135.0,5.4,3.6,45.0,23
2024-08-01 18:00:00,24.0,86,943.5,17.2,0.0,7.0,4.2,146.0,7.3,4.2,41.0,23
2024-08-01 19:00:00,23.7,87,943.7,17.4,0.0,6.0,3.9,161.0,9.8,4.9,35.0,22
2024-08-01 20:00:00,23.4,88,944.2,14.5,0.0,6.6,4.4,171.0,11.4,5.4,31.0,22
2024-08-01 21:00:00,23.2,88,944.9,13.9,0.0,5.2,3.5,171.0,11.2,5.3,30.0,20
2024-08-01 22:00:00,23.1,88,945.1,14.4,0.1,3.6,2.5,165.0,9.9,4.9,30.0,19
2024-08-01 23:00:00,23.0,88,944.9,15.1,0.1,2.7,1.9,156.0,8.4,4.4,31.0,18
2024-08-02 00:00:00,23.2,87,944.1,19.2,0.0,1.9,1.3,141.0,6.5,3.6,34.0,18
2024-08-02 01:00:00,23.1,89,943.7,19.3,0.1,1.8,1.1,122.0,4.4,2.6,38.0,17
2024-08-02 02:00:00,23.1,89,943.1,19.4,0.1,1.9,1.0,108.0,2.8,1.9,41.0,17
2024-08-02 03:00:00,23.0,88,942.9,20.7,0.1,1.4,0.9,103.0,2.3,1.7,41.0,16
2024-08-02 04:00:00,22.9,90,942.9,20.6,0.4,1.7,1.0,102.0,2.4,1.9,39.0,16
2024-08-02 05:00:00,22.8,89,943.2,21.8,0.1,1.1,0.7,109.0,3.3,2.4,36.0,16
2024-08-02 06:00:00,23.1,90,943.0,20.0,0.2,2.1,1.4,111.0,3.6,2.4,36.0,17
2024-08-02 07:00:00,23.4,89,943.4,18.6,0.5,2.2,1.5,113.0,4.0,2.4,35.0,17
2024-08-02 08:00:00,24.0,87,944.1,21.8,0.1,3.6,2.1,113.0,4.1,2.4,36.0,17
2024-08-02 09:00:00,25.4,81,944.6,24.6,0.1,6.5,3.6,109.0,3.6,2.4,39.0,18
2024-08-02 10:00:00,26.1,78,944.6,28.6,0.4,4.4,2.6,102.0,2.7,2.4,43.0,18
2024-08-02 11:00:00,26.4,77,944.3,30.1,0.9,2.9,1.8,98.0,2.1,2.4,46.0,18
2024-08-02 12:00:00,26.7,75,943.7,29.7,0.4,3.4,2.0,97.0,1.9,2.5,48.0,18
2024-08-02 13:00:00,25.8,78,943.4,29.0,1.2,6.3,3.7,98.0,1.9,2.8,50.0,18
2024-08-02 14:00:00,25.6,79,942.6,29.7,0.4,4.4,2.7,101.0,2.2,2.9,51.0,19
2024-08-02 15:00:00,25.3,82,942.3,28.1,0.5,3.2,2.1,106.0,2.7,2.9,50.0,20
2024-08-02 16:00:00,25.1,82,942.2,24.2,0.1,6.3,4.0,113.0,3.4,2.9,47.0,21
2024-08-02 17:00:00,24.5,83,942.4,21.1,0.1,11.3,6.3,128.0,4.5,3.0,44.0,22
2024-08-02 18:00:00,24.1,85,942.6,18.5,0.2,9.9,5.6,128.0,5.2,3.1,42.0,22
2024-08-02 19:00:00,22.9,90,943.3,17.1,0.6,7.3,4.5,129.0,6.3,3.3,38.0,22
2024-08-02 20:00:00,22.0,94,944.1,15.7,2.8,3.9,2.6,129.0,6.9,3.4,36.0,21
2024-08-02 21:00:00,22.7,90,944.5,20.6,0.3,2.5,1.7,128.0,6.9,3.4,35.0,21
2024-08-02 22:00:00,22.7,90,945.0,20.0,0.1,2.2,1.6,127.0,6.4,3.3,36.0,20
2024-08-02 23:00:00,22.7,90,944.8,19.7,0.1,2.1,1.4,124.0,5.9,3.2,36.0,19
2024-08-03 00:00:00,22.8,89,944.2,20.4,0.1,1.5,1.1,118.0,5.2,3.1,37.0,18
2024-08-03 01:00:00,22.7,89,943.3,20.8,0.1,1.2,0.8,111.0,4.4,2.9,37.0,18
2024-08-03 02:00:00,22.6,89,942.8,19.8,0.1,0.9,0.7,104.0,3.7,2.7,38.0,17
2024-08-03 03:00:00,22.7,90,942.5,22.3,0.1,0.8,0.5,97.0,3.0,2.4,39.0,17
2024-08-03 04:00:00,22.8,89,942.6,21.3,0.2,0.9,0.6,91.0,2.3,2.0,40.0,17
2024-08-03 05:00:00,22.7,89,942.8,22.2,0.1,0.9,0.5,97.0,3.0,2.2,36.0,17
2024-08-03 06:00:00,22.6,92,942.7,16.4,2.4,0.9,0.6,103.0,3.8,2.4,35.0,17
2024-08-03 07:00:00,22.9,91,943.4,21.2,0.9,2.2,1.3,111.0,4.8,2.8,33.0,17
2024-08-03 08:00:00,23.5,89,944.3,21.8,0.4,4.4,2.7,116.0,5.2,3.0,33.0,17
2024-08-03 09:00:00,24.1,86,944.7,23.9,0.3,3.4,2.2,115.0,4.5,3.0,37.0,17
2024-08-03 10:00:00,24.7,84,945.2,24.1,0.3,3.1,1.9,111.0,3.3,2.9,43.0,17
2024-08-03 11:00:00,25.8,79,944.9,26.9,0.2,3.4,2.3,108.0,2.4,2.8,47.0,17
2024-08-03 12:00:00,25.4,78,944.3,27.7,0.5,2.2,1.5,107.0,2.0,2.7,49.0,18
2024-08-03 13:00:00,25.7,80,944.0,28.5,0.4,2.0,1.3,107.0,1.9,2.5,50.0,18
2024-08-03 14:00:00,25.0,82,943.4,29.6,0.3,4.3,2.7,108.0,2.1,2.4,49.0,19
2024-08-03 15:00:00,25.0,79,943.0,28.4,0.3,7.5,4.7,110.0,2.7,2.3,47.0,20
2024-08-03 16:00:00,24.1,85,942.7,25.0,0.3,3.9,2.5,113.0,3.6,2.2,44.0,21
2024-08-03 17:00:00,24.2,86,943.0,21.6,0.2,11.0,6.3,131.0,6.8,3.2,37.0,21
2024-08-03 18:00:00,23.6,87,943.6,24.7,0.4,8.5,5.1,130.0,7.0,3.3,36.0,21
2024-08-03 19:00:00,23.1,90,944.1,22.2,0.2,5.2,3.4,129.0,7.2,3.5,34.0,21
2024-08-03 20:00:00,22.9,90,944.6,20.8,0.2,4.8,3.1,127.0,7.1,3.6,33.0,20
2024-08-03 21:00:00,22.8,90,945.4,21.5,0.1,4.3,2.8,122.0,6.5,3.5,33.0,19
2024-08-03 22:00:00,22.8,90,945.5,21.7,0.1,4.3,2.8,116.0,5.6,3.2,34.0,18
2024-08-03 23:00:00,22.8,90,945.2,21.5,0.0,4.4,2.4,111.0,4.8,3.0,35.0,17
2024-08-04 00:00:00,22.8,90,944.6,23.2,0.1,3.8,2.1,108.0,4.3,2.7,35.0,17
2024-08-04 01:00:00,22.8,90,943.9,21.6,0.1,2.3,1.5,105.0,3.8,2.5,35.0,16
2024-08-04 02:00:00,22.9,89,943.5,20.3,0.1,1.9,1.2,103.0,3.5,2.3,35.0,16
2024-08-04 03:00:00,22.9,90,943.1,20.1,0.6,1.6,1.0,101.0,3.2,2.3,35.0,16
2024-08-04 04:00:00,22.8,90,943.0,20.5,0.1,1.5,1.0,99.0,3.0,2.4,35.0,16
2024-08-04 05:00:00,22.8,90,943.3,19.8,0.2,1.7,1.2,106.0,2.7,2.6,39.0,16
2024-08-04 06:00:00,22.9,93,943.3,17.1,1.4,2.3,1.5,117.0,4.0,2.9,36.0,16
2024-08-04 07:00:00,23.1,92,944.2,19.3,1.1,2.4,1.6,131.0,5.7,3.2,32.0,17
2024-08-04 08:00:00,23.2,92,945.0,19.7,2.0,2.7,1.9,140.0,6.6,3.5,31.0,16
2024-08-04 09:00:00,23.4,92,945.7,19.6,1.5,2.3,1.6,137.0,5.9,3.6,35.0,16
2024-08-04 10:00:00,23.7,91,945.6,20.5,1.0,2.9,2.0,129.0,4.5,3.7,41.0,16
2024-08-04 11:00:00,23.9,91,945.6,23.5,0.8,2.5,1.8,122.0,3.5,3.7,44.0,16
2024-08-04 12:00:00,24.7,84,945.1,26.1,0.7,3.1,2.2,119.0,3.6,3.5,42.0,17
2024-08-04 13:00:00,26.0,79,944.3,30.0,0.3,3.1,2.2,116.0,4.1,3.3,38.0,17
2024-08-04 14:00:00,24.8,90,943.8,23.2,5.7,3.0,2.1,116.0,4.7,3.1,35.0,17
2024-08-04 15:00:00,23.7,91,943.3,22.5,4.1,3.1,2.2,118.0,5.3,3.0,33.0,17
2024-08-04 16:00:00,23.5,92,943.2,23.0,1.3,2.1,1.5,121.0,6.0,2.9,32.0,17
2024-08-04 17:00:00,23.4,91,943.0,23.6,0.7,5.0,3.5,131.0,7.2,3.2,30.0,17
2024-08-04 18:00:00,22.9,92,943.4,18.3,3.8,6.8,4.4,134.0,7.4,3.6,30.0,17
2024-08-04 19:00:00,22.8,92,943.9,16.4,2.2,8.4,5.4,138.0,7.7,4.1,30.0,16
2024-08-04 20:00:00,22.8,92,944.5,17.3,0.5,5.4,3.7,141.0,7.8,4.4,30.0,16
2024-08-04 21:00:00,23.0,91,944.6,19.3,0.1,3.2,2.3,141.0,7.5,4.3,30.0,15
2024-08-04 22:00:00,22.9,91,945.2,18.1,0.0,2.6,1.8,139.0,6.9,3.9,31.0,14
2024-08-04 23:00:00,22.9,91,945.4,18.0,0.0,2.2,1.5,136.0,6.3,3.6,31.0,14
2024-08-05 00:00:00,22.8,91,944.9,18.7,0.0,1.8,1.3,131.0,5.6,3.3,31.0,14
2024-08-05 01:00:00,22.8,91,944.7,18.5,0.0,1.6,1.1,124.0,4.9,3.0,31.0,14
2024-08-05 02:00:00,22.8,91,944.3,16.6,0.0,1.6,1.1,118.0,4.3,2.7,31.0,14
2024-08-05 03:00:00,22.9,90,944.1,17.1,0.0,1.7,1.1,111.0,3.7,2.6,31.0,14
2024-08-05 04:00:00,22.8,90,944.0,18.0,0.0,2.1,1.3,104.0,3.2,2.5,32.0,14
2024-08-05 05:00:00,22.7,91,944.1,19.0,0.0,2.2,1.4,97.0,2.6,2.1,33.0,14
2024-08-05 06:00:00,22.6,93,944.5,17.8,0.7,4.2,2.4,103.0,3.0,2.2,32.0,15
2024-08-05 07:00:00,22.9,92,945.0,17.6,0.2,5.8,3.2,111.0,3.5,2.4,31.0,15
2024-08-05 08:00:00,23.5,89,945.8,19.3,0.1,7.4,4.0,117.0,3.7,2.6,32.0,15
2024-08-05 09:00:00,24.4,84,946.3,21.1,0.1,9.5,5.2,118.0,3.3,2.8,36.0,15
2024-08-05 10:00:00,25.3,81,946.8,21.7,0.2,11.2,5.6,116.0,2.6,2.9,41.0,15
2024-08-05 11:00:00,26.2,77,946.9,24.8,0.2,11.2,5.5,114.0,2.0,3.0,46.0,16
2024-08-05 12:00:00,26.4,76,946.5,25.3,0.3,14.1,6.3,113.0,1.7,3.0,49.0,16
2024-08-05 13:00:00,26.8,74,945.8,25.5,0.3,18.7,8.2,112.0,1.6,3.0,52.0,17
2024-08-05 14:00:00,26.8,74,944.8,26.5,0.4,21.9,9.8,113.0,1.9,3.0,52.0,18
2024-08-05 15:00:00,25.9,76,944.0,26.1,0.3,15.8,8.1,118.0,2.7,3.1,49.0,20
2024-08-05 16:00:00,25.2,81,943.8,23.1,0.4,12.5,6.8,125.0,3.8,3.3,45.0,21
2024-08-05 17:00:00,25.0,82,944.1,19.6,0.1,23.3,11.3,127.0,4.3,3.3,42.0,22
2024-08-05 18:00:00,24.2,83,944.8,16.2,0.0,18.3,9.5,136.0,5.9,3.9,38.0,24
2024-08-05 19:00:00,23.7,86,945.2,13.6,0.0,16.0,9.3,149.0,8.1,4.7,32.0,25
2024-08-05 20:00:00,23.5,86,946.0,13.2,0.0,14.3,8.4,159.0,9.7,5.2,28.0,26
2024-08-05 21:00:00,23.2,88,946.7,11.4,0.0,11.3,7.0,166.0,10.4,5.3,25.0,27
2024-08-05 22:00:00,23.2,89,947.1,10.8,0.0,8.0,5.2,170.0,10.5,5.2,24.0,28
2024-08-05 23:00:00,23.2,89,946.8,12.4,0.0,6.5,4.4,167.0,9.9,4.8,24.0,29
2024-08-06 00:00:00,22.9,90,946.3,11.6,0.0,5.2,3.3,151.0,8.1,3.9,26.0,30
2024-08-06 01:00:00,22.9,90,945.6,15.0,0.0,4.7,2.9,128.0,5.5,2.7,30.0,30
2024-08-06 02:00:00,22.9,90,945.0,14.4,0.0,6.9,3.5,111.0,3.6,1.9,33.0,30
2024-08-06 03:00:00,22.9,90,944.5,14.6,0.0,6.0,3.1,105.0,3.0,1.8,33.0,31
2024-08-06 04:00:00,22.7,90,944.5,15.7,0.0,4.6,2.7,105.0,3.1,2.1,32.0,31
2024-08-06 05:00:00,22.8,90,944.8,14.6,0.0,5.7,3.3,105.0,2.9,1.8,33.0,32
2024-08-06 06:00:00,22.5,90,945.0,14.9,0.0,4.4,2.6,114.0,3.6,2.3,32.0,32
2024-08-06 07:00:00,23.0,88,945.6,19.7,0.0,4.9,3.0,126.0,4.6,3.0,30.0,32
2024-08-06 08:00:00,24.3,82,946.1,20.5,0.0,7.5,4.1,134.0,5.1,3.5,31.0,32
2024-08-06 09:00:00,25.2,77,946.6,19.3,0.0,11.2,5.6,134.0,4.6,3.8,36.0,32
2024-08-06 10:00:00,26.5,71,946.6,21.4,0.1,13.6,6.5,130.0,3.7,3.9,42.0,32
2024-08-06 11:00:00,27.1,69,946.3,21.3,0.0,15.0,6.8,126.0,3.0,4.0,47.0,33
2024-08-06 12:00:00,27.4,68,945.9,24.1,0.1,15.1,5.8,123.0,2.9,3.9,48.0,33
2024-08-06 13:00:00,27.0,71,945.4,25.5,0.3,14.8,5.9,119.0,3.1,3.8,46.0,33
2024-08-06 14:00:00,27.1,71,944.6,24.4,0.1,16.2,6.4,117.0,3.4,3.7,45.0,32
2024-08-06 15:00:00,26.8,73,944.0,24.4,0.1,14.2,6.1,117.0,3.6,3.7,44.0,31
2024-08-06 16:00:00,26.1,75,943.5,22.7,0.0,14.7,6.3,118.0,4.0,3.8,43.0,31
2024-08-06 17:00:00,25.5,78,943.5,23.3,0.0,11.1,6.8,155.0,7.7,5.2,39.0,31
2024-08-06 18:00:00,24.7,82,944.4,15.2,0.0,10.1,6.0,164.0,9.6,5.6,34.0,30
2024-08-06 19:00:00,24.0,84,944.8,12.8,0.0,9.0,5.6,177.0,12.2,6.1,28.0,29
2024-08-06 20:00:00,23.6,87,945.5,12.1,0.0,8.0,5.2,183.0,13.6,6.3,24.0,28
2024-08-06 21:00:00,23.4,88,946.1,12.2,0.0,5.6,3.8,177.0,12.9,6.1,24.0,27
2024-08-06 22:00:00,23.4,88,946.7,11.4,0.0,4.8,3.3,166.0,11.1,5.6,25.0,27
2024-08-06 23:00:00,23.2,89,946.7,10.9,0.0,4.2,2.9,154.0,9.4,5.1,27.0,26
2024-08-07 00:00:00,23.1,89,945.8,12.1,0.1,3.8,2.6,145.0,8.2,4.7,28.0,26
2024-08-07 01:00:00,22.8,91,945.2,9.8,0.2,3.2,2.1,135.0,7.2,4.3,29.0,26
2024-08-07 02:00:00,22.8,91,944.2,11.4,0.2,2.7,1.8,128.0,6.3,4.0,30.0,25
2024-08-07 03:00:00,22.8,92,943.8,12.1,0.0,2.3,1.6,123.0,5.6,3.8,30.0,25
2024-08-07 04:00:00,22.9,91,943.9,12.4,0.0,2.2,1.5,119.0,5.2,3.6,30.0,25
2024-08-07 05:00:00,22.7,92,944.0,13.4,0.0,2.3,1.6,116.0,4.8,3.4,30.0,24
2024-08-07 06:00:00,23.0,88,944.6,13.6,0.0,2.2,1.4,121.0,5.0,3.4,30.0,24
2024-08-07 07:00:00,23.8,85,945.6,16.5,0.1,3.2,1.7,128.0,5.3,3.4,31.0,24
2024-08-07 08:00:00,24.1,85,946.0,17.9,0.2,5.0,2.6,132.0,5.2,3.4,33.0,23
2024-08-07 09:00:00,25.2,82,946.4,18.8,0.2,9.3,4.3,130.0,4.5,3.4,37.0,23
2024-08-07 10:00:00,25.5,80,946.4,20.6,0.3,10.1,4.9,125.0,3.4,3.4,43.0,23
2024-08-07 11:00:00,27.0,71,946.0,23.8,0.1,10.7,5.0,121.0,2.6,3.4,48.0,22
2024-08-07 12:00:00,26.9,73,945.6,23.1,0.3,12.9,5.1,119.0,2.1,3.2,52.0,22
2024-08-07 13:00:00,26.7,75,944.8,23.1,0.6,14.1,5.4,119.0,1.8,3.0,54.0,22
2024-08-07 14:00:00,26.5,76,944.3,23.1,0.1,14.6,5.5,120.0,2.0,3.0,55.0,22
2024-08-07 15:00:00,26.7,73,943.8,23.8,0.1,16.9,6.0,122.0,2.8,3.3,53.0,22
2024-08-07 16:00:00,25.7,77,943.9,21.7,0.1,17.5,6.5,126.0,4.0,3.8,49.0,22
2024-08-07 17:00:00,25.2,79,944.2,20.9,0.1,21.3,6.8,127.0,3.9,3.0,45.0,23
2024-08-07 18:00:00,24.4,81,945.2,14.8,0.0,18.6,7.1,138.0,5.8,3.8,41.0,23
2024-08-07 19:00:00,23.8,85,945.9,12.6,0.0,17.1,7.6,153.0,8.4,5.0,34.0,23
2024-08-07 20:00:00,23.4,87,946.4,12.4,0.0,17.5,7.7,162.0,10.1,5.8,30.0,22
2024-08-07 21:00:00,23.0,89,946.7,12.2,0.0,17.3,7.8,162.0,10.2,6.0,29.0,23
2024-08-07 22:00:00,23.1,89,947.0,12.5,0.0,16.4,7.9,156.0,9.4,5.8,29.0,24
2024-08-07 23:00:00,23.0,89,946.8,11.3,0.0,14.8,7.2,147.0,8.3,5.4,30.0,25
2024-08-08 00:00:00,22.7,91,946.4,12.7,0.0,11.3,6.0,135.0,7.0,4.5,31.0,26
2024-08-08 01:00:00,22.7,91,945.7,12.4,0.0,7.6,4.0,120.0,5.4,3.2,33.0,27
2024-08-08 02:00:00,22.8,90,945.3,12.0,0.0,5.3,2.8,109.0,4.3,2.4,34.0,27
2024-08-08 03:00:00,22.8,90,945.2,13.2,0.0,4.2,2.3,105.0,3.9,2.3,34.0,27
2024-08-08 04:00:00,22.8,89,944.9,15.0,0.0,3.7,2.1,105.0,3.8,2.5,33.0,27
2024-08-08 05:00:00,22.6,90,945.1,13.6,0.0,4.4,2.4,108.0,3.9,2.7,34.0,28
2024-08-08 06:00:00,22.6,92,945.3,12.8,0.3,6.2,3.0,115.0,4.3,2.9,34.0,28
2024-08-08 07:00:00,22.9,90,946.1,15.2,0.2,7.8,3.6,124.0,4.8,3.1,34.0,28
2024-08-08 08:00:00,24.1,84,946.7,18.6,0.1,8.6,3.9,131.0,4.9,3.3,36.0,29
2024-08-08 09:00:00,25.4,78,947.2,18.4,0.2,9.2,4.6,133.0,4.2,3.4,42.0,29
2024-08-08 10:00:00,25.8,76,947.5,17.8,0.2,11.6,5.2,133.0,3.1,3.4,50.0,29
2024-08-08 11:00:00,27.0,71,947.3,18.8,0.3,14.1,5.6,133.0,2.3,3.4,57.0,29
2024-08-08 12:00:00,27.2,70,946.8,21.8,0.4,14.6,5.9,133.0,1.9,3.3,61.0,29
2024-08-08 13:00:00,27.1,71,946.0,22.0,0.4,11.8,4.9,133.0,1.7,3.0,63.0,29
2024-08-08 14:00:00,26.9,71,945.3,22.3,0.2,11.2,5.0,133.0,1.8,2.9,63.0,29
2024-08-08 15:00:00,26.5,75,945.1,20.5,0.4,12.7,5.2,133.0,2.1,2.8,61.0,29
2024-08-08 16:00:00,26.0,74,945.1,21.7,0.2,13.2,5.5,133.0,2.7,2.7,56.0,29
2024-08-08 17:00:00,24.7,81,945.3,19.4,0.0,30.9,12.4,149.0,4.3,4.7,60.0,29
2024-08-08 18:00:00,24.3,81,946.3,15.6,0.0,28.1,12.1,163.0,6.8,5.6,53.0,30
2024-08-08 19:00:00,23.4,85,946.3,13.3,0.0,24.4,12.3,183.0,10.2,6.9,43.0,31
2024-08-08 20:00:00,22.9,88,947.0,11.2,0.0,23.7,12.5,198.0,12.8,7.9,35.0,32
2024-08-08 21:00:00,22.8,89,947.6,9.6,0.0,21.7,11.6,207.0,13.9,8.4,30.0,33
2024-08-08 22:00:00,22.6,89,947.8,10.0,0.0,20.5,11.7,212.0,14.2,8.5,27.0,34
2024-08-08 23:00:00,22.3,91,947.5,9.2,0.0,19.6,11.5,208.0,13.6,8.2,26.0,35
2024-08-09 00:00:00,22.1,92,946.8,8.9,0.0,19.3,11.1,190.0,11.7,7.0,27.0,36
2024-08-09 01:00:00,22.2,92,946.5,10.0,0.0,17.8,9.7,163.0,9.0,5.2,29.0,37
2024-08-09 02:00:00,22.3,92,946.0,10.4,0.0,15.6,8.8,142.0,6.8,3.9,31.0,39
2024-08-09 03:00:00,22.1,93,945.6,8.0,0.0,13.3,7.2,131.0,5.8,3.5,32.0,40
2024-08-09 04:00:00,22.3,92,945.7,7.0,0.0,9.1,4.9,125.0,5.3,3.6,32.0,41
2024-08-09 05:00:00,22.4,91,945.7,9.9,0.0,2.5,1.6,123.0,4.5,3.3,34.0,42
2024-08-09 06:00:00,23.2,89,946.3,9.8,0.2,2.1,1.4,132.0,5.4,3.6,33.0,42
2024-08-09 07:00:00,23.8,86,946.7,16.8,0.1,2.0,1.4,145.0,6.5,3.9,32.0,41
2024-08-09 08:00:00,24.7,82,947.6,16.9,0.0,3.0,2.1,153.0,7.0,4.0,33.0,41
2024-08-09 09:00:00,24.3,85,948.4,18.1,0.0,4.6,3.0,151.0,6.1,3.6,37.0,40
2024-08-09 10:00:00,23.6,91,948.4,15.0,1.5,6.1,3.7,145.0,4.4,3.0,43.0,40
2024-08-09 11:00:00,23.9,91,948.3,14.6,1.5,9.3,4.8,140.0,3.1,2.6,48.0,40
2024-08-09 12:00:00,24.1,89,947.9,18.1,1.6,14.1,5.7,139.0,2.4,2.4,52.0,39
2024-08-09 13:00:00,24.3,89,947.2,17.7,0.6,20.1,7.4,138.0,2.0,2.4,55.0,39
2024-08-09 14:00:00,24.8,84,946.8,20.1,0.2,23.3,8.3,139.0,2.0,2.6,57.0,40
2024-08-09 15:00:00,24.8,83,946.3,19.5,0.1,25.0,8.9,139.0,2.4,2.9,56.0,41
2024-08-09 16:00:00,24.5,84,945.9,18.4,0.0,25.1,9.3,140.0,3.2,3.4,54.0,42
2024-08-09 17:00:00,24.3,84,946.0,15.1,0.0,15.5,5.6,143.0,4.3,2.8,42.0,42
2024-08-09 18:00:00,23.2,89,947.0,13.0,0.3,14.7,6.3,152.0,6.1,3.6,38.0,41
2024-08-09 19:00:00,22.9,91,947.3,12.6,0.3,14.3,7.1,165.0,8.6,4.7,32.0,40
2024-08-09 20:00:00,22.8,91,947.8,11.5,0.0,13.2,6.8,173.0,10.3,5.5,28.0,38
2024-08-09 21:00:00,22.4,93,948.1,10.9,0.0,12.0,6.6,172.0,10.4,5.9,27.0,37
2024-08-09 22:00:00,22.2,93,948.0,11.2,0.0,10.9,6.3,165.0,9.7,6.1,27.0,36
2024-08-09 23:00:00,22.2,93,948.0,10.8,0.0,10.6,6.0,157.0,8.8,6.0,27.0,35
2024-08-10 00:00:00,22.1,94,947.5,8.8,0.0,11.7,6.4,146.0,7.7,5.3,28.0,33
2024-08-10 01:00:00,22.1,93,947.2,9.3,0.0,14.0,6.9,132.0,6.4,4.4,29.0,32
2024-08-10 02:00:00,21.9,94,946.6,10.2,0.0,14.3,7.1,122.0,5.5,3.6,29.0,32
2024-08-10 03:00:00,22.2,93,946.3,10.8,0.0,14.2,7.4,118.0,5.2,3.2,28.0,31
2024-08-10 04:00:00,22.3,92,946.3,10.9,0.0,15.4,8.1,117.0,5.2,3.1,27.0,31
2024-08-10 05:00:00,22.5,91,946.7,10.9,0.0,9.4,5.4,119.0,5.2,3.9,28.0,32
2024-08-10 06:00:00,22.7,92,946.7,10.7,0.0,10.1,5.6,125.0,5.3,4.1,28.0,33
2024-08-10 07:00:00,23.4,89,947.3,10.9,0.0,11.3,6.0,133.0,5.5,4.2,29.0,34
2024-08-10 08:00:00,24.7,84,948.1,12.5,0.1,11.7,5.9,138.0,5.3,4.3,32.0,35
2024-08-10 09:00:00,25.5,80,948.4,14.2,0.0,12.7,5.6,135.0,4.5,4.1,38.0,36
2024-08-10 10:00:00,26.6,74,948.5,15.8,0.3,11.9,5.3,129.0,3.4,3.8,45.0,36
2024-08-10 11:00:00,27.1,72,948.0,17.0,0.3,10.7,4.7,124.0,2.5,3.4,51.0,37
2024-08-10 12:00:00,27.7,71,947.5,16.6,0.3,11.7,5.3,122.0,2.0,2.9,54.0,37
2024-08-10 13:00:00,28.6,70,946.6,17.0,0.4,11.3,5.2,120.0,1.8,2.3,54.0,37
2024-08-10 14:00:00,27.7,69,945.8,21.4,0.2,9.6,4.6,121.0,1.8,2.0,54.0,36
2024-08-10 15:00:00,27.2,71,945.2,22.6,0.1,12.0,4.8,123.0,2.1,2.1,53.0,35
2024-08-10 16:00:00,26.6,75,945.1,22.6,0.1,11.8,5.0,127.0,2.7,2.6,51.0,34
2024-08-10 17:00:00,25.2,80,945.1,21.2,0.1,16.6,6.7,129.0,3.6,2.9,45.0,33
2024-08-10 18:00:00,23.0,93,946.0,15.6,2.0,15.7,7.0,136.0,5.4,4.0,41.0,34
2024-08-10 19:00:00,22.9,92,946.3,15.5,0.3,16.1,7.9,146.0,7.8,5.4,35.0,34
2024-08-10 20:00:00,22.4,93,946.7,16.6,0.0,15.9,8.1,153.0,9.5,6.5,31.0,34
2024-08-10 21:00:00,22.1,94,947.3,15.2,0.0,14.5,7.8,155.0,10.0,7.0,29.0,34
2024-08-10 22:00:00,22.1,94,947.6,14.4,0.2,13.5,7.7,155.0,9.7,7.1,27.0,35
2024-08-10 23:00:00,22.0,96,947.3,14.1,0.0,13.0,7.6,151.0,9.1,6.8,27.0,35
2024-08-11 00:00:00,22.0,95,946.3,12.9,0.0,11.8,7.0,141.0,8.0,5.6,28.0,35
2024-08-11 01:00:00,22.1,94,945.8,13.6,0.0,10.7,6.5,127.0,6.4,4.0,29.0,35
2024-08-11 02:00:00,22.3,94,945.1,13.0,0.0,10.6,6.3,116.0,5.2,2.8,30.0,35
2024-08-11 03:00:00,22.6,93,945.1,14.8,0.0,8.6,4.8,111.0,4.5,2.4,30.0,35
2024-08-11 04:00:00,22.6,93,944.9,15.2,0.0,6.3,3.7,109.0,4.2,2.4,31.0,34
2024-08-11 05:00:00,22.3,94,945.0,13.4,0.0,5.3,3.3,107.0,3.6,2.0,32.0,33
2024-08-11 06:00:00,22.5,92,945.7,14.8,0.0,4.5,2.8,116.0,4.0,2.7,32.0,33
2024-08-11 07:00:00,23.2,88,946.0,16.7,0.0,5.7,3.5,129.0,4.5,3.6,32.0,32
2024-08-11 08:00:00,24.3,82,947.2,17.9,0.0,7.3,4.3,137.0,4.6,4.2,34.0,32
2024-08-11 09:00:00,25.4,76,947.2,20.5,0.0,10.5,5.5,137.0,4.0,4.3,40.0,31
2024-08-11 10:00:00,26.3,73,947.3,21.0,0.1,10.7,5.8,132.0,3.0,4.2,49.0,31
2024-08-11 11:00:00,26.7,72,946.8,21.9,0.3,11.0,6.0,127.0,2.3,4.0,55.0,31
2024-08-11 12:00:00,27.6,67,946.3,21.3,0.1,10.4,5.4,123.0,2.0,3.7,57.0,32
2024-08-11 13:00:00,27.1,69,945.8,22.1,0.3,10.4,5.2,119.0,1.8,3.3,57.0,32
2024-08-11 14:00:00,27.1,70,944.8,22.8,0.1,10.3,5.0,117.0,2.0,3.1,55.0,32
2024-08-11 15:00:00,27.2,70,944.3,22.7,0.1,9.7,4.6,118.0,2.5,3.2,53.0,32
2024-08-11 16:00:00,26.1,75,943.9,23.2,0.1,10.7,5.4,122.0,3.3,3.5,49.0,32
2024-08-11 17:00:00,25.3,78,943.5,19.8,0.0,16.2,8.1,131.0,4.8,3.8,43.0,32
2024-08-11 18:00:00,24.2,83,944.2,15.1,0.0,14.7,8.1,139.0,6.4,4.5,39.0,32
2024-08-11 19:00:00,23.6,85,944.4,14.4,0.0,13.4,7.9,151.0,8.5,5.4,33.0,33
2024-08-11 20:00:00,23.2,87,944.9,12.6,0.0,13.6,8.1,161.0,10.2,6.1,28.0,33
2024-08-11 21:00:00,22.9,89,945.3,12.0,0.0,13.6,8.2,168.0,11.1,6.4,25.0,33
2024-08-11 22:00:00,22.7,90,945.7,10.2,0.0,13.8,8.5,172.0,11.5,6.6,23.0,33
2024-08-11 23:00:00,22.4,92,945.7,8.0,0.0,13.2,8.5,172.0,11.4,6.5,22.0,33
2024-08-12 00:00:00,22.3,92,945.3,7.5,0.0,11.4,7.4,165.0,10.6,6.1,21.0,33
2024-08-12 01:00:00,22.2,93,944.9,8.2,0.0,11.1,7.1,152.0,9.4,5.5,21.0,33
2024-08-12 02:00:00,21.8,94,944.5,8.3,0.0,10.8,7.0,141.0,8.2,4.9,22.0,33
2024-08-12 03:00:00,21.9,94,944.2,8.0,0.0,10.6,6.9,131.0,7.2,4.4,23.0,33
2024-08-12 04:00:00,21.7,95,944.2,8.2,0.0,9.7,6.2,121.0,6.3,3.9,25.0,34
2024-08-12 05:00:00,21.8,95,944.9,7.6,0.0,6.7,4.3,111.0,4.9,3.4,27.0,34
2024-08-12 06:00:00,22.9,90,944.9,10.7,0.0,7.0,4.0,119.0,5.2,3.5,27.0,35
2024-08-12 07:00:00,23.6,87,945.6,13.3,0.0,7.7,4.3,130.0,5.5,3.7,27.0,35
2024-08-12 08:00:00,24.5,83,946.4,16.0,0.0,8.6,4.8,137.0,5.4,3.8,29.0,35
2024-08-12 09:00:00,25.5,78,946.9,15.9,0.1,10.1,5.4,135.0,4.5,3.7,35.0,35
2024-08-12 10:00:00,26.5,74,946.9,16.8,0.3,11.6,6.1,128.0,3.1,3.6,44.0,35
2024-08-12 11:00:00,27.2,71,946.4,18.0,0.2,11.4,5.6,123.0,2.2,3.5,51.0,35
2024-08-12 12:00:00,27.4,70,946.1,18.0,0.3,9.6,4.9,123.0,2.0,3.5,54.0,35
2024-08-12 13:00:00,28.2,68,945.7,17.0,0.1,10.7,5.6,126.0,2.2,3.7,56.0,35
2024-08-12 14:00:00,28.0,68,944.7,19.1,0.0,11.7,6.7,128.0,2.5,3.7,56.0,35
2024-08-12 15:00:00,27.1,72,944.1,19.5,0.2,10.9,6.2,127.0,2.5,3.5,54.0,36
2024-08-12 16:00:00,26.9,73,943.8,19.9,0.0,11.1,6.3,126.0,2.6,3.2,51.0,36
2024-08-12 17:00:00,25.9,77,943.7,21.6,0.0,19.2,10.2,136.0,3.4,2.7,45.0,36
2024-08-12 18:00:00,25.0,80,944.5,13.4,0.0,19.7,11.0,157.0,6.6,4.2,39.0,37
2024-08-12 19:00:00,24.1,84,944.6,12.0,0.0,20.1,12.3,187.0,11.0,6.2,31.0,37
2024-08-12 20:00:00,23.5,87,945.0,10.4,0.0,21.3,13.3,209.0,14.3,7.9,24.0,38
2024-08-12 21:00:00,22.8,91,945.7,7.9,0.0,21.9,13.8,219.0,15.5,8.9,21.0,40
2024-08-12 22:00:00,22.5,93,946.4,6.3,0.0,22.5,14.4,223.0,15.5,9.5,19.0,41
2024-08-12 23:00:00,22.2,94,946.4,7.6,0.0,23.3,14.9,219.0,14.9,9.5,18.0,42
2024-08-13 00:00:00,22.0,95,946.2,7.2,0.0,23.3,14.5,205.0,13.4,8.7,18.0,44
2024-08-13 01:00:00,21.7,96,946.1,6.3,0.0,22.8,14.3,183.0,11.3,7.3,19.0,45
2024-08-13 02:00:00,21.6,96,945.5,6.4,0.0,22.3,13.9,165.0,9.6,6.2,20.0,47
2024-08-13 03:00:00,21.7,95,945.2,6.6,0.0,22.0,13.3,154.0,8.7,5.6,20.0,49
2024-08-13 04:00:00,21.7,94,945.1,7.3,0.0,21.8,13.1,145.0,8.2,5.3,20.0,50
2024-08-13 05:00:00,21.5,93,945.6,8.1,0.0,11.7,7.2,120.0,5.9,4.1,25.0,51
2024-08-13 06:00:00,22.4,88,946.1,7.3,0.0,12.3,7.1,124.0,5.8,4.3,26.0,51
2024-08-13 07:00:00,23.3,85,946.8,10.9,0.0,13.4,7.3,130.0,5.7,4.6,27.0,51
2024-08-13 08:00:00,24.4,80,947.3,11.5,0.0,15.7,7.5,134.0,5.3,4.7,30.0,51
2024-08-13 09:00:00,25.6,75,947.7,10.4,0.1,18.3,7.8,135.0,4.4,4.6,37.0,51
2024-08-13 10:00:00,26.5,72,947.8,9.7,0.0,22.0,8.3,134.0,3.3,4.4,45.0,52
2024-08-13 11:00:00,27.6,67,947.3,11.4,0.0,24.7,9.1,133.0,2.5,4.3,53.0,52
2024-08-13 12:00:00,28.5,63,946.5,12.1,0.0,25.3,9.1,132.0,2.1,4.3,60.0,52
2024-08-13 13:00:00,29.5,60,945.6,13.4,0.0,25.4,9.0,132.0,2.0,4.3,66.0,52
2024-08-13 14:00:00,29.4,59,944.6,14.4,0.0,23.6,9.0,133.0,2.2,4.5,70.0,53
2024-08-13 15:00:00,28.9,63,944.1,15.0,0.0,22.5,9.0,134.0,2.3,4.8,71.0,53
2024-08-13 16:00:00,28.6,64,943.8,14.9,0.0,21.6,9.3,136.0,2.7,5.2,70.0,53
2024-08-13 17:00:00,27.4,70,943.5,16.7,0.0,42.5,16.7,153.0,4.6,4.5,69.0,53
2024-08-13 18:00:00,25.2,81,944.3,9.7,0.3,37.8,16.8,175.0,8.1,5.8,59.0,54
2024-08-13 19:00:00,24.6,87,944.7,8.3,0.1,33.2,17.5,207.0,12.8,7.7,45.0,54
2024-08-13 20:00:00,24.0,90,945.6,8.1,0.0,32.4,17.7,232.0,16.5,9.4,34.0,55
2024-08-13 21:00:00,23.5,92,946.5,7.8,0.0,31.7,17.4,247.0,18.2,10.7,28.0,55
2024-08-13 22:00:00,23.1,94,946.8,8.6,0.0,30.5,17.1,256.0,18.8,11.8,25.0,55
2024-08-13 23:00:00,22.7,96,946.6,7.9,0.0,28.1,16.9,257.0,18.5,12.4,23.0,56
2024-08-14 00:00:00,22.4,96,946.1,7.9,0.0,26.7,16.5,246.0,17.0,12.3,23.0,56
2024-08-14 01:00:00,22.1,97,945.6,7.2,0.0,26.6,16.0,226.0,14.6,11.8,24.0,56
2024-08-14 02:00:00,21.8,98,944.9,7.3,0.0,26.1,15.4,211.0,12.8,11.4,24.0,56
2024-08-14 03:00:00,21.5,98,944.8,7.1,0.0,26.4,15.0,205.0,12.3,11.6,22.0,56
2024-08-14 04:00:00,21.3,98,945.0,6.8,0.0,26.0,14.9,203.0,12.4,11.9,19.0,56
2024-08-14 05:00:00,21.2,98,945.3,7.1,0.0,26.3,15.4,208.0,11.9,12.7,19.0,56
2024-08-14 06:00:00,21.4,96,945.6,7.6,0.0,29.1,15.4,198.0,10.4,12.1,22.0,57
2024-08-14 07:00:00,22.3,92,946.4,7.6,0.0,31.1,15.5,184.0,8.3,11.3,27.0,58
2024-08-14 08:00:00,23.8,84,947.1,8.8,0.0,34.0,14.3,173.0,6.5,10.3,33.0,58
2024-08-14 09:00:00,25.3,77,947.6,7.2,0.0,35.6,13.4,167.0,5.4,9.1,41.0,59
2024-08-14 10:00:00,26.2,73,947.6,6.4,0.0,39.3,13.2,163.0,4.5,7.9,51.0,59
2024-08-14 11:00:00,26.9,70,947.2,7.0,0.0,41.3,13.9,160.0,3.8,6.9,61.0,60
2024-08-14 12:00:00,27.7,68,946.5,8.7,0.0,44.4,14.9,158.0,3.1,6.3,71.0,60
2024-08-14 13:00:00,28.8,63,945.4,10.8,0.2,48.3,16.4,158.0,2.5,6.1,80.0,61
2024-08-14 14:00:00,28.8,64,944.5,12.9,0.3,54.4,18.0,160.0,2.4,6.2,88.0,61
2024-08-14 15:00:00,29.2,62,943.8,13.0,0.1,53.7,18.7,164.0,3.0,6.8,93.0,62
2024-08-14 16:00:00,28.6,64,943.6,14.8,0.1,49.2,19.0,170.0,4.1,7.7,96.0,63
2024-08-14 17:00:00,26.7,74,944.1,16.7,0.1,56.5,22.5,179.0,5.2,7.9,92.0,63
2024-08-14 18:00:00,26.6,75,944.3,13.8,0.0,45.9,22.0,200.0,8.1,10.4,88.0,64
2024-08-14 19:00:00,24.9,83,944.9,13.0,0.0,40.0,21.9,229.0,12.1,14.0,83.0,64
2024-08-14 20:00:00,24.1,87,945.6,10.0,0.0,38.0,22.3,251.0,15.1,16.9,78.0,65
2024-08-14 21:00:00,23.6,90,945.9,8.8,0.0,36.4,21.7,261.0,16.1,18.6,73.0,65
2024-08-14 22:00:00,23.2,92,946.3,7.6,0.0,36.6,21.4,264.0,16.2,19.7,68.0,65
2024-08-14 23:00:00,22.9,94,946.2,6.9,0.0,36.0,21.6,265.0,15.9,20.3,63.0,66
2024-08-15 00:00:00,22.8,93,945.5,8.0,0.0,37.0,22.0,264.0,15.5,20.2,57.0,66
2024-08-15 01:00:00,22.4,95,944.9,7.6,0.0,36.9,22.3,261.0,14.8,19.5,50.0,66
2024-08-15 02:00:00,22.1,96,944.5,7.9,0.0,37.0,22.6,258.0,14.1,18.8,44.0,67
2024-08-15 03:00:00,22.0,95,944.4,7.6,0.0,38.9,23.3,255.0,13.4,18.2,39.0,67
2024-08-15 04:00:00,21.5,97,944.2,6.8,0.0,40.9,24.2,252.0,12.7,17.7,35.0,68
2024-08-15 05:00:00,21.4,97,944.6,5.1,0.0,40.6,24.2,250.0,12.7,19.2,29.0,69
2024-08-15 06:00:00,21.5,97,945.1,5.8,0.1,41.8,23.1,240.0,11.9,19.5,29.0,70
2024-08-15 07:00:00,22.0,94,945.5,5.9,0.0,47.1,19.7,225.0,10.6,19.8,29.0,70
2024-08-15 08:00:00,23.7,85,946.2,6.3,0.0,49.7,20.1,210.0,9.3,19.2,33.0,70
2024-08-15 09:00:00,25.3,78,946.6,7.5,0.0,54.8,19.3,196.0,7.8,17.1,44.0,71
2024-08-15 10:00:00,27.1,69,946.9,6.5,0.0,61.0,19.1,183.0,6.2,14.1,58.0,71
2024-08-15 11:00:00,28.2,67,946.3,7.9,0.0,63.1,19.7,173.0,4.8,11.6,72.0,72
2024-08-15 12:00:00,28.6,64,945.5,10.0,0.0,63.3,20.7,167.0,3.7,10.0,83.0,72
2024-08-15 13:00:00,29.8,59,944.7,10.8,0.0,61.9,21.0,165.0,2.9,8.9,93.0,73
2024-08-15 14:00:00,30.4,56,943.7,13.3,0.0,61.2,21.3,165.0,2.7,8.4,101.0,73
2024-08-15 15:00:00,30.2,57,942.9,13.7,0.0,58.7,21.5,169.0,3.2,8.8,106.0,73
2024-08-15 16:00:00,29.2,61,942.9,16.2,0.2,56.7,21.8,175.0,4.2,9.9,108.0,74
2024-08-15 17:00:00,26.9,76,943.1,17.3,0.0,50.4,21.2,190.0,6.2,11.3,101.0,74
2024-08-15 18:00:00,26.1,78,943.6,13.1,0.0,44.9,21.1,198.0,7.7,12.1,93.0,74
2024-08-15 19:00:00,25.2,82,944.1,9.7,0.0,38.8,19.4,209.0,9.9,13.3,83.0,74
2024-08-15 20:00:00,24.6,85,944.6,9.9,0.0,35.7,17.5,219.0,11.8,14.2,72.0,73
2024-08-15 21:00:00,23.9,89,944.8,8.4,0.0,34.0,17.1,228.0,13.1,14.8,63.0,73
2024-08-15 22:00:00,23.3,92,944.9,7.9,0.0,33.3,17.0,237.0,14.1,15.1,54.0,73
2024-08-15 23:00:00,22.7,95,944.7,7.3,0.0,31.7,17.2,243.0,14.8,15.3,46.0,72
2024-08-16 00:00:00,22.3,97,944.5,7.0,0.0,30.6,17.1,246.0,15.0,15.2,40.0,72
2024-08-16 01:00:00,22.0,98,943.8,8.4,0.0,28.5,16.9,247.0,14.9,14.9,34.0,72
2024-08-16 02:00:00,21.7,98,943.3,7.8,0.0,30.2,17.9,246.0,14.6,14.5,30.0,71
2024-08-16 03:00:00,21.4,99,943.2,7.4,0.0,32.8,19.0,241.0,14.1,14.2,26.0,71
2024-08-16 04:00:00,21.2,99,943.1,7.0,0.0,33.4,18.7,234.0,13.3,13.9,24.0,71
2024-08-16 05:00:00,21.1,99,943.2,7.2,0.0,28.1,15.8,201.0,11.4,13.9,26.0,70
2024-08-16 06:00:00,22.2,93,943.4,7.0,0.0,28.9,15.2,198.0,10.3,12.7,27.0,69
2024-08-16 07:00:00,23.1,89,944.2,8.1,0.0,32.2,13.9,193.0,8.7,11.1,28.0,69
2024-08-16 08:00:00,24.6,83,944.8,9.7,0.0,33.4,13.1,187.0,7.1,9.5,32.0,68
2024-08-16 09:00:00,26.1,75,945.4,9.3,0.0,36.1,13.2,180.0,5.5,8.0,41.0,68
2024-08-16 10:00:00,27.2,70,945.5,10.9,0.1,40.2,13.6,173.0,3.9,6.5,54.0,67
2024-08-16 11:00:00,28.3,65,945.2,10.2,0.0,46.6,14.5,167.0,2.7,5.4,64.0,67
2024-08-16 12:00:00,29.4,61,944.7,11.2,0.1,48.3,14.9,162.0,2.2,4.8,70.0,66
2024-08-16 13:00:00,30.3,57,943.6,11.9,0.1,45.8,15.0,159.0,2.1,4.7,74.0,66
2024-08-16 14:00:00,29.9,58,942.4,16.2,0.1,39.9,14.3,157.0,2.3,4.7,76.0,66
2024-08-16 15:00:00,28.6,66,942.1,17.0,0.1,32.4,13.9,155.0,2.6,4.8,75.0,65
2024-08-16 16:00:00,27.4,72,942.0,15.6,0.4,31.4,14.4,155.0,3.3,5.2,71.0,64
2024-08-16 17:00:00,26.9,75,942.3,15.5,0.1,30.6,13.9,177.0,6.2,6.8,66.0,64
2024-08-16 18:00:00,26.3,75,943.0,10.7,0.0,30.0,15.2,193.0,8.6,8.4,61.0,63
2024-08-16 19:00:00,25.3,80,943.6,10.7,0.0,29.9,16.1,214.0,12.0,10.7,54.0,63
2024-08-16 20:00:00,24.5,84,944.3,10.2,0.0,31.1,16.6,231.0,14.5,12.6,48.0,63
2024-08-16 21:00:00,23.9,88,944.9,8.7,0.0,31.1,16.6,238.0,15.5,13.7,43.0,62
2024-08-16 22:00:00,23.5,90,945.4,7.9,0.0,30.7,16.8,240.0,15.7,14.5,39.0,62
2024-08-16 23:00:00,23.1,92,945.4,7.2,0.0,29.9,16.8,238.0,15.6,15.0,35.0,62
2024-08-17 00:00:00,22.9,93,945.0,6.8,0.0,28.7,16.4,231.0,15.1,15.3,32.0,62
2024-08-17 01:00:00,22.5,95,944.4,6.5,0.0,30.3,16.4,221.0,14.3,15.3,30.0,62
2024-08-17 02:00:00,22.1,97,944.1,6.9,0.0,31.7,16.9,216.0,13.8,15.4,27.0,62
2024-08-17 03:00:00,21.6,98,943.7,7.0,0.0,30.6,17.3,220.0,14.2,15.5,23.0,62
2024-08-17 04:00:00,21.4,98,943.8,6.3,0.0,30.7,17.9,229.0,14.9,15.7,19.0,62
2024-08-17 05:00:00,21.4,97,944.3,5.6,0.0,34.1,17.2,200.0,13.1,17.4,23.0,62
2024-08-17 06:00:00,22.6,91,945.2,1.4,0.1,37.5,17.6,203.0,12.5,16.5,23.0,62
2024-08-17 07:00:00,22.8,91,945.2,4.0,0.2,39.0,17.9,206.0,11.5,15.2,23.0,62
2024-08-17 08:00:00,23.2,89,945.5,4.6,0.3,41.4,18.2,207.0,10.2,13.7,28.0,63
2024-08-17 09:00:00,23.7,87,946.3,3.9,0.1,49.6,20.8,203.0,8.2,12.0,39.0,63
2024-08-17 10:00:00,25.5,78,946.9,4.2,0.0,47.3,19.6,197.0,5.9,10.1,55.0,64
2024-08-17 11:00:00,25.8,76,946.7,2.6,0.0,48.8,20.0,191.0,4.1,8.5,69.0,64
2024-08-17 12:00:00,26.8,71,946.0,1.5,0.0,46.6,19.6,185.0,3.0,7.4,82.0,65
2024-08-17 13:00:00,28.1,67,945.2,2.3,0.0,45.8,19.8,179.0,2.4,6.7,93.0,65
2024-08-17 14:00:00,28.8,64,944.2,7.0,0.1,44.6,19.6,178.0,2.6,6.4,98.0,65
2024-08-17 15:00:00,28.5,66,943.9,8.5,0.1,38.5,18.2,183.0,4.0,6.6,92.0,66
2024-08-17 16:00:00,27.6,69,943.6,11.5,0.6,34.6,18.2,192.0,6.2,7.2,80.0,66
2024-08-17 17:00:00,25.3,81,943.8,6.1,1.2,41.6,22.1,208.0,7.9,7.4,80.0,66
2024-08-17 18:00:00,26.8,76,943.9,4.8,0.1,42.4,24.5,246.0,12.3,9.5,72.0,67
2024-08-17 19:00:00,26.0,80,944.4,5.2,0.1,42.4,26.2,299.0,18.2,12.3,61.0,68
2024-08-17 20:00:00,25.0,92,945.0,3.1,0.0,42.4,26.6,334.0,22.1,14.8,53.0,68
2024-08-17 21:00:00,24.6,91,946.1,2.6,0.0,41.6,25.8,337.0,22.2,16.4,51.0,69
2024-08-17 22:00:00,24.5,90,946.7,4.7,0.0,39.2,24.6,324.0,20.3,17.6,51.0,70
2024-08-17 23:00:00,24.1,92,946.8,5.4,0.0,36.0,23.2,305.0,18.0,18.3,52.0,71
2024-08-18 00:00:00,23.7,95,946.0,5.3,0.0,33.6,21.8,280.0,15.4,18.2,53.0,71
2024-08-18 01:00:00,23.4,97,945.9,2.5,0.1,30.7,19.7,251.0,12.5,17.6,55.0,72
2024-08-18 02:00:00,23.4,96,945.3,4.0,0.2,27.1,16.9,231.0,10.5,17.0,54.0,72
2024-08-18 03:00:00,23.3,97,944.9,3.4,0.2,25.6,15.7,229.0,10.3,16.3,48.0,72
2024-08-18 04:00:00,23.4,96,945.0,3.0,0.2,25.4,16.1,237.0,11.1,15.6,40.0,72
2024-08-18 05:00:00,23.4,96,944.9,3.1,0.1,18.9,11.8,217.0,7.0,12.2,63.0,72
2024-08-18 06:00:00,23.0,95,945.3,5.0,8.0,19.3,12.0,225.0,8.0,11.8,62.0,71
2024-08-18 07:00:00,23.1,96,945.8,3.9,6.5,19.6,12.3,235.0,9.2,11.2,62.0,71
2024-08-18 08:00:00,23.5,95,946.2,3.6,1.9,19.5,12.3,240.0,9.5,10.2,64.0,70
2024-08-18 09:00:00,24.5,89,946.9,5.0,0.2,18.7,11.9,234.0,7.9,8.5,72.0,70
2024-08-18 10:00:00,25.7,83,947.2,6.8,0.1,17.2,11.1,223.0,5.3,6.4,82.0,69
2024-08-18 11:00:00,27.1,78,947.0,6.4,0.1,16.4,10.7,213.0,3.4,4.7,90.0,68
2024-08-18 12:00:00,28.0,75,946.4,5.1,0.1,15.0,9.8,207.0,2.8,3.6,94.0,68
2024-08-18 13:00:00,28.3,73,945.6,6.2,0.1,13.9,9.2,203.0,2.8,2.9,95.0,67
2024-08-18 14:00:00,27.7,76,944.7,6.3,0.1,15.8,10.7,203.0,3.4,2.8,95.0,66
2024-08-18 15:00:00,27.6,76,944.3,4.3,0.1,16.1,11.0,206.0,4.3,3.4,93.0,65
2024-08-18 16:00:00,24.9,88,944.6,5.6,11.4,16.2,11.1,212.0,5.8,4.7,89.0,65
2024-08-18 17:00:00,24.8,89,943.8,6.5,0.6,31.1,21.4,217.0,6.6,4.5,86.0,64
2024-08-18 18:00:00,25.1,85,944.6,2.5,0.9,32.9,22.6,254.0,10.8,6.7,76.0,64
2024-08-18 19:00:00,24.7,90,945.2,2.2,0.1,35.2,24.4,305.0,16.7,9.7,62.0,64
2024-08-18 20:00:00,24.3,92,946.0,3.7,0.0,34.0,23.6,347.0,21.2,12.1,51.0,64
2024-08-18 21:00:00,23.9,94,946.4,2.9,0.0,32.8,22.8,373.0,23.3,13.5,46.0,64
2024-08-18 22:00:00,23.8,94,946.9,2.5,0.0,34.1,23.7,390.0,24.1,14.3,43.0,63
2024-08-18 23:00:00,24.0,93,946.7,1.1,0.0,37.0,25.8,400.0,24.1,14.6,40.0,63
2024-08-19 00:00:00,23.8,94,946.3,1.1,0.0,37.5,26.1,402.0,23.3,14.4,36.0,64
2024-08-19 01:00:00,23.0,98,945.7,3.1,0.0,37.8,26.4,397.0,21.7,13.9,32.0,64
2024-08-19 02:00:00,22.9,97,945.0,3.6,0.0,36.4,25.4,386.0,19.8,13.1,30.0,64
2024-08-19 03:00:00,22.7,98,944.8,2.0,0.0,32.4,22.5,367.0,17.5,12.2,30.0,65
2024-08-19 04:00:00,22.8,96,944.6,2.9,0.0,23.7,16.6,342.0,15.0,11.2,31.0,66
2024-08-19 05:00:00,22.4,97,944.7,3.6,0.0,18.9,13.3,262.0,8.8,8.8,48.0,66
2024-08-19 06:00:00,23.1,95,945.0,3.2,0.1,18.3,12.9,264.0,9.0,7.8,48.0,66
2024-08-19 07:00:00,23.7,92,945.3,3.5,0.0,17.7,12.5,267.0,9.2,6.4,50.0,66
2024-08-19 08:00:00,24.6,86,946.0,4.7,0.0,19.9,14.1,265.0,8.8,5.2,55.0,66
2024-08-19 09:00:00,25.8,81,946.4,3.7,0.0,20.7,14.6,255.0,7.0,4.2,67.0,66
2024-08-19 10:00:00,27.2,75,946.8,3.6,0.1,20.2,14.2,242.0,4.6,3.4,84.0,66
2024-08-19 11:00:00,28.6,70,946.6,5.0,0.1,29.1,20.3,232.0,2.8,2.9,98.0,66
2024-08-19 12:00:00,28.9,71,945.9,5.2,0.0,22.9,16.0,229.0,2.0,2.7,109.0,67
2024-08-19 13:00:00,29.4,68,944.8,4.4,0.1,23.3,16.2,229.0,1.8,2.9,117.0,68
2024-08-19 14:00:00,29.8,66,943.3,2.2,0.0,23.9,16.7,231.0,2.2,3.3,121.0,68
2024-08-19 15:00:00,30.3,65,942.6,5.8,0.1,23.5,16.4,232.0,3.2,3.9,119.0,69
2024-08-19 16:00:00,28.4,71,942.2,8.1,2.2,23.2,16.2,235.0,4.8,4.7,112.0,69
2024-08-19 17:00:00,26.5,78,943.0,5.4,1.7,26.7,18.9,261.0,9.4,7.6,90.0,70
2024-08-19 18:00:00,24.5,91,943.8,5.2,0.8,24.6,17.3,267.0,10.3,8.3,88.0,69
2024-08-19 19:00:00,24.4,92,944.6,3.0,0.7,23.5,16.6,275.0,11.7,9.3,85.0,69
2024-08-19 20:00:00,24.3,94,945.2,0.7,0.2,23.2,16.4,289.0,13.2,10.2,80.0,68
2024-08-19 21:00:00,24.2,93,946.1,1.8,0.3,22.9,16.1,312.0,15.0,11.1,73.0,68
2024-08-19 22:00:00,23.8,94,946.5,8.1,0.5,24.3,17.1,339.0,16.9,12.1,64.0,67
2024-08-19 23:00:00,23.3,95,946.1,1.8,2.0,25.0,17.6,360.0,18.1,12.6,57.0,67
2024-08-20 00:00:00,23.3,95,945.3,2.5,1.4,24.6,17.3,369.0,18.3,12.5,51.0,66
2024-08-20 01:00:00,23.0,96,944.7,3.0,0.8,24.6,17.3,372.0,17.9,11.9,46.0,65
2024-08-20 02:00:00,22.8,97,943.4,2.9,0.3,24.0,16.9,368.0,16.9,11.5,43.0,65
2024-08-20 03:00:00,22.8,96,942.9,3.3,0.1,24.0,16.9,356.0,15.0,11.3,42.0,64
2024-08-20 04:00:00,22.8,97,943.0,4.3,0.1,19.7,13.8,338.0,12.6,11.3,44.0,64
2024-08-20 05:00:00,22.5,97,943.0,3.5,0.0,14.7,10.3,353.0,13.4,10.9,39.0,63
2024-08-20 06:00:00,23.1,96,944.0,5.5,0.0,16.3,11.4,343.0,12.5,11.7,48.0,63
2024-08-20 07:00:00,23.6,93,944.4,6.2,0.0,18.7,13.1,329.0,11.1,12.6,61.0,63
2024-08-20 08:00:00,24.6,89,945.2,3.3,0.0,20.3,14.3,311.0,9.4,12.5,75.0,63
2024-08-20 09:00:00,25.9,84,945.7,1.6,0.0,22.4,15.7,289.0,6.9,10.5,91.0,63
2024-08-20 10:00:00,27.3,77,946.0,6.0,0.0,23.9,16.8,263.0,4.1,7.4,108.0,63
2024-08-20 11:00:00,28.1,71,945.9,6.9,0.3,23.4,16.5,241.0,2.1,4.9,118.0,63
2024-08-20 12:00:00,29.2,66,945.2,6.8,0.0,21.6,15.1,223.0,1.4,3.4,117.0,63
2024-08-20 13:00:00,29.0,65,944.5,3.7,0.0,20.5,14.2,208.0,1.5,2.4,109.0,63
2024-08-20 14:00:00,29.3,64,943.5,5.4,0.1,21.8,15.0,199.0,2.0,1.9,101.0,63
2024-08-20 15:00:00,29.8,63,942.7,8.0,0.0,21.9,15.0,197.0,2.7,1.9,97.0,63
2024-08-20 16:00:00,28.0,70,942.8,7.1,0.5,22.1,15.1,202.0,3.8,2.5,94.0,63
2024-08-20 17:00:00,26.0,80,943.0,11.9,0.3,29.0,20.3,228.0,6.7,4.8,89.0,62
2024-08-20 18:00:00,25.7,86,943.5,7.5,0.2,29.2,20.5,248.0,9.3,7.0,83.0,63
2024-08-20 19:00:00,24.6,89,944.3,12.8,0.2,29.3,20.7,275.0,12.7,9.9,74.0,63
2024-08-20 20:00:00,23.9,90,944.9,5.4,0.3,28.2,19.9,290.0,14.7,11.7,67.0,63
2024-08-20 21:00:00,23.0,94,946.0,7.6,1.6,26.8,19.0,281.0,13.8,11.4,65.0,63
2024-08-20 22:00:00,23.2,94,946.9,2.4,1.6,23.2,16.5,259.0,11.4,9.9,66.0,64
2024-08-20 23:00:00,23.1,95,947.2,3.1,0.9,15.9,11.4,239.0,9.2,8.3,66.0,64
2024-08-21 00:00:00,22.8,95,946.4,6.0,1.0,11.8,8.5,225.0,7.8,6.8,65.0,63
2024-08-21 01:00:00,22.6,96,945.6,2.7,0.4,9.1,6.5,212.0,6.7,5.2,63.0,62
2024-08-21 02:00:00,22.5,97,944.8,1.0,0.1,7.9,5.7,205.0,6.1,4.1,61.0,62
2024-08-21 03:00:00,22.6,95,944.6,0.8,0.0,7.7,5.5,205.0,6.3,3.8,57.0,61
2024-08-21 04:00:00,22.1,98,944.3,2.2,0.0,8.1,5.8,210.0,6.9,4.1,53.0,60
2024-08-21 05:00:00,22.0,99,944.3,2.3,0.0,10.4,7.4,251.0,10.4,7.3,40.0,59
2024-08-21 06:00:00,22.5,96,944.5,3.5,0.0,13.0,9.2,256.0,10.5,6.7,43.0,59
2024-08-21 07:00:00,23.7,89,945.3,5.4,0.0,18.3,12.8,263.0,10.4,5.9,47.0,59
2024-08-21 08:00:00,25.0,83,945.9,9.3,0.0,21.7,15.3,265.0,9.7,5.0,55.0,59
2024-08-21 09:00:00,26.0,79,946.2,8.6,0.1,21.8,15.4,256.0,7.6,4.1,68.0,59
2024-08-21 10:00:00,27.1,74,946.0,7.2,0.3,19.6,13.9,242.0,4.8,3.2,85.0,59
2024-08-21 11:00:00,28.3,69,945.7,6.5,0.4,19.9,14.1,231.0,2.7,2.5,98.0,59
2024-08-21 12:00:00,28.9,68,945.3,4.9,0.1,19.0,13.4,226.0,1.8,1.9,106.0,58
2024-08-21 13:00:00,30.3,63,944.2,5.4,0.1,15.7,11.1,225.0,1.7,1.5,110.0,58
2024-08-21 14:00:00,29.8,67,943.2,3.1,0.4,14.6,10.2,226.0,2.1,1.5,111.0,58
2024-08-21 15:00:00,29.6,69,942.3,1.1,0.1,14.5,10.2,229.0,3.0,2.0,109.0,58
2024-08-21 16:00:00,24.7,92,942.5,14.0,8.7,15.2,10.7,234.0,4.5,2.8,104.0,57
2024-08-21 17:00:00,25.5,86,942.8,8.8,1.8,27.1,19.2,256.0,6.7,3.6,96.0,57
2024-08-21 18:00:00,24.8,88,943.4,6.8,0.6,27.1,19.2,276.0,9.2,5.3,90.0,57
2024-08-21 19:00:00,23.9,94,944.0,6.5,3.0,28.0,19.8,304.0,12.7,7.7,81.0,57
2024-08-21 20:00:00,23.9,95,944.4,3.8,0.1,29.8,21.1,326.0,15.3,9.7,74.0,57
2024-08-21 21:00:00,23.6,96,945.4,6.2,0.6,32.5,22.9,336.0,16.2,11.0,69.0,57
2024-08-21 22:00:00,23.4,96,945.8,2.7,0.3,32.7,23.1,341.0,16.3,12.0,66.0,57
2024-08-21 23:00:00,22.9,96,945.7,3.8,0.0,32.5,22.9,342.0,16.0,12.4,63.0,58
2024-08-22 00:00:00,22.9,96,945.1,4.1,0.0,32.2,22.7,339.0,15.3,12.0,60.0,58
2024-08-22 01:00:00,23.1,96,944.8,4.2,0.0,31.1,21.9,333.0,14.2,11.1,56.0,60
2024-08-22 02:00:00,22.9,96,944.8,1.8,4.0,31.3,22.1,329.0,13.2,10.2,53.0,61
2024-08-22 03:00:00,23.0,96,944.3,2.2,0.1,30.2,21.3,331.0,12.6,9.6,48.0,62
2024-08-22 04:00:00,22.7,98,943.7,2.6,0.1,27.0,19.0,334.0,12.0,9.0,42.0,63
2024-08-22 05:00:00,22.5,99,943.5,2.0,0.1,23.2,16.4,348.0,11.7,10.0,43.0,64
2024-08-22 06:00:00,22.9,98,943.7,1.3,0.0,21.9,15.5,342.0,11.6,11.1,52.0,65
2024-08-22 07:00:00,23.5,95,944.4,3.9,0.0,24.9,17.5,334.0,11.4,12.6,66.0,66
2024-08-22 08:00:00,24.9,86,945.4,1.6,0.1,25.7,18.0,323.0,10.6,13.2,80.0,66
2024-08-22 09:00:00,25.6,82,945.6,1.0,0.1,26.4,18.5,309.0,8.7,12.0,94.0,66
2024-08-22 10:00:00,27.3,75,945.6,2.6,0.3,26.7,18.7,294.0,6.1,9.8,108.0,66
2024-08-22 11:00:00,27.8,71,945.2,4.2,0.2,26.4,18.5,280.0,4.1,7.9,120.0,67
2024-08-22 12:00:00,28.4,70,944.7,5.2,0.1,25.6,17.9,270.0,2.9,6.8,130.0,67
2024-08-22 13:00:00,28.9,68,943.9,6.5,0.2,25.0,17.4,261.0,2.3,5.9,137.0,67
2024-08-22 14:00:00,28.8,70,942.8,7.8,0.3,27.2,18.9,253.0,2.4,5.4,137.0,68
2024-08-22 15:00:00,28.6,72,942.0,8.4,0.1,27.3,18.9,242.0,3.4,5.1,126.0,69
2024-08-22 16:00:00,27.2,76,942.0,12.1,1.2,22.0,15.3,231.0,5.1,5.2,107.0,69
2024-08-22 17:00:00,24.6,90,942.4,6.3,5.0,29.4,20.3,225.0,4.9,3.0,95.0,71
2024-08-22 18:00:00,25.9,82,943.0,3.3,0.6,27.9,19.3,261.0,9.9,4.3,79.0,71
2024-08-22 19:00:00,24.8,88,944.0,6.0,1.0,27.9,19.4,310.0,16.7,6.2,58.0,70
2024-08-22 20:00:00,23.7,94,944.7,3.8,2.7,29.3,20.4,337.0,20.8,7.6,43.0,70
2024-08-22 21:00:00,23.7,95,945.2,6.3,0.1,28.0,19.5,323.0,19.8,8.4,41.0,70
2024-08-22 22:00:00,23.6,97,945.7,2.4,0.0,24.4,17.0,287.0,16.2,8.7,46.0,69
2024-08-22 23:00:00,24.0,92,946.2,2.3,0.1,21.0,14.5,256.0,13.1,8.7,49.0,69
2024-08-23 00:00:00,23.7,96,945.7,3.2,0.2,17.1,11.8,240.0,11.7,8.0,45.0,68
2024-08-23 01:00:00,23.3,98,944.9,1.3,0.0,10.4,7.3,228.0,10.9,6.9,40.0,67
2024-08-23 02:00:00,23.4,97,944.5,1.4,0.0,9.1,6.4,220.0,10.3,6.1,35.0,66
2024-08-23 03:00:00,23.2,98,943.5,2.2,0.0,9.1,6.4,216.0,10.0,5.9,33.0,65
2024-08-23 04:00:00,23.0,98,943.2,2.1,0.0,9.4,6.6,216.0,10.0,6.0,31.0,64
2024-08-23 05:00:00,23.0,99,943.5,3.6,0.1,16.9,11.9,275.0,13.3,6.5,19.0,63
2024-08-23 06:00:00,23.7,94,944.9,2.0,0.0,13.1,9.3,264.0,12.7,6.7,21.0,63
2024-08-23 07:00:00,23.7,94,945.5,3.6,0.3,13.0,9.2,249.0,11.8,6.8,25.0,62
2024-08-23 08:00:00,24.2,91,945.8,6.0,0.3,10.8,7.7,231.0,10.5,6.7,30.0,61
2024-08-23 09:00:00,25.1,84,946.3,11.7,0.0,9.1,6.4,210.0,8.3,5.9,38.0,61
2024-08-23 10:00:00,26.1,79,946.7,13.6,0.1,8.4,5.9,187.0,5.6,4.8,48.0,60
2024-08-23 11:00:00,26.3,77,946.4,16.6,0.0,7.5,5.3,169.0,3.7,4.0,55.0,59
2024-08-23 12:00:00,27.2,74,945.9,17.6,0.1,7.1,5.0,158.0,3.0,3.6,58.0,58
2024-08-23 13:00:00,27.9,73,945.0,14.7,0.2,7.2,5.0,151.0,3.1,3.5,57.0,57
2024-08-23 14:00:00,26.1,80,944.3,15.3,9.0,7.0,4.8,149.0,3.6,3.5,56.0,56
2024-08-23 15:00:00,25.5,86,943.5,14.2,0.8,7.4,5.1,152.0,4.4,3.6,54.0,55
2024-08-23 16:00:00,25.7,81,943.4,15.3,1.6,7.9,5.4,159.0,5.6,3.9,50.0,53
2024-08-23 17:00:00,25.0,89,943.6,11.2,0.3,10.0,6.7,169.0,7.7,3.9,40.0,53
2024-08-23 18:00:00,24.5,90,943.6,10.4,1.4,9.2,6.3,188.0,10.1,4.6,35.0,52
2024-08-23 19:00:00,24.1,92,944.3,8.9,0.1,10.4,7.3,215.0,13.4,5.6,29.0,51
2024-08-23 20:00:00,23.9,94,944.7,6.6,0.2,11.4,8.0,235.0,15.8,6.5,24.0,49
2024-08-23 21:00:00,23.7,92,945.5,10.0,0.2,10.9,7.7,244.0,16.4,7.1,21.0,46
2024-08-23 22:00:00,23.5,95,945.4,3.3,0.1,11.0,7.8,246.0,16.1,7.6,20.0,43
2024-08-23 23:00:00,23.3,95,945.6,8.9,0.4,10.3,7.3,241.0,15.3,7.8,20.0,41
2024-08-24 00:00:00,22.8,96,945.2,10.8,4.1,7.2,5.1,227.0,13.9,7.7,21.0,39
2024-08-24 01:00:00,22.8,95,944.6,10.4,3.7,5.2,3.7,206.0,11.9,7.3,22.0,38
2024-08-24 02:00:00,22.7,95,943.9,5.0,2.7,4.6,3.3,189.0,10.3,7.0,24.0,37
2024-08-24 03:00:00,22.8,95,943.2,7.0,0.5,4.1,2.9,177.0,9.0,6.7,26.0,36
2024-08-24 04:00:00,22.8,95,943.4,4.0,1.8,3.8,2.6,167.0,8.0,6.4,28.0,36
2024-08-24 05:00:00,22.5,96,943.6,6.2,2.9,4.9,3.2,171.0,8.5,7.2,27.0,35
2024-08-24 06:00:00,22.5,94,944.5,10.2,1.5,4.5,3.0,185.0,9.5,7.6,27.0,33
2024-08-24 07:00:00,22.8,94,945.3,11.0,0.7,5.9,4.0,205.0,10.7,8.1,26.0,31
2024-08-24 08:00:00,23.1,94,946.2,9.5,2.2,6.5,4.5,216.0,11.4,8.6,28.0,30
2024-08-24 09:00:00,23.2,94,946.7,9.8,4.0,5.9,4.1,211.0,10.9,9.0,34.0,29
2024-08-24 10:00:00,23.3,94,946.6,10.3,4.3,5.5,3.9,198.0,9.8,9.4,41.0,29
2024-08-24 11:00:00,23.4,93,946.0,13.3,4.5,5.5,3.9,185.0,8.6,9.1,46.0,28
2024-08-24 12:00:00,23.5,92,945.5,14.9,8.6,6.4,4.7,172.0,7.5,7.6,45.0,28
2024-08-24 13:00:00,24.1,91,944.9,19.5,2.8,4.4,3.2,159.0,6.3,5.4,41.0,28
2024-08-24 14:00:00,23.6,92,944.3,19.5,1.5,2.6,1.9,151.0,5.6,3.8,38.0,27
2024-08-24 15:00:00,23.3,92,943.8,20.7,2.8,2.5,1.8,150.0,5.6,3.2,37.0,27
2024-08-24 16:00:00,23.3,91,943.7,20.6,2.6,3.6,2.7,154.0,6.1,3.2,36.0,26
2024-08-24 17:00:00,23.2,92,944.0,17.2,1.6,5.8,3.5,163.0,8.1,3.9,33.0,25
2024-08-24 18:00:00,22.7,92,944.5,18.2,2.5,4.1,2.9,163.0,8.0,4.0,33.0,25
2024-08-24 19:00:00,22.5,92,944.8,18.1,1.7,3.9,2.8,163.0,7.8,4.1,34.0,24
2024-08-24 20:00:00,22.5,92,945.3,19.9,2.7,3.1,2.2,161.0,7.4,4.1,35.0,23
2024-08-24 21:00:00,22.5,92,945.8,21.2,1.1,2.8,2.0,157.0,6.6,3.9,36.0,21
2024-08-24 22:00:00,22.5,92,945.9,19.6,0.5,3.4,2.4,151.0,5.6,3.5,37.0,20
2024-08-24 23:00:00,22.6,92,946.0,19.7,0.5,3.7,2.6,145.0,4.7,3.2,38.0,19
2024-08-25 00:00:00,22.6,92,945.4,18.9,0.9,2.2,1.6,140.0,3.9,3.0,38.0,18
2024-08-25 01:00:00,22.5,93,944.7,18.8,1.1,1.2,0.9,134.0,3.2,2.8,38.0,17
2024-08-25 02:00:00,22.8,92,943.8,21.4,0.7,0.9,0.7,130.0,2.7,2.7,38.0,17
2024-08-25 03:00:00,22.5,93,943.7,19.4,0.4,1.2,0.9,126.0,2.3,2.5,38.0,17
2024-08-25 04:00:00,22.3,93,943.5,18.7,0.4,1.2,0.9,123.0,2.2,2.4,38.0,17
2024-08-25 05:00:00,22.2,93,943.6,17.3,1.1,0.4,0.3,116.0,2.0,2.0,39.0,17
2024-08-25 06:00:00,22.4,92,944.1,21.9,1.5,0.6,0.4,125.0,3.0,2.3,37.0,18
2024-08-25 07:00:00,22.7,91,944.6,21.0,2.3,1.3,0.9,137.0,4.4,2.7,34.0,18
2024-08-25 08:00:00,22.9,92,944.7,21.1,1.6,2.0,1.5,144.0,5.1,3.0,33.0,17
2024-08-25 09:00:00,22.8,91,945.0,22.3,1.4,2.1,1.5,141.0,4.5,2.9,35.0,17
2024-08-25 10:00:00,22.9,91,944.9,19.5,1.2,2.6,1.8,133.0,3.3,2.6,38.0,17
2024-08-25 11:00:00,24.2,87,944.8,24.4,0.5,2.2,1.5,127.0,2.3,2.4,42.0,17
2024-08-25 12:00:00,24.6,87,944.5,27.1,0.6,4.8,3.2,127.0,1.9,2.4,46.0,17
2024-08-25 13:00:00,25.3,81,943.8,30.5,0.4,5.9,3.9,129.0,1.9,2.6,51.0,18
2024-08-25 14:00:00,24.1,82,943.6,26.1,3.8,7.8,4.8,133.0,2.2,2.7,54.0,18
2024-08-25 15:00:00,24.0,85,943.1,25.5,0.4,7.4,4.8,139.0,3.1,2.7,53.0,19
2024-08-25 16:00:00,24.1,82,942.9,25.3,0.3,3.9,2.5,147.0,4.5,2.6,50.0,20
2024-08-25 17:00:00,23.7,84,942.8,23.4,0.5,2.6,1.6,153.0,6.5,3.0,47.0,21
2024-08-25 18:00:00,22.5,92,942.8,21.4,3.3,2.5,1.7,150.0,6.3,3.0,48.0,22
2024-08-25 19:00:00,22.2,93,943.1,23.0,0.9,2.2,1.5,147.0,6.0,3.1,50.0,23
2024-08-25 20:00:00,22.8,91,943.1,25.1,0.5,2.4,1.7,143.0,5.7,3.1,51.0,23
2024-08-25 21:00:00,22.2,94,943.7,19.8,0.3,2.8,2.0,140.0,5.6,3.1,50.0,23
2024-08-25 22:00:00,21.7,91,943.9,21.5,0.1,2.4,1.7,137.0,5.4,3.1,47.0,23
2024-08-25 23:00:00,21.4,90,943.1,18.4,0.1,2.9,1.8,133.0,5.2,3.0,45.0,23
2024-08-26 00:00:00,21.4,91,942.7,18.7,0.0,3.2,2.0,126.0,4.7,2.8,44.0,22
2024-08-26 01:00:00,21.3,91,942.4,17.6,0.1,2.0,1.4,119.0,4.0,2.6,43.0,22
2024-08-26 02:00:00,21.1,91,941.6,20.1,0.1,1.7,1.2,112.0,3.5,2.4,42.0,22
2024-08-26 03:00:00,21.6,88,941.4,21.9,0.0,2.1,1.3,106.0,3.0,2.3,42.0,22
2024-08-26 04:00:00,21.7,88,941.4,22.9,0.0,1.4,0.9,101.0,2.7,2.2,42.0,21
2024-08-26 05:00:00,21.8,88,941.6,21.6,0.1,3.4,2.1,100.0,2.6,2.3,40.0,21
2024-08-26 06:00:00,22.1,89,942.3,20.7,0.5,2.2,1.5,112.0,3.6,2.6,39.0,20
2024-08-26 07:00:00,22.6,89,942.7,23.3,0.3,2.0,1.4,128.0,4.9,3.1,38.0,20
2024-08-26 08:00:00,23.5,85,943.2,23.8,0.0,3.5,2.3,139.0,5.6,3.3,39.0,19
2024-08-26 09:00:00,24.0,84,943.7,23.7,0.0,5.1,3.1,138.0,4.9,3.1,43.0,19
2024-08-26 10:00:00,24.3,83,944.3,22.4,0.2,4.3,2.8,131.0,3.4,2.8,49.0,19
2024-08-26 11:00:00,24.3,82,943.9,25.3,0.4,3.9,2.4,125.0,2.4,2.5,53.0,19
2024-08-26 12:00:00,24.2,82,943.8,23.7,0.5,6.1,4.0,123.0,2.2,2.5,55.0,20
2024-08-26 13:00:00,24.2,84,943.3,23.5,0.3,5.6,3.6,122.0,2.3,2.5,55.0,21
2024-08-26 14:00:00,24.2,83,942.3,23.0,0.8,5.2,3.2,122.0,2.7,2.6,54.0,22
2024-08-26 15:00:00,24.3,83,942.2,23.8,1.2,7.9,5.1,124.0,3.4,2.7,51.0,22
2024-08-26 16:00:00,24.3,85,941.9,24.9,0.4,5.3,3.7,127.0,4.4,2.7,48.0,23
2024-08-26 17:00:00,23.9,85,942.0,22.8,0.3,8.7,5.1,130.0,5.5,2.9,42.0,24
2024-08-26 18:00:00,23.1,87,942.1,20.3,0.2,7.2,4.5,132.0,6.1,3.1,40.0,24
2024-08-26 19:00:00,22.7,88,942.8,18.0,0.1,6.4,4.3,135.0,6.8,3.5,37.0,23
2024-08-26 20:00:00,22.3,90,943.5,17.9,0.2,6.1,4.1,137.0,7.3,3.7,35.0,22
2024-08-26 21:00:00,21.9,90,944.0,15.0,0.1,4.9,3.4,139.0,7.3,3.8,34.0,21
2024-08-26 22:00:00,21.9,90,944.2,15.3,0.1,3.9,2.8,141.0,7.1,3.8,35.0,20
2024-08-26 23:00:00,21.5,91,943.9,15.6,0.2,2.6,1.8,139.0,6.6,3.7,35.0,19
2024-08-27 00:00:00,21.6,91,943.3,15.7,0.1,1.6,1.1,131.0,5.6,3.3,35.0,18
2024-08-27 01:00:00,21.8,89,942.8,18.1,0.1,1.3,0.9,120.0,4.4,2.7,36.0,17
2024-08-27 02:00:00,21.7,90,942.2,18.2,0.0,1.1,0.8,112.0,3.5,2.3,36.0,17
2024-08-27 03:00:00,21.6,91,942.4,17.2,0.1,1.0,0.7,108.0,3.1,2.2,36.0,16
2024-08-27 04:00:00,21.5,90,942.4,17.3,0.2,0.9,0.6,108.0,2.9,2.2,36.0,16
2024-08-27 05:00:00,21.4,90,942.4,17.8,0.0,1.4,0.9,109.0,2.8,1.9,37.0,16
2024-08-27 06:00:00,22.4,88,942.6,15.1,0.2,1.2,0.8,116.0,3.4,2.1,36.0,17
2024-08-27 07:00:00,22.8,89,943.3,16.9,0.4,1.5,1.0,126.0,4.1,2.4,35.0,17
2024-08-27 08:00:00,23.6,84,943.9,20.7,0.2,2.8,1.7,131.0,4.4,2.6,36.0,17
2024-08-27 09:00:00,24.0,84,945.0,21.5,0.3,4.2,2.7,127.0,3.7,2.5,39.0,17
2024-08-27 10:00:00,24.7,81,945.3,24.0,0.6,4.3,2.8,119.0,2.6,2.2,44.0,17
2024-08-27 11:00:00,25.9,77,945.1,26.5,0.4,3.5,2.1,113.0,1.8,2.0,48.0,17
2024-08-27 12:00:00,26.1,76,944.7,26.0,0.5,5.0,2.6,110.0,1.5,2.1,50.0,18
2024-08-27 13:00:00,25.9,76,944.3,27.9,1.0,6.9,4.0,109.0,1.5,2.2,52.0,19
2024-08-27 14:00:00,24.8,80,943.7,26.3,2.1,7.4,4.4,110.0,1.9,2.4,52.0,20
2024-08-27 15:00:00,25.4,79,943.2,26.9,0.5,6.5,4.2,115.0,2.8,2.6,50.0,21
2024-08-27 16:00:00,25.0,80,943.4,24.6,0.3,6.7,4.3,122.0,4.0,2.8,46.0,22
2024-08-27 17:00:00,24.1,83,943.2,19.4,0.1,4.0,2.6,120.0,3.7,2.1,40.0,22
2024-08-27 18:00:00,23.4,86,944.4,16.8,0.2,5.3,3.5,128.0,4.9,2.6,38.0,22
2024-08-27 19:00:00,22.8,89,944.8,15.0,0.2,4.2,2.9,139.0,6.6,3.3,34.0,22
2024-08-27 20:00:00,22.1,91,945.2,13.6,0.1,3.3,2.3,146.0,7.6,3.7,32.0,21
2024-08-27 21:00:00,22.1,90,945.9,13.7,0.1,2.8,1.9,146.0,7.5,3.7,32.0,20
2024-08-27 22:00:00,22.2,90,946.5,11.2,0.1,2.6,1.8,143.0,6.8,3.4,32.0,19
2024-08-27 23:00:00,22.1,91,946.2,11.5,0.1,2.3,1.6,138.0,6.0,3.1,33.0,18
2024-08-28 00:00:00,21.9,91,945.8,10.5,0.0,1.6,1.1,131.0,5.1,2.8,34.0,17
2024-08-28 01:00:00,21.6,92,944.8,10.7,0.0,1.5,1.0,121.0,4.0,2.4,35.0,16
2024-08-28 02:00:00,21.7,91,944.6,13.0,0.1,1.2,0.8,114.0,3.2,2.1,36.0,16
2024-08-28 03:00:00,21.7,90,944.1,14.3,0.0,1.1,0.8,109.0,2.8,2.0,36.0,16
2024-08-28 04:00:00,21.5,91,944.0,12.7,0.1,1.3,0.9,107.0,2.6,2.0,35.0,16
2024-08-28 05:00:00,21.8,90,943.9,15.4,0.0,3.4,2.1,113.0,2.9,0.8,32.0,16
2024-08-28 06:00:00,22.2,88,944.3,17.3,0.0,3.0,2.0,119.0,3.2,1.3,32.0,16
2024-08-28 07:00:00,22.7,87,944.8,21.2,0.0,5.3,3.1,128.0,3.5,1.9,32.0,16
2024-08-28 08:00:00,23.8,86,945.4,18.7,0.1,6.9,3.7,132.0,3.6,2.4,33.0,16
2024-08-28 09:00:00,24.5,84,946.1,26.4,0.3,9.8,5.0,128.0,3.2,2.5,36.0,16
2024-08-28 10:00:00,25.2,79,946.2,28.5,0.7,10.9,5.5,120.0,2.5,2.4,40.0,16
2024-08-28 11:00:00,25.8,79,945.8,30.3,0.5,7.7,3.8,114.0,1.9,2.3,43.0,16
2024-08-28 12:00:00,26.7,75,945.3,30.0,0.4,6.3,3.0,110.0,1.5,2.1,46.0,16
2024-08-28 13:00:00,26.5,74,944.6,29.6,0.4,6.3,2.9,108.0,1.2,2.0,48.0,17
2024-08-28 14:00:00,26.5,75,943.8,30.5,0.5,8.3,3.7,109.0,1.4,1.9,48.0,18
2024-08-28 15:00:00,26.4,74,943.6,28.5,0.3,10.4,5.5,113.0,2.2,2.0,46.0,19
2024-08-28 16:00:00,25.4,78,943.1,30.2,0.2,9.3,5.0,120.0,3.5,2.2,41.0,20
2024-08-28 17:00:00,24.5,83,943.1,23.5,0.3,23.1,11.0,120.0,4.0,3.2,44.0,20
2024-08-28 18:00:00,23.6,83,944.4,17.1,0.1,17.8,9.5,127.0,5.4,3.5,39.0,21
2024-08-28 19:00:00,22.8,86,945.0,14.9,0.0,14.5,8.1,136.0,7.2,3.8,31.0,21
2024-08-28 20:00:00,22.6,88,945.5,14.4,0.0,11.7,7.0,142.0,8.4,4.0,26.0,20
2024-08-28 21:00:00,22.6,88,945.9,13.3,0.0,7.7,4.8,141.0,8.4,3.8,24.0,21
2024-08-28 22:00:00,22.6,89,946.1,13.5,0.0,5.7,3.6,137.0,7.8,3.5,24.0,22
2024-08-28 23:00:00,22.5,89,945.9,12.1,0.0,5.0,3.2,131.0,7.0,3.1,25.0,22
2024-08-29 00:00:00,22.4,90,945.2,14.1,0.0,4.1,2.6,122.0,5.9,2.6,26.0,22
2024-08-29 01:00:00,22.3,90,944.1,12.2,0.0,3.8,2.4,111.0,4.6,2.1,27.0,23
2024-08-29 02:00:00,22.1,90,943.2,12.1,0.0,4.4,2.6,103.0,3.7,1.8,28.0,23
2024-08-29 03:00:00,22.6,88,943.0,14.7,0.0,4.5,2.5,102.0,3.4,1.8,28.0,24
2024-08-29 04:00:00,22.7,88,942.9,16.1,0.0,3.8,2.2,104.0,3.5,1.9,27.0,24
2024-08-29 05:00:00,22.7,88,943.3,17.1,0.0,2.7,1.5,107.0,3.4,2.1,27.0,24
2024-08-29 06:00:00,22.9,90,943.8,13.2,0.0,3.6,1.9,115.0,3.8,2.3,27.0,24
2024-08-29 07:00:00,23.3,89,944.3,14.5,0.1,4.9,2.5,126.0,4.3,2.7,27.0,24
2024-08-29 08:00:00,24.0,87,945.0,16.6,0.2,5.8,3.0,133.0,4.4,2.9,29.0,24
2024-08-29 09:00:00,25.3,81,945.6,22.7,0.1,8.4,4.2,132.0,3.7,2.9,34.0,24
2024-08-29 10:00:00,26.3,75,945.8,23.6,0.1,9.7,5.0,127.0,2.7,2.8,42.0,24
2024-08-29 11:00:00,27.0,71,945.7,24.5,0.0,11.9,5.6,122.0,1.9,2.7,47.0,23
2024-08-29 12:00:00,27.1,71,945.0,23.0,0.2,14.6,6.5,118.0,1.5,2.5,49.0,24
2024-08-29 13:00:00,26.8,74,944.3,25.5,0.3,16.6,6.8,114.0,1.4,2.2,50.0,25
2024-08-29 14:00:00,27.0,74,943.5,23.0,0.1,17.9,6.7,114.0,1.7,2.2,49.0,26
2024-08-29 15:00:00,26.1,76,942.9,21.1,0.2,18.5,6.7,120.0,2.6,2.5,47.0,26
2024-08-29 16:00:00,26.0,77,942.4,22.5,0.1,20.0,7.6,129.0,3.9,3.1,45.0,27
2024-08-29 17:00:00,25.2,79,942.5,18.9,0.1,29.0,11.4,142.0,4.6,3.5,45.0,27
2024-08-29 18:00:00,24.1,83,943.6,12.8,0.0,27.1,11.4,153.0,6.3,4.2,40.0,27
2024-08-29 19:00:00,23.4,87,943.8,11.4,0.0,24.8,11.0,167.0,8.7,5.1,33.0,28
2024-08-29 20:00:00,23.1,88,944.9,10.0,0.0,21.7,10.4,176.0,10.2,5.6,27.0,28
2024-08-29 21:00:00,23.0,89,945.5,9.4,0.0,17.5,9.1,175.0,10.2,5.3,25.0,29
2024-08-29 22:00:00,22.7,91,945.7,7.1,0.0,14.3,8.1,168.0,9.5,4.6,24.0,30
2024-08-29 23:00:00,22.9,90,945.2,10.2,0.0,12.4,6.8,159.0,8.4,3.9,24.0,31
2024-08-30 00:00:00,22.7,90,944.5,13.2,0.0,10.6,5.4,146.0,7.0,3.1,25.0,32
2024-08-30 01:00:00,22.3,93,943.6,13.2,0.0,9.3,4.3,130.0,5.3,2.3,27.0,33
2024-08-30 02:00:00,22.8,90,943.4,13.9,0.0,8.4,3.6,119.0,4.0,1.7,29.0,33
2024-08-30 03:00:00,22.9,89,943.2,11.9,0.0,7.2,3.3,114.0,3.5,1.4,29.0,33
2024-08-30 04:00:00,22.6,91,943.1,11.1,0.0,6.5,3.4,114.0,3.4,1.3,28.0,34
2024-08-30 05:00:00,22.5,91,943.3,12.2,0.0,5.7,2.8,121.0,4.1,2.4,27.0,34
2024-08-30 06:00:00,23.3,89,943.9,7.6,0.0,3.9,2.1,129.0,4.6,2.7,27.0,34
2024-08-30 07:00:00,23.7,87,944.8,9.3,0.0,4.1,2.4,139.0,5.2,3.2,27.0,34
2024-08-30 08:00:00,24.4,85,945.9,12.5,0.0,4.9,2.9,145.0,5.4,3.5,29.0,34
2024-08-30 09:00:00,25.1,82,946.6,13.8,0.1,7.5,3.9,143.0,4.6,3.7,35.0,34
2024-08-30 10:00:00,26.1,78,946.9,17.4,0.4,10.9,5.0,137.0,3.3,3.7,43.0,34
2024-08-30 11:00:00,27.0,74,946.6,19.3,0.3,14.1,5.3,131.0,2.3,3.7,50.0,34
2024-08-30 12:00:00,27.1,73,946.2,20.7,0.2,17.5,6.0,126.0,1.8,3.5,54.0,34
2024-08-30 13:00:00,27.0,70,945.5,20.1,0.3,18.1,6.1,122.0,1.7,3.2,57.0,34
2024-08-30 14:00:00,26.3,79,944.4,18.9,0.6,19.3,6.1,120.0,1.8,3.1,57.0,34
2024-08-30 15:00:00,26.9,75,943.7,20.2,0.2,22.4,6.6,120.0,2.2,3.2,55.0,34
2024-08-30 16:00:00,26.4,76,943.4,20.8,0.1,24.5,7.0,122.0,3.0,3.4,51.0,34
2024-08-30 17:00:00,25.4,78,943.8,16.5,0.0,23.4,7.5,138.0,4.6,3.7,46.0,33
2024-08-30 18:00:00,24.6,80,944.7,15.3,0.0,22.2,7.9,145.0,6.2,4.4,41.0,33
2024-08-30 19:00:00,23.5,85,945.4,12.0,0.0,20.5,7.9,154.0,8.3,5.3,33.0,32
2024-08-30 20:00:00,23.1,87,945.7,12.8,0.0,18.3,7.2,160.0,9.9,6.0,27.0,31
2024-08-30 21:00:00,22.7,90,946.5,12.6,0.0,16.4,7.4,162.0,10.4,6.1,24.0,30
2024-08-30 22:00:00,22.8,90,946.9,12.0,0.0,15.6,7.3,162.0,10.3,5.9,23.0,30
2024-08-30 23:00:00,22.4,93,947.1,9.5,0.0,12.7,6.3,158.0,9.8,5.6,23.0,30
2024-08-31 00:00:00,22.4,93,946.7,10.0,0.0,10.9,5.3,146.0,8.6,5.1,23.0,30
2024-08-31 01:00:00,22.4,93,946.1,9.0,0.0,8.4,4.2,131.0,7.0,4.4,24.0,30
2024-08-31 02:00:00,22.6,92,945.5,6.6,0.0,6.7,3.6,119.0,5.8,3.9,25.0,30
2024-08-31 03:00:00,22.5,93,944.8,8.8,0.0,5.8,3.2,114.0,5.3,3.8,25.0,30
2024-08-31 04:00:00,22.6,93,944.5,7.9,0.0,5.1,2.9,113.0,5.2,3.8,24.0,29
2024-08-31 05:00:00,22.7,92,944.9,8.7,0.0,5.3,3.0,103.0,3.8,2.7,29.0,29
2024-08-31 06:00:00,22.6,91,945.2,10.8,0.0,5.4,2.9,112.0,4.3,3.1,28.0,29
2024-08-31 07:00:00,22.9,90,945.8,13.6,0.0,6.1,3.2,124.0,5.0,3.6,27.0,30
2024-08-31 08:00:00,24.3,83,946.3,15.8,0.1,8.3,3.8,132.0,5.2,4.0,29.0,30
2024-08-31 09:00:00,25.0,80,947.1,14.1,0.2,11.6,4.8,132.0,4.4,4.0,37.0,30
2024-08-31 10:00:00,25.5,80,947.4,12.2,0.2,14.1,5.3,127.0,3.1,3.8,47.0,30
2024-08-31 11:00:00,25.3,77,947.3,15.8,1.0,17.0,6.0,123.0,2.2,3.6,55.0,30
2024-08-31 12:00:00,24.1,87,946.8,5.0,2.3,17.6,6.3,121.0,1.9,3.2,56.0,30
2024-08-31 13:00:00,25.6,81,946.3,12.3,0.5,19.4,7.0,119.0,2.0,2.6,55.0,31
2024-08-31 14:00:00,23.7,87,945.4,11.2,4.6,19.6,7.5,120.0,2.4,2.5,53.0,31
2024-08-31 15:00:00,24.2,88,944.8,13.0,0.6,19.0,8.0,124.0,3.1,3.1,53.0,31
2024-08-31 16:00:00,25.3,82,944.5,17.6,0.2,18.6,8.2,130.0,4.0,4.0,52.0,31
2024-08-31 17:00:00,24.7,83,944.8,16.2,0.0,22.9,10.3,151.0,4.8,5.5,64.0,32
2024-08-31 18:00:00,24.7,81,944.6,14.4,0.0,20.4,10.6,163.0,7.1,6.6,56.0,32
2024-08-31 19:00:00,23.7,85,945.3,13.4,0.0,18.4,10.4,179.0,10.2,8.0,44.0,33
2024-08-31 20:00:00,23.0,89,945.9,12.0,0.0,17.3,10.1,190.0,12.4,9.1,34.0,33
2024-08-31 21:00:00,22.5,93,946.8,9.7,0.0,16.7,9.9,193.0,13.1,9.5,28.0,34
2024-08-31 22:00:00,22.6,92,947.2,10.2,0.0,15.9,9.6,191.0,12.9,9.4,24.0,35
2024-08-31 23:00:00,22.2,94,946.7,10.9,0.0,14.5,9.2,184.0,12.2,9.0,22.0,35
2024-09-01 00:00:00,21.6,97,946.0,9.5,0.0,12.4,7.9,171.0,10.9,8.1,21.0,36
2024-09-01 01:00:00,21.6,96,945.4,9.4,0.0,10.6,6.8,153.0,9.1,6.8,22.0,37
2024-09-01 02:00:00,21.6,96,944.9,9.0,0.0,8.8,5.7,138.0,7.6,5.5,23.0,37
2024-09-01 03:00:00,22.0,94,945.0,10.4,0.0,8.4,5.6,127.0,6.5,4.2,24.0,38
2024-09-01 04:00:00,22.4,93,945.1,11.2,0.0,10.7,7.1,120.0,5.7,3.1,24.0,38
2024-09-01 05:00:00,22.6,92,945.1,10.5,0.0,13.5,8.6,127.0,6.8,5.6,23.0,39
2024-09-01 06:00:00,22.7,89,945.4,11.6,0.0,15.4,8.8,134.0,7.1,5.7,24.0,40
2024-09-01 07:00:00,22.8,88,946.0,13.4,0.0,19.1,8.5,143.0,7.4,5.9,25.0,42
2024-09-01 08:00:00,23.2,87,946.5,16.1,0.0,19.0,8.7,148.0,7.5,6.1,27.0,43
2024-09-01 09:00:00,24.1,82,947.2,17.4,0.0,21.0,8.4,145.0,7.0,6.3,30.0,44
2024-09-01 10:00:00,23.8,84,947.1,15.5,0.0,24.2,8.1,139.0,6.2,6.5,35.0,45
2024-09-01 11:00:00,24.6,80,946.8,16.4,0.1,26.5,8.2,136.0,5.8,6.8,38.0,46
2024-09-01 12:00:00,25.2,78,946.2,17.9,0.0,26.0,8.8,142.0,6.2,7.4,40.0,46
2024-09-01 13:00:00,25.6,74,945.1,19.5,0.1,24.2,9.3,152.0,7.1,8.0,41.0,47
2024-09-01 14:00:00,24.6,80,944.1,19.6,0.3,24.4,10.4,160.0,7.9,8.4,41.0,47
2024-09-01 15:00:00,24.7,81,943.4,22.3,0.3,23.9,10.6,163.0,8.3,8.2,41.0,48
2024-09-01 16:00:00,23.7,87,943.2,18.4,0.5,21.0,10.1,165.0,8.6,7.8,41.0,49
2024-09-01 17:00:00,23.0,93,943.1,18.0,0.8,20.5,10.4,188.0,11.8,8.9,33.0,49
2024-09-01 18:00:00,23.2,91,944.3,14.4,0.0,18.7,9.7,190.0,12.3,9.6,32.0,49
2024-09-01 19:00:00,22.8,92,944.4,15.5,0.0,17.2,9.5,192.0,12.9,10.5,31.0,49
2024-09-01 20:00:00,22.6,93,944.8,17.0,0.0,17.4,9.5,193.0,13.3,11.2,29.0,49
2024-09-01 21:00:00,22.5,95,945.5,15.5,0.2,18.2,9.8,193.0,13.3,11.6,27.0,48
2024-09-01 22:00:00,22.5,95,945.6,15.5,0.0,19.2,10.2,191.0,13.0,11.7,25.0,48
2024-09-01 23:00:00,22.4,96,945.5,16.2,0.0,19.3,10.4,185.0,12.3,11.2,24.0,49
2024-09-02 00:00:00,22.2,96,945.0,16.6,0.0,20.4,10.5,170.0,10.7,9.7,24.0,49
2024-09-02 01:00:00,22.3,96,944.6,16.2,0.0,20.6,10.1,150.0,8.5,7.6,25.0,49
2024-09-02 02:00:00,22.4,96,944.0,15.8,0.0,18.3,8.6,136.0,7.0,6.1,26.0,50
2024-09-02 03:00:00,22.3,96,943.8,14.8,0.0,17.2,7.7,132.0,6.5,5.7,26.0,50
2024-09-02 04:00:00,22.6,94,943.7,14.4,0.0,13.3,6.1,134.0,6.6,6.0,25.0,50
2024-09-02 05:00:00,22.7,94,944.0,15.8,0.1,5.1,2.4,129.0,5.5,4.7,25.0,50
2024-09-02 06:00:00,22.3,94,943.7,17.5,4.1,3.5,1.7,136.0,6.4,5.2,25.0,50
2024-09-02 07:00:00,22.3,93,944.1,17.3,3.1,4.1,2.3,145.0,7.7,5.9,24.0,48
2024-09-02 08:00:00,22.4,94,944.6,14.0,2.2,5.5,3.0,152.0,8.4,6.5,25.0,47
2024-09-02 09:00:00,22.7,94,945.0,17.2,1.4,7.3,4.0,155.0,7.9,7.0,28.0,45
2024-09-02 10:00:00,23.0,94,945.4,15.5,2.7,9.3,4.4,155.0,6.9,7.5,32.0,44
2024-09-02 11:00:00,23.4,91,945.3,18.1,2.6,10.6,5.7,155.0,6.2,7.9,36.0,43
2024-09-02 12:00:00,23.8,90,944.7,16.6,2.8,13.0,6.8,154.0,6.1,8.1,40.0,43
2024-09-02 13:00:00,23.2,93,943.7,15.6,2.6,15.4,7.9,153.0,6.4,8.1,44.0,42
2024-09-02 14:00:00,23.3,93,942.5,15.9,3.8,16.0,8.6,154.0,6.9,8.1,46.0,42
2024-09-02 15:00:00,23.3,88,941.9,18.8,3.0,16.2,8.4,158.0,7.9,7.9,45.0,42
2024-09-02 16:00:00,23.3,89,941.8,16.2,2.3,16.9,8.7,163.0,9.2,7.7,41.0,41
2024-09-02 17:00:00,22.9,93,941.8,18.7,1.3,6.4,4.0,190.0,15.4,12.8,24.0,41
2024-09-02 18:00:00,22.4,94,942.5,13.8,6.8,4.7,3.1,189.0,15.0,12.5,25.0,39
2024-09-02 19:00:00,22.4,94,943.3,11.8,4.3,3.8,2.6,187.0,14.5,12.0,26.0,38
2024-09-02 20:00:00,22.3,94,943.8,12.8,2.8,3.4,2.4,185.0,13.8,11.5,26.0,36
2024-09-02 21:00:00,22.4,93,944.6,15.2,1.9,3.2,2.2,184.0,13.0,11.0,25.0,35
2024-09-02 22:00:00,22.3,93,945.1,15.0,1.4,2.7,1.9,182.0,12.1,10.4,24.0,33
2024-09-02 23:00:00,22.3,92,945.0,15.2,0.2,2.4,1.7,177.0,11.0,9.6,24.0,31
2024-09-03 00:00:00,22.4,93,944.3,15.7,0.0,2.3,1.6,166.0,9.4,8.3,25.0,29
2024-09-03 01:00:00,22.3,93,943.6,16.6,0.0,2.4,1.6,152.0,7.6,6.8,28.0,27
2024-09-03 02:00:00,22.2,93,943.1,14.8,0.0,2.2,1.5,141.0,6.2,5.6,29.0,25
2024-09-03 03:00:00,22.2,93,942.9,16.6,0.0,1.9,1.3,134.0,5.6,5.1,28.0,23
2024-09-03 04:00:00,21.9,92,943.0,16.4,0.0,1.9,1.3,130.0,5.4,4.9,27.0,22
2024-09-03 05:00:00,22.1,92,943.2,15.8,0.0,2.6,1.7,119.0,4.3,3.3,30.0,21
2024-09-03 06:00:00,22.0,94,943.9,15.9,2.1,4.6,2.7,126.0,4.9,3.3,30.0,20
2024-09-03 07:00:00,22.3,94,944.6,14.9,2.0,6.6,3.5,136.0,5.7,3.2,29.0,21
2024-09-03 08:00:00,22.7,93,945.4,15.7,2.9,5.8,3.1,141.0,5.9,3.2,31.0,21
2024-09-03 09:00:00,23.1,93,946.1,17.5,1.7,5.4,3.0,138.0,5.0,3.4,37.0,21
2024-09-03 10:00:00,23.9,90,946.4,17.7,0.7,6.2,3.6,131.0,3.6,3.6,44.0,21
2024-09-03 11:00:00,25.3,82,945.9,19.1,0.1,7.7,4.1,126.0,2.5,3.7,50.0,21
2024-09-03 12:00:00,26.4,76,946.1,20.5,0.2,9.6,4.4,123.0,2.0,3.3,52.0,20
2024-09-03 13:00:00,25.5,78,945.2,18.0,0.1,11.1,4.7,122.0,1.9,2.7,52.0,20
2024-09-03 14:00:00,25.7,77,944.5,19.2,0.0,10.8,5.0,124.0,2.2,2.4,51.0,19
2024-09-03 15:00:00,25.9,76,944.1,20.8,0.2,11.0,5.7,131.0,3.2,2.7,49.0,20
2024-09-03 16:00:00,25.8,77,944.0,21.0,0.2,12.4,6.8,140.0,4.7,3.4,45.0,21
2024-09-03 17:00:00,25.0,80,944.1,21.3,0.1,13.6,7.3,151.0,5.9,4.5,45.0,22
2024-09-03 18:00:00,24.2,85,944.7,15.1,0.0,12.8,7.2,162.0,7.8,5.1,40.0,22
2024-09-03 19:00:00,23.6,87,945.4,13.1,0.0,12.6,7.4,177.0,10.3,6.0,33.0,22
2024-09-03 20:00:00,23.5,88,946.2,12.8,0.0,12.2,7.5,184.0,11.7,6.3,28.0,21
2024-09-03 21:00:00,23.4,89,946.9,11.8,0.0,12.1,7.7,175.0,10.8,5.7,28.0,21
2024-09-03 22:00:00,23.4,89,947.6,11.3,0.0,11.7,7.0,158.0,8.8,4.5,30.0,22
2024-09-03 23:00:00,23.2,89,947.2,14.1,0.1,9.4,5.3,142.0,7.1,3.7,32.0,23
2024-09-04 00:00:00,23.0,90,946.6,14.7,0.1,6.6,3.7,132.0,6.2,3.5,32.0,24
2024-09-04 01:00:00,23.0,90,946.3,13.7,0.0,4.8,2.9,123.0,5.5,3.6,33.0,25
2024-09-04 02:00:00,22.9,90,945.6,15.5,0.0,4.1,2.5,117.0,4.9,3.6,33.0,25
2024-09-04 03:00:00,22.7,90,945.6,15.3,0.0,4.5,2.8,111.0,4.2,3.2,34.0,25
2024-09-04 04:00:00,22.7,90,945.9,15.4,0.0,6.5,3.5,108.0,3.5,2.8,36.0,26
2024-09-04 05:00:00,22.7,90,946.1,14.9,0.0,3.2,1.4,109.0,3.2,3.1,37.0,26
2024-09-04 06:00:00,22.6,92,946.2,15.5,0.0,3.7,1.9,121.0,4.1,3.5,36.0,26
2024-09-04 07:00:00,22.9,91,946.8,16.7,0.0,6.1,3.3,137.0,5.4,4.0,35.0,26
2024-09-04 08:00:00,23.6,88,947.1,23.1,0.0,9.7,4.9,148.0,6.0,4.4,36.0,26
2024-09-04 09:00:00,24.7,82,947.3,22.1,0.1,15.2,7.1,147.0,5.3,4.5,41.0,26
2024-09-04 10:00:00,25.9,76,947.5,23.8,0.2,19.8,8.3,141.0,4.0,4.4,48.0,27
2024-09-04 11:00:00,26.3,73,947.0,22.5,0.0,21.8,8.7,136.0,3.0,4.2,54.0,28
2024-09-04 12:00:00,26.6,72,946.5,22.8,0.3,21.7,8.8,134.0,2.6,4.0,56.0,29
2024-09-04 13:00:00,26.6,71,945.9,23.4,0.1,18.8,8.3,134.0,2.5,3.7,57.0,30
2024-09-04 14:00:00,25.6,77,944.9,23.0,0.0,15.0,6.6,134.0,2.7,3.5,56.0,31
2024-09-04 15:00:00,25.8,77,944.1,23.8,0.1,13.7,6.5,135.0,3.3,3.5,53.0,32
2024-09-04 16:00:00,25.2,80,943.6,23.8,0.1,11.6,6.1,138.0,4.3,3.6,49.0,32
2024-09-04 17:00:00,24.7,83,943.9,19.8,0.1,16.9,8.6,148.0,5.3,4.0,50.0,32
2024-09-04 18:00:00,24.1,86,944.5,15.5,0.1,13.4,7.5,156.0,6.8,4.5,45.0,32
2024-09-04 19:00:00,23.6,88,945.0,13.6,0.0,12.3,7.5,167.0,8.9,5.3,38.0,32
2024-09-04 20:00:00,23.2,89,945.7,10.3,0.0,11.6,7.1,174.0,10.2,5.7,33.0,32
2024-09-04 21:00:00,23.1,90,946.4,11.1,0.0,11.0,6.8,173.0,10.1,5.5,32.0,32
2024-09-04 22:00:00,22.8,91,946.5,10.9,0.1,9.7,6.0,168.0,9.3,5.1,32.0,32
2024-09-04 23:00:00,22.8,91,946.0,12.0,0.1,9.2,6.0,162.0,8.4,4.6,33.0,32
2024-09-05 00:00:00,23.0,91,945.4,12.1,0.0,7.9,5.2,153.0,7.5,4.1,33.0,32
2024-09-05 01:00:00,23.0,91,944.6,12.5,0.0,6.7,4.4,143.0,6.4,3.6,33.0,32
2024-09-05 02:00:00,22.8,91,943.9,13.4,0.0,5.5,3.7,136.0,5.7,3.3,32.0,32
2024-09-05 03:00:00,22.7,91,943.7,15.0,0.0,4.4,2.9,134.0,5.5,3.4,30.0,33
2024-09-05 04:00:00,22.9,90,943.8,14.5,0.0,3.2,2.2,134.0,5.6,3.7,28.0,33
2024-09-05 05:00:00,22.8,91,943.9,13.4,0.0,3.9,2.6,116.0,3.6,2.5,35.0,32
2024-09-05 06:00:00,22.6,94,944.6,11.1,10.2,4.1,2.6,124.0,4.3,2.7,35.0,33
2024-09-05 07:00:00,22.8,93,945.2,13.9,2.8,7.3,4.1,136.0,5.2,3.0,34.0,33
2024-09-05 08:00:00,23.3,92,945.9,18.1,0.8,11.9,6.1,144.0,5.6,3.3,36.0,33
2024-09-05 09:00:00,23.9,87,946.4,21.4,0.5,14.4,8.2,146.0,4.8,3.5,41.0,33
2024-09-05 10:00:00,25.1,81,946.7,21.3,0.1,17.8,9.0,144.0,3.5,3.6,49.0,34
2024-09-05 11:00:00,26.9,74,946.3,18.6,0.1,16.9,7.7,142.0,2.5,3.7,55.0,34
2024-09-05 12:00:00,27.5,71,945.5,20.9,0.0,13.9,6.3,140.0,2.0,3.6,59.0,33
2024-09-05 13:00:00,27.2,74,944.6,21.2,0.1,12.1,6.2,139.0,1.9,3.4,62.0,33
2024-09-05 14:00:00,26.0,78,943.5,22.1,0.4,13.2,7.0,139.0,2.1,3.2,62.0,32
2024-09-05 15:00:00,25.8,76,943.0,23.3,0.3,13.7,7.3,142.0,2.7,3.1,58.0,32
2024-09-05 16:00:00,25.6,77,942.6,22.0,0.5,9.8,5.8,147.0,3.8,3.1,52.0,33
2024-09-05 17:00:00,24.5,83,942.8,20.6,0.2,10.1,5.5,167.0,6.4,3.5,44.0,33
2024-09-05 18:00:00,23.4,88,943.6,15.8,1.1,10.2,6.1,174.0,7.6,4.1,41.0,32
2024-09-05 19:00:00,23.2,91,943.9,14.3,0.7,9.2,5.8,182.0,9.2,4.9,36.0,32
2024-09-05 20:00:00,23.2,91,944.8,14.8,0.0,8.8,5.9,188.0,10.2,5.5,33.0,31
2024-09-05 21:00:00,23.1,91,945.6,14.9,0.0,7.3,5.0,188.0,10.2,5.6,32.0,31
2024-09-05 22:00:00,22.9,92,945.9,14.9,0.0,5.5,3.7,186.0,9.5,5.4,32.0,30
2024-09-05 23:00:00,22.9,92,945.7,13.9,0.0,5.3,3.6,180.0,8.7,5.1,32.0,30
2024-09-06 00:00:00,22.7,92,945.1,14.6,0.0,4.0,2.6,170.0,7.6,4.7,32.0,29
2024-09-06 01:00:00,22.7,92,944.9,14.2,0.0,3.7,2.4,157.0,6.3,4.2,33.0,29
2024-09-06 02:00:00,22.5,92,944.3,14.2,0.0,4.0,2.6,146.0,5.2,3.7,34.0,28
2024-09-06 03:00:00,22.5,92,943.8,15.5,0.0,4.3,2.7,138.0,4.4,3.2,35.0,28
2024-09-06 04:00:00,22.7,91,943.7,16.3,0.0,4.1,2.5,131.0,3.7,2.8,37.0,28
2024-09-06 05:00:00,22.6,91,944.0,15.8,0.0,3.1,2.0,130.0,3.7,3.2,37.0,28
2024-09-06 06:00:00,22.6,91,944.5,13.6,0.0,3.6,2.2,136.0,4.2,3.4,37.0,28
2024-09-06 07:00:00,23.2,88,945.5,15.9,0.0,5.3,2.9,145.0,4.9,3.6,37.0,28
2024-09-06 08:00:00,23.6,87,946.4,18.9,0.1,7.9,4.0,151.0,5.2,3.8,38.0,28
2024-09-06 09:00:00,24.1,84,947.1,18.8,0.1,10.4,4.9,151.0,4.8,3.8,41.0,27
2024-09-06 10:00:00,25.1,79,947.1,18.8,0.1,11.9,5.8,147.0,4.0,3.7,45.0,26
2024-09-06 11:00:00,25.7,77,947.2,19.8,0.1,14.3,6.3,144.0,3.3,3.6,49.0,26
2024-09-06 12:00:00,26.3,74,946.5,19.7,0.2,16.6,6.5,142.0,2.7,3.5,55.0,25
2024-09-06 13:00:00,26.4,74,945.5,21.7,0.4,19.0,7.0,140.0,2.2,3.5,61.0,25
2024-09-06 14:00:00,25.6,78,944.3,23.2,0.1,17.5,7.2,140.0,2.2,3.5,64.0,25
2024-09-06 15:00:00,26.2,73,943.8,23.8,0.1,15.0,7.2,141.0,2.8,3.5,62.0,26
2024-09-06 16:00:00,25.5,78,943.6,24.9,0.4,12.7,7.1,143.0,3.8,3.6,57.0,26
2024-09-06 17:00:00,24.7,82,944.0,21.3,0.1,18.3,8.7,159.0,5.4,3.6,48.0,26
2024-09-06 18:00:00,23.9,86,945.2,16.9,0.0,16.9,8.9,168.0,6.9,4.4,44.0,27
2024-09-06 19:00:00,23.4,88,946.0,15.5,0.0,15.3,8.6,181.0,9.0,5.5,38.0,27
2024-09-06 20:00:00,23.1,90,946.6,14.0,0.0,14.6,8.7,193.0,10.7,6.3,33.0,28
2024-09-06 21:00:00,22.5,92,947.4,13.0,0.0,14.0,8.8,207.0,11.9,6.7,29.0,28
2024-09-06 22:00:00,22.1,93,947.6,11.9,0.0,15.8,10.4,221.0,12.8,6.8,25.0,29
2024-09-06 23:00:00,21.9,94,947.4,11.3,0.0,17.0,10.8,223.0,12.7,6.5,23.0,31
2024-09-07 00:00:00,21.8,93,946.6,11.8,0.0,16.2,9.0,204.0,10.9,5.6,25.0,33
2024-09-07 01:00:00,22.1,91,946.0,12.3,0.0,13.9,8.1,173.0,8.2,4.4,28.0,34
2024-09-07 02:00:00,21.7,93,945.2,12.4,0.0,14.2,8.1,148.0,6.0,3.5,31.0,35
2024-09-07 03:00:00,22.0,92,944.8,13.1,0.0,12.5,7.2,137.0,5.1,3.2,32.0,37
2024-09-07 04:00:00,22.4,91,944.9,13.9,0.0,10.3,6.0,132.0,4.8,3.1,32.0,38
2024-09-07 05:00:00,21.8,94,944.8,12.5,0.0,5.8,3.6,133.0,4.5,2.9,31.0,39
2024-09-07 06:00:00,22.8,89,945.3,12.3,0.0,7.3,4.1,138.0,4.9,3.2,31.0,39
2024-09-07 07:00:00,23.3,88,946.0,14.1,0.0,7.2,3.9,144.0,5.3,3.5,32.0,39
2024-09-07 08:00:00,24.2,85,946.9,16.7,0.0,8.3,4.5,146.0,5.3,3.8,34.0,40
2024-09-07 09:00:00,25.4,79,947.5,17.6,0.1,10.2,5.2,141.0,4.5,3.9,40.0,40
2024-09-07 10:00:00,26.5,72,947.8,19.5,0.2,11.1,5.5,132.0,3.2,3.8,47.0,40
2024-09-07 11:00:00,27.3,70,947.6,17.7,0.2,10.0,5.1,125.0,2.2,3.7,53.0,40
2024-09-07 12:00:00,27.3,72,947.0,18.7,0.1,8.7,4.6,120.0,1.8,3.4,55.0,39
2024-09-07 13:00:00,27.8,70,945.9,19.9,0.1,9.2,4.8,116.0,1.6,2.9,56.0,39
2024-09-07 14:00:00,27.1,73,944.7,22.0,0.0,9.0,4.7,116.0,1.9,2.7,55.0,38
2024-09-07 15:00:00,26.2,74,944.4,23.6,0.1,9.0,4.5,122.0,2.7,2.9,53.0,38
2024-09-07 16:00:00,25.6,77,944.2,21.0,0.1,8.4,4.6,131.0,3.9,3.4,49.0,37
2024-09-07 17:00:00,25.1,79,945.0,20.5,0.0,15.4,7.9,143.0,4.7,3.8,48.0,37
2024-09-07 18:00:00,24.5,82,945.7,14.8,0.0,13.3,7.5,157.0,6.8,4.5,42.0,36
2024-09-07 19:00:00,23.5,87,946.2,12.0,0.0,13.6,8.1,175.0,9.6,5.4,34.0,36
2024-09-07 20:00:00,23.5,86,947.5,9.8,0.0,12.9,7.9,188.0,11.5,6.1,28.0,36
2024-09-07 21:00:00,23.0,89,948.0,10.1,0.0,12.4,8.0,190.0,11.8,6.3,26.0,36
2024-09-07 22:00:00,22.6,91,948.3,7.7,0.0,11.4,7.5,185.0,11.1,6.2,25.0,36
2024-09-07 23:00:00,22.2,93,947.8,8.0,0.0,10.4,6.9,177.0,10.2,5.9,25.0,35
2024-09-08 00:00:00,22.2,93,947.0,10.5,0.0,8.2,5.4,164.0,8.9,5.3,26.0,34
2024-09-08 01:00:00,22.4,91,946.3,11.4,0.0,6.5,4.2,148.0,7.2,4.5,27.0,33
2024-09-08 02:00:00,22.5,91,945.7,10.7,0.0,5.7,3.8,137.0,6.0,4.0,28.0,32
2024-09-08 03:00:00,22.6,91,945.6,10.6,0.0,5.5,3.6,133.0,5.7,4.0,27.0,31
2024-09-08 04:00:00,22.7,90,945.8,12.0,0.0,5.3,3.6,134.0,5.9,4.2,26.0,31
2024-09-08 05:00:00,22.7,90,946.0,12.0,0.0,6.1,4.0,124.0,4.7,3.3,29.0,30
2024-09-08 06:00:00,22.8,90,946.3,10.9,0.0,6.2,3.9,129.0,5.0,3.6,29.0,30
2024-09-08 07:00:00,23.2,88,946.6,13.8,0.0,7.9,5.0,135.0,5.3,3.9,29.0,30
2024-09-08 08:00:00,24.4,82,947.5,16.9,0.0,9.2,5.3,138.0,5.2,4.2,31.0,30
2024-09-08 09:00:00,25.6,76,948.0,17.4,0.1,9.5,5.4,135.0,4.3,4.3,39.0,30
2024-09-08 10:00:00,26.2,73,947.8,15.8,0.2,10.8,5.9,129.0,2.9,4.3,49.0,31
2024-09-08 11:00:00,27.5,68,947.4,18.0,0.1,11.6,6.3,124.0,1.9,4.1,56.0,31
2024-09-08 12:00:00,27.1,72,947.3,16.2,0.5,12.3,6.7,121.0,1.6,3.5,57.0,31
2024-09-08 13:00:00,28.2,70,946.0,15.8,0.0,11.7,6.2,118.0,1.6,2.8,54.0,31
2024-09-08 14:00:00,26.9,70,944.8,19.1,0.8,13.1,6.8,119.0,2.0,2.4,52.0,32
2024-09-08 15:00:00,26.9,71,944.5,18.7,0.1,11.4,6.2,124.0,2.7,2.8,51.0,32
2024-09-08 16:00:00,26.7,71,944.4,19.8,0.0,11.5,6.7,133.0,3.7,3.5,51.0,33
2024-09-08 17:00:00,25.5,78,944.6,18.9,0.0,14.8,8.2,143.0,4.8,4.1,49.0,33
2024-09-08 18:00:00,24.6,80,945.2,13.4,0.0,13.6,8.1,157.0,7.1,5.1,43.0,33
2024-09-08 19:00:00,23.8,84,945.5,13.1,0.0,13.3,8.4,176.0,10.2,6.5,34.0,33
2024-09-08 20:00:00,23.0,88,946.2,10.5,0.0,12.3,7.9,188.0,12.2,7.3,27.0,33
2024-09-08 21:00:00,22.8,90,946.7,9.4,0.0,11.6,7.7,187.0,12.2,7.1,25.0,33
2024-09-08 22:00:00,22.4,92,946.7,9.2,0.0,10.6,7.1,180.0,11.2,6.4,25.0,33
2024-09-08 23:00:00,22.2,93,946.2,10.5,0.0,9.8,6.7,171.0,10.0,5.7,25.0,33
2024-09-09 00:00:00,22.0,93,945.5,11.2,0.0,9.0,6.1,161.0,8.9,5.1,25.0,33
2024-09-09 01:00:00,22.0,94,944.6,11.5,0.0,8.4,5.7,149.0,7.8,4.6,25.0,33
2024-09-09 02:00:00,22.0,94,944.2,11.2,0.0,7.6,5.2,140.0,6.8,4.2,26.0,34
2024-09-09 03:00:00,21.9,94,944.1,10.9,0.0,6.1,4.2,133.0,6.1,4.1,27.0,34
2024-09-09 04:00:00,21.9,94,944.1,10.5,0.0,5.2,3.6,128.0,5.6,4.2,27.0,34
2024-09-09 05:00:00,21.8,94,944.2,9.0,0.0,5.3,3.6,122.0,4.5,3.5,31.0,34
2024-09-09 06:00:00,22.3,91,944.0,12.3,0.0,5.3,3.5,130.0,4.9,3.8,31.0,34
2024-09-09 07:00:00,22.9,88,944.2,13.7,0.0,6.0,3.9,141.0,5.4,4.2,31.0,34
2024-09-09 08:00:00,24.3,82,945.1,16.2,0.1,7.0,4.5,147.0,5.4,4.5,33.0,34
2024-09-09 09:00:00,24.6,81,945.5,13.7,0.0,7.6,4.8,144.0,4.6,4.4,39.0,33
2024-09-09 10:00:00,26.5,75,945.4,14.4,0.1,7.9,5.0,137.0,3.3,4.2,48.0,33
2024-09-09 11:00:00,27.1,73,945.2,16.2,0.3,8.2,5.2,131.0,2.3,4.0,55.0,33
2024-09-09 12:00:00,28.2,70,944.8,13.4,0.1,7.8,5.0,130.0,1.9,3.8,60.0,33
2024-09-09 13:00:00,27.1,69,943.4,19.8,1.2,7.7,4.9,130.0,1.9,3.6,64.0,32
2024-09-09 14:00:00,27.1,74,942.9,16.8,0.3,8.9,5.8,131.0,2.1,3.5,65.0,32
2024-09-09 15:00:00,26.1,77,942.2,16.4,0.3,8.5,5.6,132.0,2.6,3.3,61.0,32
2024-09-09 16:00:00,25.3,79,941.8,19.9,0.4,6.6,4.5,134.0,3.3,3.1,55.0,32
2024-09-09 17:00:00,24.6,83,942.1,17.3,0.1,10.8,6.5,148.0,5.4,4.4,48.0,31
2024-09-09 18:00:00,24.4,83,942.9,15.4,0.0,10.6,6.8,162.0,7.7,5.1,41.0,31
2024-09-09 19:00:00,23.6,87,943.5,12.7,0.0,11.3,7.3,180.0,10.9,6.0,32.0,31
2024-09-09 20:00:00,23.1,89,943.7,10.1,0.0,11.1,7.3,193.0,13.0,6.6,25.0,30
2024-09-09 21:00:00,22.9,90,944.2,10.5,0.0,10.7,7.1,195.0,13.2,6.7,23.0,30
2024-09-09 22:00:00,22.7,91,944.1,10.6,0.0,10.6,7.0,190.0,12.4,6.6,23.0,30
2024-09-09 23:00:00,22.6,92,943.6,11.3,0.0,11.4,7.6,182.0,11.3,6.2,24.0,30
2024-09-10 00:00:00,22.8,90,943.1,13.1,0.0,11.8,7.7,169.0,9.9,5.5,25.0,30
2024-09-10 01:00:00,22.7,91,942.8,13.0,0.0,10.7,7.1,152.0,8.1,4.5,26.0,31
2024-09-10 02:00:00,22.6,92,942.2,12.4,0.0,9.6,6.3,137.0,6.6,3.8,28.0,31
2024-09-10 03:00:00,22.8,90,942.4,10.4,0.0,8.4,5.6,126.0,5.5,3.4,30.0,31
2024-09-10 04:00:00,22.7,91,942.1,12.3,0.0,6.7,4.3,117.0,4.8,3.3,32.0,32
2024-09-10 05:00:00,22.4,92,942.6,9.7,0.0,6.7,4.4,123.0,5.4,4.3,30.0,32
2024-09-10 06:00:00,23.0,88,943.3,11.0,0.0,5.8,3.7,130.0,6.1,4.6,30.0,32
2024-09-10 07:00:00,23.2,88,943.5,11.0,0.0,5.7,3.6,140.0,7.0,5.0,29.0,32
2024-09-10 08:00:00,24.3,84,944.3,14.6,0.2,6.1,3.9,145.0,7.2,5.1,31.0,32
2024-09-10 09:00:00,25.2,81,944.7,14.9,0.3,6.3,4.2,140.0,6.2,4.6,36.0,32
2024-09-10 10:00:00,25.8,78,944.9,13.8,0.1,6.4,4.3,131.0,4.4,3.9,42.0,32
2024-09-10 11:00:00,26.9,74,944.9,14.1,0.1,5.7,3.9,122.0,3.1,3.2,48.0,31
2024-09-10 12:00:00,27.2,73,943.9,14.8,0.0,5.1,3.5,116.0,2.4,2.8,52.0,31
2024-09-10 13:00:00,27.7,71,943.0,15.6,0.0,6.0,4.1,111.0,2.0,2.5,54.0,31
2024-09-10 14:00:00,25.4,81,942.0,17.7,8.6,4.9,3.3,110.0,2.2,2.4,55.0,31
2024-09-10 15:00:00,25.1,83,941.7,15.3,3.6,5.8,3.9,116.0,3.2,2.7,52.0,30
2024-09-10 16:00:00,24.7,86,941.9,17.0,5.1,7.9,5.3,126.0,4.7,3.3,48.0,30
2024-09-10 17:00:00,23.9,88,942.2,16.6,0.7,11.8,7.1,135.0,5.4,3.2,43.0,30
2024-09-10 18:00:00,24.0,83,942.5,14.9,0.0,10.9,6.9,148.0,7.0,3.9,39.0,30
2024-09-10 19:00:00,23.3,86,943.2,14.5,0.0,11.5,7.5,166.0,9.3,4.9,35.0,30
2024-09-10 20:00:00,22.8,90,943.7,14.2,0.0,12.1,7.9,180.0,10.9,5.7,31.0,30
2024-09-10 21:00:00,22.6,90,944.2,13.3,0.0,12.2,8.0,187.0,11.4,6.2,30.0,30
2024-09-10 22:00:00,22.5,91,944.7,11.5,0.0,12.0,7.9,189.0,11.1,6.5,30.0,30
2024-09-10 23:00:00,22.5,91,944.4,10.6,0.0,11.8,7.9,186.0,10.5,6.4,30.0,31
2024-09-11 00:00:00,22.5,91,944.3,9.8,0.0,10.7,7.2,175.0,9.3,5.7,31.0,31
2024-09-11 01:00:00,22.2,93,943.8,8.6,0.0,9.5,6.3,160.0,7.6,4.7,32.0,31
2024-09-11 02:00:00,22.3,92,943.1,9.5,0.0,8.2,5.5,146.0,6.1,3.8,34.0,30
2024-09-11 03:00:00,22.2,92,942.8,10.0,0.0,6.9,4.7,136.0,5.0,3.3,35.0,30
2024-09-11 04:00:00,22.3,91,943.2,9.4,0.0,5.7,3.8,128.0,4.1,3.0,37.0,30
2024-09-11 05:00:00,22.4,90,943.4,9.1,0.0,5.8,4.1,133.0,4.5,3.1,35.0,30
2024-09-11 06:00:00,22.2,92,943.3,7.6,0.0,3.9,2.7,141.0,5.0,3.4,36.0,30
2024-09-11 07:00:00,23.1,87,944.1,11.3,0.0,3.1,2.2,152.0,5.7,3.8,37.0,30
2024-09-11 08:00:00,23.6,85,945.0,14.1,0.2,3.7,2.6,157.0,5.8,4.0,39.0,29
2024-09-11 09:00:00,24.6,82,945.3,16.6,0.2,3.8,2.6,151.0,4.8,3.6,44.0,29
2024-09-11 10:00:00,26.3,73,945.0,18.5,0.1,3.9,2.7,139.0,3.2,3.0,51.0,29
2024-09-11 11:00:00,27.2,69,944.9,18.9,0.1,3.5,2.4,130.0,2.0,2.6,56.0,28
2024-09-11 12:00:00,27.8,68,944.7,17.9,0.1,3.6,2.5,129.0,1.7,2.5,59.0,28
2024-09-11 13:00:00,26.2,73,944.0,19.5,0.5,4.2,2.8,131.0,1.9,2.6,61.0,28
2024-09-11 14:00:00,26.7,74,943.5,16.4,0.2,5.5,3.7,134.0,2.3,2.7,61.0,27
2024-09-11 15:00:00,26.5,71,943.4,19.9,0.4,6.2,4.2,138.0,3.0,2.9,60.0,27
2024-09-11 16:00:00,25.6,76,943.4,19.7,0.4,6.4,4.4,142.0,3.9,3.2,57.0,27
2024-09-11 17:00:00,24.7,80,943.3,18.5,0.1,8.6,5.9,153.0,5.6,3.7,53.0,27
2024-09-11 18:00:00,24.1,83,944.2,14.5,0.0,8.1,5.6,161.0,7.1,4.2,48.0,27
2024-09-11 19:00:00,23.3,86,944.7,12.3,0.0,8.3,5.8,173.0,9.0,4.9,40.0,27
2024-09-11 20:00:00,22.8,89,945.2,11.3,0.0,8.0,5.6,179.0,10.3,5.3,35.0,26
2024-09-11 21:00:00,22.7,90,946.2,10.8,0.0,7.5,5.3,177.0,10.3,5.2,33.0,26
2024-09-11 22:00:00,22.7,90,946.4,12.4,0.0,7.6,5.3,170.0,9.5,4.8,33.0,25
2024-09-11 23:00:00,22.6,89,946.1,12.7,0.0,6.4,4.3,161.0,8.5,4.3,33.0,24
2024-09-12 00:00:00,22.2,91,945.3,11.5,0.0,6.5,3.8,150.0,7.1,3.7,34.0,24
2024-09-12 01:00:00,22.2,92,944.9,11.2,0.0,8.8,4.5,139.0,5.5,3.0,36.0,23
2024-09-12 02:00:00,22.7,89,944.6,12.3,0.0,9.5,4.6,130.0,4.3,2.6,37.0,22
2024-09-12 03:00:00,22.7,89,944.3,13.1,0.0,9.0,4.4,127.0,3.9,2.6,37.0,22
2024-09-12 04:00:00,22.6,88,944.7,13.9,0.0,7.7,4.0,128.0,4.0,2.9,36.0,22
2024-09-12 05:00:00,22.4,89,944.9,15.4,0.0,6.9,3.7,128.0,3.8,2.5,37.0,22
2024-09-12 06:00:00,22.5,88,945.5,15.0,0.0,6.8,3.4,136.0,4.3,2.9,37.0,22
2024-09-12 07:00:00,23.0,86,946.0,16.8,0.0,7.1,3.7,147.0,5.0,3.5,37.0,22
2024-09-12 08:00:00,23.6,85,946.8,19.5,0.0,10.5,5.3,152.0,5.1,3.8,39.0,23
2024-09-12 09:00:00,24.6,79,947.3,20.9,0.0,17.8,7.3,146.0,4.2,3.8,46.0,23
2024-09-12 10:00:00,25.9,73,947.5,20.6,0.0,21.9,9.0,135.0,2.8,3.5,55.0,24
2024-09-12 11:00:00,27.2,67,947.1,20.9,0.0,27.9,10.9,127.0,1.8,3.3,62.0,26
2024-09-12 12:00:00,27.5,65,946.6,22.0,0.0,24.4,10.1,124.0,1.4,3.1,66.0,28
2024-09-12 13:00:00,27.1,67,945.9,23.3,0.1,24.4,10.3,124.0,1.3,3.0,68.0,30
2024-09-12 14:00:00,26.9,68,945.6,23.6,0.2,25.7,10.6,125.0,1.5,3.0,68.0,31
2024-09-12 15:00:00,26.7,68,945.4,21.2,0.0,27.0,11.0,126.0,1.9,3.1,66.0,33
2024-09-12 16:00:00,25.9,71,945.4,20.3,0.0,28.8,11.5,127.0,2.5,3.3,62.0,34
2024-09-12 17:00:00,25.0,74,945.4,19.0,0.0,38.3,14.6,144.0,3.9,3.7,60.0,36
2024-09-12 18:00:00,24.0,78,946.1,13.9,0.0,33.2,14.8,164.0,6.6,4.7,52.0,38
2024-09-12 19:00:00,23.0,83,946.5,12.5,0.0,32.1,15.6,191.0,10.4,6.2,42.0,40
2024-09-12 20:00:00,22.3,88,947.1,11.9,0.0,31.9,16.1,212.0,13.2,7.2,33.0,43
2024-09-12 21:00:00,22.3,89,947.5,12.4,0.0,31.8,16.3,225.0,14.3,7.7,28.0,45
2024-09-12 22:00:00,22.2,90,947.5,11.7,0.0,31.5,16.2,232.0,14.4,7.8,25.0,47
2024-09-12 23:00:00,21.8,92,947.0,12.0,0.0,31.3,16.6,228.0,13.5,7.3,24.0,50
2024-09-13 00:00:00,21.7,93,946.4,12.9,0.0,33.2,16.3,203.0,11.0,5.8,27.0,51
2024-09-13 01:00:00,21.8,91,945.8,13.7,0.0,31.9,15.6,167.0,7.6,3.8,31.0,52
2024-09-13 02:00:00,21.7,92,945.1,12.7,0.0,32.6,13.2,139.0,5.0,2.4,35.0,53
2024-09-13 03:00:00,22.0,91,945.2,13.3,0.0,28.3,10.3,129.0,4.1,2.2,35.0,53
2024-09-13 04:00:00,22.0,91,945.2,13.2,0.0,22.2,8.8,128.0,4.0,2.5,34.0,54
2024-09-13 05:00:00,21.9,90,945.6,13.9,0.0,14.1,5.9,129.0,4.0,3.0,35.0,54
2024-09-13 06:00:00,22.0,90,945.9,10.2,0.0,13.9,6.4,135.0,4.4,3.4,35.0,55
2024-09-13 07:00:00,22.7,86,946.7,13.7,0.1,16.6,7.1,143.0,4.9,3.9,35.0,55
2024-09-13 08:00:00,23.3,84,947.7,16.3,0.0,18.5,7.7,147.0,5.0,4.2,38.0,55
2024-09-13 09:00:00,24.4,77,948.3,18.1,0.0,25.8,9.1,142.0,4.1,4.1,46.0,55
2024-09-13 10:00:00,25.3,72,948.4,18.5,0.0,36.0,10.7,132.0,2.7,3.7,57.0,55
2024-09-13 11:00:00,26.3,68,947.9,20.2,0.1,43.9,12.2,124.0,1.7,3.4,65.0,55
2024-09-13 12:00:00,26.8,66,947.6,19.6,0.1,49.1,13.5,120.0,1.3,3.2,69.0,56
2024-09-13 13:00:00,27.1,63,946.8,20.4,0.0,52.3,14.4,119.0,1.3,3.0,71.0,56
2024-09-13 14:00:00,27.1,64,946.1,21.2,0.0,48.2,14.0,119.0,1.6,3.0,71.0,56
2024-09-13 15:00:00,27.0,65,945.5,20.2,0.0,42.5,12.9,120.0,2.1,3.2,68.0,56
2024-09-13 16:00:00,25.7,71,945.1,19.9,0.0,39.9,12.6,122.0,2.9,3.5,63.0,57
2024-09-13 17:00:00,24.5,76,945.1,19.2,0.0,32.8,12.3,136.0,3.9,3.6,55.0,57
2024-09-13 18:00:00,23.8,79,945.7,13.5,0.0,27.2,11.9,151.0,6.3,4.6,48.0,56
2024-09-13 19:00:00,22.7,85,946.0,12.9,0.0,24.5,12.1,173.0,9.5,5.9,38.0,56
2024-09-13 20:00:00,21.9,90,946.3,12.1,0.0,23.9,12.3,188.0,11.8,6.9,30.0,56
2024-09-13 21:00:00,21.9,90,946.9,11.5,0.0,23.7,12.2,194.0,12.4,7.3,27.0,56
2024-09-13 22:00:00,21.5,91,947.0,9.7,0.0,23.1,12.1,194.0,12.1,7.4,26.0,55
2024-09-13 23:00:00,21.2,93,946.5,8.9,0.0,22.9,12.1,187.0,11.2,7.1,26.0,55
2024-09-14 00:00:00,21.1,94,946.1,9.3,0.0,21.0,11.8,169.0,9.3,6.0,28.0,55
2024-09-14 01:00:00,21.0,94,945.6,9.2,0.0,20.2,9.8,144.0,6.9,4.4,31.0,54
2024-09-14 02:00:00,20.9,94,945.2,8.4,0.0,15.6,7.8,125.0,5.0,3.3,33.0,54
2024-09-14 03:00:00,20.6,95,945.1,7.9,0.0,10.8,5.8,118.0,4.4,3.1,33.0,53
2024-09-14 04:00:00,21.2,92,944.9,8.0,0.0,7.9,4.5,118.0,4.4,3.3,31.0,53
2024-09-14 05:00:00,21.5,90,945.6,9.2,0.0,7.5,4.3,122.0,4.5,3.6,32.0,53
2024-09-14 06:00:00,21.4,92,945.5,9.1,0.1,7.1,4.2,127.0,4.7,3.8,33.0,53
2024-09-14 07:00:00,22.4,86,946.4,11.9,0.0,9.8,4.5,135.0,4.9,4.1,34.0,52
2024-09-14 08:00:00,23.3,82,947.3,14.4,0.1,13.2,5.8,138.0,4.8,4.2,37.0,52
2024-09-14 09:00:00,24.6,76,947.7,18.7,0.1,16.8,6.9,134.0,4.0,4.0,43.0,52
2024-09-14 10:00:00,25.5,74,947.9,18.0,0.1,17.5,7.3,126.0,2.9,3.7,51.0,52
2024-09-14 11:00:00,26.2,70,947.6,19.1,0.1,17.7,7.9,120.0,2.1,3.4,57.0,52
2024-09-14 12:00:00,27.1,64,947.1,19.8,0.1,19.3,8.4,117.0,1.8,3.2,61.0,51
2024-09-14 13:00:00,26.7,67,946.1,21.2,0.1,19.2,8.5,115.0,1.8,3.0,63.0,51
2024-09-14 14:00:00,26.5,68,945.4,22.8,0.2,17.0,7.9,114.0,1.9,2.9,63.0,50
2024-09-14 15:00:00,26.2,68,945.0,21.2,0.0,16.2,7.9,111.0,1.9,2.7,61.0,50
2024-09-14 16:00:00,25.7,70,944.9,20.2,0.0,16.5,7.7,109.0,2.2,2.6,56.0,49
2024-09-14 17:00:00,24.5,76,945.1,15.8,0.0,19.7,9.3,131.0,4.2,3.7,54.0,48
2024-09-14 18:00:00,23.9,77,945.3,15.6,0.0,18.1,9.4,146.0,6.4,4.3,47.0,47
2024-09-14 19:00:00,22.8,83,945.5,13.0,0.0,18.2,10.0,166.0,9.5,5.3,36.0,46
2024-09-14 20:00:00,22.1,88,946.1,11.7,0.0,19.0,10.7,185.0,12.0,6.1,28.0,46
2024-09-14 21:00:00,22.0,89,946.8,12.0,0.0,19.4,11.2,203.0,13.7,6.9,23.0,46
2024-09-14 22:00:00,21.8,90,946.8,11.8,0.0,19.4,11.4,220.0,14.8,7.7,20.0,45
2024-09-14 23:00:00,21.8,90,946.9,12.0,0.0,17.6,10.4,223.0,14.7,7.9,19.0,45
2024-09-15 00:00:00,21.7,90,946.4,13.7,0.0,13.9,7.7,203.0,12.7,7.2,21.0,45
2024-09-15 01:00:00,21.6,91,945.7,14.1,0.0,11.0,6.1,170.0,9.6,5.9,25.0,44
2024-09-15 02:00:00,21.3,92,945.2,11.9,0.0,8.0,4.7,143.0,7.1,4.9,28.0,43
2024-09-15 03:00:00,21.1,93,945.2,10.7,0.0,5.7,3.5,130.0,5.9,4.4,29.0,42
2024-09-15 04:00:00,21.0,93,945.1,9.4,0.0,4.3,2.8,123.0,5.4,4.0,29.0,42
2024-09-15 05:00:00,20.6,94,945.5,7.8,0.0,4.4,2.9,122.0,5.3,4.5,29.0,41
2024-09-15 06:00:00,21.8,91,946.0,8.9,0.6,4.1,2.7,127.0,5.4,4.7,31.0,41
2024-09-15 07:00:00,22.0,90,946.7,11.3,0.2,4.9,3.1,134.0,5.4,4.9,34.0,41
2024-09-15 08:00:00,22.9,86,947.6,14.0,0.1,6.2,3.8,137.0,5.1,4.9,38.0,40
2024-09-15 09:00:00,24.2,82,947.9,13.8,0.0,7.9,4.5,132.0,4.2,4.3,44.0,40
2024-09-15 10:00:00,25.8,74,948.0,15.9,0.0,10.1,5.6,123.0,3.0,3.5,52.0,39
2024-09-15 11:00:00,26.6,69,947.9,18.7,0.1,12.3,6.6,117.0,2.1,2.8,58.0,39
2024-09-15 12:00:00,26.8,67,947.2,19.1,0.0,11.7,6.3,116.0,1.7,2.5,62.0,39
2024-09-15 13:00:00,26.8,68,946.2,19.5,0.1,12.8,7.1,118.0,1.6,2.5,65.0,38
2024-09-15 14:00:00,26.8,64,945.6,21.3,0.2,14.6,7.8,120.0,1.7,2.5,66.0,38
2024-09-15 15:00:00,26.0,72,945.1,21.7,0.2,18.7,9.4,120.0,1.7,2.4,66.0,38
2024-09-15 16:00:00,25.7,72,945.2,18.9,0.1,22.2,11.0,121.0,1.9,2.5,65.0,38
2024-09-15 17:00:00,24.8,74,945.6,17.4,0.0,24.3,12.0,139.0,3.3,3.1,60.0,39
2024-09-15 18:00:00,23.6,78,946.0,14.5,0.0,23.2,12.7,164.0,6.6,4.6,53.0,40
2024-09-15 19:00:00,22.4,86,946.7,12.2,0.0,23.2,13.4,199.0,11.1,6.8,43.0,40
2024-09-15 20:00:00,21.7,90,947.1,9.7,0.0,23.5,14.0,227.0,14.5,8.3,34.0,41
2024-09-15 21:00:00,21.1,94,947.6,8.3,0.0,23.7,14.5,244.0,16.0,8.8,28.0,42
2024-09-15 22:00:00,20.7,96,947.6,7.5,0.0,23.7,14.7,255.0,16.3,8.8,23.0,43
2024-09-15 23:00:00,20.6,96,947.2,9.2,0.0,23.9,15.1,251.0,15.6,8.3,21.0,43
2024-09-16 00:00:00,20.6,96,946.6,10.5,0.0,24.0,14.8,224.0,13.2,7.0,23.0,44
2024-09-16 01:00:00,20.7,95,946.1,11.1,0.0,23.9,14.2,183.0,9.7,5.3,28.0,46
2024-09-16 02:00:00,20.4,97,945.6,9.5,0.0,23.9,12.9,151.0,7.0,4.0,31.0,48
2024-09-16 03:00:00,20.4,97,945.7,10.0,0.0,21.9,12.0,138.0,5.9,3.5,31.0,50
2024-09-16 04:00:00,20.6,95,946.1,10.0,0.0,21.1,11.1,135.0,5.6,3.5,30.0,51
2024-09-16 05:00:00,20.1,96,946.4,8.3,0.0,18.9,10.1,133.0,4.9,3.4,34.0,51
2024-09-16 06:00:00,20.0,97,946.7,7.4,0.0,17.4,9.7,143.0,5.3,4.2,34.0,52
2024-09-16 07:00:00,21.2,92,947.6,10.0,0.0,18.9,10.0,156.0,5.7,5.4,34.0,52
2024-09-16 08:00:00,22.9,84,948.7,11.2,0.0,20.4,9.5,165.0,5.7,6.1,38.0,53
2024-09-16 09:00:00,24.8,74,949.1,10.6,0.0,23.9,9.9,164.0,4.7,6.1,49.0,53
2024-09-16 10:00:00,26.1,68,949.2,10.2,0.1,27.9,10.9,157.0,3.3,5.7,64.0,54
2024-09-16 11:00:00,27.1,63,949.0,10.0,0.1,30.4,11.8,152.0,2.2,5.3,76.0,54
2024-09-16 12:00:00,27.9,60,948.1,11.9,0.2,30.9,12.3,150.0,1.8,5.2,83.0,55
2024-09-16 13:00:00,28.3,58,946.9,13.9,0.2,29.9,12.5,150.0,1.8,5.1,88.0,55
2024-09-16 14:00:00,28.2,58,946.4,15.8,0.1,30.0,13.1,151.0,2.0,5.1,90.0,56
2024-09-16 15:00:00,27.7,59,946.0,16.4,0.0,31.2,14.1,151.0,2.3,4.9,90.0,56
2024-09-16 16:00:00,26.9,63,946.0,16.5,0.0,32.4,14.8,152.0,2.8,4.8,87.0,56
2024-09-16 17:00:00,25.7,70,946.2,15.9,0.0,30.4,16.1,171.0,5.7,6.3,80.0,57
2024-09-16 18:00:00,24.4,76,946.5,12.7,0.0,25.7,15.1,192.0,8.7,7.5,69.0,57
2024-09-16 19:00:00,23.9,79,947.0,12.4,0.0,22.8,14.1,221.0,12.7,9.1,53.0,57
2024-09-16 20:00:00,23.2,83,947.5,10.8,0.0,20.4,12.9,242.0,15.7,10.4,40.0,57
2024-09-16 21:00:00,22.9,86,948.2,9.7,0.0,18.8,12.1,250.0,16.6,11.1,33.0,57
2024-09-16 22:00:00,22.8,86,948.4,10.1,0.0,18.3,11.7,250.0,16.5,11.5,30.0,57
2024-09-16 23:00:00,22.5,88,948.2,10.2,0.0,18.9,12.2,247.0,15.8,11.6,27.0,57
2024-09-17 00:00:00,22.3,89,947.7,10.4,0.1,20.0,13.0,239.0,14.6,11.1,25.0,56
2024-09-17 01:00:00,22.1,90,947.2,10.7,0.1,21.0,13.4,227.0,12.9,10.2,25.0,56
2024-09-17 02:00:00,21.4,93,946.6,9.1,0.0,21.0,13.2,216.0,11.5,9.8,25.0,56
2024-09-17 03:00:00,20.8,95,946.4,8.0,0.0,23.4,13.6,205.0,10.6,10.2,25.0,56
2024-09-17 04:00:00,20.3,97,946.6,7.5,0.0,24.2,13.7,195.0,10.0,11.0,26.0,56
2024-09-17 05:00:00,20.0,97,947.0,8.6,0.0,29.5,15.7,195.0,10.4,14.5,29.0,57
2024-09-17 06:00:00,21.3,89,947.8,9.0,0.0,33.4,16.8,197.0,10.2,15.4,30.0,57
2024-09-17 07:00:00,21.7,86,948.3,9.4,0.0,37.5,17.3,199.0,9.9,16.6,33.0,58
2024-09-17 08:00:00,23.0,83,948.9,11.0,0.0,45.6,17.8,198.0,9.1,16.7,40.0,58
2024-09-17 09:00:00,24.7,72,949.3,13.0,0.0,50.3,18.2,192.0,7.3,14.5,56.0,59
2024-09-17 10:00:00,26.1,64,949.2,11.0,0.0,54.2,19.6,182.0,4.9,11.2,77.0,59
2024-09-17 11:00:00,27.0,59,948.7,11.8,0.1,55.1,20.6,175.0,3.1,8.7,95.0,60
2024-09-17 12:00:00,27.6,54,948.0,12.6,0.1,53.2,21.1,171.0,2.2,7.7,106.0,61
2024-09-17 13:00:00,27.8,53,947.1,13.4,0.1,50.9,21.5,170.0,1.9,7.5,113.0,62
2024-09-17 14:00:00,27.0,56,946.4,16.2,0.4,48.4,21.9,172.0,2.2,7.8,118.0,62
2024-09-17 15:00:00,26.3,65,945.6,14.4,0.1,48.1,22.6,177.0,3.0,8.7,120.0,63
2024-09-17 16:00:00,25.6,63,945.5,15.0,0.2,48.8,24.1,186.0,4.3,10.0,119.0,64
2024-09-17 17:00:00,24.4,73,945.5,14.6,0.1,54.0,27.7,199.0,6.1,11.7,115.0,64
2024-09-17 18:00:00,23.6,78,945.9,14.2,0.0,51.2,28.1,225.0,9.0,13.6,106.0,65
2024-09-17 19:00:00,22.5,81,946.3,13.0,0.0,51.5,28.9,262.0,12.9,16.1,94.0,66
2024-09-17 20:00:00,21.7,85,946.7,11.5,0.0,51.3,28.6,292.0,16.0,18.1,83.0,67
2024-09-17 21:00:00,21.3,88,947.2,10.5,0.0,49.2,27.5,310.0,17.5,19.1,73.0,69
2024-09-17 22:00:00,20.9,91,947.2,10.1,0.0,49.8,27.4,321.0,18.1,19.5,64.0,70
2024-09-17 23:00:00,20.6,93,946.6,10.7,0.0,48.1,26.6,323.0,17.8,19.3,57.0,71
2024-09-18 00:00:00,20.3,94,946.2,10.0,0.0,48.7,26.8,312.0,16.3,18.3,52.0,72
2024-09-18 01:00:00,20.0,95,945.6,8.9,0.0,49.6,26.7,293.0,14.0,16.6,49.0,73
2024-09-18 02:00:00,19.8,95,944.8,8.2,0.0,49.9,26.1,277.0,12.1,15.2,46.0,74
2024-09-18 03:00:00,19.6,96,944.8,8.3,0.0,51.0,26.1,269.0,11.0,14.1,42.0,75
2024-09-18 04:00:00,19.4,98,944.7,8.3,0.0,51.5,26.6,264.0,10.3,13.2,38.0,76
2024-09-18 05:00:00,19.4,98,945.2,9.0,0.0,52.4,26.5,253.0,10.6,15.3,36.0,77
2024-09-18 06:00:00,19.1,98,945.6,9.7,0.0,61.9,26.8,244.0,10.3,15.5,37.0,78
2024-09-18 07:00:00,20.2,94,946.4,8.8,0.0,59.5,26.1,231.0,9.7,15.6,39.0,79
2024-09-18 08:00:00,22.0,85,947.2,7.3,0.0,58.8,23.9,218.0,8.7,15.0,46.0,80
2024-09-18 09:00:00,24.1,74,947.5,8.6,0.0,58.9,22.4,205.0,6.8,13.0,64.0,80
2024-09-18 10:00:00,25.9,64,947.4,9.8,0.0,60.8,22.1,191.0,4.4,10.2,88.0,81
2024-09-18 11:00:00,27.3,56,946.9,9.9,0.0,62.6,22.0,180.0,2.6,8.0,106.0,81
2024-09-18 12:00:00,28.2,50,946.2,11.3,0.0,62.2,21.9,173.0,1.9,7.0,115.0,81
2024-09-18 13:00:00,28.6,48,945.3,13.4,0.0,60.8,22.4,169.0,1.7,6.5,119.0,81
2024-09-18 14:00:00,28.3,49,944.6,14.0,0.0,56.7,22.2,167.0,2.0,6.5,120.0,81
2024-09-18 15:00:00,27.8,51,944.1,12.9,0.0,52.9,22.2,165.0,2.4,6.8,120.0,81
2024-09-18 16:00:00,27.1,55,944.1,14.1,0.0,48.4,21.8,166.0,3.2,7.5,117.0,81
2024-09-18 17:00:00,25.9,62,944.1,12.4,0.0,49.7,22.6,178.0,5.5,8.3,105.0,81
2024-09-18 18:00:00,24.4,72,944.4,11.3,0.0,44.8,23.5,209.0,9.3,9.8,92.0,80
2024-09-18 19:00:00,23.3,78,945.0,11.7,0.0,43.9,24.8,253.0,14.6,11.8,74.0,80
2024-09-18 20:00:00,22.4,83,945.2,10.8,0.0,42.4,24.7,289.0,18.7,13.3,58.0,80
2024-09-18 21:00:00,21.6,88,946.0,9.1,0.0,41.6,24.7,313.0,20.7,14.1,47.0,79
2024-09-18 22:00:00,21.0,92,946.2,7.2,0.0,41.7,24.7,329.0,21.4,14.4,39.0,79
2024-09-18 23:00:00,20.5,94,946.2,7.2,0.0,40.3,24.0,333.0,21.2,14.1,33.0,79
2024-09-19 00:00:00,20.2,95,945.9,7.9,0.0,38.4,22.7,318.0,19.6,12.8,29.0,79
2024-09-19 01:00:00,19.9,96,945.4,6.6,0.0,37.4,21.9,291.0,17.0,10.8,28.0,78
2024-09-19 02:00:00,19.8,97,945.0,8.4,0.0,36.7,21.3,267.0,14.8,9.3,27.0,78
2024-09-19 03:00:00,19.7,99,944.7,9.2,0.0,36.1,20.8,252.0,13.5,8.5,25.0,78
2024-09-19 04:00:00,19.5,99,944.9,8.4,0.0,35.9,20.5,241.0,12.6,8.2,23.0,77
2024-09-19 05:00:00,19.3,98,945.4,8.7,0.0,32.6,18.3,216.0,10.8,9.9,29.0,77
2024-09-19 06:00:00,21.4,89,946.3,7.1,0.0,34.7,19.2,217.0,10.7,11.2,34.0,76
2024-09-19 07:00:00,22.0,85,947.0,6.5,0.0,42.1,19.9,218.0,10.6,12.9,42.0,76
2024-09-19 08:00:00,23.5,79,947.6,4.7,0.0,45.5,20.2,215.0,9.7,13.6,54.0,75
2024-09-19 09:00:00,25.2,73,947.9,4.2,0.0,51.0,21.4,204.0,7.5,12.4,75.0,75
2024-09-19 10:00:00,26.7,67,947.9,3.2,0.0,51.5,21.4,189.0,4.6,10.1,99.0,75
2024-09-19 11:00:00,27.8,60,947.6,2.6,0.0,51.5,21.1,177.0,2.4,8.2,117.0,75
2024-09-19 12:00:00,28.5,55,946.7,4.3,0.0,48.9,20.3,170.0,1.6,7.0,122.0,75
2024-09-19 13:00:00,29.0,53,945.7,6.1,0.0,46.3,19.3,165.0,1.6,6.1,120.0,74
2024-09-19 14:00:00,29.0,52,944.9,7.9,0.0,43.1,18.2,164.0,2.0,5.8,117.0,74
2024-09-19 15:00:00,28.3,53,944.7,13.5,0.0,42.3,18.0,162.0,2.2,6.1,116.0,74
2024-09-19 16:00:00,26.7,63,944.7,15.3,0.0,43.0,19.4,163.0,2.8,7.0,114.0,74
2024-09-19 17:00:00,26.4,66,944.7,12.1,0.0,48.5,22.9,175.0,5.4,7.8,101.0,73
2024-09-19 18:00:00,24.7,75,945.1,10.5,0.0,45.4,24.8,217.0,9.9,9.7,89.0,73
2024-09-19 19:00:00,23.9,80,945.6,11.9,0.0,45.3,26.6,275.0,16.1,12.4,72.0,73
2024-09-19 20:00:00,22.9,87,946.4,12.0,0.0,45.9,27.8,323.0,20.9,14.5,57.0,74
2024-09-19 21:00:00,22.4,90,947.1,7.6,0.0,46.1,28.4,353.0,23.0,15.7,48.0,74
2024-09-19 22:00:00,21.9,93,947.1,6.2,0.0,46.9,28.9,374.0,23.7,16.5,41.0,74
2024-09-19 23:00:00,21.5,96,946.9,6.3,0.0,47.7,29.3,381.0,23.4,16.5,36.0,74
2024-09-20 00:00:00,21.2,97,946.3,7.1,0.0,47.0,28.8,370.0,21.9,15.5,33.0,75
2024-09-20 01:00:00,20.9,98,945.7,9.0,0.0,46.9,28.4,346.0,19.3,13.8,31.0,75
2024-09-20 02:00:00,20.7,98,945.3,7.4,0.0,46.3,27.7,324.0,17.0,12.3,29.0,76
2024-09-20 03:00:00,20.8,97,945.1,8.0,0.0,45.9,27.2,309.0,15.3,10.7,25.0,76
2024-09-20 04:00:00,20.7,97,945.3,6.3,0.0,44.6,26.8,295.0,13.8,9.3,22.0,77
2024-09-20 05:00:00,20.7,97,945.7,6.8,0.0,41.4,25.3,243.0,10.1,12.6,35.0,77
2024-09-20 06:00:00,21.7,96,946.2,8.9,2.2,48.7,26.8,236.0,10.1,14.5,40.0,78
2024-09-20 07:00:00,22.1,96,946.8,4.7,0.9,51.2,26.3,226.0,9.9,16.9,49.0,79
2024-09-20 08:00:00,22.9,91,947.4,5.8,0.3,57.2,28.1,217.0,9.2,18.0,60.0,79
2024-09-20 09:00:00,23.8,86,947.9,6.6,0.1,51.3,25.1,209.0,7.3,16.6,77.0,80
2024-09-20 10:00:00,24.7,82,948.0,8.1,0.0,48.2,23.9,200.0,4.8,13.8,97.0,80
2024-09-20 11:00:00,25.8,76,947.9,9.7,0.0,44.7,22.5,193.0,2.9,11.1,112.0,80
2024-09-20 12:00:00,27.0,70,947.2,11.7,0.0,45.9,23.2,186.0,2.1,8.7,118.0,80
2024-09-20 13:00:00,27.6,68,946.2,12.4,0.0,63.3,32.1,180.0,2.0,6.4,119.0,80
2024-09-20 14:00:00,28.1,65,945.3,14.9,0.0,39.5,21.2,178.0,2.5,5.1,118.0,81
2024-09-20 15:00:00,27.2,67,944.7,14.1,0.4,36.7,20.4,180.0,3.4,5.3,115.0,82
2024-09-20 16:00:00,26.6,68,944.7,13.7,0.3,31.5,18.3,187.0,4.8,6.5,110.0,82
2024-09-20 17:00:00,25.7,74,945.0,13.4,0.1,35.9,21.3,197.0,6.2,6.7,108.0,82
2024-09-20 18:00:00,24.1,81,945.5,12.6,0.1,34.7,21.6,238.0,10.7,8.5,94.0,82
2024-09-20 19:00:00,23.7,84,946.2,7.6,0.0,33.9,22.2,295.0,16.8,11.1,75.0,81
2024-09-20 20:00:00,23.5,87,946.8,6.5,0.0,35.0,23.4,342.0,21.5,13.2,60.0,81
2024-09-20 21:00:00,23.6,88,947.5,6.8,0.0,36.9,24.7,372.0,23.6,14.7,52.0,81
2024-09-20 22:00:00,23.1,91,947.7,5.4,0.0,37.7,25.2,393.0,24.2,15.7,47.0,80
2024-09-20 23:00:00,22.8,93,947.6,5.8,0.0,39.5,26.2,399.0,23.5,16.2,44.0,80
2024-09-21 00:00:00,22.8,93,947.1,7.9,0.0,40.9,27.3,384.0,21.0,15.7,42.0,80
2024-09-21 01:00:00,22.6,93,946.6,7.3,0.0,42.1,27.7,355.0,17.1,14.6,42.0,80
2024-09-21 02:00:00,22.7,92,946.4,6.8,0.0,42.3,27.4,326.0,13.7,13.9,43.0,80
2024-09-21 03:00:00,22.6,93,946.0,8.7,0.2,42.6,25.9,299.0,11.1,14.0,46.0,80
2024-09-21 04:00:00,22.4,94,946.1,4.6,0.3,41.0,25.4,272.0,9.0,14.5,50.0,80
2024-09-21 05:00:00,22.3,95,946.1,8.2,0.2,43.8,24.8,222.0,7.5,16.0,56.0,80
2024-09-21 06:00:00,22.5,92,947.1,7.3,0.0,46.1,25.0,222.0,8.4,17.1,53.0,79
2024-09-21 07:00:00,22.8,90,947.7,8.9,0.0,46.9,25.4,222.0,9.7,18.5,49.0,79
2024-09-21 08:00:00,23.5,86,948.2,9.6,0.0,45.5,23.9,219.0,9.9,18.5,51.0,79
2024-09-21 09:00:00,24.5,80,948.8,9.1,0.0,42.4,22.2,209.0,8.2,15.7,65.0,79
2024-09-21 10:00:00,26.0,73,949.0,8.1,0.1,42.6,22.7,195.0,5.5,11.4,85.0,79
2024-09-21 11:00:00,27.5,69,948.6,8.0,0.0,37.8,20.7,185.0,3.5,7.9,100.0,79
2024-09-21 12:00:00,28.5,65,947.9,6.9,0.0,39.0,21.7,182.0,2.8,6.1,106.0,78
2024-09-21 13:00:00,29.5,60,946.7,7.0,0.0,38.4,21.9,182.0,2.8,5.1,106.0,78
2024-09-21 14:00:00,26.4,72,945.7,17.3,0.7,39.5,22.9,188.0,3.4,4.9,106.0,78
2024-09-21 15:00:00,27.6,68,945.1,14.2,0.2,40.4,24.5,199.0,4.7,5.5,106.0,78
2024-09-21 16:00:00,26.6,69,945.0,14.8,0.5,39.3,24.6,216.0,6.7,6.9,106.0,78
2024-09-21 17:00:00,25.3,79,945.5,13.8,0.1,47.3,30.0,243.0,8.8,10.7,106.0,79
2024-09-21 18:00:00,23.4,92,946.1,8.2,3.7,46.1,30.3,278.0,12.2,12.6,99.0,79
2024-09-21 19:00:00,23.5,90,946.8,10.5,1.2,45.4,30.3,328.0,16.9,15.3,89.0,80
2024-09-21 20:00:00,23.4,91,947.6,10.8,0.0,45.2,30.6,367.0,20.2,17.5,80.0,81
2024-09-21 21:00:00,23.2,92,948.3,9.7,0.0,46.4,31.4,389.0,21.1,18.9,73.0,81
2024-09-21 22:00:00,22.7,94,948.2,7.6,0.0,48.1,32.2,402.0,20.7,19.9,68.0,82
2024-09-21 23:00:00,22.3,95,947.7,7.9,0.0,48.8,32.6,401.0,19.3,20.5,64.0,82
2024-09-22 00:00:00,22.1,95,947.4,7.6,0.0,51.2,33.9,380.0,16.5,20.5,63.0,83
2024-09-22 01:00:00,22.0,96,946.9,7.2,0.0,52.2,33.8,345.0,12.8,20.1,64.0,83
2024-09-22 02:00:00,21.8,96,946.2,7.9,0.0,51.7,33.5,314.0,10.0,19.9,63.0,84
2024-09-22 03:00:00,21.6,96,945.8,9.0,0.0,48.3,31.1,292.0,9.1,20.3,58.0,84
2024-09-22 04:00:00,21.5,95,946.0,9.0,0.0,47.5,30.4,274.0,9.1,21.0,51.0,85
2024-09-22 05:00:00,21.3,95,946.4,8.8,0.0,40.4,25.1,249.0,10.4,22.1,41.0,85
2024-09-22 06:00:00,21.6,94,946.7,9.4,0.0,42.3,25.3,240.0,10.4,21.1,40.0,85
2024-09-22 07:00:00,22.5,89,947.5,11.8,0.0,43.7,25.3,227.0,10.2,19.7,39.0,85
2024-09-22 08:00:00,23.9,81,948.2,12.2,0.0,44.5,24.6,215.0,9.5,17.6,44.0,85
2024-09-22 09:00:00,25.6,73,948.5,10.7,0.0,46.2,24.9,206.0,7.7,14.5,60.0,85
2024-09-22 10:00:00,26.8,67,948.4,9.0,0.1,46.4,25.1,198.0,5.3,10.8,81.0,85
2024-09-22 11:00:00,27.9,63,948.0,7.9,0.3,47.3,26.0,192.0,3.5,7.8,98.0,85
2024-09-22 12:00:00,28.3,64,946.9,7.6,0.0,45.6,25.4,186.0,2.5,5.9,108.0,86
2024-09-22 13:00:00,29.6,59,945.3,6.3,0.0,45.3,25.6,182.0,2.0,4.6,113.0,86
2024-09-22 14:00:00,27.8,66,944.2,13.8,0.5,42.5,24.2,184.0,2.4,4.1,115.0,86
2024-09-22 15:00:00,27.8,69,944.0,8.7,3.7,43.1,24.9,194.0,3.8,4.6,112.0,87
2024-09-22 16:00:00,25.1,80,944.4,13.5,3.3,42.5,25.7,209.0,6.1,5.8,105.0,87
2024-09-22 17:00:00,23.7,90,945.1,5.8,4.3,55.2,32.9,215.0,6.9,5.8,105.0,87
2024-09-22 18:00:00,24.4,84,944.8,11.2,0.7,54.6,34.2,257.0,11.0,8.3,96.0,87
2024-09-22 19:00:00,23.9,89,945.3,7.9,0.1,54.5,35.2,315.0,16.5,11.9,84.0,87
2024-09-22 20:00:00,23.6,91,946.0,8.0,0.0,53.2,34.9,359.0,20.3,15.1,74.0,88
2024-09-22 21:00:00,23.0,94,946.6,6.9,0.0,53.2,35.2,378.0,20.9,17.5,70.0,88
2024-09-22 22:00:00,22.8,96,946.7,6.9,0.0,52.9,35.3,383.0,19.8,19.6,67.0,88
2024-09-22 23:00:00,22.7,96,946.3,7.6,0.0,53.8,36.1,381.0,18.1,20.7,65.0,88
2024-09-23 00:00:00,22.6,96,945.8,7.2,0.0,55.3,37.1,372.0,16.0,20.5,61.0,89
2024-09-23 01:00:00,22.8,96,945.2,8.3,0.0,55.2,37.6,357.0,13.3,19.5,56.0,89
2024-09-23 02:00:00,22.8,96,944.7,9.8,0.0,55.2,37.3,339.0,11.1,18.4,52.0,89
2024-09-23 03:00:00,22.7,96,944.6,8.8,0.0,54.7,36.9,319.0,9.6,17.7,49.0,90
2024-09-23 04:00:00,22.8,96,945.1,8.5,0.0,49.8,32.4,298.0,8.4,17.1,47.0,90
2024-09-23 05:00:00,22.8,96,945.4,8.0,0.0,14.2,10.1,274.0,8.9,15.0,39.0,90
2024-09-23 06:00:00,22.8,95,946.0,8.6,0.0,20.8,13.4,270.0,9.3,14.4,44.0,89
2024-09-23 07:00:00,23.3,92,946.7,9.5,0.0,28.3,17.4,265.0,9.7,13.5,52.0,88
2024-09-23 08:00:00,24.3,86,947.3,8.7,0.0,32.6,19.9,258.0,9.4,11.9,62.0,87
2024-09-23 09:00:00,25.5,81,947.6,6.9,0.1,35.6,21.7,249.0,7.7,9.1,76.0,87
2024-09-23 10:00:00,26.6,78,947.4,6.6,0.2,33.6,20.9,238.0,5.2,5.7,91.0,87
2024-09-23 11:00:00,28.6,70,946.8,5.9,0.2,30.4,19.3,231.0,3.4,3.1,103.0,87
2024-09-23 12:00:00,27.9,71,945.4,5.1,0.1,27.9,18.0,228.0,2.5,1.8,109.0,86
2024-09-23 13:00:00,25.4,85,944.8,10.2,9.3,26.1,17.1,227.0,2.3,1.3,110.0,85
2024-09-23 14:00:00,25.6,86,944.1,7.9,7.5,22.2,14.8,231.0,2.9,1.6,108.0,85
2024-09-23 15:00:00,26.2,82,943.5,6.8,0.6,24.6,16.5,237.0,4.7,2.8,101.0,84
2024-09-23 16:00:00,25.4,84,943.2,14.2,3.9,27.7,18.7,248.0,7.4,4.9,91.0,83
2024-09-23 17:00:00,24.2,89,943.7,10.1,0.1,44.1,29.6,255.0,9.6,8.1,94.0,83
2024-09-23 18:00:00,23.6,93,944.4,8.2,3.0,42.1,28.9,287.0,13.1,9.8,86.0,83
2024-09-23 19:00:00,22.9,94,944.9,3.7,3.7,40.2,28.0,331.0,17.8,12.1,75.0,82
2024-09-23 20:00:00,22.6,96,945.4,5.8,1.4,38.5,27.0,355.0,20.3,13.7,67.0,82
2024-09-23 21:00:00,22.4,93,945.9,4.3,3.4,35.3,24.6,342.0,18.7,13.9,66.0,81
2024-09-23 22:00:00,22.2,96,946.2,2.5,0.0,29.6,20.7,311.0,15.0,13.3,68.0,80
2024-09-23 23:00:00,22.2,97,945.5,3.7,0.0,22.2,15.6,285.0,11.9,12.6,69.0,79
2024-09-24 00:00:00,22.1,97,944.7,4.8,0.0,16.8,11.9,275.0,10.4,11.9,67.0,77
2024-09-24 01:00:00,22.4,97,944.4,6.9,0.0,14.6,10.4,271.0,9.6,11.0,63.0,75
2024-09-24 02:00:00,22.3,97,943.8,5.8,0.0,9.6,6.8,268.0,8.9,10.3,60.0,73
2024-09-24 03:00:00,22.1,97,943.5,7.0,0.7,7.2,5.1,264.0,8.2,9.8,57.0,71
2024-09-24 04:00:00,21.7,97,943.6,8.2,2.5,6.6,4.7,262.0,7.7,9.4,55.0,68
2024-09-24 05:00:00,21.8,97,943.9,5.9,0.3,9.7,6.6,279.0,8.6,12.2,54.0,66
2024-09-24 06:00:00,22.5,97,943.9,6.5,0.3,10.5,7.1,291.0,9.5,12.7,58.0,66
2024-09-24 07:00:00,23.2,93,944.9,8.9,0.1,13.0,8.9,306.0,10.6,13.4,63.0,65
2024-09-24 08:00:00,24.2,88,945.5,6.8,0.1,17.2,11.6,313.0,10.6,13.1,73.0,65
2024-09-24 09:00:00,24.5,89,945.9,6.5,0.1,23.9,15.9,303.0,8.4,11.2,92.0,64
2024-09-24 10:00:00,25.0,87,945.4,3.3,0.0,26.3,17.1,284.0,5.2,8.4,114.0,64
2024-09-24 11:00:00,26.8,78,944.6,4.6,0.3,29.0,19.0,267.0,2.8,6.1,130.0,63
2024-09-24 12:00:00,28.4,73,943.7,4.0,0.2,29.8,19.6,256.0,2.0,4.5,133.0,63
2024-09-24 13:00:00,28.8,74,942.6,4.0,0.1,26.3,17.4,248.0,2.1,3.4,129.0,63
2024-09-24 14:00:00,29.5,68,941.0,6.1,0.3,27.2,18.1,244.0,2.8,3.0,123.0,63
2024-09-24 15:00:00,27.0,77,940.4,6.7,3.4,27.3,18.4,243.0,4.3,3.8,115.0,64
2024-09-24 16:00:00,26.2,82,940.9,6.1,3.5,27.6,18.9,245.0,6.4,5.4,104.0,64
2024-09-24 17:00:00,24.6,91,941.5,5.1,2.6,29.5,20.4,274.0,10.8,8.5,88.0,66
2024-09-24 18:00:00,23.7,95,942.5,8.4,2.5,27.6,19.2,299.0,13.7,10.6,80.0,66
2024-09-24 19:00:00,23.5,94,943.1,6.0,0.9,26.8,18.7,333.0,17.8,13.5,68.0,62
2024-09-24 20:00:00,23.4,94,943.9,5.8,0.2,25.8,18.2,358.0,20.5,15.8,59.0,62
2024-09-24 21:00:00,23.2,95,944.8,2.5,0.9,25.1,17.7,368.0,20.9,17.1,53.0,61
2024-09-24 22:00:00,23.1,96,944.7,2.3,0.3,22.3,15.7,369.0,20.0,17.8,49.0,60
2024-09-24 23:00:00,22.9,96,944.2,3.3,0.4,17.6,12.4,361.0,18.5,18.0,47.0,60
2024-09-25 00:00:00,23.0,96,943.5,7.2,0.0,13.0,9.2,340.0,16.1,17.6,47.0,60
2024-09-25 01:00:00,22.6,96,942.9,6.5,0.0,9.6,6.8,310.0,13.1,16.7,49.0,60
2024-09-25 02:00:00,22.4,97,942.3,6.6,0.0,7.5,5.3,287.0,10.7,15.9,50.0,59
2024-09-25 03:00:00,22.5,97,942.1,7.0,0.0,6.7,4.7,276.0,9.3,15.3,49.0,59
2024-09-25 04:00:00,22.4,97,942.1,5.0,0.0,5.4,3.8,271.0,8.5,14.7,46.0,59
2024-09-25 05:00:00,22.5,97,942.5,4.7,0.0,4.2,2.9,251.0,7.2,13.5,55.0,59
2024-09-25 06:00:00,22.7,96,943.2,10.8,2.5,3.8,2.7,259.0,9.1,13.2,51.0,59
2024-09-25 07:00:00,22.7,96,943.6,7.0,3.9,4.3,3.0,270.0,11.7,12.8,46.0,58
2024-09-25 08:00:00,23.2,94,944.3,4.9,0.6,5.5,3.9,275.0,13.1,12.3,45.0,58
2024-09-25 09:00:00,23.6,92,944.8,4.5,0.4,5.3,3.7,267.0,12.1,11.5,52.0,57
2024-09-25 10:00:00,24.7,86,945.0,6.0,0.2,5.4,3.8,253.0,9.8,10.6,63.0,56
2024-09-25 11:00:00,25.3,86,944.6,5.1,0.3,6.6,4.6,241.0,8.0,9.9,73.0,55
2024-09-25 12:00:00,25.2,88,943.3,4.2,0.3,7.0,4.9,236.0,7.3,9.5,79.0,54
2024-09-25 13:00:00,27.0,79,942.4,5.3,0.3,9.1,6.4,233.0,7.0,9.3,84.0,53
2024-09-25 14:00:00,27.6,74,941.1,5.0,0.2,10.0,7.0,230.0,7.2,9.0,85.0,52
2024-09-25 15:00:00,25.2,82,941.1,14.0,17.5,10.7,7.5,226.0,8.1,8.3,80.0,51
2024-09-25 16:00:00,24.0,93,940.7,10.7,5.2,7.8,5.6,222.0,9.4,7.5,70.0,50
2024-09-25 17:00:00,23.6,94,941.4,9.9,2.2,21.2,14.5,259.0,12.9,9.8,64.0,48
2024-09-25 18:00:00,23.5,93,942.2,9.6,1.8,18.9,13.2,257.0,13.4,9.5,61.0,47
2024-09-25 19:00:00,23.4,94,942.7,6.3,0.7,10.4,7.3,253.0,14.1,9.1,57.0,45
2024-09-25 20:00:00,23.3,94,943.2,8.0,0.8,5.5,3.9,246.0,14.1,8.5,53.0,43
2024-09-25 21:00:00,23.0,94,943.9,9.1,0.7,4.8,3.4,236.0,12.9,7.5,51.0,39
2024-09-25 22:00:00,22.7,94,943.9,7.9,0.6,3.5,2.4,223.0,11.1,6.2,50.0,36
2024-09-25 23:00:00,22.6,94,943.5,8.5,0.9,3.8,2.7,208.0,9.3,5.1,49.0,33
2024-09-26 00:00:00,22.5,94,942.9,8.8,1.5,3.1,2.1,191.0,7.7,4.3,48.0,31
2024-09-26 01:00:00,22.5,94,942.3,9.4,0.6,2.1,1.5,171.0,6.1,3.7,47.0,29
2024-09-26 02:00:00,22.5,94,941.7,9.4,1.1,1.5,1.1,154.0,4.7,3.2,47.0,28
2024-09-26 03:00:00,22.6,95,941.2,9.9,1.3,2.8,2.0,136.0,3.3,2.6,48.0,27
2024-09-26 04:00:00,22.5,95,941.4,10.6,1.1,2.0,1.4,121.0,2.2,2.1,50.0,26
2024-09-26 05:00:00,22.3,93,941.8,12.1,0.8,1.3,0.9,134.0,3.1,3.1,53.0,26
2024-09-26 06:00:00,22.7,95,941.6,7.2,0.4,1.7,1.2,141.0,4.0,3.2,52.0,25
2024-09-26 07:00:00,22.9,95,942.1,7.7,0.2,2.7,1.9,151.0,5.2,3.2,50.0,25
2024-09-26 08:00:00,24.0,89,943.2,9.8,0.1,3.1,2.2,158.0,5.8,3.3,51.0,25
2024-09-26 09:00:00,24.5,86,943.4,10.3,0.1,3.6,2.5,158.0,5.1,3.3,57.0,24
2024-09-26 10:00:00,25.4,81,944.0,13.6,0.2,4.6,3.2,154.0,3.7,3.3,64.0,24
2024-09-26 11:00:00,25.2,81,943.5,13.8,0.3,5.3,3.7,150.0,2.7,3.3,69.0,25
2024-09-26 12:00:00,25.1,80,942.8,17.0,0.1,6.4,4.5,147.0,2.5,3.4,68.0,26
2024-09-26 13:00:00,24.5,82,941.9,20.4,0.4,6.8,4.7,143.0,2.8,3.4,65.0,27
2024-09-26 14:00:00,23.4,91,940.8,17.4,2.4,5.5,3.9,142.0,3.3,3.5,60.0,28
2024-09-26 15:00:00,23.5,89,940.2,15.3,1.1,4.6,3.3,144.0,4.2,3.5,55.0,28
2024-09-26 16:00:00,24.1,86,940.4,19.8,0.2,4.9,3.5,147.0,5.3,3.6,49.0,28
2024-09-26 17:00:00,22.8,91,940.6,22.7,0.7,4.7,3.5,159.0,7.0,3.4,41.0,28
2024-09-26 18:00:00,22.9,90,941.6,19.5,0.6,8.2,5.7,161.0,7.2,3.7,41.0,27
2024-09-26 19:00:00,22.3,91,942.5,18.1,0.1,10.4,7.1,165.0,7.5,4.1,40.0,26
2024-09-26 20:00:00,22.2,90,943.2,20.4,0.0,10.2,7.0,167.0,7.7,4.4,39.0,24
2024-09-26 21:00:00,22.0,90,943.7,20.5,0.0,10.0,6.9,168.0,7.8,4.4,38.0,23
2024-09-26 22:00:00,21.7,90,943.7,18.6,0.0,10.7,7.3,168.0,7.7,4.2,36.0,21
2024-09-26 23:00:00,21.8,91,943.3,18.1,0.0,10.1,6.8,166.0,7.4,4.0,35.0,20
2024-09-27 00:00:00,22.2,92,943.0,18.1,0.0,7.3,4.9,159.0,6.6,3.6,34.0,20
2024-09-27 01:00:00,22.6,91,942.4,16.8,0.0,4.8,3.2,149.0,5.5,3.2,34.0,21
2024-09-27 02:00:00,22.7,90,941.8,15.2,0.0,3.1,2.1,141.0,4.6,2.8,34.0,21
2024-09-27 03:00:00,22.9,89,941.5,15.4,0.0,2.1,1.4,136.0,4.2,2.6,33.0,22
2024-09-27 04:00:00,23.0,88,941.6,19.3,0.0,1.9,1.3,134.0,4.0,2.5,32.0,21
2024-09-27 05:00:00,22.8,89,942.1,18.7,0.1,2.1,1.1,125.0,2.8,2.2,41.0,21
2024-09-27 06:00:00,22.6,93,942.6,14.3,1.1,2.7,1.7,134.0,3.7,2.4,41.0,22
2024-09-27 07:00:00,22.8,91,943.5,17.3,0.3,2.9,1.9,147.0,5.0,2.7,41.0,22
2024-09-27 08:00:00,23.1,90,944.3,18.2,0.0,3.0,2.0,154.0,5.5,2.9,43.0,22
2024-09-27 09:00:00,24.0,86,945.0,19.2,0.0,4.8,3.1,152.0,4.7,2.9,47.0,22
2024-09-27 10:00:00,24.5,84,945.6,19.2,0.0,7.3,4.8,145.0,3.2,2.8,53.0,22
2024-09-27 11:00:00,25.5,79,945.7,26.9,0.0,10.5,6.7,139.0,2.1,2.7,58.0,22
2024-09-27 12:00:00,25.3,80,945.1,25.2,0.1,12.3,7.7,137.0,1.6,2.5,61.0,23
2024-09-27 13:00:00,24.9,82,944.4,22.8,0.2,13.6,8.1,135.0,1.4,2.2,63.0,24
2024-09-27 14:00:00,25.3,78,943.5,25.1,0.2,14.9,8.5,136.0,1.6,2.1,63.0,24
2024-09-27 15:00:00,25.6,78,943.1,26.5,0.2,15.9,8.8,139.0,2.2,2.3,61.0,25
2024-09-27 16:00:00,24.9,81,943.2,23.4,0.1,16.2,9.1,143.0,3.3,2.8,57.0,27
2024-09-27 17:00:00,24.0,85,943.3,20.5,0.1,18.7,10.5,165.0,5.9,3.5,49.0,28
2024-09-27 18:00:00,23.6,88,943.9,19.3,0.2,16.2,9.8,173.0,6.8,3.9,47.0,30
2024-09-27 19:00:00,23.1,89,944.7,18.3,0.1,15.7,9.8,183.0,8.0,4.4,44.0,31
2024-09-27 20:00:00,22.8,89,945.4,19.2,0.0,13.3,8.5,188.0,8.6,4.6,42.0,31
2024-09-27 21:00:00,22.6,90,946.3,20.4,0.0,8.9,5.9,182.0,8.3,4.3,40.0,31
2024-09-27 22:00:00,22.4,89,946.1,20.5,0.0,7.8,5.2,170.0,7.4,3.8,39.0,31
2024-09-27 23:00:00,22.2,91,946.2,19.0,0.0,6.1,3.9,160.0,6.5,3.2,38.0,31
2024-09-28 00:00:00,22.3,92,945.9,16.8,0.0,5.2,3.5,153.0,5.8,2.5,36.0,30
2024-09-28 01:00:00,22.2,92,945.1,16.2,0.0,5.7,3.9,147.0,5.0,1.6,34.0,30
2024-09-28 02:00:00,22.4,92,944.5,15.6,0.0,5.6,3.7,143.0,4.4,1.2,33.0,30
2024-09-28 03:00:00,22.4,92,944.2,15.0,0.0,3.7,2.4,140.0,3.9,1.4,33.0,30
2024-09-28 04:00:00,22.7,90,944.5,16.1,0.0,2.9,1.9,139.0,3.5,2.0,34.0,31
2024-09-28 05:00:00,22.7,90,945.1,15.4,0.0,2.3,1.6,145.0,3.6,2.5,34.0,31
2024-09-28 06:00:00,22.5,95,945.6,9.1,0.1,2.5,1.7,154.0,4.2,2.9,34.0,31
2024-09-28 07:00:00,23.3,91,946.5,13.5,0.0,2.8,1.9,166.0,5.0,3.5,34.0,31
2024-09-28 08:00:00,24.2,86,947.3,17.8,0.0,3.2,2.1,172.0,5.3,3.8,36.0,31
2024-09-28 09:00:00,25.1,81,948.2,19.8,0.1,4.0,2.6,168.0,4.4,3.7,42.0,31
2024-09-28 10:00:00,26.3,75,948.4,19.9,0.1,5.3,3.3,159.0,3.0,3.4,50.0,31
2024-09-28 11:00:00,27.1,71,948.2,19.2,0.0,6.8,4.0,151.0,1.9,3.2,57.0,30
2024-09-28 12:00:00,27.2,70,947.6,19.0,0.1,8.1,4.7,148.0,1.5,3.2,61.0,30
2024-09-28 13:00:00,27.5,70,947.0,20.2,0.1,8.5,5.0,147.0,1.6,3.2,64.0,29
2024-09-28 14:00:00,27.3,71,946.4,19.0,0.2,8.6,5.2,147.0,1.9,3.3,64.0,28
2024-09-28 15:00:00,26.9,73,945.8,19.7,0.2,8.3,5.0,148.0,2.5,3.4,62.0,28
2024-09-28 16:00:00,26.3,75,945.6,20.2,0.0,8.1,5.0,151.0,3.4,3.5,57.0,27
2024-09-28 17:00:00,25.2,79,945.9,18.2,0.0,8.6,5.1,153.0,4.4,3.0,46.0,26
2024-09-28 18:00:00,24.0,84,946.8,14.1,0.0,8.8,5.5,168.0,6.6,4.0,41.0,27
2024-09-28 19:00:00,23.3,88,947.6,12.1,0.0,9.6,6.2,189.0,9.6,5.4,33.0,26
2024-09-28 20:00:00,23.1,89,948.3,10.7,0.0,9.7,6.4,208.0,12.0,6.5,27.0,25
2024-09-28 21:00:00,22.9,90,949.0,10.0,0.0,9.4,6.3,224.0,13.3,7.1,23.0,23
2024-09-28 22:00:00,22.8,90,949.2,9.9,0.0,9.5,6.5,237.0,14.1,7.3,20.0,22
2024-09-28 23:00:00,22.3,93,949.0,9.7,0.0,11.8,8.1,245.0,14.2,6.9,18.0,23
2024-09-29 00:00:00,22.1,93,948.4,9.6,0.0,14.8,10.2,245.0,13.6,5.1,15.0,24
2024-09-29 01:00:00,21.8,94,948.0,9.3,0.0,18.9,13.0,239.0,12.4,2.7,13.0,25
2024-09-29 02:00:00,21.7,95,947.6,9.1,0.0,20.1,13.8,228.0,11.1,1.2,13.0,27
2024-09-29 03:00:00,21.6,95,947.4,8.4,0.0,21.7,14.9,209.0,9.6,1.7,16.0,30
2024-09-29 04:00:00,21.6,96,947.4,7.4,0.0,16.9,11.2,185.0,8.0,3.3,21.0,32
2024-09-29 05:00:00,21.6,96,947.9,7.1,0.0,17.0,11.6,180.0,7.2,2.5,20.0,35
2024-09-29 06:00:00,22.8,89,948.6,10.5,0.0,17.1,11.1,181.0,7.0,3.4,24.0,37
2024-09-29 07:00:00,23.3,87,949.2,11.3,0.0,16.9,10.9,181.0,6.7,4.7,30.0,39
2024-09-29 08:00:00,24.6,81,949.9,12.8,0.0,15.7,9.6,180.0,6.1,5.5,37.0,41
2024-09-29 09:00:00,25.6,76,950.4,12.1,0.0,15.1,9.1,175.0,5.0,5.3,47.0,43
2024-09-29 10:00:00,26.4,74,950.6,11.7,0.1,15.0,8.9,167.0,3.5,4.7,58.0,44
2024-09-29 11:00:00,27.2,70,950.1,11.7,0.1,15.1,8.9,161.0,2.5,4.2,67.0,46
2024-09-29 12:00:00,28.2,66,949.3,12.5,0.3,14.5,8.6,157.0,2.0,4.0,73.0,47
2024-09-29 13:00:00,27.9,67,948.3,15.5,0.2,13.9,8.3,154.0,1.8,4.0,78.0,48
2024-09-29 14:00:00,27.6,70,947.5,15.1,0.7,13.6,8.2,155.0,2.2,4.1,79.0,48
2024-09-29 15:00:00,26.8,75,947.2,14.8,0.3,12.7,7.8,158.0,3.1,4.1,75.0,49
2024-09-29 16:00:00,26.9,77,947.2,14.2,0.0,12.3,7.8,165.0,4.5,4.2,68.0,50
2024-09-29 17:00:00,25.5,80,947.4,15.5,0.3,17.9,10.7,169.0,6.1,5.8,68.0,50
2024-09-29 18:00:00,25.0,81,947.7,12.2,0.0,18.2,11.6,198.0,9.7,7.4,59.0,51
2024-09-29 19:00:00,24.0,87,948.7,10.2,0.0,18.3,11.9,240.0,14.7,9.7,46.0,51
2024-09-29 20:00:00,23.4,90,949.9,8.8,0.0,20.0,13.1,279.0,19.0,11.7,35.0,52
2024-09-29 21:00:00,22.9,93,950.3,6.2,0.0,23.0,15.1,316.0,22.0,13.2,27.0,52
2024-09-29 22:00:00,22.3,96,950.2,4.1,0.0,25.9,17.3,351.0,24.4,14.4,21.0,53
2024-09-29 23:00:00,21.9,97,949.7,4.1,0.0,27.0,18.2,371.0,25.5,14.9,17.0,54
2024-09-30 00:00:00,21.5,98,949.1,3.6,0.0,26.8,18.2,367.0,24.9,14.4,15.0,54
2024-09-30 01:00:00,21.4,98,948.5,4.2,0.0,27.0,18.3,349.0,23.2,13.3,15.0,55
2024-09-30 02:00:00,21.1,99,948.1,4.9,0.0,27.5,18.6,330.0,21.2,12.3,15.0,55
2024-09-30 03:00:00,20.8,100,948.1,4.1,0.0,27.9,18.8,315.0,19.3,11.5,14.0,56
2024-09-30 04:00:00,20.9,99,948.3,4.5,0.0,27.3,18.4,299.0,17.3,10.7,14.0,56
2024-09-30 05:00:00,20.9,99,949.0,5.5,0.0,25.6,17.4,272.0,13.6,10.8,16.0,57
2024-09-30 06:00:00,21.0,98,949.2,6.6,0.0,26.3,17.3,262.0,12.8,11.9,22.0,57
2024-09-30 07:00:00,21.6,96,950.3,4.5,0.0,27.0,17.5,248.0,11.6,13.4,31.0,58
2024-09-30 08:00:00,23.2,89,951.4,4.3,0.0,27.5,17.8,234.0,10.0,13.9,43.0,58
2024-09-30 09:00:00,25.2,78,951.7,6.1,0.0,27.2,17.5,219.0,7.7,12.5,61.0,59
2024-09-30 10:00:00,26.6,76,951.6,4.5,0.0,25.8,16.3,203.0,5.0,10.2,81.0,59
2024-09-30 11:00:00,27.9,69,951.0,3.6,0.0,23.9,14.6,192.0,3.0,8.2,97.0,60
2024-09-30 12:00:00,28.8,65,949.8,4.3,0.0,22.9,13.7,186.0,2.1,7.0,105.0,60
2024-09-30 13:00:00,29.4,62,948.6,5.6,0.0,22.1,13.2,184.0,1.9,6.2,108.0,61
2024-09-30 14:00:00,29.8,60,947.5,5.1,0.0,21.7,13.0,186.0,2.3,5.8,109.0,61
2024-09-30 15:00:00,29.7,59,946.7,4.7,0.0,21.9,13.4,182.0,2.4,5.9,110.0,62
2024-09-30 16:00:00,29.7,57,946.5,2.8,0.0,22.6,13.9,182.0,3.1,6.4,110.0,62
2024-09-30 17:00:00,29.0,74,946.7,2.3,0.0,21.8,13.9,210.0,5.8,6.6,104.0,63
2024-09-30 18:00:00,28.7,58,946.9,4.1,0.0,31.9,21.2,365.0,22.8,10.4,82.0,63
2024-09-30 19:00:00,26.0,73,947.5,8.6,0.0,42.7,29.0,581.0,46.1,15.7,51.0,64
2024-09-30 20:00:00,24.6,81,948.5,7.0,0.0,51.7,35.3,759.0,63.2,20.0,27.0,65
2024-09-30 21:00:00,23.9,86,949.1,7.0,0.0,58.4,40.0,866.0,68.7,22.3,16.0,67
2024-09-30 22:00:00,23.1,92,949.2,4.8,0.0,62.2,42.8,936.0,68.1,23.7,12.0,69
2024-09-30 23:00:00,22.3,96,948.9,4.7,0.0,62.2,43.0,964.0,64.6,24.5,11.0,71
2024-10-01 00:00:00,22.4,97,948.4,5.1,0.0,61.2,42.3,934.0,58.2,24.7,14.0,73
2024-10-01 01:00:00,22.2,99,947.6,5.6,0.0,64.0,44.4,864.0,49.0,24.4,21.0,74
2024-10-01 02:00:00,22.1,100,947.2,5.3,0.0,68.9,47.6,802.0,40.8,24.3,27.0,77
2024-10-01 03:00:00,22.1,99,947.0,4.8,0.0,74.3,51.3,771.0,35.0,24.8,28.0,79
2024-10-01 04:00:00,22.0,98,946.9,4.4,0.0,78.9,54.5,748.0,30.3,25.6,29.0,81
2024-10-01 05:00:00,22.1,97,947.4,3.3,0.0,77.5,53.6,609.0,17.1,25.2,47.0,84
2024-10-01 06:00:00,22.4,96,947.7,1.7,0.0,77.3,53.1,578.0,16.2,25.2,60.0,87
2024-10-01 07:00:00,22.9,94,948.3,1.8,0.0,78.9,54.4,532.0,14.7,25.0,79.0,90
2024-10-01 08:00:00,24.3,87,949.1,4.3,0.0,68.0,46.6,475.0,12.6,23.3,95.0,93
2024-10-01 09:00:00,26.1,81,949.4,6.7,0.0,48.4,32.5,397.0,9.2,18.9,107.0,95
2024-10-01 10:00:00,27.3,77,949.4,6.2,0.0,38.2,25.0,308.0,5.1,13.1,117.0,96
2024-10-01 11:00:00,28.6,69,948.6,5.6,0.0,32.1,20.8,242.0,2.2,8.6,124.0,97
2024-10-01 12:00:00,29.6,64,947.5,5.1,0.0,29.9,19.3,217.0,1.2,6.5,127.0,97
2024-10-01 13:00:00,30.1,61,946.7,4.0,0.0,27.8,18.0,216.0,1.4,5.7,128.0,98
2024-10-01 14:00:00,30.4,59,945.8,3.4,0.0,27.2,17.7,221.0,2.1,5.5,128.0,98
2024-10-01 15:00:00,30.4,59,945.5,0.9,0.0,28.1,18.3,218.0,2.5,5.7,130.0,99
2024-10-01 16:00:00,30.0,60,945.3,3.4,0.0,29.7,19.6,220.0,3.4,6.5,132.0,99
2024-10-01 17:00:00,29.2,66,945.6,2.8,0.0,29.1,19.3,239.0,7.7,5.6,112.0,99
2024-10-01 18:00:00,26.9,75,946.1,8.7,0.0,29.8,20.2,295.0,13.3,7.5,97.0,100
2024-10-01 19:00:00,26.0,79,947.1,9.1,0.0,32.0,21.9,375.0,21.1,10.3,76.0,100
2024-10-01 20:00:00,25.5,84,947.8,10.1,0.0,36.4,25.1,454.0,28.1,12.8,57.0,99
2024-10-01 21:00:00,24.7,90,948.2,8.0,0.0,38.9,27.0,529.0,33.1,14.9,43.0,98
2024-10-01 22:00:00,24.1,93,948.2,6.3,0.0,43.4,30.2,603.0,37.2,16.9,31.0,97
2024-10-01 23:00:00,23.8,94,948.3,5.5,0.0,48.5,33.8,667.0,41.1,18.4,21.0,96
2024-10-02 00:00:00,23.4,96,947.7,4.9,0.0,51.7,36.0,717.0,45.4,19.4,14.0,96
2024-10-02 01:00:00,23.0,98,947.4,4.3,0.0,53.7,37.4,757.0,49.5,19.9,9.0,95
2024-10-02 02:00:00,22.6,99,946.7,3.0,0.0,54.5,38.0,785.0,51.7,20.0,6.0,95
2024-10-02 03:00:00,22.5,99,946.5,5.1,0.0,54.2,37.7,807.0,51.6,19.6,2.0,94
2024-10-02 04:00:00,22.5,100,946.4,5.4,0.0,53.9,37.5,817.0,49.6,18.8,0.0,93
2024-10-02 05:00:00,22.6,100,946.9,6.2,0.0,50.4,35.2,603.0,28.8,17.1,18.0,91
2024-10-02 06:00:00,23.0,98,947.7,6.7,0.0,52.0,36.2,568.0,24.9,21.2,46.0,90
2024-10-02 07:00:00,23.5,97,948.2,6.1,0.0,55.1,38.1,518.0,19.4,26.7,84.0,89
2024-10-02 08:00:00,24.9,90,949.0,3.6,0.0,64.3,44.0,460.0,14.2,29.2,116.0,87
2024-10-02 09:00:00,27.0,78,949.7,2.7,0.0,48.7,32.6,389.0,9.6,26.0,134.0,87
2024-10-02 10:00:00,28.4,73,949.8,2.0,0.1,42.4,28.5,311.0,5.4,19.7,144.0,87
2024-10-02 11:00:00,29.3,69,949.4,3.1,0.1,37.0,24.9,255.0,2.5,14.6,151.0,87
2024-10-02 12:00:00,29.9,66,948.4,5.2,0.0,36.8,24.8,236.0,1.6,12.0,155.0,88
2024-10-02 13:00:00,30.6,63,947.4,7.9,0.0,35.6,24.0,238.0,2.1,10.5,155.0,88
2024-10-02 14:00:00,26.9,77,946.9,14.9,2.3,39.8,27.0,245.0,3.1,9.6,153.0,89
2024-10-02 15:00:00,27.0,77,946.8,13.2,0.0,40.9,27.8,250.0,4.2,9.4,148.0,99
2024-10-02 16:00:00,26.2,79,946.5,11.5,0.0,40.6,27.7,260.0,5.8,9.9,141.0,112
2024-10-02 17:00:00,25.7,84,947.0,11.9,0.0,37.0,25.4,268.0,7.9,10.6,129.0,118
2024-10-02 18:00:00,25.0,86,947.3,9.9,0.0,36.7,25.3,293.0,10.2,11.4,121.0,117
2024-10-02 19:00:00,24.3,90,948.3,6.3,0.0,37.5,25.8,329.0,13.4,12.4,109.0,112
2024-10-02 20:00:00,23.8,92,949.0,7.9,0.0,40.2,27.8,358.0,15.6,13.2,98.0,103
2024-10-02 21:00:00,23.2,95,949.7,4.2,0.0,41.2,28.6,377.0,16.1,13.5,88.0,92
2024-10-02 22:00:00,23.1,95,949.6,6.1,0.0,43.0,29.9,389.0,15.7,13.6,80.0,92
2024-10-02 23:00:00,22.8,96,948.9,7.6,0.0,45.8,31.9,390.0,14.5,13.5,75.0,92
2024-10-03 00:00:00,22.5,96,948.1,7.8,0.0,45.8,31.9,374.0,12.1,13.1,76.0,92
2024-10-03 01:00:00,22.2,97,947.7,7.0,0.0,43.0,29.7,347.0,9.0,12.5,82.0,92
2024-10-03 02:00:00,22.1,97,947.1,6.6,0.0,42.4,29.2,322.0,6.5,11.9,86.0,91
2024-10-03 03:00:00,21.9,97,946.9,6.6,0.0,43.9,30.0,304.0,5.3,11.3,88.0,91
2024-10-03 04:00:00,21.9,97,947.0,7.8,0.0,43.1,29.4,288.0,4.7,10.6,88.0,90
2024-10-03 05:00:00,21.8,98,947.3,8.3,0.0,44.7,30.4,275.0,4.5,10.3,93.0,89
2024-10-03 06:00:00,22.2,95,948.2,7.7,0.0,43.9,29.5,271.0,5.6,9.8,91.0,89
2024-10-03 07:00:00,23.3,91,949.3,9.5,0.0,43.1,28.8,264.0,7.2,9.1,90.0,88
2024-10-03 08:00:00,24.9,83,950.0,10.9,0.0,39.3,26.0,254.0,7.7,8.3,91.0,88
2024-10-03 09:00:00,26.3,76,950.5,10.3,0.0,33.6,21.8,238.0,6.3,7.2,99.0,86
2024-10-03 10:00:00,27.4,71,950.3,9.3,0.0,30.9,20.0,220.0,4.0,6.0,110.0,85
2024-10-03 11:00:00,28.3,69,949.5,9.6,0.0,28.3,18.4,204.0,2.3,4.9,117.0,85
2024-10-03 12:00:00,29.0,66,948.5,9.7,0.1,29.8,19.4,193.0,1.7,4.1,119.0,84
2024-10-03 13:00:00,29.8,62,947.5,11.1,0.1,24.7,16.1,185.0,1.7,3.5,117.0,84
2024-10-03 14:00:00,28.2,68,946.7,15.1,0.6,22.9,14.9,182.0,2.3,3.3,113.0,83
2024-10-03 15:00:00,27.5,73,946.1,16.2,0.5,22.2,14.6,183.0,3.4,3.6,105.0,82
2024-10-03 16:00:00,25.9,79,946.1,16.2,1.1,21.1,13.8,188.0,5.1,4.2,93.0,81
2024-10-03 17:00:00,24.7,85,946.4,13.7,0.5,25.6,16.7,199.0,7.3,5.6,84.0,80
2024-10-03 18:00:00,25.0,84,947.1,10.8,0.0,25.3,16.6,224.0,10.4,6.8,74.0,79
2024-10-03 19:00:00,24.3,88,947.9,9.8,0.0,24.8,16.4,258.0,14.6,8.5,59.0,79
2024-10-03 20:00:00,23.8,90,948.5,9.2,0.0,25.3,16.9,283.0,17.5,9.6,47.0,78
2024-10-03 21:00:00,23.0,94,948.9,7.4,0.0,25.4,17.1,293.0,18.1,9.8,40.0,77
2024-10-03 22:00:00,22.6,96,948.8,6.0,0.0,26.5,18.0,293.0,17.3,9.4,36.0,76
2024-10-03 23:00:00,22.2,97,948.4,6.1,0.0,29.2,19.8,287.0,16.1,8.8,34.0,75
2024-10-04 00:00:00,21.9,97,948.1,6.9,0.0,31.3,21.4,271.0,14.2,7.9,33.0,74
2024-10-04 01:00:00,21.7,98,947.4,7.0,0.0,32.8,22.2,247.0,11.9,6.8,34.0,73
2024-10-04 02:00:00,21.3,98,946.7,8.0,0.0,32.7,22.3,228.0,10.0,6.1,35.0,73
2024-10-04 03:00:00,21.1,98,946.6,8.6,0.0,32.4,21.9,217.0,9.2,6.0,35.0,72
2024-10-04 04:00:00,21.0,98,946.9,8.5,0.0,33.8,22.8,210.0,8.9,6.3,34.0,72
2024-10-04 05:00:00,21.0,98,947.6,7.3,0.0,33.3,22.6,213.0,8.5,6.1,34.0,71
2024-10-04 06:00:00,21.0,99,947.6,8.0,0.0,33.8,22.6,210.0,8.4,6.5,38.0,71
2024-10-04 07:00:00,22.1,95,948.8,7.7,0.0,33.8,22.4,205.0,8.2,7.0,44.0,70
2024-10-04 08:00:00,24.0,86,949.7,9.6,0.0,27.5,17.8,199.0,7.6,7.2,52.0,70
2024-10-04 09:00:00,25.6,78,950.3,9.9,0.0,25.0,16.0,192.0,6.0,6.8,65.0,69
2024-10-04 10:00:00,27.0,71,950.3,9.3,0.0,23.2,14.8,183.0,4.0,6.1,80.0,68
2024-10-04 11:00:00,28.1,68,949.7,9.0,0.0,22.1,14.1,176.0,2.5,5.4,91.0,68
2024-10-04 12:00:00,28.8,66,948.7,9.0,0.0,20.2,12.8,168.0,2.0,4.7,93.0,68
2024-10-04 13:00:00,27.0,72,948.0,15.3,0.9,21.6,13.6,161.0,2.1,4.0,90.0,67
2024-10-04 14:00:00,26.9,72,947.0,14.2,0.0,23.0,14.6,160.0,2.7,3.9,87.0,67
2024-10-04 15:00:00,27.6,69,946.5,15.1,0.0,19.6,12.7,167.0,3.8,4.6,86.0,67
2024-10-04 16:00:00,26.8,72,946.3,16.1,0.1,21.7,14.3,179.0,5.4,6.0,84.0,67
2024-10-04 17:00:00,25.9,76,946.5,13.4,0.0,22.6,14.7,177.0,6.5,6.8,87.0,67
2024-10-04 18:00:00,25.0,80,946.8,11.3,0.0,26.1,17.2,208.0,10.0,8.6,78.0,67
2024-10-04 19:00:00,23.9,85,947.4,9.7,0.0,28.0,18.7,252.0,14.8,11.0,67.0,67
2024-10-04 20:00:00,23.0,90,948.2,7.0,0.0,29.3,19.6,285.0,18.2,12.8,56.0,67
2024-10-04 21:00:00,22.3,94,948.8,5.9,0.0,29.5,19.8,301.0,19.3,13.3,48.0,67
2024-10-04 22:00:00,21.9,96,948.9,5.9,0.0,31.0,21.0,308.0,19.0,13.1,42.0,67
2024-10-04 23:00:00,21.5,97,948.6,5.5,0.0,33.2,22.6,304.0,17.9,12.8,38.0,68
2024-10-05 00:00:00,20.9,98,948.2,5.4,0.0,31.9,21.4,283.0,15.6,12.2,37.0,68
2024-10-05 01:00:00,20.8,98,947.9,6.2,0.0,31.3,21.1,253.0,12.4,11.5,39.0,68
2024-10-05 02:00:00,20.9,100,947.6,7.3,0.0,30.9,20.9,231.0,10.2,11.1,39.0,68
2024-10-05 03:00:00,20.9,99,947.4,6.7,0.0,31.3,21.4,227.0,9.7,11.3,36.0,68
2024-10-05 04:00:00,20.8,98,947.4,6.3,0.0,31.8,21.8,233.0,10.1,11.8,31.0,68
2024-10-05 05:00:00,20.8,98,947.7,5.2,0.0,28.5,19.5,223.0,10.8,13.5,28.0,67
2024-10-05 06:00:00,21.2,94,948.6,5.2,0.0,30.6,20.8,226.0,10.6,14.4,30.0,67
2024-10-05 07:00:00,21.4,93,949.3,4.9,0.0,32.4,21.7,230.0,10.3,15.6,34.0,67
2024-10-05 08:00:00,22.6,87,950.1,3.6,0.0,28.5,18.7,228.0,9.4,15.6,43.0,67
2024-10-05 09:00:00,24.4,78,950.8,2.7,0.0,26.4,16.9,217.0,7.3,13.5,61.0,67
2024-10-05 10:00:00,25.8,74,950.7,2.3,0.0,24.7,15.6,200.0,4.7,10.4,85.0,67
2024-10-05 11:00:00,27.3,67,950.0,2.4,0.0,22.9,14.3,187.0,2.7,7.8,103.0,67
2024-10-05 12:00:00,28.4,62,948.9,3.3,0.0,21.5,13.4,179.0,1.8,6.5,113.0,67
2024-10-05 13:00:00,29.1,57,947.8,4.8,0.0,21.4,13.3,175.0,1.5,5.8,118.0,67
2024-10-05 14:00:00,29.4,54,946.9,5.9,0.0,21.7,13.5,177.0,2.0,5.5,120.0,67
2024-10-05 15:00:00,29.4,53,946.5,7.6,0.0,23.7,14.8,183.0,3.2,5.5,120.0,67
2024-10-05 16:00:00,28.8,55,946.6,8.1,0.0,23.8,15.0,195.0,5.1,6.0,117.0,67
2024-10-05 17:00:00,27.5,65,946.7,7.4,0.0,37.0,22.9,210.0,8.4,6.1,102.0,67
2024-10-05 18:00:00,25.4,70,946.9,6.6,0.0,43.5,27.9,316.0,18.5,8.5,84.0,68
2024-10-05 19:00:00,23.9,83,947.9,13.1,0.0,49.2,32.2,461.0,32.3,12.0,59.0,69
2024-10-05 20:00:00,22.9,88,948.5,7.2,0.0,53.4,35.4,570.0,41.6,15.0,41.0,70
2024-10-05 21:00:00,22.3,92,949.2,5.2,0.0,55.6,37.1,608.0,42.4,17.1,34.0,71
2024-10-05 22:00:00,21.8,95,949.3,4.9,0.0,54.9,37.0,610.0,38.6,18.7,34.0,73
2024-10-05 23:00:00,21.4,96,949.1,4.3,0.0,54.5,36.7,596.0,33.9,20.2,36.0,74
2024-10-06 00:00:00,21.1,97,948.9,3.8,0.0,56.2,38.0,569.0,29.0,21.6,40.0,75
2024-10-06 01:00:00,21.0,97,948.4,3.4,0.0,61.0,41.3,526.0,23.3,23.0,46.0,76
2024-10-06 02:00:00,20.9,98,947.8,3.9,0.0,66.1,45.1,489.0,18.3,24.1,52.0,78
2024-10-06 03:00:00,20.9,99,947.5,4.0,0.0,69.8,47.6,463.0,14.5,25.4,57.0,80
2024-10-06 04:00:00,21.2,98,947.5,4.5,0.0,71.7,48.8,442.0,11.4,26.6,62.0,82
2024-10-06 05:00:00,21.2,98,947.7,3.6,0.0,71.9,49.1,510.0,13.7,22.7,47.0,84
2024-10-06 06:00:00,21.4,96,948.8,1.1,0.0,72.9,49.9,489.0,13.1,22.1,60.0,86
2024-10-06 07:00:00,21.9,93,949.6,3.6,0.0,73.8,50.6,458.0,12.1,21.1,77.0,89
2024-10-06 08:00:00,23.4,88,950.1,5.2,0.0,60.3,40.3,416.0,10.5,18.7,92.0,91
2024-10-06 09:00:00,25.3,80,950.6,9.1,0.0,47.5,30.3,351.0,7.7,13.7,102.0,93
2024-10-06 10:00:00,26.9,72,950.7,10.5,0.0,48.2,29.9,275.0,4.2,7.4,109.0,94
2024-10-06 11:00:00,28.0,68,950.1,10.0,0.0,65.9,39.7,220.0,1.8,2.8,114.0,95
2024-10-06 12:00:00,29.0,65,949.4,12.6,0.0,73.1,43.9,205.0,1.2,1.5,115.0,97
2024-10-06 13:00:00,29.5,60,948.4,14.5,0.0,54.7,33.4,211.0,1.7,1.8,112.0,99
2024-10-06 14:00:00,29.2,59,947.3,16.0,0.1,56.6,34.9,220.0,2.5,2.3,110.0,101
2024-10-06 15:00:00,28.2,63,947.0,17.5,0.1,56.8,35.2,216.0,2.4,2.1,111.0,103
2024-10-06 16:00:00,27.2,70,947.0,13.0,0.8,53.1,32.8,216.0,2.6,1.9,112.0,105
2024-10-06 17:00:00,26.7,75,947.5,9.0,0.3,62.9,39.6,239.0,6.8,2.8,98.0,107
2024-10-06 18:00:00,25.5,77,947.5,8.5,0.0,64.7,41.6,305.0,13.0,4.6,85.0,109
2024-10-06 19:00:00,24.2,83,948.2,5.4,0.0,66.8,44.0,395.0,21.4,7.1,66.0,110
2024-10-06 20:00:00,23.7,85,948.9,5.4,0.0,70.1,46.4,446.0,25.9,8.5,55.0,111
2024-10-06 21:00:00,23.2,87,949.5,5.8,0.0,70.5,46.6,424.0,22.8,7.9,56.0,113
2024-10-06 22:00:00,22.8,89,949.4,5.3,0.0,67.5,45.3,365.0,15.9,6.3,65.0,114
2024-10-06 23:00:00,22.3,91,949.4,5.2,0.0,64.3,43.0,312.0,10.0,5.0,72.0,114
2024-10-07 00:00:00,21.9,93,949.0,6.5,0.0,60.8,40.5,280.0,6.9,4.4,77.0,115
2024-10-07 01:00:00,22.3,90,948.9,5.2,0.0,59.6,40.3,254.0,5.0,4.0,81.0,115
2024-10-07 02:00:00,22.7,88,948.6,3.4,0.0,56.6,38.5,240.0,3.9,3.9,83.0,115
2024-10-07 03:00:00,22.4,89,948.5,2.6,0.0,54.6,37.5,242.0,4.1,4.1,79.0,115
2024-10-07 04:00:00,21.3,94,948.4,5.0,0.0,53.3,36.9,254.0,5.2,4.5,73.0,114
2024-10-07 05:00:00,20.7,97,948.7,6.0,0.0,47.0,32.6,284.0,7.1,5.6,72.0,112
2024-10-07 06:00:00,21.5,96,949.5,4.2,0.0,49.5,33.8,297.0,7.6,6.3,76.0,111
2024-10-07 07:00:00,23.0,91,950.4,5.8,0.0,53.2,36.2,315.0,8.1,7.2,81.0,109
2024-10-07 08:00:00,24.8,84,951.5,8.7,0.0,61.5,40.0,322.0,7.9,7.9,90.0,107
2024-10-07 09:00:00,26.5,76,951.9,11.2,0.0,71.5,44.7,309.0,6.2,8.2,105.0,107
2024-10-07 10:00:00,28.1,67,952.0,14.8,0.0,75.2,45.6,285.0,3.7,8.3,122.0,109
2024-10-07 11:00:00,29.2,59,951.1,17.1,0.0,74.5,44.7,265.0,1.9,8.2,135.0,111
2024-10-07 12:00:00,30.0,55,950.2,16.2,0.0,71.7,42.8,251.0,1.2,7.8,140.0,111
2024-10-07 13:00:00,30.3,52,949.2,15.5,0.0,68.2,40.5,239.0,1.0,7.1,141.0,111
2024-10-07 14:00:00,30.5,51,948.1,14.9,0.0,65.0,38.6,236.0,1.7,6.7,138.0,112
2024-10-07 15:00:00,30.2,51,947.6,13.3,0.0,62.2,37.0,236.0,2.6,6.3,133.0,112
2024-10-07 16:00:00,29.6,55,947.5,11.1,0.0,60.1,36.1,243.0,4.3,6.2,126.0,112
2024-10-07 17:00:00,28.4,61,947.7,8.7,0.0,62.6,38.3,266.0,8.3,6.3,109.0,113
2024-10-07 18:00:00,27.1,63,947.6,7.2,0.0,62.9,39.5,324.0,13.5,7.5,95.0,112
2024-10-07 19:00:00,25.2,76,948.2,8.1,0.0,64.3,40.6,404.0,20.8,9.2,77.0,112
2024-10-07 20:00:00,24.5,77,949.2,7.2,0.0,65.7,41.9,470.0,25.9,10.4,61.0,112
2024-10-07 21:00:00,24.3,77,949.9,5.8,0.0,66.6,42.7,509.0,27.3,10.9,52.0,111
2024-10-07 22:00:00,23.7,81,950.3,5.3,0.0,66.4,42.7,533.0,26.7,11.1,46.0,111
2024-10-07 23:00:00,22.9,88,949.9,6.6,0.0,65.0,41.9,540.0,25.0,10.8,43.0,111
2024-10-08 00:00:00,22.5,90,949.6,6.6,0.0,62.2,40.0,521.0,21.9,9.9,42.0,111
2024-10-08 01:00:00,22.5,90,949.3,5.8,0.0,59.6,38.5,484.0,17.8,8.5,43.0,111
2024-10-08 02:00:00,22.0,91,948.9,5.4,0.0,58.3,37.7,450.0,14.2,7.5,45.0,110
2024-10-08 03:00:00,21.8,92,948.8,5.5,0.0,58.0,37.5,427.0,11.8,7.1,47.0,110
2024-10-08 04:00:00,22.2,90,949.1,3.2,0.0,56.1,37.1,407.0,10.0,7.0,49.0,110
2024-10-08 05:00:00,20.6,96,948.9,6.0,0.0,48.1,33.3,403.0,10.3,6.5,39.0,110
2024-10-08 06:00:00,21.3,95,950.0,5.2,0.0,50.4,34.8,395.0,10.0,6.8,52.0,110
2024-10-08 07:00:00,22.9,90,951.3,2.5,0.0,54.7,37.6,383.0,9.5,7.1,72.0,110
2024-10-08 08:00:00,24.4,84,952.1,2.9,0.0,59.3,38.9,363.0,8.5,7.3,90.0,111
2024-10-08 09:00:00,26.1,78,952.4,4.6,0.0,63.3,40.5,328.0,6.4,7.3,107.0,111
2024-10-08 10:00:00,27.9,69,952.3,8.1,0.0,64.3,39.9,285.0,3.7,7.1,123.0,110
2024-10-08 11:00:00,29.3,60,951.4,10.8,0.0,60.5,37.0,253.0,1.7,6.9,134.0,109
2024-10-08 12:00:00,29.9,55,950.2,12.3,0.0,58.1,35.4,238.0,0.8,6.5,139.0,109
2024-10-08 13:00:00,30.3,55,949.1,12.1,0.0,57.0,34.7,233.0,0.7,6.0,139.0,108
2024-10-08 14:00:00,30.4,53,948.2,11.2,0.0,56.8,34.5,236.0,1.5,5.7,137.0,107
2024-10-08 15:00:00,30.0,54,947.5,11.0,0.0,57.2,34.7,241.0,2.8,5.6,132.0,107
2024-10-08 16:00:00,29.8,56,947.3,8.6,0.0,58.7,35.7,255.0,5.0,5.6,125.0,107
2024-10-08 17:00:00,27.0,64,947.9,11.6,0.2,73.8,45.5,292.0,9.4,6.5,113.0,107
2024-10-08 18:00:00,26.1,70,948.5,5.8,0.2,79.2,49.8,401.0,20.7,10.1,95.0,107
2024-10-08 19:00:00,25.3,76,948.9,6.0,0.0,83.6,53.2,549.0,35.9,15.0,71.0,108
2024-10-08 20:00:00,24.3,82,949.3,5.2,0.0,84.5,54.5,647.0,45.0,18.0,53.0,110
2024-10-08 21:00:00,24.2,81,949.5,5.1,0.0,82.9,53.7,647.0,42.2,17.5,49.0,111
2024-10-08 22:00:00,23.6,85,949.5,5.1,0.0,79.4,51.1,597.0,33.2,15.2,52.0,112
2024-10-08 23:00:00,23.4,85,949.2,5.4,0.0,75.9,48.8,547.0,25.1,12.9,54.0,113
2024-10-09 00:00:00,23.5,82,948.7,6.7,0.0,72.6,46.7,514.0,20.3,11.3,53.0,114
2024-10-09 01:00:00,23.2,82,948.2,7.2,0.0,70.1,45.1,481.0,16.5,9.7,52.0,114
2024-10-09 02:00:00,23.1,84,947.7,6.3,0.0,68.0,43.7,452.0,13.5,8.6,51.0,115
2024-10-09 03:00:00,22.6,87,947.5,5.4,0.0,62.2,41.4,430.0,11.5,8.0,49.0,116
2024-10-09 04:00:00,22.3,90,947.4,5.0,0.0,59.1,40.0,413.0,10.4,7.9,48.0,116
2024-10-09 05:00:00,22.0,93,947.6,3.6,0.0,56.8,37.6,290.0,4.9,8.6,69.0,117
2024-10-09 06:00:00,22.7,92,948.4,9.3,0.3,55.2,36.7,291.0,5.2,8.0,72.0,117
2024-10-09 07:00:00,23.0,91,949.2,10.9,0.1,53.7,35.4,291.0,5.6,7.1,75.0,117
2024-10-09 08:00:00,23.8,87,949.7,12.7,0.1,53.2,34.7,285.0,5.6,6.4,79.0,117
2024-10-09 09:00:00,25.2,79,950.1,13.0,0.0,51.1,33.2,268.0,4.8,6.1,82.0,116
2024-10-09 10:00:00,26.3,73,950.0,12.7,0.0,43.3,27.8,245.0,3.6,6.0,85.0,116
2024-10-09 11:00:00,26.8,70,949.3,11.4,0.0,38.3,24.4,227.0,2.7,5.8,88.0,114
2024-10-09 12:00:00,27.7,66,948.1,11.9,0.0,35.7,22.8,218.0,2.3,5.2,91.0,113
2024-10-09 13:00:00,27.8,65,947.3,10.3,0.0,34.6,21.9,213.0,2.3,4.5,93.0,112
2024-10-09 14:00:00,27.7,65,946.1,8.6,0.0,32.4,20.6,213.0,2.7,4.0,94.0,111
2024-10-09 15:00:00,26.7,69,945.1,3.7,0.1,31.3,20.0,211.0,3.1,3.7,96.0,109
2024-10-09 16:00:00,26.1,73,945.4,1.8,0.1,30.6,19.7,213.0,4.0,3.6,96.0,108
2024-10-09 17:00:00,23.9,83,946.2,6.4,2.2,46.0,29.9,267.0,8.7,7.3,90.0,106
2024-10-09 18:00:00,24.7,78,947.1,6.8,0.0,49.2,32.6,308.0,12.2,8.4,79.0,104
2024-10-09 19:00:00,24.0,84,947.7,6.5,0.1,50.8,34.1,362.0,16.8,9.9,64.0,102
2024-10-09 20:00:00,23.6,87,948.0,2.1,0.0,49.9,33.9,392.0,19.2,10.4,53.0,100
2024-10-09 21:00:00,23.5,89,948.3,4.3,0.1,47.1,32.1,375.0,17.2,9.1,51.0,99
2024-10-09 22:00:00,23.0,91,948.3,3.1,0.0,41.6,28.2,333.0,12.9,6.9,54.0,97
2024-10-09 23:00:00,22.8,90,947.7,5.8,0.0,36.0,24.6,294.0,9.2,5.1,57.0,95
2024-10-10 00:00:00,22.2,94,947.1,5.0,0.0,30.0,20.8,266.0,7.0,4.1,58.0,93
2024-10-10 01:00:00,22.1,95,946.3,6.9,0.0,25.2,17.6,240.0,5.3,3.5,60.0,91
2024-10-10 02:00:00,21.9,96,945.9,6.3,0.0,21.8,15.2,221.0,4.1,3.2,60.0,89
2024-10-10 03:00:00,21.7,97,945.6,6.9,0.0,19.4,13.5,209.0,3.5,3.2,59.0,87
2024-10-10 04:00:00,21.4,98,945.5,7.8,0.0,17.3,12.0,203.0,3.5,3.5,57.0,85
2024-10-10 05:00:00,21.1,98,945.8,8.8,0.0,15.9,11.1,199.0,3.5,3.5,53.0,82
2024-10-10 06:00:00,21.9,93,946.8,13.5,0.0,16.1,11.2,205.0,4.2,3.6,54.0,80
2024-10-10 07:00:00,22.7,89,947.7,14.8,0.0,16.6,11.6,213.0,5.0,3.7,56.0,78
2024-10-10 08:00:00,23.8,83,948.1,19.9,0.0,16.4,11.1,215.0,5.3,3.8,60.0,77
2024-10-10 09:00:00,25.5,74,948.3,23.2,0.0,15.7,10.6,207.0,4.4,3.8,68.0,75
2024-10-10 10:00:00,26.1,71,948.0,21.9,0.0,13.2,8.9,194.0,3.0,3.6,78.0,73
2024-10-10 11:00:00,27.3,66,947.7,21.7,0.1,11.9,8.1,182.0,1.9,3.4,86.0,71
2024-10-10 12:00:00,28.0,65,946.6,18.5,0.1,11.8,8.1,173.0,1.5,2.9,90.0,70
2024-10-10 13:00:00,28.4,64,945.3,15.2,0.0,11.2,7.7,166.0,1.6,2.2,91.0,69
2024-10-10 14:00:00,29.0,62,944.1,14.3,0.0,11.1,7.7,165.0,2.2,1.8,90.0,68
2024-10-10 15:00:00,26.0,73,944.1,15.7,0.8,11.7,8.0,162.0,2.9,1.6,87.0,67
2024-10-10 16:00:00,26.1,75,944.0,7.4,0.1,12.3,8.5,163.0,4.2,1.6,81.0,66
2024-10-10 17:00:00,25.6,77,944.6,4.4,0.2,19.3,13.1,191.0,6.2,2.5,82.0,65
2024-10-10 18:00:00,24.2,88,945.2,3.3,0.1,22.9,15.6,233.0,10.1,3.4,71.0,64
2024-10-10 19:00:00,23.1,92,946.2,12.0,0.2,25.5,17.4,290.0,15.3,4.6,55.0,62
2024-10-10 20:00:00,21.7,95,947.4,9.0,2.3,25.0,17.1,323.0,18.2,5.3,44.0,61
2024-10-10 21:00:00,22.1,96,947.5,8.0,0.2,22.8,15.5,309.0,16.5,5.0,42.0,60
2024-10-10 22:00:00,22.1,98,947.3,8.9,0.1,20.3,14.0,271.0,12.4,4.2,44.0,58
2024-10-10 23:00:00,22.0,98,947.1,9.1,0.0,20.1,13.8,238.0,8.8,3.6,47.0,57
2024-10-11 00:00:00,21.8,98,946.3,10.3,0.0,19.2,13.2,219.0,6.8,3.4,48.0,56
2024-10-11 01:00:00,21.6,96,945.5,10.7,0.0,17.4,12.0,205.0,5.2,3.3,50.0,56
2024-10-11 02:00:00,21.4,95,944.9,11.1,0.0,15.5,10.7,195.0,4.2,3.3,51.0,55
2024-10-11 03:00:00,21.4,95,944.8,11.9,0.0,13.9,9.6,190.0,3.7,3.4,51.0,55
2024-10-11 04:00:00,21.4,95,945.2,11.2,0.0,13.2,9.1,190.0,3.7,3.6,50.0,55
2024-10-11 05:00:00,21.3,96,945.2,12.3,0.0,13.4,9.3,200.0,3.8,3.2,46.0,55
2024-10-11 06:00:00,21.4,98,945.7,11.2,0.0,12.8,8.8,206.0,4.6,3.7,46.0,54
2024-10-11 07:00:00,22.3,94,946.8,14.3,0.0,12.3,8.5,215.0,5.6,4.4,46.0,54
2024-10-11 08:00:00,24.0,84,947.7,17.9,0.1,12.7,8.7,217.0,6.0,4.8,49.0,54
2024-10-11 09:00:00,25.6,76,948.0,21.5,0.0,13.6,9.3,208.0,5.1,4.9,57.0,54
2024-10-11 10:00:00,26.9,69,948.1,20.5,0.0,13.9,9.5,194.0,3.5,4.8,66.0,54
2024-10-11 11:00:00,27.2,68,947.2,20.6,0.1,13.6,9.2,181.0,2.3,4.4,74.0,54
2024-10-11 12:00:00,28.3,64,946.1,18.8,0.1,13.4,9.1,171.0,1.8,3.5,77.0,54
2024-10-11 13:00:00,29.3,62,945.1,17.7,0.1,12.7,8.6,162.0,1.8,2.4,78.0,54
2024-10-11 14:00:00,29.4,61,944.0,14.3,0.1,13.1,8.9,161.0,2.5,1.7,77.0,54
2024-10-11 15:00:00,24.9,82,943.5,12.0,2.1,14.3,9.7,165.0,3.6,1.6,75.0,54
2024-10-11 16:00:00,25.9,79,944.1,3.9,0.1,15.7,10.7,177.0,5.5,1.9,71.0,54
2024-10-11 17:00:00,24.8,84,944.7,7.2,1.6,14.0,9.6,201.0,8.1,3.1,69.0,54
2024-10-11 18:00:00,25.7,79,944.8,5.7,0.1,19.3,13.4,251.0,12.7,4.4,60.0,54
2024-10-11 19:00:00,24.6,83,946.0,4.0,0.2,22.0,15.3,319.0,19.0,6.2,47.0,54
2024-10-11 20:00:00,23.8,90,947.0,5.3,2.6,23.7,16.4,360.0,22.4,7.2,39.0,54
2024-10-11 21:00:00,23.3,92,947.6,3.7,0.5,23.7,16.5,349.0,20.4,6.9,39.0,54
2024-10-11 22:00:00,22.7,95,947.5,5.5,0.5,23.2,16.1,311.0,15.7,5.8,43.0,54
2024-10-11 23:00:00,22.0,97,947.4,3.3,0.0,20.3,14.1,277.0,11.5,4.9,47.0,54
2024-10-12 00:00:00,21.9,97,947.0,5.4,0.1,19.4,13.4,256.0,9.1,4.3,48.0,54
2024-10-12 01:00:00,21.8,97,946.5,4.9,0.0,18.8,13.0,239.0,7.3,3.9,48.0,54
2024-10-12 02:00:00,21.3,98,945.6,4.7,0.0,18.6,12.9,226.0,6.0,3.7,48.0,54
2024-10-12 03:00:00,21.3,98,945.6,5.3,0.0,18.4,12.7,218.0,5.2,3.8,47.0,54
2024-10-12 04:00:00,21.4,99,945.9,6.5,0.0,18.1,12.6,214.0,4.9,4.1,45.0,54
2024-10-12 05:00:00,21.4,98,946.2,7.4,0.0,18.7,12.9,224.0,5.9,4.3,45.0,55
2024-10-12 06:00:00,21.5,98,946.9,6.8,0.0,20.1,13.9,229.0,6.4,4.6,47.0,55
2024-10-12 07:00:00,22.2,94,948.0,9.2,0.0,22.1,15.1,234.0,7.0,5.0,51.0,55
2024-10-12 08:00:00,23.7,85,948.8,11.7,0.0,22.2,15.2,233.0,6.9,5.1,56.0,56
2024-10-12 09:00:00,25.0,80,949.3,14.1,0.1,21.7,14.7,218.0,5.5,4.9,65.0,56
2024-10-12 10:00:00,26.7,71,949.1,15.7,0.2,19.6,13.2,196.0,3.4,4.5,76.0,57
2024-10-12 11:00:00,28.1,66,948.5,14.9,0.1,18.1,12.2,178.0,1.9,3.9,83.0,57
2024-10-12 12:00:00,29.0,64,947.3,13.5,0.1,15.9,10.7,166.0,1.4,3.1,83.0,57
2024-10-12 13:00:00,29.6,64,946.4,14.1,0.1,14.5,9.8,158.0,1.4,2.2,80.0,58
2024-10-12 14:00:00,29.8,62,945.2,14.7,0.1,12.8,8.7,157.0,2.1,1.6,76.0,58
2024-10-12 15:00:00,26.8,75,944.8,13.1,2.0,14.5,9.9,164.0,3.5,1.6,74.0,58
2024-10-12 16:00:00,26.7,77,944.9,5.1,0.2,15.5,10.6,179.0,5.5,1.9,71.0,58
2024-10-12 17:00:00,26.4,78,945.9,2.9,0.2,18.2,12.5,208.0,8.9,2.8,60.0,58
2024-10-12 18:00:00,24.4,91,946.6,6.8,0.0,21.4,14.7,270.0,14.9,4.7,51.0,58
2024-10-12 19:00:00,23.7,95,946.7,5.6,0.0,25.4,17.6,356.0,23.0,7.4,38.0,58
2024-10-12 20:00:00,24.1,92,947.9,2.6,0.1,28.8,20.0,428.0,28.9,9.3,28.0,58
2024-10-12 21:00:00,22.9,97,948.7,3.9,0.6,33.4,23.2,480.0,30.7,10.0,23.0,58
2024-10-12 22:00:00,22.5,96,949.1,12.3,0.9,36.2,25.1,517.0,30.1,10.0,21.0,59
2024-10-12 23:00:00,22.0,96,948.3,7.2,1.0,32.2,22.5,521.0,27.9,9.4,21.0,60
2024-10-13 00:00:00,21.5,98,948.0,5.0,0.0,25.4,17.7,469.0,23.5,7.9,24.0,60
2024-10-13 01:00:00,21.4,98,947.6,4.4,0.0,21.3,14.8,382.0,17.4,5.9,30.0,61
2024-10-13 02:00:00,21.5,98,947.0,6.0,0.0,19.1,13.3,310.0,12.4,4.3,35.0,61
2024-10-13 03:00:00,21.4,97,946.8,5.8,0.0,17.5,12.1,268.0,9.4,3.6,38.0,61
2024-10-13 04:00:00,21.7,97,946.8,4.7,0.0,16.2,11.2,240.0,7.4,3.4,41.0,61
2024-10-13 05:00:00,21.3,97,947.0,4.8,0.0,17.0,11.7,284.0,9.3,4.1,35.0,61
2024-10-13 06:00:00,21.4,98,948.1,3.7,0.0,17.5,12.0,268.0,8.8,4.6,38.0,61
2024-10-13 07:00:00,22.4,93,949.2,6.0,0.0,17.3,11.8,245.0,8.0,5.4,42.0,60
2024-10-13 08:00:00,24.0,85,950.0,10.0,0.0,18.2,12.3,224.0,6.9,5.7,48.0,60
2024-10-13 09:00:00,25.2,79,950.3,11.5,0.0,19.3,13.1,209.0,5.3,5.3,58.0,60
2024-10-13 10:00:00,26.8,71,950.0,16.0,0.1,17.9,12.1,195.0,3.5,4.6,71.0,60
2024-10-13 11:00:00,28.1,67,949.3,11.3,0.0,15.5,10.6,184.0,2.2,3.9,81.0,60
2024-10-13 12:00:00,29.0,63,948.2,10.9,0.2,15.1,10.3,173.0,1.5,3.4,87.0,60
2024-10-13 13:00:00,29.6,63,947.5,8.6,0.0,13.9,9.4,164.0,1.3,3.0,90.0,60
2024-10-13 14:00:00,29.9,62,946.4,8.8,0.0,12.8,8.7,161.0,1.7,2.8,91.0,60
2024-10-13 15:00:00,29.8,63,945.5,7.7,0.0,12.5,8.5,158.0,2.2,2.8,89.0,60
2024-10-13 16:00:00,26.0,80,945.8,7.7,5.0,12.8,8.8,162.0,3.5,2.9,85.0,59
2024-10-13 17:00:00,26.0,82,945.9,7.4,0.0,22.1,14.7,180.0,7.1,3.3,73.0,59
2024-10-13 18:00:00,24.5,89,946.7,5.4,0.1,24.5,16.5,247.0,14.0,5.0,63.0,59
2024-10-13 19:00:00,23.2,93,948.0,3.9,0.1,29.7,20.1,340.0,23.3,7.4,49.0,60
2024-10-13 20:00:00,22.6,94,948.8,2.0,0.0,32.9,22.5,412.0,29.9,9.2,38.0,60
2024-10-13 21:00:00,22.2,95,948.9,2.9,0.4,34.7,23.7,442.0,31.1,10.1,31.0,60
2024-10-13 22:00:00,21.8,96,949.7,9.7,0.0,34.5,23.7,451.0,29.5,10.4,27.0,60
2024-10-13 23:00:00,21.3,98,949.5,4.0,0.1,33.8,23.4,450.0,27.2,10.2,24.0,60
2024-10-14 00:00:00,21.4,98,948.9,7.3,0.0,31.4,21.8,442.0,24.7,9.4,22.0,60
2024-10-14 01:00:00,20.9,99,948.8,4.8,0.3,29.7,20.6,426.0,21.7,8.1,22.0,60
2024-10-14 02:00:00,21.0,98,947.8,5.2,1.6,26.7,18.5,404.0,18.7,7.0,22.0,61
2024-10-14 03:00:00,20.6,98,947.2,4.5,0.0,24.1,16.7,378.0,16.1,6.3,22.0,61
2024-10-14 04:00:00,20.9,95,947.5,2.8,0.0,22.8,15.7,346.0,13.7,5.7,23.0,62
2024-10-14 05:00:00,20.8,96,947.8,1.2,0.0,18.5,12.8,273.0,11.2,7.7,30.0,62
2024-10-14 06:00:00,21.1,97,949.5,5.4,0.2,17.6,12.2,266.0,10.2,7.2,38.0,62
2024-10-14 07:00:00,21.5,94,949.8,7.4,0.2,18.9,13.0,255.0,8.8,6.4,50.0,62
2024-10-14 08:00:00,23.0,86,950.4,9.3,0.0,18.0,12.5,241.0,7.2,5.5,61.0,62
2024-10-14 09:00:00,25.3,79,950.6,12.4,0.0,14.6,10.0,220.0,5.4,4.4,72.0,62
2024-10-14 10:00:00,27.4,69,950.4,14.0,0.0,13.8,9.4,195.0,3.5,3.2,82.0,62
2024-10-14 11:00:00,28.2,66,949.7,15.4,0.0,14.3,9.7,177.0,2.1,2.3,90.0,62
2024-10-14 12:00:00,28.7,64,948.6,14.3,0.0,14.0,9.5,169.0,1.5,1.9,94.0,62
2024-10-14 13:00:00,29.1,64,947.8,14.4,0.0,14.4,9.8,168.0,1.5,1.9,95.0,62
2024-10-14 14:00:00,29.2,62,947.2,12.8,0.0,14.8,10.0,171.0,2.1,2.0,95.0,62
2024-10-14 15:00:00,29.1,63,946.3,11.1,0.0,14.8,10.0,166.0,2.3,1.8,94.0,62
2024-10-14 16:00:00,28.7,66,946.0,9.2,0.0,14.9,10.1,167.0,3.0,1.8,92.0,62
2024-10-14 17:00:00,27.4,81,946.2,2.2,0.5,18.9,12.7,203.0,6.7,2.7,85.0,62
2024-10-14 18:00:00,24.4,84,947.8,12.4,0.9,26.1,17.8,299.0,15.7,4.9,69.0,62
2024-10-14 19:00:00,23.0,91,948.3,4.4,1.3,32.9,22.6,431.0,28.0,7.9,47.0,62
2024-10-14 20:00:00,23.1,90,949.4,1.3,0.1,34.6,23.8,521.0,36.0,10.3,31.0,62
2024-10-14 21:00:00,21.8,96,949.6,2.5,0.0,32.2,22.3,532.0,35.7,11.4,26.0,62
2024-10-14 22:00:00,21.9,96,949.9,3.5,0.0,32.0,22.2,501.0,31.1,11.8,26.0,62
2024-10-14 23:00:00,21.5,95,950.1,10.8,1.9,31.0,21.5,468.0,26.5,11.8,27.0,62
2024-10-15 00:00:00,21.2,96,949.1,3.1,0.2,30.3,21.1,446.0,23.4,11.5,26.0,62
2024-10-15 01:00:00,20.7,98,948.1,2.7,0.0,30.0,21.0,423.0,20.4,10.8,26.0,62
2024-10-15 02:00:00,20.6,98,947.6,2.5,0.0,28.3,19.7,395.0,17.4,9.9,27.0,62
2024-10-15 03:00:00,20.2,99,947.4,3.8,0.0,26.7,18.6,360.0,14.4,8.5,30.0,62
2024-10-15 04:00:00,20.5,98,947.9,4.7,0.0,24.0,16.8,320.0,11.5,6.9,34.0,62
2024-10-15 05:00:00,21.0,97,948.3,7.9,0.1,12.8,8.9,218.0,5.3,3.6,54.0,62
2024-10-15 06:00:00,20.8,95,948.6,8.7,0.1,14.1,9.8,225.0,5.8,4.4,58.0,62
2024-10-15 07:00:00,21.3,94,949.7,9.5,0.4,15.4,10.7,234.0,6.4,5.5,63.0,62
2024-10-15 08:00:00,22.0,90,950.2,7.9,0.1,17.2,11.9,240.0,6.5,6.0,70.0,61
2024-10-15 09:00:00,22.9,87,950.6,6.5,0.0,20.4,14.1,238.0,5.4,5.4,79.0,61
2024-10-15 10:00:00,25.4,77,951.0,8.6,0.0,20.7,14.3,233.0,3.8,4.2,90.0,62
2024-10-15 11:00:00,26.8,71,950.2,10.1,0.0,23.5,16.2,228.0,2.5,3.2,99.0,62
2024-10-15 12:00:00,27.8,67,949.1,11.5,0.0,21.6,14.9,224.0,1.8,2.6,106.0,63
2024-10-15 13:00:00,28.6,64,948.5,12.3,0.1,20.5,14.2,220.0,1.5,2.1,111.0,63
2024-10-15 14:00:00,28.9,62,947.3,11.8,0.0,19.7,13.6,221.0,1.8,1.9,114.0,63
2024-10-15 15:00:00,28.4,66,946.9,9.9,0.2,19.7,13.6,221.0,2.4,2.0,114.0,64
2024-10-15 16:00:00,28.1,67,946.8,6.7,0.0,20.2,13.9,225.0,3.7,2.5,112.0,64
2024-10-15 17:00:00,27.1,75,947.2,1.5,0.0,35.6,24.5,245.0,7.6,3.3,97.0,64
2024-10-15 18:00:00,24.3,86,947.8,10.3,0.3,40.9,28.2,319.0,14.3,5.4,81.0,65
2024-10-15 19:00:00,23.7,89,948.2,3.2,0.1,43.0,29.7,419.0,23.3,8.2,60.0,66
2024-10-15 20:00:00,22.8,94,948.8,4.7,0.1,46.1,32.0,485.0,28.8,10.1,45.0,66
2024-10-15 21:00:00,22.7,94,949.1,3.3,0.0,47.1,32.7,482.0,27.4,10.0,43.0,67
2024-10-15 22:00:00,22.2,96,948.8,3.5,0.0,43.5,30.3,445.0,22.5,9.0,47.0,68
2024-10-15 23:00:00,22.2,96,949.2,4.8,0.0,39.2,27.3,416.0,18.5,8.0,49.0,69
2024-10-16 00:00:00,22.1,96,948.8,4.7,0.0,37.4,26.0,415.0,17.1,7.6,44.0,69
2024-10-16 01:00:00,22.4,95,948.4,5.6,0.2,37.4,26.0,422.0,16.7,7.4,37.0,69
2024-10-16 02:00:00,21.6,96,948.3,9.0,2.3,37.0,25.8,424.0,16.0,6.9,32.0,70
2024-10-16 03:00:00,21.7,94,947.8,5.5,0.5,38.4,26.8,416.0,14.7,5.9,29.0,70
2024-10-16 04:00:00,21.4,97,947.2,4.2,0.3,38.9,27.1,404.0,13.3,4.7,29.0,71
2024-10-16 05:00:00,21.2,98,947.3,3.7,0.0,37.5,26.1,388.0,12.9,6.6,33.0,72
2024-10-16 06:00:00,21.7,97,948.4,7.5,2.9,39.2,27.3,373.0,12.4,6.5,40.0,73
2024-10-16 07:00:00,21.9,96,948.8,7.9,2.3,37.3,25.9,351.0,11.7,6.3,50.0,74
2024-10-16 08:00:00,22.5,92,949.4,9.0,0.3,36.7,25.4,326.0,10.3,5.8,62.0,76
2024-10-16 09:00:00,24.2,85,950.0,9.2,0.0,32.2,22.2,295.0,7.7,4.8,77.0,77
2024-10-16 10:00:00,26.0,78,949.9,11.9,0.0,27.0,18.6,261.0,4.4,3.4,94.0,77
2024-10-16 11:00:00,27.7,69,949.2,13.6,0.1,23.8,16.4,233.0,2.0,2.4,106.0,78
2024-10-16 12:00:00,29.1,63,948.1,13.7,0.1,21.2,14.6,214.0,0.9,1.9,108.0,78
2024-10-16 13:00:00,29.4,62,947.0,12.1,0.1,18.5,12.7,203.0,0.7,1.6,105.0,78
2024-10-16 14:00:00,29.8,61,946.0,12.4,0.0,17.7,12.1,202.0,1.5,1.6,100.0,78
2024-10-16 15:00:00,28.8,62,945.4,12.7,0.4,18.3,12.5,216.0,3.6,1.7,94.0,77
2024-10-16 16:00:00,27.6,70,945.7,7.5,0.1,19.5,13.4,240.0,6.7,1.9,87.0,77
2024-10-16 17:00:00,24.8,81,947.7,13.1,2.5,21.0,14.5,243.0,6.6,2.5,80.0,77
2024-10-16 18:00:00,24.7,82,946.7,6.5,0.1,27.0,18.7,367.0,19.4,5.5,63.0,77
2024-10-16 19:00:00,23.4,91,947.0,3.8,0.0,36.8,25.6,541.0,37.0,9.7,40.0,76
2024-10-16 20:00:00,23.7,89,948.1,2.6,0.0,43.0,29.9,681.0,49.8,12.8,22.0,75
2024-10-16 21:00:00,23.4,90,948.6,2.3,0.0,47.6,33.2,767.0,54.2,14.2,14.0,75
2024-10-16 22:00:00,23.2,92,948.3,2.0,0.0,49.8,34.7,820.0,53.8,14.6,11.0,75
2024-10-16 23:00:00,22.4,94,948.5,7.1,2.3,48.7,34.0,825.0,50.3,14.1,12.0,76
2024-10-17 00:00:00,22.6,92,947.7,2.3,0.4,41.6,29.0,756.0,42.5,12.4,17.0,76
2024-10-17 01:00:00,22.2,94,947.1,4.1,0.1,34.2,23.9,639.0,31.7,9.8,25.0,76
2024-10-17 02:00:00,22.3,92,946.6,2.7,0.0,32.7,22.8,541.0,22.9,7.7,31.0,76
2024-10-17 03:00:00,22.2,93,946.8,6.5,0.1,31.2,21.8,491.0,18.5,6.6,32.0,76
2024-10-17 04:00:00,22.2,94,946.5,3.2,0.1,25.6,17.8,460.0,16.1,5.9,32.0,76
2024-10-17 05:00:00,22.0,93,946.6,4.0,0.0,18.7,13.0,244.0,4.8,3.7,61.0,75
2024-10-17 06:00:00,22.8,92,947.7,7.4,1.9,19.9,13.9,254.0,6.1,4.3,61.0,74
2024-10-17 07:00:00,22.8,92,948.3,7.8,0.2,21.5,15.0,268.0,7.8,5.0,62.0,73
2024-10-17 08:00:00,23.1,92,948.9,7.5,0.0,21.7,15.1,276.0,8.4,5.6,68.0,72
2024-10-17 09:00:00,24.0,89,949.6,7.0,0.0,22.2,15.5,273.0,6.8,5.9,83.0,71
2024-10-17 10:00:00,24.7,84,949.9,11.5,0.0,26.4,18.3,263.0,4.1,5.9,103.0,71
2024-10-17 11:00:00,24.9,84,949.1,10.7,0.2,30.2,20.9,254.0,2.1,5.9,117.0,71
2024-10-17 12:00:00,25.2,83,948.1,11.0,0.1,32.4,22.4,243.0,1.4,5.7,119.0,71
2024-10-17 13:00:00,26.1,79,946.9,11.6,0.0,31.4,21.7,232.0,1.5,5.5,115.0,72
2024-10-17 14:00:00,27.8,68,945.7,14.0,0.1,31.8,21.9,232.0,2.6,5.3,107.0,72
2024-10-17 15:00:00,27.6,69,944.8,9.6,0.1,33.8,23.3,246.0,5.0,5.3,96.0,73
2024-10-17 16:00:00,27.4,70,945.0,8.4,0.1,35.5,24.6,269.0,8.4,5.4,82.0,74
2024-10-17 17:00:00,26.5,75,946.0,10.4,0.1,39.0,26.8,282.0,8.2,6.8,93.0,75
2024-10-17 18:00:00,24.3,83,945.9,9.7,0.0,36.1,24.9,279.0,7.9,6.6,89.0,76
2024-10-17 19:00:00,23.6,87,946.4,6.1,0.1,30.2,21.0,274.0,7.4,6.4,83.0,76
2024-10-17 20:00:00,23.3,90,947.1,6.3,0.0,25.4,17.7,272.0,7.2,6.1,76.0,76
2024-10-17 21:00:00,23.5,89,947.8,8.7,0.0,23.2,16.2,276.0,7.6,5.9,69.0,75
2024-10-17 22:00:00,22.7,94,948.0,4.2,1.9,22.2,15.4,283.0,8.3,5.7,62.0,74
2024-10-17 23:00:00,22.8,94,947.5,7.9,0.0,21.2,14.7,286.0,8.6,5.5,56.0,72
2024-10-18 00:00:00,22.5,94,947.4,11.3,0.0,20.4,14.1,283.0,8.2,5.4,51.0,71
2024-10-18 01:00:00,22.5,93,946.6,9.5,0.0,20.2,13.9,276.0,7.5,5.2,48.0,69
2024-10-18 02:00:00,22.1,96,945.9,7.4,0.0,20.0,13.7,268.0,6.8,5.1,45.0,69
2024-10-18 03:00:00,21.7,98,945.3,9.4,0.0,20.1,13.6,259.0,6.2,5.0,43.0,68
2024-10-18 04:00:00,21.6,98,945.7,8.0,0.0,20.1,13.6,248.0,5.6,4.8,41.0,67
2024-10-18 05:00:00,21.7,98,946.4,6.3,0.0,16.9,11.4,210.0,4.3,6.0,46.0,67
2024-10-18 06:00:00,22.4,96,946.7,12.2,0.0,17.1,11.6,223.0,5.2,5.7,44.0,67
2024-10-18 07:00:00,23.3,91,947.8,14.4,0.0,17.7,11.8,241.0,6.4,5.2,43.0,67
2024-10-18 08:00:00,24.5,85,948.5,19.7,0.0,17.1,11.4,248.0,6.8,4.7,46.0,66
2024-10-18 09:00:00,26.0,77,949.1,20.8,0.1,17.4,11.6,235.0,5.5,4.1,58.0,66
2024-10-18 10:00:00,27.2,72,949.1,19.6,0.1,15.4,10.1,213.0,3.4,3.4,75.0,66
2024-10-18 11:00:00,27.8,69,948.4,18.6,0.1,13.7,9.0,194.0,1.9,2.8,87.0,65
2024-10-18 12:00:00,28.9,66,947.4,18.0,0.1,13.1,8.6,183.0,1.4,2.3,91.0,64
2024-10-18 13:00:00,29.0,68,946.3,17.1,0.0,12.3,8.1,175.0,1.5,1.8,91.0,63
2024-10-18 14:00:00,29.1,65,945.5,16.9,0.4,11.6,7.7,176.0,2.2,1.6,89.0,62
2024-10-18 15:00:00,27.3,74,945.3,5.4,0.9,11.7,7.9,185.0,3.6,1.7,87.0,61
2024-10-18 16:00:00,26.7,76,945.9,9.0,2.3,12.7,8.5,201.0,5.6,2.1,83.0,60
2024-10-18 17:00:00,24.1,85,946.5,2.6,5.3,17.9,12.0,218.0,9.7,3.5,71.0,58
2024-10-18 18:00:00,25.6,83,946.2,2.3,0.0,24.2,16.4,289.0,15.8,4.9,60.0,57
2024-10-18 19:00:00,24.4,89,947.1,2.6,0.0,28.0,19.2,385.0,24.0,6.9,44.0,57
2024-10-18 20:00:00,23.5,92,947.8,4.6,0.6,28.8,19.8,450.0,28.9,8.2,34.0,56
2024-10-18 21:00:00,22.7,95,948.9,9.8,2.2,29.6,20.5,454.0,27.5,8.3,34.0,57
2024-10-18 22:00:00,21.8,99,949.5,4.9,5.2,27.8,19.2,426.0,22.8,7.8,39.0,57
2024-10-18 23:00:00,21.7,99,949.6,6.2,0.1,25.6,17.8,394.0,18.2,7.1,43.0,57
2024-10-19 00:00:00,21.7,99,948.8,6.5,0.0,23.9,16.5,364.0,14.8,6.3,44.0,58
2024-10-19 01:00:00,21.3,100,948.3,4.1,0.0,21.9,15.1,330.0,11.5,5.4,45.0,58
2024-10-19 02:00:00,21.4,99,947.9,6.3,0.0,20.7,14.3,302.0,9.0,4.7,46.0,58
2024-10-19 03:00:00,21.4,100,947.8,6.7,0.0,20.2,14.0,285.0,7.5,4.2,47.0,58
2024-10-19 04:00:00,21.6,98,947.9,8.9,0.0,20.4,14.2,275.0,6.6,3.9,47.0,58
2024-10-19 05:00:00,21.7,98,948.0,5.6,0.0,19.3,13.4,298.0,8.0,4.5,40.0,58
2024-10-19 06:00:00,22.3,96,948.6,8.7,0.0,20.2,14.0,290.0,7.8,4.7,49.0,58
2024-10-19 07:00:00,22.8,92,949.4,9.8,0.0,19.3,13.4,278.0,7.4,5.1,62.0,58
2024-10-19 08:00:00,24.2,85,949.9,11.2,0.0,17.7,12.3,267.0,6.7,5.1,74.0,58
2024-10-19 09:00:00,25.6,79,950.5,10.1,0.1,15.7,10.9,258.0,5.4,4.6,85.0,58
2024-10-19 10:00:00,26.8,74,950.8,8.8,0.1,14.4,10.0,249.0,3.8,3.8,96.0,58
2024-10-19 11:00:00,27.9,71,950.2,8.6,0.2,15.0,10.4,240.0,2.6,3.2,105.0,58
2024-10-19 12:00:00,28.9,68,949.2,6.1,0.1,14.7,10.2,231.0,1.9,2.8,111.0,59
2024-10-19 13:00:00,29.7,63,947.9,7.6,0.0,14.1,9.8,222.0,1.6,2.5,116.0,59
2024-10-19 14:00:00,28.5,67,946.8,9.2,0.3,14.1,9.8,217.0,2.0,2.4,116.0,59
2024-10-19 15:00:00,25.3,81,947.3,8.1,6.1,14.3,9.9,217.0,3.4,2.4,111.0,59
2024-10-19 16:00:00,23.1,92,947.3,11.0,5.3,14.7,10.2,222.0,5.4,2.7,101.0,59
2024-10-19 17:00:00,23.5,90,948.2,7.1,0.0,25.6,17.6,231.0,8.3,3.6,89.0,59
2024-10-19 18:00:00,23.2,93,948.4,3.7,0.5,27.1,18.7,242.0,9.5,4.5,84.0,60
2024-10-19 19:00:00,22.7,96,949.1,1.8,0.1,27.5,19.0,257.0,11.2,5.7,77.0,60
2024-10-19 20:00:00,22.5,97,949.9,2.2,1.0,24.4,16.9,265.0,11.9,6.4,72.0,60
2024-10-19 21:00:00,22.0,98,951.0,3.9,5.3,19.1,13.3,257.0,10.8,6.2,72.0,60
2024-10-19 22:00:00,22.0,96,950.9,0.5,0.8,15.9,11.1,242.0,8.9,5.5,74.0,59
2024-10-19 23:00:00,21.6,98,951.4,7.2,2.1,14.9,10.4,232.0,7.4,4.9,75.0,58
2024-10-20 00:00:00,21.5,98,949.8,3.1,0.2,14.4,10.0,233.0,7.1,4.8,72.0,58
2024-10-20 01:00:00,21.4,98,949.4,2.3,0.3,14.9,10.4,240.0,7.4,4.8,67.0,57
2024-10-20 02:00:00,21.2,98,948.9,4.4,0.1,15.9,11.1,245.0,7.5,4.8,63.0,57
2024-10-20 03:00:00,21.1,99,948.9,4.5,0.0,16.8,11.7,246.0,7.2,4.8,60.0,57
2024-10-20 04:00:00,21.2,98,949.1,5.5,0.0,17.3,12.0,246.0,6.8,4.8,58.0,57
2024-10-20 05:00:00,21.4,97,949.6,3.6,0.0,12.2,8.5,230.0,6.3,4.4,59.0,56
2024-10-20 06:00:00,21.3,98,950.1,2.9,0.0,9.7,6.7,231.0,6.3,4.0,64.0,56
2024-10-20 07:00:00,22.1,93,950.8,5.8,0.0,9.8,6.9,231.0,6.2,3.3,71.0,55
2024-10-20 08:00:00,23.4,85,951.3,9.9,0.0,7.8,5.5,231.0,5.9,2.8,78.0,55
2024-10-20 09:00:00,24.8,79,952.0,10.6,0.0,7.8,5.5,229.0,5.0,2.4,86.0,54
2024-10-20 10:00:00,25.9,74,952.1,10.8,0.0,7.8,5.4,226.0,3.7,2.1,93.0,54
2024-10-20 11:00:00,27.0,72,951.4,10.6,0.0,8.8,6.2,223.0,2.8,1.9,100.0,54
2024-10-20 12:00:00,28.2,68,950.4,9.2,0.1,10.0,7.0,220.0,2.3,1.7,105.0,53
2024-10-20 13:00:00,27.9,68,949.3,7.3,0.0,10.7,7.4,217.0,2.0,1.5,109.0,53
2024-10-20 14:00:00,27.7,69,948.4,4.6,0.1,11.5,8.0,217.0,2.5,1.5,110.0,53
2024-10-20 15:00:00,28.0,69,948.1,4.2,0.1,11.8,8.2,212.0,3.2,1.7,106.0,53
2024-10-20 16:00:00,23.4,89,948.4,12.5,6.0,13.2,9.2,209.0,4.5,2.0,99.0,52
2024-10-20 17:00:00,22.6,91,948.1,5.7,0.3,17.2,11.9,227.0,7.8,3.0,90.0,52
2024-10-20 18:00:00,23.6,91,948.6,6.6,0.0,21.6,15.0,316.0,16.2,5.2,74.0,52
2024-10-20 19:00:00,22.8,95,949.4,3.6,0.0,27.7,19.3,435.0,27.4,8.2,51.0,52
2024-10-20 20:00:00,23.1,92,950.5,2.2,0.0,32.6,22.8,506.0,33.8,9.9,36.0,52
2024-10-20 21:00:00,22.2,97,951.0,3.1,0.2,31.9,22.3,484.0,30.7,9.3,35.0,52
2024-10-20 22:00:00,22.2,95,951.1,4.1,0.0,26.0,18.2,412.0,22.8,7.4,40.0,53
2024-10-20 23:00:00,21.7,97,951.0,3.8,0.0,21.9,15.3,346.0,15.8,5.7,45.0,53
2024-10-21 00:00:00,21.4,98,950.6,3.5,0.0,17.8,12.4,300.0,11.6,4.6,47.0,54
2024-10-21 01:00:00,21.4,99,950.1,7.9,0.0,16.4,11.4,258.0,8.4,3.7,49.0,54
2024-10-21 02:00:00,21.6,98,949.8,7.7,0.1,15.0,10.4,228.0,6.2,3.1,49.0,54
2024-10-21 03:00:00,21.3,98,950.0,9.2,0.1,14.5,10.1,214.0,5.4,3.1,46.0,54
2024-10-21 04:00:00,21.1,98,950.1,10.5,0.1,14.3,10.0,212.0,5.5,3.4,43.0,54
2024-10-21 05:00:00,21.1,97,950.2,9.6,0.1,14.1,9.9,206.0,5.3,3.7,42.0,54
2024-10-21 06:00:00,20.7,98,950.3,7.2,0.0,15.3,10.7,210.0,6.0,3.8,45.0,54
2024-10-21 07:00:00,21.5,93,950.8,9.4,0.0,15.9,11.1,215.0,6.8,3.9,50.0,54
2024-10-21 08:00:00,23.1,85,951.6,10.8,0.0,16.5,11.5,215.0,6.9,3.8,57.0,54
2024-10-21 09:00:00,24.2,81,952.0,10.7,0.0,18.8,12.9,207.0,5.5,3.3,67.0,55
2024-10-21 10:00:00,25.7,74,952.1,11.9,0.0,19.2,13.2,194.0,3.4,2.6,80.0,56
2024-10-21 11:00:00,26.8,71,951.8,10.4,0.0,17.3,11.8,184.0,1.9,2.1,89.0,56
2024-10-21 12:00:00,27.1,70,950.7,11.5,0.1,16.9,11.5,177.0,1.3,1.8,93.0,57
2024-10-21 13:00:00,26.8,70,949.9,10.2,1.5,16.1,10.9,171.0,1.4,1.7,94.0,57
2024-10-21 14:00:00,27.2,70,948.9,8.8,0.1,15.1,10.3,172.0,2.0,1.8,93.0,57
2024-10-21 15:00:00,27.1,71,947.8,5.3,0.0,15.5,10.6,174.0,2.9,2.1,92.0,57
2024-10-21 16:00:00,27.2,69,947.6,2.5,0.1,16.7,11.4,182.0,4.4,2.6,89.0,58
2024-10-21 17:00:00,26.2,79,947.6,1.5,0.2,22.8,15.5,224.0,10.7,3.8,69.0,58
2024-10-21 18:00:00,24.2,87,948.1,8.0,0.0,25.6,17.5,266.0,14.3,4.9,60.0,58
2024-10-21 19:00:00,23.9,88,948.9,6.4,0.0,28.2,19.4,324.0,19.2,6.5,46.0,58
2024-10-21 20:00:00,23.5,89,949.7,3.1,0.0,29.6,20.5,361.0,22.0,7.4,37.0,58
2024-10-21 21:00:00,22.4,94,950.6,6.6,3.2,28.2,19.5,360.0,20.9,7.2,34.0,58
2024-10-21 22:00:00,22.1,97,951.0,4.8,0.6,27.6,19.2,338.0,17.7,6.4,35.0,58
2024-10-21 23:00:00,22.1,95,951.2,6.7,0.2,27.0,18.7,312.0,14.5,5.5,37.0,58
2024-10-22 00:00:00,21.6,95,950.9,9.2,0.1,25.8,17.9,286.0,11.8,4.7,40.0,58
2024-10-22 01:00:00,21.4,95,949.7,5.1,0.0,24.4,17.0,256.0,9.0,3.9,43.0,59
2024-10-22 02:00:00,20.6,98,949.4,4.1,0.0,23.1,16.0,231.0,6.8,3.3,47.0,59
2024-10-22 03:00:00,20.3,99,948.9,3.6,0.0,21.4,14.8,211.0,5.4,3.0,49.0,60
2024-10-22 04:00:00,19.8,100,949.1,4.2,0.0,19.8,13.8,196.0,4.6,3.0,52.0,60
2024-10-22 05:00:00,20.0,100,949.5,3.4,0.0,22.5,15.6,200.0,4.6,3.7,55.0,60
2024-10-22 06:00:00,21.9,94,950.6,7.9,0.0,23.1,16.1,206.0,5.0,4.2,58.0,61
2024-10-22 07:00:00,22.4,91,951.3,7.3,0.0,25.4,17.6,215.0,5.6,5.0,63.0,61
2024-10-22 08:00:00,23.7,84,952.1,4.8,0.0,26.1,18.2,219.0,5.6,5.2,70.0,62
2024-10-22 09:00:00,25.1,78,952.3,6.8,0.1,23.1,16.0,216.0,4.6,4.5,81.0,62
2024-10-22 10:00:00,26.1,74,951.8,7.6,0.1,20.5,14.2,209.0,3.0,3.4,93.0,62
2024-10-22 11:00:00,26.7,71,951.3,7.1,0.0,20.3,14.0,203.0,1.9,2.5,103.0,62
2024-10-22 12:00:00,27.6,67,950.3,7.6,0.0,19.5,13.5,198.0,1.4,2.0,107.0,63
2024-10-22 13:00:00,28.3,63,949.4,7.1,0.0,19.1,13.2,195.0,1.3,1.7,109.0,63
2024-10-22 14:00:00,28.0,64,948.8,7.0,0.1,19.2,13.3,197.0,1.8,1.6,108.0,63
2024-10-22 15:00:00,28.3,63,948.1,6.2,0.0,19.2,13.3,199.0,2.4,1.7,107.0,63
2024-10-22 16:00:00,28.2,64,947.8,4.2,0.0,20.1,13.9,206.0,3.7,2.0,105.0,63
2024-10-22 17:00:00,27.3,76,948.0,2.6,0.0,20.6,14.3,219.0,7.5,3.1,93.0,64
2024-10-22 18:00:00,25.2,83,948.4,4.3,0.0,29.4,20.4,305.0,15.4,4.9,77.0,63
2024-10-22 19:00:00,24.3,87,949.1,5.2,0.0,35.6,24.8,422.0,26.0,7.3,55.0,64
2024-10-22 20:00:00,23.6,91,950.1,4.3,0.0,35.5,24.7,497.0,32.2,8.8,40.0,64
2024-10-22 21:00:00,23.2,93,950.4,5.1,0.0,34.6,24.0,487.0,29.6,8.4,37.0,64
2024-10-22 22:00:00,22.6,96,950.5,4.9,0.0,34.2,23.8,435.0,22.6,7.1,41.0,65
2024-10-22 23:00:00,22.2,96,950.5,5.8,0.0,34.1,23.7,392.0,16.8,6.0,43.0,65
2024-10-23 00:00:00,21.8,95,950.1,6.0,0.0,33.4,23.3,377.0,14.3,5.4,41.0,66
2024-10-23 01:00:00,21.5,93,949.7,4.7,0.0,33.3,23.2,370.0,12.9,4.9,38.0,66
2024-10-23 02:00:00,21.2,93,949.2,3.8,0.0,33.4,23.3,366.0,11.9,4.6,35.0,66
2024-10-23 03:00:00,21.1,94,948.8,2.7,0.0,33.3,23.2,363.0,11.1,4.5,32.0,67
2024-10-23 04:00:00,20.3,97,948.9,3.8,0.0,33.2,23.1,363.0,10.7,4.6,30.0,68
2024-10-23 05:00:00,19.6,99,949.2,4.2,0.0,31.7,22.1,337.0,9.0,4.5,33.0,68
2024-10-23 06:00:00,20.1,99,950.1,3.2,0.0,33.5,23.4,327.0,8.4,5.4,44.0,69
2024-10-23 07:00:00,21.2,94,950.9,5.1,0.0,36.3,25.3,312.0,7.5,6.5,61.0,70
2024-10-23 08:00:00,22.9,85,951.9,6.9,0.0,38.0,26.4,295.0,6.4,7.1,77.0,70
2024-10-23 09:00:00,24.4,80,952.3,10.3,0.0,38.9,27.1,274.0,4.8,6.6,93.0,71
2024-10-23 10:00:00,25.8,73,952.1,11.4,0.0,34.7,24.2,250.0,3.1,5.5,108.0,72
2024-10-23 11:00:00,27.3,66,951.0,10.6,0.0,30.7,21.4,233.0,1.8,4.6,120.0,72
2024-10-23 12:00:00,28.2,63,949.9,8.4,0.0,29.9,20.8,224.0,1.2,4.1,126.0,73
2024-10-23 13:00:00,28.7,63,948.9,8.1,0.0,28.8,20.0,222.0,1.2,3.9,127.0,74
2024-10-23 14:00:00,28.8,62,948.1,9.1,0.0,27.4,18.9,226.0,1.9,3.8,126.0,74
2024-10-23 15:00:00,28.4,63,947.7,10.7,0.0,28.3,19.5,235.0,3.4,3.8,122.0,75
2024-10-23 16:00:00,28.0,64,947.5,9.0,0.0,30.9,21.2,251.0,5.6,3.9,114.0,75
2024-10-23 17:00:00,27.1,73,947.8,4.1,0.0,39.0,26.8,283.0,11.2,5.0,93.0,76
2024-10-23 18:00:00,25.8,72,947.9,7.6,0.0,45.1,31.0,352.0,17.2,6.8,81.0,77
2024-10-23 19:00:00,24.6,80,948.5,5.9,0.0,50.1,34.3,448.0,25.3,9.3,64.0,77
2024-10-23 20:00:00,23.9,83,949.2,5.6,0.0,53.2,36.4,516.0,30.5,11.0,52.0,78
2024-10-23 21:00:00,23.6,85,949.8,7.7,0.0,53.3,36.6,533.0,30.1,11.4,49.0,79
2024-10-23 22:00:00,23.2,86,950.0,6.1,0.0,54.5,37.4,523.0,26.7,11.0,52.0,80
2024-10-23 23:00:00,22.5,90,949.7,5.8,0.0,54.8,37.5,507.0,23.2,10.5,54.0,81
2024-10-24 00:00:00,21.9,92,949.3,6.5,0.0,53.7,36.7,489.0,20.2,9.9,55.0,82
2024-10-24 01:00:00,22.2,90,949.0,5.1,0.0,51.9,35.6,466.0,17.1,9.2,56.0,83
2024-10-24 02:00:00,20.8,96,948.1,6.6,0.0,50.4,34.6,444.0,14.4,8.7,57.0,84
2024-10-24 03:00:00,20.3,98,948.2,6.3,0.0,49.2,33.6,424.0,12.3,8.5,58.0,85
2024-10-24 04:00:00,19.8,99,948.1,6.3,0.0,48.3,32.9,407.0,10.7,8.6,59.0,86
2024-10-24 05:00:00,19.5,100,948.2,6.3,0.0,49.2,33.4,421.0,10.7,9.5,59.0,87
2024-10-24 06:00:00,20.3,98,949.5,4.2,0.0,52.9,35.6,426.0,10.9,10.3,67.0,88
2024-10-24 07:00:00,21.5,94,950.5,4.9,0.0,58.8,39.6,432.0,11.0,11.3,78.0,89
2024-10-24 08:00:00,23.2,87,951.4,5.4,0.0,66.8,42.6,424.0,10.3,11.9,92.0,90
2024-10-24 09:00:00,25.0,78,952.1,6.9,0.0,74.7,46.2,389.0,7.8,11.6,110.0,91
2024-10-24 10:00:00,26.7,69,952.1,8.2,0.0,74.0,44.7,340.0,4.3,10.8,131.0,93
2024-10-24 11:00:00,27.8,63,951.2,8.1,0.0,73.3,43.7,301.0,1.8,10.0,145.0,94
2024-10-24 12:00:00,28.4,58,950.2,8.2,0.0,73.3,43.5,280.0,0.8,9.2,149.0,96
2024-10-24 13:00:00,28.7,54,949.2,9.3,0.0,74.0,43.9,268.0,0.7,8.4,147.0,98
2024-10-24 14:00:00,28.7,52,948.5,9.3,0.0,74.0,43.8,269.0,1.8,7.8,141.0,100
2024-10-24 15:00:00,28.3,51,948.0,9.0,0.0,73.1,43.2,277.0,3.9,7.3,133.0,102
2024-10-24 16:00:00,27.7,54,947.9,7.9,0.0,72.9,43.3,297.0,7.0,7.0,121.0,104
2024-10-24 17:00:00,26.2,71,947.7,4.0,0.0,93.1,56.9,355.0,15.1,7.0,102.0,107
2024-10-24 18:00:00,24.5,68,947.5,7.7,0.0,99.2,61.2,458.0,24.9,9.8,86.0,110
2024-10-24 19:00:00,23.3,71,947.8,8.6,0.0,102.7,63.8,603.0,38.4,13.8,65.0,113
2024-10-24 20:00:00,21.7,80,948.4,9.1,0.0,105.9,66.4,732.0,49.0,17.6,47.0,116
2024-10-24 21:00:00,23.4,68,949.5,4.5,0.0,108.3,68.0,829.0,53.9,21.2,38.0,119
2024-10-24 22:00:00,21.4,78,949.6,4.0,0.0,110.1,69.4,909.0,55.9,24.7,33.0,123
2024-10-24 23:00:00,20.5,81,949.2,5.7,0.0,110.8,69.8,960.0,56.9,26.9,29.0,126
2024-10-25 00:00:00,20.8,78,949.1,3.7,0.0,110.4,69.4,971.0,57.7,27.1,25.0,129
2024-10-25 01:00:00,20.8,76,948.6,4.9,0.0,109.4,68.5,952.0,57.4,26.0,23.0,133
2024-10-25 02:00:00,21.1,73,948.2,4.4,0.0,107.3,66.8,921.0,55.1,24.7,23.0,136
2024-10-25 03:00:00,22.2,67,948.4,1.0,0.0,104.3,64.7,875.0,49.6,23.5,25.0,139
2024-10-25 04:00:00,21.6,70,948.3,1.5,0.0,101.0,62.4,816.0,42.1,22.0,29.0,143
2024-10-25 05:00:00,21.1,73,948.4,2.3,0.0,108.7,67.1,891.0,45.7,23.2,25.0,146
2024-10-25 06:00:00,19.7,79,949.2,3.3,0.0,109.0,67.3,838.0,39.3,20.9,43.0,149
2024-10-25 07:00:00,20.9,77,950.1,1.7,0.0,114.1,71.2,760.0,30.1,17.6,69.0,151
2024-10-25 08:00:00,22.6,75,950.9,0.9,0.0,106.9,65.7,669.0,21.5,14.3,93.0,152
2024-10-25 09:00:00,24.7,68,951.6,1.8,0.0,88.5,52.4,554.0,13.9,11.0,115.0,152
2024-10-25 10:00:00,26.4,60,951.7,4.5,0.0,84.3,48.0,426.0,6.8,7.6,137.0,153
2024-10-25 11:00:00,27.6,51,950.9,7.4,0.0,84.3,46.2,333.0,1.9,5.2,151.0,153
2024-10-25 12:00:00,28.3,46,950.0,6.5,0.0,82.0,44.4,298.0,0.0,4.3,156.0,153
2024-10-25 13:00:00,29.0,44,949.0,6.7,0.0,80.1,43.5,299.0,0.0,4.4,154.0,153
2024-10-25 14:00:00,28.8,44,948.2,8.5,0.0,79.2,43.3,317.0,1.7,4.8,148.0,153
2024-10-25 15:00:00,28.6,45,947.6,7.9,0.0,78.9,43.4,341.0,5.1,5.0,139.0,153
2024-10-25 16:00:00,28.2,49,947.6,5.0,0.0,77.8,43.7,381.0,10.4,5.4,127.0,153
2024-10-25 17:00:00,27.1,61,947.7,3.4,0.0,76.1,44.7,432.0,16.5,6.9,115.0,153
2024-10-25 18:00:00,23.3,66,947.7,10.2,0.0,80.6,48.4,534.0,26.6,10.0,99.0,152
2024-10-25 19:00:00,23.5,59,948.9,7.6,0.0,83.8,51.3,676.0,40.3,14.4,76.0,152
2024-10-25 20:00:00,24.1,53,950.2,5.6,0.0,86.1,53.6,787.0,49.8,18.0,59.0,152
2024-10-25 21:00:00,21.9,65,950.0,6.0,0.0,86.1,53.9,841.0,50.8,20.2,53.0,151
2024-10-25 22:00:00,23.1,58,950.6,3.2,0.0,83.8,52.9,864.0,47.6,21.6,53.0,151
2024-10-25 23:00:00,21.3,65,950.1,4.0,0.0,79.6,50.3,866.0,44.2,22.0,53.0,150
2024-10-26 00:00:00,21.3,62,949.7,3.6,0.0,74.3,46.9,842.0,42.3,20.8,50.0,149
2024-10-26 01:00:00,21.8,58,949.5,1.6,0.0,69.6,43.9,796.0,40.3,18.5,48.0,147
2024-10-26 02:00:00,21.1,61,948.7,2.7,0.0,65.9,41.4,753.0,37.8,16.6,46.0,144
2024-10-26 03:00:00,20.6,63,948.5,0.6,0.0,63.1,39.7,718.0,34.2,15.9,44.0,142
2024-10-26 04:00:00,20.0,66,948.2,1.3,0.0,61.2,38.4,684.0,30.0,15.6,43.0,139
2024-10-26 05:00:00,19.7,68,948.5,1.5,0.0,67.8,42.6,839.0,37.0,19.3,37.0,136
2024-10-26 06:00:00,18.7,77,949.6,2.4,0.0,67.5,42.7,895.0,32.9,17.2,51.0,134
2024-10-26 07:00:00,20.0,77,950.5,1.7,0.0,73.1,46.9,965.0,27.1,14.2,72.0,131
2024-10-26 08:00:00,22.0,73,951.4,1.7,0.0,69.6,44.4,958.0,20.9,11.4,92.0,129
2024-10-26 09:00:00,23.9,70,951.9,3.5,0.0,66.6,41.6,801.0,14.0,9.0,112.0,127
2024-10-26 10:00:00,25.8,65,952.0,5.7,0.0,58.6,36.3,567.0,6.8,6.7,131.0,125
2024-10-26 11:00:00,27.4,57,951.2,7.9,0.0,50.3,31.3,386.0,1.7,5.1,144.0,124
2024-10-26 12:00:00,28.4,52,950.1,9.7,0.0,46.1,28.8,302.0,0.0,4.3,146.0,123
2024-10-26 13:00:00,28.9,49,949.0,10.3,0.0,44.7,28.0,271.0,0.1,4.1,140.0,121
2024-10-26 14:00:00,29.1,47,947.9,10.6,0.0,44.8,28.1,284.0,1.6,4.1,133.0,119
2024-10-26 15:00:00,29.0,45,947.5,11.7,0.0,45.6,28.5,350.0,3.9,4.1,126.0,118
2024-10-26 16:00:00,28.2,52,947.7,10.4,0.0,46.7,29.0,461.0,7.4,4.4,117.0,116
2024-10-26 17:00:00,26.2,64,947.9,6.1,0.0,59.6,37.5,587.0,14.3,5.3,101.0,115
2024-10-26 18:00:00,23.4,71,947.5,10.5,0.0,64.7,41.1,720.0,20.3,7.1,89.0,114
2024-10-26 19:00:00,25.7,57,948.8,6.0,0.0,68.0,43.3,868.0,28.8,9.7,73.0,113
2024-10-26 20:00:00,25.2,58,949.7,3.1,0.0,71.5,45.5,1021.0,36.2,12.4,59.0,112
2024-10-26 21:00:00,24.0,63,949.8,1.7,0.0,75.0,47.7,1228.0,41.4,15.4,50.0,112
2024-10-26 22:00:00,20.5,81,949.0,5.7,0.0,78.5,49.8,1442.0,45.6,18.5,44.0,111
2024-10-26 23:00:00,19.7,84,948.6,7.1,0.0,80.3,50.9,1506.0,48.1,20.7,38.0,111
2024-10-27 00:00:00,19.6,84,948.3,6.3,0.0,80.3,50.5,1295.0,48.5,21.3,33.0,111
2024-10-27 01:00:00,19.2,85,947.8,5.5,0.0,79.6,49.7,936.0,47.3,20.9,29.0,111
2024-10-27 02:00:00,18.4,88,947.1,6.6,0.0,78.7,48.7,652.0,45.4,20.4,26.0,112
2024-10-27 03:00:00,18.4,87,947.0,6.1,0.0,77.1,47.3,526.0,42.9,20.1,22.0,112
2024-10-27 04:00:00,18.4,86,946.8,5.6,0.0,75.0,45.8,476.0,39.7,19.6,20.0,113
2024-10-27 05:00:00,18.1,87,947.1,6.3,0.0,73.3,45.2,481.0,34.1,18.3,29.0,114
2024-10-27 06:00:00,18.1,88,948.2,6.5,0.0,75.0,46.1,579.0,31.6,18.4,46.0,114
2024-10-27 07:00:00,20.6,79,949.4,5.0,0.0,81.3,50.5,732.0,27.9,18.4,69.0,115
2024-10-27 08:00:00,23.4,73,950.4,2.9,0.0,85.7,52.3,804.0,23.1,17.5,93.0,115
2024-10-27 09:00:00,25.9,61,951.0,1.7,0.0,81.3,46.2,710.0,16.2,14.8,117.0,116
2024-10-27 10:00:00,27.7,52,951.0,2.6,0.0,70.3,37.8,535.0,8.2,11.2,140.0,116
2024-10-27 11:00:00,28.9,47,950.0,5.6,0.0,63.6,33.3,396.0,2.5,8.5,157.0,116
2024-10-27 12:00:00,29.6,44,949.0,8.3,0.0,63.3,32.9,332.0,0.3,7.7,164.0,117
2024-10-27 13:00:00,30.3,42,947.9,9.2,0.0,61.5,32.1,303.0,0.4,7.8,164.0,117
2024-10-27 14:00:00,30.5,40,946.8,11.7,0.0,58.7,31.0,311.0,1.9,8.1,160.0,117
2024-10-27 15:00:00,30.3,40,946.3,12.0,0.0,55.6,29.6,345.0,4.2,8.0,152.0,118
2024-10-27 16:00:00,29.3,48,946.1,9.8,0.0,54.8,30.7,415.0,8.0,8.2,139.0,118
2024-10-27 17:00:00,27.2,56,946.0,8.1,0.0,54.9,32.9,550.0,15.2,11.2,137.0,120
2024-10-27 18:00:00,25.1,63,946.2,8.0,0.0,62.6,38.6,824.0,22.8,14.6,119.0,125
2024-10-27 19:00:00,23.0,74,946.7,6.5,0.0,70.3,44.5,1163.0,33.2,19.3,95.0,120
2024-10-27 20:00:00,22.4,78,947.1,7.0,0.0,77.8,49.6,1370.0,40.5,23.9,77.0,117
2024-10-27 21:00:00,24.0,67,947.9,4.3,0.0,85.2,54.4,1334.0,42.0,28.1,71.0,118
2024-10-27 22:00:00,23.9,67,948.0,2.4,0.0,93.1,59.4,1166.0,40.4,32.1,72.0,119
2024-10-27 23:00:00,22.9,71,947.4,2.5,0.0,99.0,62.9,1008.0,37.6,35.0,74.0,120
2024-10-28 00:00:00,22.3,74,946.6,1.8,0.0,102.4,64.5,907.0,33.6,36.2,77.0,121
2024-10-28 01:00:00,20.2,84,945.6,4.5,0.0,101.7,64.7,816.0,28.3,36.2,80.0,122
2024-10-28 02:00:00,19.2,89,945.1,5.3,0.0,96.6,63.1,734.0,23.9,36.2,84.0,124
2024-10-28 03:00:00,18.9,90,944.9,4.9,0.0,96.6,62.4,643.0,20.6,36.8,86.0,125
2024-10-28 04:00:00,19.0,89,945.3,5.3,0.0,96.2,61.5,561.0,18.2,37.4,87.0,127
2024-10-28 05:00:00,18.9,89,945.6,5.3,0.0,95.0,60.3,546.0,18.8,39.4,91.0,129
2024-10-28 06:00:00,19.9,88,946.6,3.9,0.0,98.0,61.5,674.0,20.7,37.0,99.0,130
2024-10-28 07:00:00,21.9,82,947.8,3.5,0.0,104.1,65.0,869.0,23.0,33.3,110.0,132
2024-10-28 08:00:00,24.5,75,948.9,2.9,0.0,104.1,62.4,955.0,22.6,28.8,122.0,133
2024-10-28 09:00:00,26.3,67,949.4,3.9,0.0,81.5,45.8,820.0,16.7,22.5,135.0,134
2024-10-28 10:00:00,27.9,60,949.6,4.0,0.0,70.3,37.4,577.0,8.1,15.3,148.0,134
2024-10-28 11:00:00,29.2,51,948.5,6.2,0.0,64.7,32.9,387.0,1.8,9.8,156.0,134
2024-10-28 12:00:00,30.0,46,947.3,6.9,0.0,61.0,31.0,298.0,0.0,7.4,156.0,134
2024-10-28 13:00:00,30.4,43,946.1,7.1,0.0,57.7,29.5,263.0,0.0,6.8,152.0,134
2024-10-28 14:00:00,30.7,40,945.3,7.3,0.0,55.4,28.5,300.0,1.9,6.7,144.0,134
2024-10-28 15:00:00,30.5,40,945.0,8.0,0.0,53.8,28.1,453.0,4.7,6.5,134.0,133
2024-10-28 16:00:00,29.8,45,945.1,4.6,0.0,53.0,29.2,678.0,9.1,6.8,122.0,133
2024-10-28 17:00:00,28.1,59,945.4,4.5,0.0,52.0,31.0,868.0,17.4,8.8,113.0,133
2024-10-28 18:00:00,23.9,59,945.3,11.1,0.0,62.4,38.4,990.0,30.1,13.3,94.0,133
2024-10-28 19:00:00,22.2,56,946.0,9.4,0.0,71.2,44.8,1077.0,47.4,19.5,69.0,133
2024-10-28 20:00:00,22.2,69,947.0,6.6,0.0,81.5,51.8,1114.0,59.0,24.7,50.0,133
2024-10-28 21:00:00,21.9,81,947.4,7.7,0.0,92.9,59.4,1084.0,60.1,27.7,43.0,133
2024-10-28 22:00:00,20.8,87,947.7,6.0,0.0,99.2,63.3,1004.0,55.5,29.7,43.0,134
2024-10-28 23:00:00,20.9,86,947.2,4.7,0.0,102.2,65.4,917.0,48.8,30.8,48.0,134
2024-10-29 00:00:00,20.9,87,946.8,5.2,0.0,105.9,67.5,824.0,39.7,30.9,60.0,134
2024-10-29 01:00:00,20.1,90,946.0,4.8,0.0,109.2,70.5,723.0,28.4,30.2,76.0,135
2024-10-29 02:00:00,19.7,90,945.6,6.5,0.0,119.2,77.1,655.0,19.5,29.5,89.0,135
2024-10-29 03:00:00,19.6,91,945.5,6.1,0.0,123.4,78.9,636.0,14.5,28.7,94.0,137
2024-10-29 04:00:00,18.8,96,945.7,5.5,0.0,128.1,81.5,649.0,11.8,27.9,95.0,138
2024-10-29 05:00:00,18.2,100,946.0,3.8,0.0,111.8,71.7,684.0,7.0,35.2,138.0,141
2024-10-29 06:00:00,18.6,98,947.2,3.4,0.0,118.7,75.9,776.0,10.5,35.5,132.0,142
2024-10-29 07:00:00,20.3,94,948.5,2.7,0.0,120.1,76.4,890.0,15.1,35.6,125.0,143
2024-10-29 08:00:00,23.2,85,949.7,0.9,0.0,121.1,77.1,915.0,16.9,33.4,123.0,144
2024-10-29 09:00:00,25.9,68,950.7,4.0,0.0,115.9,71.7,765.0,13.3,26.9,134.0,146
2024-10-29 10:00:00,28.1,55,950.7,6.2,0.0,91.5,51.0,526.0,6.9,18.1,150.0,149
2024-10-29 11:00:00,29.2,48,950.0,11.4,0.0,74.5,38.3,340.0,2.2,10.9,159.0,150
2024-10-29 12:00:00,30.2,41,948.9,12.9,0.0,65.4,33.1,250.0,0.4,6.9,154.0,150
2024-10-29 13:00:00,30.7,39,948.0,12.3,0.0,60.8,30.5,213.0,0.2,4.5,142.0,150
2024-10-29 14:00:00,30.6,38,947.2,10.6,0.0,58.4,29.5,241.0,2.0,3.4,130.0,150
2024-10-29 15:00:00,30.3,38,946.8,10.1,0.0,60.1,31.0,375.0,6.6,3.7,120.0,150
2024-10-29 16:00:00,29.3,46,946.6,8.1,0.0,61.7,33.6,574.0,13.2,5.3,111.0,150
2024-10-29 17:00:00,27.4,67,946.5,5.3,0.0,60.5,36.0,727.0,20.3,7.2,102.0,151
2024-10-29 18:00:00,27.1,50,947.3,5.3,0.0,71.7,43.9,790.0,23.9,10.6,93.0,151
2024-10-29 19:00:00,23.6,66,947.5,7.7,0.0,78.5,49.1,807.0,28.6,15.4,80.0,151
2024-10-29 20:00:00,24.1,65,948.6,7.4,0.0,82.2,51.1,803.0,30.8,20.1,73.0,151
2024-10-29 21:00:00,22.5,81,948.7,5.6,0.0,88.0,54.6,781.0,28.1,24.4,78.0,151
2024-10-29 22:00:00,21.5,86,948.6,4.2,0.0,89.2,56.1,738.0,22.9,28.6,89.0,151
2024-10-29 23:00:00,21.4,85,948.5,4.9,0.0,87.8,55.1,687.0,18.4,31.3,97.0,151
2024-10-30 00:00:00,20.8,89,947.8,4.5,0.0,83.1,53.6,622.0,15.8,31.8,98.0,150
2024-10-30 01:00:00,20.0,93,947.1,5.7,0.0,85.4,55.5,549.0,14.0,30.8,96.0,150
2024-10-30 02:00:00,19.6,93,946.8,5.4,0.0,86.8,56.7,507.0,12.5,29.9,94.0,148
2024-10-30 03:00:00,19.4,93,946.7,4.8,0.0,89.4,58.4,512.0,10.8,29.7,93.0,146
2024-10-30 04:00:00,19.5,92,946.8,4.3,0.0,92.4,60.3,548.0,9.4,29.4,91.0,144
2024-10-30 05:00:00,19.0,95,947.2,4.2,0.0,97.8,62.9,597.0,11.3,28.1,81.0,141
2024-10-30 06:00:00,19.7,98,948.2,2.7,0.0,99.7,61.5,683.0,14.5,27.7,79.0,141
2024-10-30 07:00:00,20.6,96,949.3,1.0,0.0,101.7,64.0,783.0,18.6,26.9,78.0,139
2024-10-30 08:00:00,21.9,91,950.1,1.9,0.0,101.7,65.2,813.0,19.8,24.8,84.0,138
2024-10-30 09:00:00,24.4,76,951.0,3.1,0.0,89.9,52.4,709.0,15.3,20.2,105.0,137
2024-10-30 10:00:00,26.6,64,951.4,4.5,0.0,78.0,43.8,535.0,7.8,14.2,133.0,135
2024-10-30 11:00:00,28.2,56,950.7,6.8,0.0,69.4,38.6,396.0,2.3,9.5,151.0,134
2024-10-30 12:00:00,29.0,50,949.7,7.8,0.0,61.0,33.6,324.0,0.2,7.0,152.0,134
2024-10-30 13:00:00,29.5,47,949.0,7.1,0.0,57.6,31.9,287.0,0.1,5.7,144.0,134
2024-10-30 14:00:00,29.6,46,948.3,6.9,0.2,54.4,30.5,294.0,1.9,5.0,134.0,134
2024-10-30 15:00:00,29.3,47,948.1,8.4,0.1,53.2,30.2,355.0,5.3,4.5,124.0,134
2024-10-30 16:00:00,28.6,50,948.1,9.7,0.0,52.6,30.3,459.0,10.7,4.5,111.0,134
2024-10-30 17:00:00,27.1,58,948.3,7.3,0.0,84.3,50.1,588.0,18.9,6.2,104.0,134
2024-10-30 18:00:00,24.9,70,948.4,8.8,0.0,92.9,56.3,762.0,30.4,9.7,87.0,135
2024-10-30 19:00:00,24.2,71,949.0,8.2,0.0,99.9,61.5,961.0,46.3,14.7,63.0,136
2024-10-30 20:00:00,24.5,67,949.9,5.9,0.0,105.0,65.4,1102.0,59.1,19.3,43.0,138
2024-10-30 21:00:00,25.1,62,950.6,3.9,0.0,108.7,68.2,1125.0,65.6,23.3,32.0,139
2024-10-30 22:00:00,24.6,65,950.6,4.5,0.0,113.4,71.5,1090.0,69.1,27.0,26.0,141
2024-10-30 23:00:00,23.5,70,950.1,4.4,0.0,117.8,74.5,1099.0,71.2,29.4,21.0,142
2024-10-31 00:00:00,23.8,67,949.9,3.4,0.0,119.7,75.4,1228.0,73.0,29.8,16.0,144
2024-10-31 01:00:00,23.6,67,949.4,2.1,0.0,117.8,74.5,1401.0,73.5,28.9,12.0,147
2024-10-31 02:00:00,20.6,85,948.5,6.1,0.0,114.1,71.9,1486.0,71.9,28.1,10.0,149
2024-10-31 03:00:00,21.7,78,948.7,3.4,0.0,110.1,69.6,1400.0,67.5,28.0,9.0,150
2024-10-31 04:00:00,21.6,78,948.8,1.8,0.0,106.6,67.8,1226.0,60.9,28.0,10.0,150
2024-10-31 05:00:00,21.6,78,949.2,2.2,0.0,99.4,63.1,1084.0,58.2,25.9,12.0,151
2024-10-31 06:00:00,20.8,86,949.4,4.4,0.0,99.4,62.9,1042.0,48.5,22.5,31.0,151
2024-10-31 07:00:00,22.2,82,950.7,7.8,0.0,101.7,64.7,1033.0,34.9,17.7,58.0,151
2024-10-31 08:00:00,24.1,75,951.5,8.3,0.0,101.0,64.0,971.0,22.9,13.6,84.0,151
2024-10-31 09:00:00,26.1,68,952.2,11.5,0.0,93.8,59.3,794.0,14.2,10.8,108.0,151
2024-10-31 10:00:00,27.8,62,952.5,13.9,0.0,83.8,53.2,564.0,7.1,8.6,130.0,151
2024-10-31 11:00:00,29.2,56,951.7,14.8,0.0,71.2,45.2,390.0,2.3,7.2,146.0,151
2024-10-31 12:00:00,30.0,53,950.6,14.2,0.0,64.3,40.7,308.0,0.3,6.9,151.0,151
2024-10-31 13:00:00,30.4,51,949.7,13.2,0.0,60.5,38.4,281.0,0.5,7.3,149.0,152
2024-10-31 14:00:00,30.5,51,948.8,13.0,0.0,57.7,36.8,303.0,2.0,7.7,144.0,152
2024-10-31 15:00:00,30.1,53,948.3,11.4,0.0,55.4,35.4,397.0,4.6,7.7,135.0,152
2024-10-31 16:00:00,28.4,59,948.5,10.8,0.3,55.5,35.6,541.0,8.4,7.8,122.0,152
2024-10-31 17:00:00,27.2,72,948.6,2.5,0.0,79.2,52.2,660.0,12.4,8.4,104.0,152
2024-10-31 18:00:00,26.4,62,948.7,6.5,0.0,84.8,56.3,719.0,15.8,9.2,93.0,152
2024-10-31 19:00:00,25.7,66,949.3,5.5,0.0,87.1,58.2,752.0,20.8,10.3,77.0,152
2024-10-31 20:00:00,25.2,70,949.9,3.8,0.0,86.1,57.9,791.0,26.0,11.9,63.0,152
2024-10-31 21:00:00,25.6,67,950.6,2.4,0.0,88.7,59.8,868.0,31.9,14.3,51.0,152
2024-10-31 22:00:00,25.1,68,950.8,1.2,0.0,92.7,62.9,950.0,38.0,17.1,40.0,152
2024-10-31 23:00:00,23.5,76,950.4,4.1,0.0,94.1,64.0,968.0,42.0,18.9,32.0,151
2024-11-01 00:00:00,22.4,83,949.9,4.9,0.0,92.7,63.3,862.0,43.0,18.9,27.0,151
2024-11-01 01:00:00,21.5,89,949.2,3.2,0.0,89.9,61.5,693.0,41.9,17.9,24.0,151
2024-11-01 02:00:00,21.2,91,949.0,5.8,0.0,87.3,60.3,568.0,39.0,16.6,25.0,150
2024-11-01 03:00:00,21.9,85,949.1,1.7,0.0,84.1,58.2,528.0,33.5,15.3,29.0,150
2024-11-01 04:00:00,20.7,92,949.3,3.8,0.0,82.0,56.8,533.0,26.3,13.7,36.0,149
2024-11-01 05:00:00,20.7,92,950.0,4.7,0.0,74.7,52.0,572.0,20.6,12.5,42.0,148
2024-11-01 06:00:00,21.0,95,950.6,5.7,0.0,77.5,54.0,684.0,18.5,11.8,53.0,147
2024-11-01 07:00:00,22.5,89,951.9,3.4,0.0,80.6,56.2,830.0,15.4,10.9,70.0,146
2024-11-01 08:00:00,24.1,84,953.0,5.8,0.0,78.5,54.5,889.0,12.1,10.1,87.0,145
2024-11-01 09:00:00,25.9,76,953.6,9.1,0.0,72.6,50.2,776.0,8.5,9.6,105.0,144
2024-11-01 10:00:00,27.7,68,953.8,12.3,0.0,67.3,46.2,577.0,4.7,9.3,124.0,143
2024-11-01 11:00:00,28.8,63,953.3,14.2,0.0,61.5,42.0,420.0,2.0,8.9,138.0,142
2024-11-01 12:00:00,29.6,57,952.1,14.3,0.0,58.8,40.2,356.0,0.9,8.1,145.0,142
2024-11-01 13:00:00,30.0,55,951.0,13.9,0.0,57.2,39.0,336.0,0.9,7.3,146.0,142
2024-11-01 14:00:00,30.0,55,950.2,12.7,0.0,56.1,38.2,340.0,2.0,6.7,144.0,142
2024-11-01 15:00:00,29.6,58,949.7,11.7,0.0,55.9,38.1,355.0,3.4,6.3,138.0,142
2024-11-01 16:00:00,29.2,57,949.9,10.5,0.0,56.8,38.6,394.0,5.9,6.1,127.0,142
2024-11-01 17:00:00,27.6,64,950.2,8.3,0.1,72.6,49.5,478.0,10.3,7.0,115.0,143
2024-11-01 18:00:00,26.6,65,950.0,6.8,0.0,87.3,59.6,638.0,20.6,9.9,99.0,142
2024-11-01 19:00:00,27.5,57,951.2,4.4,0.0,94.8,64.7,844.0,34.9,13.9,76.0,143
2024-11-01 20:00:00,24.6,74,951.5,7.1,0.0,100.1,68.5,1022.0,46.9,18.0,57.0,143
2024-11-01 21:00:00,24.1,76,952.1,7.0,0.0,104.1,71.2,1160.0,54.0,22.1,45.0,144
2024-11-01 22:00:00,24.0,72,952.2,5.8,0.0,106.6,73.1,1271.0,58.7,26.2,37.0,146
2024-11-01 23:00:00,23.8,75,951.9,7.0,0.0,106.6,73.3,1319.0,61.9,29.0,30.0,147
2024-11-02 00:00:00,24.0,70,951.8,3.4,0.0,104.8,72.2,1270.0,64.1,29.9,25.0,148
2024-11-02 01:00:00,22.2,78,951.0,6.0,0.0,103.8,71.7,1158.0,64.7,29.5,22.0,149
2024-11-02 02:00:00,22.6,72,950.7,3.9,0.0,107.6,74.3,1051.0,63.0,28.0,20.0,150
2024-11-02 03:00:00,22.3,73,950.3,1.3,0.0,109.2,75.4,961.0,58.0,25.2,18.0,150
2024-11-02 04:00:00,21.8,75,950.3,1.1,0.0,110.4,76.4,875.0,50.7,21.3,18.0,151
2024-11-02 05:00:00,21.5,77,950.5,1.7,0.0,85.0,59.0,828.0,22.1,11.6,43.0,151
2024-11-02 06:00:00,20.1,93,951.4,4.5,0.0,84.8,58.9,868.0,20.1,11.2,52.0,152
2024-11-02 07:00:00,21.4,93,952.2,5.6,0.0,86.1,60.1,945.0,17.3,10.7,65.0,152
2024-11-02 08:00:00,23.6,86,953.2,7.6,0.0,84.5,58.4,945.0,14.0,10.4,81.0,152
2024-11-02 09:00:00,25.8,75,954.0,11.2,0.0,81.5,55.9,783.0,9.8,10.7,103.0,152
2024-11-02 10:00:00,27.4,64,954.2,13.9,0.0,71.0,47.8,544.0,5.2,11.2,127.0,152
2024-11-02 11:00:00,28.8,54,953.7,13.9,0.0,60.3,39.1,363.0,1.9,11.3,144.0,152
2024-11-02 12:00:00,29.7,48,952.4,13.4,0.0,53.2,33.8,296.0,0.4,10.4,149.0,152
2024-11-02 13:00:00,30.1,45,951.4,11.6,0.0,49.9,31.3,288.0,0.3,8.9,147.0,152
2024-11-02 14:00:00,30.1,43,950.6,9.6,0.0,48.2,30.0,311.0,1.7,7.9,141.0,152
2024-11-02 15:00:00,29.8,44,950.1,9.2,0.0,46.9,29.2,358.0,4.6,7.2,133.0,151
2024-11-02 16:00:00,29.2,45,950.0,8.0,0.0,45.9,28.4,436.0,9.1,7.0,121.0,151
2024-11-02 17:00:00,27.0,68,949.9,5.0,0.0,56.7,36.6,545.0,14.5,7.8,102.0,151
2024-11-02 18:00:00,26.0,55,949.6,7.7,0.0,63.6,41.4,707.0,20.6,9.6,91.0,151
2024-11-02 19:00:00,23.9,61,949.6,9.1,0.0,67.8,44.2,900.0,29.0,12.2,75.0,150
2024-11-02 20:00:00,24.8,54,950.6,7.7,0.0,70.3,46.0,1055.0,34.8,14.1,62.0,148
2024-11-02 21:00:00,22.1,67,950.7,10.4,0.0,71.9,47.1,1161.0,36.0,15.0,56.0,145
2024-11-02 22:00:00,21.2,71,951.0,9.6,0.0,72.9,47.8,1229.0,34.6,15.2,52.0,143
2024-11-02 23:00:00,20.9,72,951.1,9.3,0.0,71.2,46.8,1219.0,31.9,14.8,50.0,140
2024-11-03 00:00:00,23.7,57,951.4,5.2,0.0,67.8,44.5,1068.0,27.4,13.2,48.0,137
2024-11-03 01:00:00,23.1,60,950.8,1.2,0.0,65.7,43.1,839.0,21.5,10.8,48.0,135
2024-11-03 02:00:00,22.3,63,950.3,2.6,0.0,64.7,42.5,679.0,16.9,9.2,48.0,132
2024-11-03 03:00:00,21.3,66,949.8,3.5,0.0,64.5,42.6,669.0,14.6,8.9,49.0,128
2024-11-03 04:00:00,20.8,68,949.9,3.6,0.0,65.0,43.2,728.0,13.5,9.4,51.0,125
2024-11-03 05:00:00,20.4,69,950.2,4.7,0.0,65.7,43.5,759.0,14.4,10.2,51.0,121
2024-11-03 06:00:00,18.6,83,950.9,4.7,0.0,69.2,46.0,725.0,14.8,10.2,56.0,120
2024-11-03 07:00:00,20.4,79,952.0,6.0,0.0,73.8,49.2,664.0,15.2,10.2,63.0,118
2024-11-03 08:00:00,23.1,74,953.0,5.1,0.0,76.6,51.1,589.0,14.3,10.3,76.0,117
2024-11-03 09:00:00,25.4,69,953.9,9.0,0.0,81.5,54.6,489.0,10.6,10.6,101.0,117
2024-11-03 10:00:00,27.4,63,954.0,12.1,0.0,79.2,53.3,376.0,5.6,11.0,132.0,116
2024-11-03 11:00:00,28.9,52,953.1,13.9,0.0,71.0,47.4,294.0,1.9,11.0,154.0,117
2024-11-03 12:00:00,29.7,47,952.0,13.5,0.0,65.0,42.7,259.0,0.5,10.1,160.0,118
2024-11-03 13:00:00,30.2,44,951.0,11.9,0.0,60.8,39.5,255.0,0.4,8.9,156.0,119
2024-11-03 14:00:00,30.2,43,950.1,11.1,0.0,57.5,37.3,285.0,1.8,7.9,149.0,120
2024-11-03 15:00:00,30.0,42,949.4,9.9,0.0,55.8,36.1,353.0,4.9,7.4,139.0,120
2024-11-03 16:00:00,29.6,43,949.5,8.6,0.0,54.9,35.5,453.0,9.5,7.3,125.0,121
2024-11-03 17:00:00,27.5,54,949.6,6.0,0.0,71.2,46.6,572.0,13.2,7.4,105.0,122
2024-11-03 18:00:00,24.3,63,949.8,9.4,0.0,77.5,51.0,737.0,17.1,8.6,96.0,123
2024-11-03 19:00:00,24.8,55,950.6,2.7,0.0,80.8,53.2,919.0,22.4,10.3,84.0,124
2024-11-03 20:00:00,23.2,64,950.8,3.9,0.0,82.7,54.5,1022.0,26.3,11.7,74.0,125
2024-11-03 21:00:00,24.0,63,951.4,2.2,0.0,83.8,55.2,990.0,27.6,12.6,68.0,126
2024-11-03 22:00:00,22.3,70,951.4,7.4,0.0,85.0,56.0,878.0,27.5,13.2,64.0,127
2024-11-03 23:00:00,20.9,76,951.1,8.0,0.0,84.1,55.4,752.0,26.0,13.2,62.0,127
2024-11-04 00:00:00,22.7,65,951.0,6.1,0.0,81.0,53.3,609.0,22.4,12.2,61.0,128
2024-11-04 01:00:00,22.0,68,950.3,6.3,0.0,78.2,51.1,451.0,17.5,10.7,61.0,129
2024-11-04 02:00:00,21.3,70,949.5,6.4,0.0,75.7,49.2,351.0,13.5,9.6,61.0,130
2024-11-04 03:00:00,22.4,63,949.5,4.0,0.0,73.6,47.6,349.0,11.4,9.4,61.0,131
2024-11-04 04:00:00,21.4,67,949.5,3.6,0.0,71.9,46.3,405.0,10.2,9.8,62.0,131
2024-11-04 05:00:00,18.6,82,949.3,6.8,0.0,69.6,44.2,473.0,9.2,10.0,68.0,132
2024-11-04 06:00:00,20.1,76,950.4,1.5,0.0,71.2,45.2,563.0,11.2,10.7,69.0,132
2024-11-04 07:00:00,20.3,77,951.1,2.5,0.0,74.7,47.6,663.0,13.9,11.6,72.0,132
2024-11-04 08:00:00,22.5,70,951.9,5.6,0.0,76.4,48.2,696.0,14.5,12.0,80.0,131
2024-11-04 09:00:00,25.1,59,952.6,9.2,0.0,75.9,47.0,597.0,11.1,11.3,98.0,131
2024-11-04 10:00:00,27.4,51,952.7,10.5,0.0,69.2,41.7,430.0,5.7,10.1,122.0,130
2024-11-04 11:00:00,28.9,43,951.8,13.7,0.0,67.5,39.7,305.0,1.7,9.0,139.0,129
2024-11-04 12:00:00,29.7,40,950.9,13.9,0.0,66.4,38.9,261.0,0.3,8.1,145.0,128
2024-11-04 13:00:00,30.1,39,950.1,12.4,0.0,65.4,38.3,260.0,0.3,7.4,144.0,128
2024-11-04 14:00:00,29.9,38,949.1,12.7,0.0,64.5,38.0,299.0,1.7,6.9,140.0,128
2024-11-04 15:00:00,29.0,42,948.7,14.3,0.0,64.0,37.7,379.0,4.5,6.6,132.0,128
2024-11-04 16:00:00,28.4,47,948.4,10.1,0.0,63.6,37.6,499.0,8.6,6.5,120.0,128
2024-11-04 17:00:00,26.9,54,948.5,6.1,0.0,82.0,50.5,651.0,14.8,5.9,102.0,128
2024-11-04 18:00:00,24.5,64,948.5,9.0,0.0,88.0,55.1,878.0,21.2,7.7,89.0,129
2024-11-04 19:00:00,25.8,56,949.5,5.2,0.0,91.3,57.4,1137.0,30.0,10.2,72.0,129
2024-11-04 20:00:00,24.6,62,949.8,2.8,0.0,94.5,59.8,1288.0,36.9,12.4,57.0,130
2024-11-04 21:00:00,23.4,69,950.4,3.4,0.0,96.6,61.7,1252.0,40.7,14.2,48.0,130
2024-11-04 22:00:00,22.4,77,950.4,1.8,0.0,97.6,62.9,1108.0,42.5,15.6,41.0,131
2024-11-04 23:00:00,22.0,78,950.4,4.0,0.0,95.9,61.9,950.0,41.5,15.9,38.0,132
2024-11-05 00:00:00,22.0,74,950.1,4.6,0.0,91.0,59.0,782.0,35.8,14.1,39.0,132
2024-11-05 01:00:00,23.2,64,950.3,3.3,0.0,86.6,56.1,600.0,27.3,11.1,43.0,133
2024-11-05 02:00:00,21.6,72,949.5,2.4,0.0,82.9,53.7,482.0,20.4,8.9,47.0,133
2024-11-05 03:00:00,19.5,86,949.3,6.1,0.0,80.3,51.9,469.0,17.0,8.2,49.0,134
2024-11-05 04:00:00,19.0,88,949.2,5.7,0.0,78.5,50.6,520.0,15.3,8.3,50.0,134
2024-11-05 05:00:00,20.2,79,949.9,1.8,0.0,75.0,47.8,590.0,13.6,8.3,51.0,135
2024-11-05 06:00:00,19.4,84,951.0,4.4,0.0,78.0,49.4,700.0,14.6,8.7,55.0,135
2024-11-05 07:00:00,20.4,81,951.9,4.4,0.0,83.6,52.6,828.0,15.7,9.3,61.0,135
2024-11-05 08:00:00,22.7,72,952.6,5.2,0.0,87.5,54.1,867.0,15.2,9.4,72.0,136
2024-11-05 09:00:00,25.2,61,953.3,8.8,0.0,89.9,54.1,733.0,11.4,8.8,92.0,137
2024-11-05 10:00:00,27.5,50,953.3,11.8,0.0,84.5,50.1,509.0,5.9,7.8,117.0,137
2024-11-05 11:00:00,28.7,43,952.5,14.3,0.0,81.5,47.4,339.0,1.9,6.9,136.0,138
2024-11-05 12:00:00,29.4,40,951.3,13.9,0.0,82.2,46.8,280.0,0.3,6.3,144.0,139
2024-11-05 13:00:00,29.7,39,950.4,12.6,0.0,80.1,45.6,275.0,0.2,5.8,145.0,140
2024-11-05 14:00:00,29.7,39,949.7,11.1,0.0,78.0,44.5,295.0,1.8,5.6,142.0,141
2024-11-05 15:00:00,29.4,39,949.3,11.0,0.0,76.1,43.5,312.0,5.2,5.5,135.0,141
2024-11-05 16:00:00,28.7,39,949.4,12.0,0.0,75.0,43.0,355.0,10.4,5.8,123.0,142
2024-11-05 17:00:00,26.9,45,949.6,7.9,0.0,99.7,59.3,479.0,15.7,6.4,111.0,142
2024-11-05 18:00:00,24.2,53,949.5,8.7,0.0,106.2,64.0,782.0,22.4,8.4,97.0,143
2024-11-05 19:00:00,26.7,42,950.6,3.2,0.0,109.9,66.8,1165.0,31.9,11.3,77.0,144
2024-11-05 20:00:00,25.5,46,951.2,3.9,0.0,112.7,68.9,1391.0,40.3,14.4,60.0,145
2024-11-05 21:00:00,24.6,49,951.5,2.4,0.0,114.6,70.8,1312.0,47.2,18.2,48.0,146
2024-11-05 22:00:00,21.9,62,951.5,3.6,0.0,118.5,73.3,1075.0,53.0,22.3,38.0,147
2024-11-05 23:00:00,21.4,68,951.1,4.8,0.0,121.5,75.4,882.0,55.1,24.5,32.0,148
2024-11-06 00:00:00,20.2,76,950.6,6.4,0.0,120.1,74.3,809.0,51.5,23.4,32.0,150
2024-11-06 01:00:00,20.0,76,950.5,6.9,0.0,116.4,71.7,779.0,44.3,20.3,35.0,150
2024-11-06 02:00:00,20.0,75,950.1,3.1,0.0,112.0,68.9,767.0,37.2,17.4,38.0,151
2024-11-06 03:00:00,18.9,79,949.9,3.9,0.0,107.6,66.1,766.0,30.9,15.2,39.0,151
2024-11-06 04:00:00,18.9,79,950.1,3.6,0.0,103.1,63.3,782.0,24.8,13.1,40.0,152
2024-11-06 05:00:00,18.3,81,950.1,3.8,0.0,101.7,61.9,812.0,19.6,11.4,46.0,152
2024-11-06 06:00:00,17.9,86,951.3,4.0,0.0,102.7,62.6,888.0,20.6,11.6,51.0,152
2024-11-06 07:00:00,19.3,81,952.4,2.7,0.0,106.6,65.4,978.0,21.7,11.7,59.0,153
2024-11-06 08:00:00,21.8,69,953.6,0.3,0.0,109.4,66.6,981.0,20.6,11.6,73.0,153
2024-11-06 09:00:00,24.5,59,954.3,3.7,0.0,108.5,63.6,812.0,15.1,10.9,98.0,154
2024-11-06 10:00:00,26.8,52,954.1,7.0,0.0,109.0,62.4,557.0,7.5,9.8,129.0,154
2024-11-06 11:00:00,28.7,43,953.5,11.5,0.0,104.5,58.4,367.0,1.9,9.0,151.0,154
2024-11-06 12:00:00,29.6,40,952.3,11.1,0.0,100.6,55.9,302.0,0.0,8.5,159.0,155
2024-11-06 13:00:00,30.0,39,951.4,9.6,0.0,97.1,54.0,303.0,0.3,8.3,159.0,155
2024-11-06 14:00:00,30.0,40,950.7,7.6,0.0,95.2,52.9,349.0,1.9,8.2,155.0,155
2024-11-06 15:00:00,30.0,41,950.1,4.5,0.0,93.1,51.8,465.0,4.5,8.0,147.0,155
2024-11-06 16:00:00,30.2,40,949.9,2.6,0.0,91.0,50.8,625.0,8.5,7.9,135.0,156
2024-11-06 17:00:00,27.9,55,949.7,5.2,0.0,89.4,52.0,729.0,15.4,8.6,126.0,156
2024-11-06 18:00:00,25.0,61,949.8,4.4,0.0,93.6,55.3,715.0,24.3,11.3,108.0,156
2024-11-06 19:00:00,23.0,67,950.5,7.3,0.0,95.7,57.3,645.0,36.3,15.0,83.0,155
2024-11-06 20:00:00,22.2,64,951.0,9.5,0.0,96.4,58.3,610.0,43.0,17.2,65.0,155
2024-11-06 21:00:00,23.6,52,951.7,8.3,0.0,92.7,56.5,667.0,39.8,16.5,59.0,155
2024-11-06 22:00:00,22.4,58,951.5,8.8,0.0,83.6,51.1,759.0,31.4,14.3,59.0,154
2024-11-06 23:00:00,21.3,64,951.1,8.4,0.0,72.9,44.4,803.0,23.4,12.2,61.0,154
2024-11-07 00:00:00,19.6,73,950.8,9.5,0.0,65.9,39.8,745.0,17.4,10.4,64.0,153
2024-11-07 01:00:00,19.0,75,950.4,8.7,0.0,63.3,38.0,640.0,11.9,8.6,69.0,152
2024-11-07 02:00:00,21.0,64,950.4,5.2,0.0,63.1,37.6,571.0,7.9,7.5,74.0,151
2024-11-07 03:00:00,20.6,65,950.2,2.2,0.0,63.8,38.0,573.0,6.0,7.6,77.0,149
2024-11-07 04:00:00,20.2,66,950.3,2.3,0.0,65.2,38.4,611.0,5.7,8.4,80.0,146
2024-11-07 05:00:00,19.9,67,950.7,1.9,0.0,69.2,40.6,665.0,4.5,10.1,91.0,144
2024-11-07 06:00:00,19.8,66,951.4,3.5,0.0,71.9,42.4,762.0,7.6,10.7,86.0,142
2024-11-07 07:00:00,20.0,68,952.3,3.0,0.0,76.1,45.3,874.0,11.8,11.5,80.0,140
2024-11-07 08:00:00,22.2,65,953.4,2.8,0.0,80.3,47.5,899.0,13.6,12.2,83.0,137
2024-11-07 09:00:00,24.6,59,953.9,6.2,0.0,88.0,51.0,753.0,10.8,12.7,105.0,135
2024-11-07 10:00:00,26.8,53,953.7,9.2,0.0,95.7,55.2,519.0,5.7,13.2,135.0,134
2024-11-07 11:00:00,28.4,44,953.0,11.3,0.0,91.7,51.5,345.0,1.9,13.2,158.0,133
2024-11-07 12:00:00,29.4,40,951.7,10.3,0.0,87.5,48.9,285.0,0.4,12.5,166.0,133
2024-11-07 13:00:00,30.0,37,950.9,10.8,0.0,83.1,46.6,284.0,0.2,11.5,165.0,132
2024-11-07 14:00:00,29.9,36,950.2,10.8,0.0,80.1,44.9,323.0,1.8,10.7,160.0,131
2024-11-07 15:00:00,29.6,37,949.9,8.9,0.0,78.2,44.0,380.0,5.0,10.1,152.0,130
2024-11-07 16:00:00,29.1,38,949.9,7.2,0.0,77.5,43.8,476.0,10.0,9.8,139.0,130
2024-11-07 17:00:00,26.8,50,949.7,5.1,0.0,114.8,67.3,655.0,18.6,10.5,126.0,129
2024-11-07 18:00:00,27.1,39,950.1,7.4,0.0,120.6,71.5,1030.0,25.8,12.9,111.0,130
2024-11-07 19:00:00,25.7,43,950.5,7.2,0.0,123.9,74.3,1488.0,35.5,16.3,90.0,132
2024-11-07 20:00:00,22.2,59,950.8,11.1,0.0,128.1,77.1,1731.0,41.6,18.5,74.0,134
2024-11-07 21:00:00,21.5,62,951.4,8.6,0.0,129.9,78.7,1572.0,41.3,18.9,66.0,136
2024-11-07 22:00:00,20.8,65,951.7,8.6,0.0,126.7,77.3,1197.0,37.5,18.2,62.0,138
2024-11-07 23:00:00,20.7,65,951.4,8.0,0.0,117.6,71.7,872.0,32.2,16.7,60.0,141
2024-11-08 00:00:00,23.0,54,951.3,6.2,0.0,108.7,66.1,677.0,25.0,14.0,61.0,144
2024-11-08 01:00:00,22.4,57,950.7,3.6,0.0,103.4,62.9,531.0,16.3,10.5,65.0,146
2024-11-08 02:00:00,21.4,61,950.1,3.5,0.0,100.1,60.8,456.0,9.9,8.0,68.0,149
2024-11-08 03:00:00,19.5,70,949.8,5.2,0.0,98.0,59.5,483.0,7.4,7.3,69.0,150
2024-11-08 04:00:00,20.1,67,949.9,0.8,0.0,96.6,58.6,581.0,7.1,7.5,69.0,151
2024-11-08 05:00:00,20.0,68,950.1,1.4,0.0,94.5,57.2,680.0,6.5,7.8,73.0,152
2024-11-08 06:00:00,19.1,75,951.0,6.1,0.0,96.9,58.7,787.0,8.9,8.4,71.0,152
2024-11-08 07:00:00,19.7,76,952.0,5.4,0.0,100.6,61.5,896.0,12.0,9.2,69.0,153
2024-11-08 08:00:00,22.3,69,953.1,4.7,0.0,105.9,64.5,917.0,13.1,10.1,76.0,153
2024-11-08 09:00:00,25.0,60,953.5,9.2,0.0,119.0,71.2,774.0,10.3,11.1,100.0,154
2024-11-08 10:00:00,27.2,49,953.2,14.2,0.0,123.9,72.6,543.0,5.5,12.1,133.0,154
2024-11-08 11:00:00,28.5,42,952.4,16.2,0.0,114.1,67.3,370.0,1.9,12.6,157.0,155
2024-11-08 12:00:00,29.3,38,951.3,16.6,0.0,105.5,62.2,314.0,0.5,12.0,164.0,155
2024-11-08 13:00:00,29.6,35,950.5,16.3,0.0,101.7,59.8,316.0,0.4,10.8,163.0,156
2024-11-08 14:00:00,29.6,36,949.6,14.0,0.0,99.0,58.3,342.0,1.8,9.9,157.0,156
2024-11-08 15:00:00,29.5,36,949.4,11.5,0.0,98.0,57.7,384.0,5.2,9.5,148.0,156
2024-11-08 16:00:00,29.0,37,949.5,10.4,0.0,95.7,56.5,451.0,10.1,9.4,134.0,157
2024-11-08 17:00:00,27.0,43,949.6,7.5,0.0,98.7,59.5,538.0,14.6,9.9,119.0,157
2024-11-08 18:00:00,24.6,47,949.6,7.6,0.0,103.4,62.9,666.0,18.9,11.2,109.0,157
2024-11-08 19:00:00,24.6,46,950.2,7.3,0.0,105.7,64.7,813.0,24.7,13.1,94.0,157
2024-11-08 20:00:00,23.5,50,950.9,8.6,0.0,106.9,65.4,911.0,27.6,14.1,83.0,156
2024-11-08 21:00:00,21.9,58,951.5,8.4,0.0,106.2,65.0,926.0,25.2,13.7,79.0,156
2024-11-08 22:00:00,20.9,62,951.3,7.7,0.0,103.4,63.3,893.0,20.0,12.6,77.0,156
2024-11-08 23:00:00,21.8,58,951.3,7.9,0.0,100.1,60.8,841.0,15.2,11.4,77.0,155
2024-11-09 00:00:00,22.5,55,951.0,7.4,0.0,98.7,59.6,769.0,11.5,10.4,77.0,155
2024-11-09 01:00:00,20.5,66,950.3,7.2,0.0,99.2,59.4,678.0,8.2,9.3,78.0,155
2024-11-09 02:00:00,21.3,60,950.2,3.4,0.0,99.4,59.3,610.0,6.0,8.6,78.0,155
2024-11-09 03:00:00,19.0,73,949.7,5.5,0.0,99.2,59.0,577.0,5.1,8.4,76.0,155
2024-11-09 04:00:00,18.5,76,949.7,2.1,0.0,98.5,58.4,566.0,5.2,8.5,73.0,155
2024-11-09 05:00:00,18.4,76,949.9,2.7,0.0,93.6,55.6,579.0,7.3,9.3,72.0,155
2024-11-09 06:00:00,19.9,70,951.2,5.0,0.0,96.4,57.5,648.0,10.8,10.0,69.0,155
2024-11-09 07:00:00,20.2,72,952.2,2.3,0.0,100.8,60.8,743.0,15.3,11.0,66.0,154
2024-11-09 08:00:00,22.3,67,953.3,2.2,0.0,106.4,63.8,769.0,17.1,11.5,71.0,154
2024-11-09 09:00:00,24.7,59,953.7,6.0,0.0,114.8,67.3,660.0,13.3,11.3,94.0,154
2024-11-09 10:00:00,27.1,47,953.6,11.1,0.0,115.0,66.4,483.0,6.6,10.7,125.0,154
2024-11-09 11:00:00,28.4,39,952.9,14.8,0.0,106.6,61.0,351.0,1.7,10.0,148.0,154
2024-11-09 12:00:00,29.1,37,951.8,14.2,0.0,100.1,57.2,306.0,0.0,9.1,155.0,154
2024-11-09 13:00:00,29.6,35,950.6,12.4,0.0,95.2,54.5,307.0,0.1,8.0,153.0,154
2024-11-09 14:00:00,29.7,34,950.0,9.2,0.0,91.7,52.5,338.0,1.7,7.2,148.0,154
2024-11-09 15:00:00,29.6,34,949.5,6.8,0.0,89.9,51.6,395.0,5.3,6.8,139.0,153
2024-11-09 16:00:00,29.1,36,949.5,5.9,0.0,88.9,51.1,483.0,10.4,6.8,126.0,153
2024-11-09 17:00:00,26.6,54,949.5,6.0,0.0,91.7,54.5,606.0,14.4,7.5,110.0,153
2024-11-09 18:00:00,24.5,45,949.4,7.6,0.0,100.4,60.1,821.0,18.3,8.8,101.0,153
2024-11-09 19:00:00,22.9,53,949.8,10.3,0.0,105.0,63.1,1070.0,23.4,10.5,89.0,153
2024-11-09 20:00:00,23.3,49,950.5,8.9,0.0,109.2,65.7,1186.0,26.5,11.7,80.0,153
2024-11-09 21:00:00,21.5,57,950.8,9.0,0.0,112.0,67.5,1051.0,25.6,12.0,77.0,153
2024-11-09 22:00:00,21.5,55,951.1,7.3,0.0,113.2,68.2,782.0,22.6,11.7,78.0,153
2024-11-09 23:00:00,23.6,47,951.4,5.7,0.0,111.5,66.8,564.0,19.3,11.1,78.0,153
2024-11-10 00:00:00,20.1,63,950.4,8.2,0.0,108.0,64.7,464.0,15.9,10.0,76.0,153
2024-11-10 01:00:00,21.9,54,950.4,3.7,0.0,104.5,62.6,415.0,12.1,8.7,74.0,153
2024-11-10 02:00:00,21.6,55,950.1,3.4,0.0,101.0,60.5,400.0,9.3,7.7,73.0,153
2024-11-10 03:00:00,20.7,58,950.0,3.1,0.0,97.8,58.7,415.0,7.8,7.5,72.0,154
2024-11-10 04:00:00,20.3,60,950.2,1.0,0.0,94.8,56.8,464.0,7.3,7.6,72.0,154
2024-11-10 05:00:00,19.9,62,950.5,0.5,0.0,92.7,55.8,540.0,8.0,8.0,73.0,153
2024-11-10 06:00:00,19.5,65,951.2,3.7,0.0,94.1,56.7,682.0,11.3,8.7,71.0,153
2024-11-10 07:00:00,19.7,66,952.2,2.9,0.0,97.8,59.4,850.0,15.6,9.7,69.0,153
2024-11-10 08:00:00,21.8,63,953.5,2.5,0.0,102.0,61.9,918.0,17.2,10.2,74.0,153
2024-11-10 09:00:00,24.2,57,954.2,5.6,0.0,110.8,65.7,795.0,13.4,10.0,93.0,153
2024-11-10 10:00:00,26.5,51,954.0,9.6,0.0,107.3,62.9,571.0,6.8,9.4,120.0,153
2024-11-10 11:00:00,28.0,45,953.1,12.0,0.0,93.8,55.2,400.0,1.9,8.8,140.0,153
2024-11-10 12:00:00,29.0,41,951.9,10.6,0.0,85.4,50.1,335.0,0.2,8.3,148.0,153
2024-11-10 13:00:00,29.4,39,950.9,8.9,0.0,82.7,48.5,322.0,0.3,7.7,148.0,153
2024-11-10 14:00:00,29.3,37,950.3,9.5,0.0,81.7,47.8,346.0,1.8,7.4,145.0,153
2024-11-10 15:00:00,28.7,37,950.0,10.6,0.0,81.7,48.0,393.0,5.1,7.3,137.0,152
2024-11-10 16:00:00,28.0,37,950.2,7.7,0.0,82.9,48.7,478.0,10.0,7.4,125.0,152
2024-11-10 17:00:00,26.3,58,950.0,4.5,0.0,105.0,63.1,632.0,14.4,7.4,111.0,152
2024-11-10 18:00:00,25.7,46,950.0,5.8,0.0,112.2,68.2,926.0,17.2,8.5,104.0,153
2024-11-10 19:00:00,26.0,43,950.7,1.7,0.0,116.2,70.5,1289.0,20.9,10.0,95.0,153
2024-11-10 20:00:00,25.3,45,951.2,4.8,0.0,118.7,72.2,1545.0,22.7,10.8,88.0,153
2024-11-10 21:00:00,21.3,61,951.0,7.0,0.0,118.7,72.2,1617.0,20.8,10.3,85.0,153
2024-11-10 22:00:00,20.1,68,950.7,10.3,0.0,117.6,71.5,1581.0,17.0,9.1,85.0,153
2024-11-10 23:00:00,19.5,71,950.5,8.7,0.0,114.6,69.4,1490.0,13.4,8.0,84.0,153
2024-11-11 00:00:00,21.4,62,950.8,5.9,0.0,111.1,67.1,1337.0,10.6,7.1,81.0,154
2024-11-11 01:00:00,20.4,65,950.5,5.0,0.0,109.0,65.9,1129.0,8.1,6.4,78.0,154
2024-11-11 02:00:00,19.5,68,949.9,1.9,0.0,105.9,64.0,938.0,6.4,5.9,75.0,154
2024-11-11 03:00:00,18.5,72,949.6,4.2,0.0,103.4,62.4,776.0,5.7,5.9,73.0,154
2024-11-11 04:00:00,20.0,62,950.1,2.9,0.0,101.5,61.2,631.0,5.9,6.3,70.0,154
2024-11-11 05:00:00,19.9,63,950.5,2.7,0.0,102.0,61.5,545.0,6.2,6.6,69.0,154
2024-11-11 06:00:00,18.5,74,951.3,6.8,0.0,103.8,62.9,568.0,9.2,7.6,66.0,154
2024-11-11 07:00:00,19.6,72,952.3,4.7,0.0,108.7,66.1,649.0,13.2,8.9,64.0,154
2024-11-11 08:00:00,21.9,66,953.0,4.7,0.0,115.5,70.3,674.0,14.8,9.6,69.0,155
2024-11-11 09:00:00,24.4,59,953.5,6.5,0.0,118.7,71.0,574.0,11.5,9.2,91.0,155
2024-11-11 10:00:00,26.7,43,953.4,14.9,0.0,121.1,71.5,418.0,5.7,8.2,120.0,155
2024-11-11 11:00:00,27.6,40,952.5,17.5,0.0,115.5,68.2,303.0,1.5,7.3,142.0,155
2024-11-11 12:00:00,28.3,41,951.1,14.8,0.0,109.7,65.0,269.0,0.2,6.8,149.0,156
2024-11-11 13:00:00,28.9,38,950.0,13.9,0.0,103.8,61.7,276.0,0.5,6.4,147.0,156
2024-11-11 14:00:00,29.1,36,949.2,13.6,0.0,98.7,58.8,300.0,1.7,6.2,142.0,157
2024-11-11 15:00:00,29.1,35,948.8,12.1,0.0,93.6,56.0,340.0,3.8,6.2,134.0,157
2024-11-11 16:00:00,28.5,35,948.8,12.0,0.0,89.9,54.0,398.0,6.9,6.3,124.0,157
2024-11-11 17:00:00,26.8,41,948.9,8.6,0.0,125.7,76.1,457.0,10.6,7.0,116.0,157
2024-11-11 18:00:00,24.3,44,949.2,7.7,0.0,126.7,77.8,521.0,14.1,8.2,107.0,158
2024-11-11 19:00:00,22.1,56,949.8,9.6,0.0,128.5,79.4,585.0,18.8,9.8,95.0,158
2024-11-11 20:00:00,21.6,56,950.6,8.0,0.0,128.1,79.4,618.0,21.3,10.9,87.0,158
2024-11-11 21:00:00,22.0,55,951.1,8.5,0.0,126.2,78.2,599.0,19.6,11.1,86.0,158
2024-11-11 22:00:00,21.8,56,951.2,8.9,0.0,123.4,76.6,550.0,15.6,10.8,89.0,159
2024-11-11 23:00:00,21.0,60,950.6,7.4,0.0,118.3,73.1,501.0,11.9,10.5,91.0,159
2024-11-12 00:00:00,19.7,66,949.9,7.1,0.0,115.7,71.2,459.0,9.1,10.1,92.0,159
2024-11-12 01:00:00,20.2,63,949.4,7.8,0.0,114.3,70.1,418.0,6.6,9.7,94.0,159
2024-11-12 02:00:00,17.9,75,949.0,9.6,0.0,112.9,69.2,393.0,4.9,9.4,94.0,159
2024-11-12 03:00:00,17.4,77,948.9,7.5,0.0,111.3,68.0,391.0,4.1,9.3,92.0,159
2024-11-12 04:00:00,16.9,80,948.9,7.9,0.0,109.7,67.1,405.0,4.2,9.3,90.0,159
2024-11-12 05:00:00,16.7,81,949.0,7.7,0.0,110.1,67.5,431.0,6.3,9.5,81.0,160
2024-11-12 06:00:00,16.4,84,950.1,7.8,0.0,111.8,68.9,486.0,8.5,9.8,78.0,160
2024-11-12 07:00:00,18.8,75,951.4,6.4,0.0,114.3,71.0,553.0,11.5,10.2,76.0,160
2024-11-12 08:00:00,21.2,67,952.5,6.6,0.0,111.1,68.7,576.0,12.5,10.5,82.0,160
2024-11-12 09:00:00,23.5,59,953.0,9.6,0.0,101.3,62.6,513.0,9.8,10.8,105.0,160
2024-11-12 10:00:00,25.9,49,952.9,14.7,0.0,88.5,54.6,406.0,5.1,10.9,136.0,160
2024-11-12 11:00:00,27.5,40,952.1,16.2,0.0,80.1,49.2,326.0,1.7,11.0,159.0,159
2024-11-12 12:00:00,28.4,38,951.2,13.9,0.0,78.0,48.0,300.0,0.4,10.8,166.0,159
2024-11-12 13:00:00,29.0,36,950.1,12.1,0.0,75.9,46.8,300.0,0.3,10.4,165.0,158
2024-11-12 14:00:00,29.3,35,949.2,10.2,0.0,73.6,45.4,312.0,1.8,10.2,160.0,158
2024-11-12 15:00:00,29.2,34,948.9,8.5,0.0,71.0,44.0,332.0,5.0,9.9,151.0,157
2024-11-12 16:00:00,28.7,35,948.8,8.2,0.0,69.8,43.2,365.0,9.7,9.8,138.0,157
2024-11-12 17:00:00,26.0,49,948.6,6.0,0.0,55.2,53.1,410.0,17.3,11.8,124.0,157
2024-11-12 18:00:00,26.7,38,948.8,7.5,0.0,62.2,60.1,476.0,24.3,13.1,109.0,156
2024-11-12 19:00:00,25.8,40,949.5,6.8,0.0,65.2,63.1,554.0,33.7,14.9,88.0,155
2024-11-12 20:00:00,24.4,43,950.3,4.6,0.0,67.3,65.0,614.0,39.2,16.0,72.0,155
2024-11-12 21:00:00,23.2,47,950.4,4.8,0.0,67.8,65.7,652.0,37.3,15.7,67.0,155
2024-11-12 22:00:00,22.0,53,950.2,8.2,0.0,66.6,64.5,673.0,31.5,14.6,67.0,154
2024-11-12 23:00:00,21.1,58,949.7,7.4,0.0,62.6,60.8,660.0,25.5,13.7,69.0,154
2024-11-13 00:00:00,20.5,61,949.0,6.9,0.0,58.6,57.0,584.0,20.1,13.1,71.0,153
2024-11-13 01:00:00,20.0,64,948.4,6.2,0.0,56.2,54.8,475.0,14.6,12.6,75.0,153
2024-11-13 02:00:00,19.4,67,947.7,3.8,0.0,54.6,53.4,405.0,10.5,12.4,79.0,153
2024-11-13 03:00:00,18.9,71,947.5,3.1,0.0,53.3,52.2,411.0,8.4,12.7,82.0,152
2024-11-13 04:00:00,18.7,72,947.8,2.8,0.0,52.2,51.0,455.0,7.6,13.4,85.0,152
2024-11-13 05:00:00,18.5,72,948.3,3.2,0.0,53.3,52.0,501.0,8.7,14.4,84.0,151
2024-11-13 06:00:00,17.8,77,949.1,3.3,0.0,54.8,53.6,550.0,11.0,14.4,84.0,151
2024-11-13 07:00:00,18.7,72,950.1,4.7,0.0,57.5,56.3,600.0,14.1,14.5,84.0,150
2024-11-13 08:00:00,21.2,60,951.4,3.6,0.0,51.6,50.6,608.0,15.0,14.5,92.0,149
2024-11-13 09:00:00,23.8,50,952.0,6.6,0.0,46.8,45.9,536.0,11.7,14.6,114.0,147
2024-11-13 10:00:00,26.3,44,951.9,10.2,0.0,44.1,43.2,421.0,6.2,14.7,142.0,146
2024-11-13 11:00:00,28.0,40,951.2,13.0,0.0,42.5,41.4,335.0,2.1,14.3,162.0,144
2024-11-13 12:00:00,29.2,38,950.0,13.0,0.0,39.7,38.6,308.0,0.6,13.2,165.0,144
2024-11-13 13:00:00,29.9,37,948.9,12.4,0.0,36.6,35.4,309.0,0.4,11.6,160.0,143
2024-11-13 14:00:00,30.2,37,948.0,11.9,0.0,33.9,32.7,316.0,1.8,10.4,151.0,141
2024-11-13 15:00:00,29.9,38,947.6,11.2,0.0,32.1,30.9,318.0,5.2,9.8,140.0,140
2024-11-13 16:00:00,29.3,39,947.6,10.6,0.0,31.3,30.2,325.0,10.2,9.6,127.0,139
2024-11-13 17:00:00,28.1,42,948.0,10.0,0.0,38.3,37.6,353.0,16.1,9.9,108.0,137
2024-11-13 18:00:00,27.0,44,948.2,7.2,0.0,43.7,42.8,418.0,21.7,11.3,97.0,136
2024-11-13 19:00:00,26.2,48,948.8,5.2,0.0,46.7,45.9,504.0,29.2,13.1,81.0,134
2024-11-13 20:00:00,25.5,52,949.5,7.4,0.0,46.9,46.1,569.0,33.0,14.0,69.0,132
2024-11-13 21:00:00,24.2,57,949.8,3.6,0.0,43.8,43.1,603.0,29.6,12.9,66.0,130
2024-11-13 22:00:00,23.0,61,949.8,6.6,0.0,39.0,38.5,618.0,22.4,10.9,66.0,128
2024-11-13 23:00:00,21.9,67,949.6,7.3,0.0,34.3,34.1,605.0,16.4,9.1,67.0,125
2024-11-14 00:00:00,21.3,69,949.3,7.4,0.0,30.9,30.6,547.0,13.2,8.0,66.0,122
2024-11-14 01:00:00,20.9,69,948.9,5.7,0.0,28.8,28.6,462.0,11.0,7.3,65.0,120
2024-11-14 02:00:00,20.3,70,948.2,3.7,0.0,27.9,27.8,398.0,9.6,7.1,64.0,117
2024-11-14 03:00:00,19.8,72,948.0,2.8,0.0,27.6,27.6,371.0,8.8,7.7,64.0,114
2024-11-14 04:00:00,19.6,73,948.3,1.5,0.0,27.9,27.8,365.0,8.7,9.0,64.0,112
2024-11-14 05:00:00,19.2,75,948.7,2.3,0.0,28.7,28.5,386.0,9.3,11.0,66.0,109
2024-11-14 06:00:00,18.9,75,949.7,1.1,0.0,31.5,31.3,461.0,11.3,12.9,67.0,107
2024-11-14 07:00:00,19.8,70,951.0,3.8,0.0,35.9,35.6,562.0,13.9,15.5,69.0,105
2024-11-14 08:00:00,22.1,60,952.1,4.0,0.0,35.3,34.9,610.0,14.5,16.9,77.0,102
2024-11-14 09:00:00,24.7,51,953.0,7.0,0.0,37.6,36.8,552.0,11.3,16.3,99.0,101
2024-11-14 10:00:00,27.1,48,953.0,8.7,0.0,41.2,40.2,441.0,6.1,14.6,127.0,100
2024-11-14 11:00:00,29.1,47,952.2,9.4,0.0,40.3,39.3,353.0,2.3,12.5,146.0,100
2024-11-14 12:00:00,31.0,41,951.0,8.6,0.0,37.0,36.3,319.0,0.9,10.0,147.0,99
2024-11-14 13:00:00,31.7,37,949.8,7.8,0.0,32.0,31.4,309.0,0.8,7.2,137.0,99
2024-11-14 14:00:00,32.1,35,949.0,8.3,0.0,29.0,28.5,306.0,2.0,5.3,127.0,99
2024-11-14 15:00:00,31.0,41,948.4,10.8,0.0,27.6,27.1,305.0,3.9,4.6,119.0,99
2024-11-14 16:00:00,29.8,45,948.5,13.7,0.0,28.1,27.6,311.0,7.2,4.8,111.0,98
2024-11-14 17:00:00,28.8,47,948.7,13.4,0.0,46.1,45.3,327.0,19.1,6.6,90.0,98
2024-11-14 18:00:00,28.8,49,949.7,7.4,0.0,55.5,54.7,360.0,28.6,9.9,76.0,99
2024-11-14 19:00:00,27.7,54,950.6,7.4,0.0,61.5,60.5,402.0,41.3,14.5,56.0,100
2024-11-14 20:00:00,26.7,59,951.1,8.6,0.0,62.6,62.2,439.0,48.9,17.3,43.0,101
2024-11-14 21:00:00,26.6,60,951.6,8.0,0.0,61.2,60.8,466.0,46.8,16.9,43.0,103
2024-11-14 22:00:00,26.8,59,951.9,7.6,0.0,55.5,55.2,486.0,39.6,14.9,50.0,105
2024-11-14 23:00:00,25.8,63,951.9,5.3,0.0,48.7,48.4,496.0,31.9,12.6,57.0,106
2024-11-15 00:00:00,24.8,67,951.3,5.4,0.0,41.9,41.8,485.0,24.5,10.3,62.0,108
2024-11-15 01:00:00,23.9,70,950.6,5.1,0.0,37.4,37.1,462.0,16.7,7.8,68.0,109
2024-11-15 02:00:00,23.5,72,950.1,3.5,0.0,35.4,35.0,454.0,11.2,6.1,72.0,110
2024-11-15 03:00:00,23.0,75,949.7,3.6,0.0,34.7,34.3,476.0,9.5,5.8,73.0,111
2024-11-15 04:00:00,22.5,77,949.6,5.2,0.0,34.5,34.1,512.0,10.0,6.3,73.0,111
2024-11-15 05:00:00,22.3,78,949.9,7.1,0.0,32.1,31.9,542.0,11.3,6.0,63.0,112
2024-11-15 06:00:00,21.5,82,950.8,5.2,0.0,32.9,32.6,565.0,11.5,6.0,66.0,112
2024-11-15 07:00:00,21.8,82,951.9,4.0,0.0,33.8,33.5,582.0,11.7,6.2,71.0,112
2024-11-15 08:00:00,23.6,75,952.8,5.1,0.0,29.4,29.1,571.0,10.9,6.5,81.0,112
2024-11-15 09:00:00,25.9,62,953.6,7.9,0.0,31.4,31.0,508.0,8.3,7.4,99.0,112
2024-11-15 10:00:00,27.9,52,953.7,9.6,0.0,36.8,36.3,416.0,4.8,8.5,122.0,111
2024-11-15 11:00:00,29.4,46,952.9,10.2,0.0,38.0,37.4,347.0,2.3,9.2,138.0,111
2024-11-15 12:00:00,30.4,42,951.5,7.4,0.2,36.1,35.5,321.0,1.4,9.0,142.0,110
2024-11-15 13:00:00,31.3,39,950.3,5.5,0.5,33.3,32.8,316.0,1.4,8.3,139.0,110
2024-11-15 14:00:00,30.7,42,949.4,6.1,0.2,32.8,32.4,321.0,2.4,7.8,134.0,110
2024-11-15 15:00:00,30.4,43,948.8,5.3,0.1,31.5,31.1,330.0,4.0,7.6,129.0,111
2024-11-15 16:00:00,29.9,44,948.7,4.7,0.1,32.4,32.0,348.0,6.6,7.6,123.0,111
2024-11-15 17:00:00,29.0,48,949.3,4.7,0.0,62.6,61.7,374.0,14.6,8.6,106.0,112
2024-11-15 18:00:00,25.5,73,949.9,3.4,0.0,73.6,72.6,419.0,23.0,10.0,89.0,113
2024-11-15 19:00:00,25.4,76,950.6,4.5,0.0,79.4,78.5,473.0,34.4,11.9,66.0,115
2024-11-15 20:00:00,24.7,82,951.3,1.2,0.0,77.8,77.1,504.0,42.0,13.6,49.0,117
2024-11-15 21:00:00,24.2,83,951.6,1.2,0.0,76.1,75.7,490.0,42.1,14.9,43.0,119
2024-11-15 22:00:00,23.9,84,951.9,2.6,0.0,78.0,77.3,453.0,38.3,15.9,42.0,120
2024-11-15 23:00:00,23.9,83,951.4,1.3,0.0,80.6,80.1,429.0,34.7,16.4,41.0,123
2024-11-16 00:00:00,23.6,85,950.9,0.8,0.0,80.3,79.6,436.0,32.5,16.2,38.0,126
2024-11-16 01:00:00,23.4,85,950.2,0.6,0.0,81.7,81.0,456.0,30.4,15.4,35.0,130
2024-11-16 02:00:00,23.5,82,949.7,0.4,0.0,83.1,82.2,467.0,28.9,14.9,32.0,134
2024-11-16 03:00:00,23.4,81,949.8,1.5,0.0,86.8,85.9,455.0,28.7,14.8,28.0,139
2024-11-16 04:00:00,23.1,81,949.7,2.7,0.1,89.4,88.5,434.0,29.0,15.0,25.0,145
2024-11-16 05:00:00,23.0,80,950.1,3.5,0.0,93.4,92.4,426.0,34.8,14.8,19.0,150
2024-11-16 06:00:00,22.4,86,950.4,2.8,0.0,89.2,88.2,448.0,30.4,15.4,31.0,152
2024-11-16 07:00:00,22.8,83,951.4,5.4,0.0,78.7,78.0,483.0,24.1,16.2,49.0,154
2024-11-16 08:00:00,24.5,75,952.0,7.2,0.0,60.5,60.1,497.0,18.0,16.3,71.0,155
2024-11-16 09:00:00,26.5,60,952.7,10.1,0.0,47.1,46.6,471.0,12.1,15.0,101.0,156
2024-11-16 10:00:00,28.4,51,952.5,10.6,0.0,46.1,45.4,426.0,6.3,12.9,134.0,156
2024-11-16 11:00:00,30.3,43,951.6,10.6,0.0,44.5,43.8,387.0,2.2,11.1,158.0,157
2024-11-16 12:00:00,30.9,42,950.4,11.3,0.0,43.0,42.4,364.0,0.6,10.1,165.0,157
2024-11-16 13:00:00,30.4,43,949.6,9.6,0.0,41.7,41.1,347.0,0.8,9.4,161.0,157
2024-11-16 14:00:00,31.2,40,948.8,7.9,0.0,40.9,40.3,339.0,2.2,8.9,154.0,157
2024-11-16 15:00:00,31.2,39,948.1,8.2,0.0,39.9,39.3,335.0,4.3,8.5,146.0,157
2024-11-16 16:00:00,30.4,41,948.0,9.4,0.0,39.5,39.0,339.0,7.6,8.4,135.0,158
2024-11-16 17:00:00,29.3,44,948.3,9.2,0.0,60.5,59.8,367.0,25.5,9.7,98.0,158
2024-11-16 18:00:00,27.9,50,948.7,7.4,0.0,67.5,66.8,433.0,37.0,12.1,79.0,158
2024-11-16 19:00:00,27.2,54,949.5,4.9,0.0,73.6,72.9,523.0,52.7,15.5,53.0,158
2024-11-16 20:00:00,26.4,58,950.2,4.2,0.0,78.5,78.0,615.0,63.8,18.3,33.0,157
2024-11-16 21:00:00,25.5,65,950.3,2.5,0.0,83.4,82.9,728.0,66.8,20.2,25.0,158
2024-11-16 22:00:00,24.8,68,950.5,3.5,0.0,87.1,86.6,843.0,65.2,21.6,22.0,158
2024-11-16 23:00:00,24.0,74,950.4,3.1,0.0,85.9,85.2,885.0,60.6,21.8,24.0,158
2024-11-17 00:00:00,23.9,71,950.2,4.2,0.0,75.9,75.4,791.0,52.0,19.9,30.0,158
2024-11-17 01:00:00,23.4,70,949.6,4.9,0.0,65.0,64.5,625.0,40.4,16.8,41.0,158
2024-11-17 02:00:00,23.4,68,949.1,5.1,0.0,56.9,56.5,496.0,30.0,14.7,51.0,158
2024-11-17 03:00:00,23.0,68,949.0,6.3,0.0,50.8,50.3,452.0,21.9,14.6,60.0,157
2024-11-17 04:00:00,22.6,69,949.1,6.4,0.0,46.3,45.9,446.0,15.0,15.4,68.0,156
2024-11-17 05:00:00,22.3,70,949.4,6.5,0.0,43.2,42.7,450.0,11.2,16.2,79.0,154
2024-11-17 06:00:00,22.2,71,950.0,7.8,0.0,43.4,42.7,465.0,12.1,16.8,79.0,153
2024-11-17 07:00:00,21.8,73,950.8,7.6,0.0,45.3,44.6,491.0,13.1,17.7,80.0,152
2024-11-17 08:00:00,23.1,66,951.8,8.3,0.0,45.5,44.7,494.0,12.8,17.8,87.0,151
2024-11-17 09:00:00,25.3,54,952.5,10.6,0.0,45.9,44.7,452.0,9.8,16.6,108.0,150
2024-11-17 10:00:00,27.4,45,952.6,12.8,0.0,44.8,43.5,387.0,5.5,14.8,136.0,150
2024-11-17 11:00:00,28.9,40,952.0,13.5,0.0,43.3,42.3,337.0,2.3,13.1,156.0,150
2024-11-17 12:00:00,29.8,38,951.0,12.8,0.0,43.3,42.4,317.0,1.0,11.9,163.0,150
2024-11-17 13:00:00,30.4,37,950.0,12.1,0.0,43.8,42.8,313.0,0.8,10.9,162.0,150
2024-11-17 14:00:00,30.9,35,949.2,9.8,0.0,43.4,42.6,313.0,1.9,10.1,157.0,150
2024-11-17 15:00:00,30.5,36,948.9,9.2,0.0,42.5,41.7,311.0,4.7,9.5,147.0,150
2024-11-17 16:00:00,30.0,37,948.7,10.8,0.0,41.6,40.7,314.0,8.8,9.2,133.0,150
2024-11-17 17:00:00,29.1,38,948.7,9.1,0.0,42.4,41.7,335.0,12.5,9.2,115.0,150
2024-11-17 18:00:00,27.3,44,949.1,6.7,0.0,46.4,45.8,398.0,17.2,10.1,103.0,149
2024-11-17 19:00:00,26.0,52,949.5,3.7,0.0,47.4,46.7,479.0,23.4,11.3,86.0,147
2024-11-17 20:00:00,25.1,54,950.2,3.9,0.0,47.1,46.4,525.0,26.8,11.9,73.0,144
2024-11-17 21:00:00,24.1,57,951.2,6.8,0.0,45.4,44.7,503.0,24.6,11.2,69.0,141
2024-11-17 22:00:00,23.4,60,951.5,8.3,0.0,42.7,42.1,445.0,19.5,9.9,70.0,137
2024-11-17 23:00:00,22.9,58,951.2,8.3,0.0,40.7,40.2,398.0,15.0,9.1,71.0,132
2024-11-18 00:00:00,22.1,59,950.6,6.5,0.0,40.4,39.6,375.0,12.1,9.2,73.0,127
2024-11-18 01:00:00,21.3,62,949.9,4.7,0.0,41.0,40.0,361.0,9.8,9.7,75.0,124
2024-11-18 02:00:00,20.5,65,949.7,4.1,0.0,41.7,40.5,361.0,8.2,10.5,77.0,121
2024-11-18 03:00:00,19.6,72,949.5,3.0,0.0,42.4,41.1,377.0,7.5,11.4,78.0,120
2024-11-18 04:00:00,19.0,75,949.5,2.1,0.0,43.0,41.6,406.0,7.6,12.6,78.0,119
2024-11-18 05:00:00,18.6,74,949.8,4.0,0.0,45.9,44.4,442.0,10.3,13.3,74.0,118
2024-11-18 06:00:00,17.8,80,950.3,4.0,0.0,48.8,47.1,499.0,12.7,14.1,72.0,118
2024-11-18 07:00:00,18.6,74,951.3,5.8,0.0,53.1,51.5,563.0,15.8,15.3,71.0,119
2024-11-18 08:00:00,20.7,64,952.4,5.2,0.0,48.3,46.9,584.0,16.6,16.1,79.0,119
2024-11-18 09:00:00,23.2,53,953.2,7.5,0.0,47.3,45.4,523.0,12.9,16.3,106.0,120
2024-11-18 10:00:00,25.7,43,953.3,11.1,0.0,48.0,46.0,420.0,6.9,16.2,142.0,120
2024-11-18 11:00:00,27.1,37,952.5,12.6,0.0,44.2,42.5,341.0,2.4,15.7,168.0,120
2024-11-18 12:00:00,28.0,34,951.6,12.1,0.0,40.4,38.9,316.0,0.8,14.5,174.0,120
2024-11-18 13:00:00,28.6,32,950.6,11.0,0.0,37.7,36.4,317.0,0.7,12.8,170.0,120
2024-11-18 14:00:00,28.9,32,949.9,10.7,0.0,35.5,34.3,323.0,1.8,11.4,162.0,119
2024-11-18 15:00:00,28.9,32,949.6,10.4,0.0,34.0,32.8,327.0,4.3,10.4,153.0,118
2024-11-18 16:00:00,28.4,31,949.3,10.0,0.0,32.8,31.8,336.0,7.9,9.6,140.0,117
2024-11-18 17:00:00,27.2,34,949.5,9.0,0.0,33.8,32.8,355.0,11.0,9.0,128.0,125
2024-11-18 18:00:00,25.9,36,949.5,8.4,0.0,37.4,36.4,394.0,13.8,9.3,118.0,130
2024-11-18 19:00:00,24.8,40,950.3,8.6,0.0,39.3,38.4,443.0,17.5,9.7,104.0,125
2024-11-18 20:00:00,23.3,46,951.2,8.7,0.0,40.4,39.3,476.0,19.5,10.1,94.0,114
2024-11-18 21:00:00,22.2,50,951.8,8.6,0.0,40.9,39.9,480.0,18.2,10.3,90.0,113
2024-11-18 22:00:00,21.3,52,952.2,8.4,0.0,41.3,40.4,469.0,15.2,10.3,90.0,112
2024-11-18 23:00:00,20.5,54,951.9,8.1,0.0,41.4,40.6,454.0,12.5,10.6,90.0,112
2024-11-19 00:00:00,19.8,58,951.6,5.6,0.0,41.4,40.6,435.0,10.7,11.2,89.0,112
2024-11-19 01:00:00,19.0,63,950.8,4.2,0.0,42.1,41.3,412.0,9.3,11.9,89.0,112
2024-11-19 02:00:00,18.5,66,950.6,3.9,0.0,43.2,42.3,404.0,8.4,12.7,89.0,112
2024-11-19 03:00:00,18.2,68,950.2,3.1,0.0,44.6,43.5,413.0,8.0,13.6,88.0,113
2024-11-19 04:00:00,17.6,71,950.3,3.0,0.0,46.3,45.2,437.0,8.2,14.5,87.0,113
2024-11-19 05:00:00,17.1,73,950.5,2.9,0.0,49.5,48.2,483.0,9.5,14.9,87.0,113
2024-11-19 06:00:00,16.4,79,951.4,0.6,0.0,54.1,52.7,586.0,12.3,15.8,85.0,114
2024-11-19 07:00:00,16.9,75,952.5,2.9,0.0,60.1,58.7,712.0,15.9,17.0,84.0,114
2024-11-19 08:00:00,18.9,67,953.5,3.4,0.0,56.6,55.4,763.0,17.0,17.6,91.0,115
2024-11-19 09:00:00,21.9,56,954.3,6.1,0.0,57.7,56.2,671.0,13.1,17.3,115.0,116
2024-11-19 10:00:00,24.7,47,954.3,8.9,0.0,58.4,56.8,504.0,6.8,16.5,148.0,117
2024-11-19 11:00:00,26.4,40,953.6,10.1,0.0,55.3,53.7,377.0,2.1,15.5,171.0,118
2024-11-19 12:00:00,27.5,36,952.6,9.4,0.0,51.5,49.9,337.0,0.5,14.1,178.0,119
2024-11-19 13:00:00,28.1,34,951.6,9.1,0.0,48.7,47.3,336.0,0.6,12.5,176.0,120
2024-11-19 14:00:00,28.4,32,950.7,8.6,0.0,47.3,45.9,344.0,2.0,11.4,170.0,122
2024-11-19 15:00:00,28.2,32,950.2,8.7,0.0,46.6,45.3,347.0,4.9,11.1,161.0,123
2024-11-19 16:00:00,27.4,33,949.9,9.4,0.0,46.3,45.2,358.0,9.1,11.2,148.0,124
2024-11-19 17:00:00,26.1,36,950.0,9.0,0.0,58.6,57.4,390.0,15.1,11.8,126.0,136
2024-11-19 18:00:00,24.9,42,950.3,8.5,0.0,65.0,63.8,464.0,18.7,12.9,116.0,138
2024-11-19 19:00:00,24.4,45,950.7,5.6,0.0,66.6,65.2,558.0,23.4,14.3,102.0,132
2024-11-19 20:00:00,23.0,53,951.0,4.1,0.0,66.4,65.0,615.0,25.6,15.1,91.0,134
2024-11-19 21:00:00,21.9,55,951.5,7.4,0.0,63.6,62.4,606.0,23.0,14.5,87.0,136
2024-11-19 22:00:00,20.5,60,951.5,8.1,0.0,58.9,58.0,560.0,17.9,13.2,86.0,139
2024-11-19 23:00:00,19.9,63,951.0,7.2,0.0,54.1,53.3,513.0,13.5,12.4,85.0,140
2024-11-20 00:00:00,19.4,62,950.6,7.2,0.0,50.2,49.5,471.0,10.8,12.6,84.0,142
2024-11-20 01:00:00,18.9,63,950.2,6.1,0.0,47.8,47.1,427.0,8.7,13.4,83.0,143
2024-11-20 02:00:00,17.9,69,949.5,4.0,0.0,46.6,45.8,401.0,7.3,14.3,83.0,143
2024-11-20 03:00:00,17.3,72,949.3,3.6,0.0,45.9,45.2,396.0,6.5,15.3,83.0,144
2024-11-20 04:00:00,16.8,74,949.3,3.8,0.0,45.9,45.1,408.0,6.4,16.4,84.0,144
2024-11-20 05:00:00,16.4,76,949.8,3.6,0.0,47.3,46.3,441.0,7.8,16.6,80.0,144
2024-11-20 06:00:00,15.9,78,950.9,4.1,0.0,50.4,49.4,522.0,10.3,17.6,79.0,144
2024-11-20 07:00:00,16.6,75,952.1,6.0,0.0,54.0,52.9,623.0,13.6,18.9,78.0,143
2024-11-20 08:00:00,19.1,63,953.2,4.8,0.0,51.1,50.1,667.0,14.7,19.5,85.0,143
2024-11-20 09:00:00,22.0,52,954.1,7.6,0.0,50.8,49.0,597.0,11.5,18.6,108.0,142
2024-11-20 10:00:00,24.6,45,953.9,9.8,0.0,49.6,47.0,468.0,6.1,17.0,138.0,141
2024-11-20 11:00:00,26.1,39,953.0,11.4,0.0,48.1,45.6,371.0,2.1,15.4,161.0,140
2024-11-20 12:00:00,27.1,36,951.8,10.5,0.0,46.6,44.4,343.0,0.6,14.1,169.0,140
2024-11-20 13:00:00,27.7,34,950.8,9.0,0.0,45.2,43.1,347.0,0.6,12.9,170.0,139
2024-11-20 14:00:00,28.0,33,949.9,7.9,0.0,44.5,42.5,358.0,2.1,12.0,166.0,139
2024-11-20 15:00:00,27.8,33,949.5,7.5,0.0,43.8,41.8,361.0,5.7,11.5,157.0,138
2024-11-20 16:00:00,27.3,34,949.4,8.1,0.0,43.8,41.9,372.0,10.9,11.3,144.0,138
2024-11-20 17:00:00,26.1,36,949.7,8.5,0.0,59.8,57.6,411.0,18.0,11.8,128.0,137
2024-11-20 18:00:00,24.2,42,950.0,9.0,0.0,66.6,64.3,507.0,23.7,13.1,115.0,138
2024-11-20 19:00:00,23.6,44,950.5,5.6,0.0,69.4,67.1,632.0,31.5,14.9,96.0,138
2024-11-20 20:00:00,22.9,47,951.0,4.3,0.0,71.9,69.6,723.0,36.4,16.0,81.0,138
2024-11-20 21:00:00,21.7,50,950.9,4.4,0.0,73.8,71.2,757.0,36.3,15.9,73.0,138
2024-11-20 22:00:00,20.5,55,950.7,4.0,0.0,73.8,71.2,757.0,33.3,15.1,67.0,139
2024-11-20 23:00:00,19.5,58,950.9,7.4,0.0,68.7,66.4,724.0,29.3,14.0,64.0,141
2024-11-21 00:00:00,18.6,63,950.3,7.3,0.0,60.8,58.9,638.0,24.0,12.4,62.0,142
2024-11-21 01:00:00,18.2,63,949.7,7.1,0.0,54.1,52.4,520.0,17.6,10.5,62.0,143
2024-11-21 02:00:00,17.8,65,949.0,5.0,0.0,49.1,47.5,437.0,12.8,9.4,62.0,143
2024-11-21 03:00:00,17.3,68,948.7,4.5,0.0,46.0,44.4,412.0,10.4,9.6,62.0,144
2024-11-21 04:00:00,16.8,70,948.8,4.4,0.0,44.7,43.0,422.0,9.6,10.6,63.0,144
2024-11-21 05:00:00,16.3,74,948.9,3.3,0.0,43.4,41.7,461.0,9.1,11.0,68.0,143
2024-11-21 06:00:00,16.0,76,949.7,3.2,0.0,46.7,44.8,559.0,12.4,12.1,66.0,143
2024-11-21 07:00:00,16.6,74,950.9,3.5,0.0,52.3,50.3,687.0,16.7,13.6,66.0,142
2024-11-21 08:00:00,18.7,66,952.2,1.9,0.0,50.4,48.8,742.0,18.2,14.8,74.0,142
2024-11-21 09:00:00,21.6,54,953.0,4.5,0.0,51.6,49.2,656.0,14.2,15.4,101.0,142
2024-11-21 10:00:00,24.3,45,953.1,6.0,0.0,53.1,50.5,498.0,7.4,15.7,137.0,142
2024-11-21 11:00:00,26.5,37,952.4,7.9,0.0,49.6,47.3,379.0,2.4,15.6,164.0,142
2024-11-21 12:00:00,27.8,33,951.3,7.4,0.0,48.0,45.8,346.0,0.6,14.7,174.0,142
2024-11-21 13:00:00,28.7,31,950.4,6.5,0.0,46.6,44.4,352.0,0.5,13.3,176.0,143
2024-11-21 14:00:00,29.0,31,949.6,6.4,0.0,45.8,43.7,365.0,2.3,12.4,172.0,143
2024-11-21 15:00:00,28.8,32,949.2,7.8,0.0,45.6,43.5,374.0,5.8,11.9,164.0,143
2024-11-21 16:00:00,28.0,33,949.1,9.3,0.0,46.1,44.0,391.0,11.2,11.8,152.0,143
2024-11-21 17:00:00,26.7,36,949.4,9.5,0.0,64.0,61.5,421.0,24.0,13.1,136.0,143
2024-11-21 18:00:00,25.2,40,949.9,7.6,0.0,72.4,69.8,475.0,34.8,16.3,116.0,144
2024-11-21 19:00:00,23.8,45,950.7,5.6,0.0,80.8,78.0,543.0,49.8,20.8,89.0,144
2024-11-21 20:00:00,22.8,52,951.2,5.4,0.0,89.2,86.6,600.0,62.0,25.0,66.0,145
2024-11-21 21:00:00,21.8,55,951.2,3.9,0.0,98.3,95.5,644.0,69.5,29.2,53.0,147
2024-11-21 22:00:00,21.2,56,951.1,4.6,0.0,106.2,103.4,678.0,74.1,33.1,45.0,150
2024-11-21 23:00:00,20.5,57,950.6,5.1,0.0,109.4,106.6,685.0,74.4,34.6,40.0,151
2024-11-22 00:00:00,19.8,60,949.8,2.0,0.0,107.1,104.3,646.0,68.3,32.1,39.0,152
2024-11-22 01:00:00,18.6,63,949.4,3.6,0.0,101.7,99.0,579.0,57.7,27.3,41.0,153
2024-11-22 02:00:00,17.9,67,949.1,2.9,0.0,94.3,91.7,528.0,47.4,22.8,44.0,155
2024-11-22 03:00:00,17.7,68,948.7,0.8,0.0,87.5,85.2,496.0,37.9,19.3,46.0,156
2024-11-22 04:00:00,17.2,71,948.7,0.5,0.0,82.4,80.3,478.0,28.6,16.2,48.0,157
2024-11-22 05:00:00,16.5,74,949.0,0.8,0.0,82.2,80.1,506.0,24.5,15.1,55.0,158
2024-11-22 06:00:00,15.7,81,949.8,0.3,0.0,80.3,78.2,634.0,24.3,14.7,57.0,160
2024-11-22 07:00:00,16.2,78,950.6,0.4,0.0,81.0,79.2,808.0,23.8,14.2,62.0,161
2024-11-22 08:00:00,18.6,68,951.7,1.7,0.0,72.2,70.5,890.0,21.5,13.7,75.0,161
2024-11-22 09:00:00,21.7,57,952.6,2.6,0.0,66.8,65.0,790.0,15.6,13.5,104.0,162
2024-11-22 10:00:00,24.6,49,952.7,4.8,0.0,65.0,62.6,600.0,7.9,13.5,141.0,163
2024-11-22 11:00:00,26.7,42,952.0,6.5,0.0,60.3,58.2,452.0,2.3,13.2,169.0,163
2024-11-22 12:00:00,28.0,37,950.8,5.6,0.0,56.6,54.5,404.0,0.3,12.3,179.0,163
2024-11-22 13:00:00,28.8,34,949.7,5.2,0.0,54.1,52.2,399.0,0.5,11.3,180.0,164
2024-11-22 14:00:00,29.2,32,948.9,5.6,0.0,52.3,50.3,403.0,2.3,10.5,175.0,164
2024-11-22 15:00:00,29.1,31,948.4,7.0,0.0,51.5,49.5,397.0,5.7,10.1,167.0,164
2024-11-22 16:00:00,28.4,33,948.4,8.6,0.0,50.6,48.8,399.0,10.8,10.1,154.0,164
2024-11-22 17:00:00,27.1,35,948.8,9.3,0.0,67.1,64.7,431.0,18.5,10.8,139.0,164
2024-11-22 18:00:00,25.6,41,949.3,9.0,0.0,75.9,73.6,527.0,27.9,13.3,120.0,164
2024-11-22 19:00:00,24.5,45,949.7,6.1,0.0,81.7,79.4,654.0,40.8,16.8,94.0,164
2024-11-22 20:00:00,23.2,50,950.1,5.8,0.0,88.2,85.7,732.0,51.2,20.0,72.0,165
2024-11-22 21:00:00,22.4,57,950.4,6.8,0.0,95.5,93.1,713.0,57.2,23.1,59.0,164
2024-11-22 22:00:00,22.1,58,950.5,5.7,0.0,102.9,100.4,646.0,60.5,26.0,51.0,164
2024-11-22 23:00:00,20.7,64,950.5,2.7,0.0,105.5,102.9,598.0,60.3,27.0,45.0,164
2024-11-23 00:00:00,19.7,67,950.1,3.0,0.0,102.0,99.4,597.0,54.9,24.9,43.0,164
2024-11-23 01:00:00,19.1,70,949.9,2.9,0.0,95.5,93.1,616.0,45.9,21.0,43.0,164
2024-11-23 02:00:00,18.6,71,949.4,3.0,0.0,89.2,87.1,634.0,37.6,17.6,45.0,164
2024-11-23 03:00:00,18.1,73,949.2,0.5,0.0,84.5,82.4,635.0,30.8,15.5,47.0,164
2024-11-23 04:00:00,17.3,77,949.3,0.8,0.0,81.0,79.2,636.0,24.6,14.0,49.0,164
2024-11-23 05:00:00,16.8,80,949.6,0.6,0.0,67.3,65.9,671.0,12.0,11.7,72.0,164
2024-11-23 06:00:00,15.6,85,950.4,1.8,0.0,69.6,68.0,793.0,15.6,12.4,70.0,163
2024-11-23 07:00:00,16.1,83,951.5,3.9,0.0,74.7,73.3,948.0,20.4,13.3,69.0,163
2024-11-23 08:00:00,18.1,74,952.6,1.9,0.0,69.2,68.0,1008.0,21.9,13.9,79.0,163
2024-11-23 09:00:00,21.3,60,953.3,2.3,0.0,65.0,63.3,881.0,16.9,14.0,109.0,163
2024-11-23 10:00:00,24.6,48,953.2,3.2,0.0,62.9,61.0,658.0,8.7,13.8,150.0,163
2024-11-23 11:00:00,27.0,41,952.6,3.5,0.0,61.5,59.6,488.0,2.6,13.5,181.0,163
2024-11-23 12:00:00,28.5,36,951.8,3.1,0.0,60.3,58.4,434.0,0.6,12.9,194.0,163
2024-11-23 13:00:00,29.3,33,950.6,3.9,0.0,59.8,57.9,432.0,0.8,12.1,197.0,163
2024-11-23 14:00:00,29.6,32,950.0,5.1,0.0,59.6,57.5,442.0,2.4,11.5,194.0,163
2024-11-23 15:00:00,29.4,32,949.6,5.0,0.0,59.5,57.4,452.0,5.1,11.0,186.0,163
2024-11-23 16:00:00,28.9,33,949.6,5.0,0.0,59.6,57.6,473.0,9.4,10.7,171.0,163
2024-11-23 17:00:00,27.4,36,949.9,3.7,0.0,69.4,67.3,500.0,17.9,12.5,158.0,164
2024-11-23 18:00:00,26.0,41,950.1,5.4,0.0,79.6,77.5,533.0,28.4,15.4,137.0,166
2024-11-23 19:00:00,24.8,47,950.8,10.1,0.0,88.2,86.1,572.0,43.0,19.5,107.0,164
2024-11-23 20:00:00,23.9,49,951.2,7.3,0.0,99.2,96.9,606.0,55.4,23.5,82.0,164
2024-11-23 21:00:00,22.8,50,951.4,3.8,0.0,109.0,106.6,633.0,64.4,27.7,66.0,164
2024-11-23 22:00:00,21.7,55,951.1,1.9,0.0,119.0,116.6,656.0,71.2,31.8,53.0,165
2024-11-23 23:00:00,20.9,59,950.9,1.9,0.0,123.9,121.5,676.0,72.3,33.2,46.0,165
2024-11-24 00:00:00,20.0,63,950.6,2.7,0.0,120.1,118.0,694.0,64.3,30.0,45.0,166
2024-11-24 01:00:00,19.6,65,950.4,1.3,0.0,112.0,109.7,709.0,50.7,24.1,48.0,166
2024-11-24 02:00:00,19.1,67,949.9,0.8,0.0,102.9,100.8,714.0,38.3,19.1,51.0,167
2024-11-24 03:00:00,18.7,69,949.6,0.0,0.0,96.2,94.1,691.0,28.8,16.0,53.0,167
2024-11-24 04:00:00,17.9,74,949.5,0.6,0.0,92.2,90.1,658.0,20.6,13.8,55.0,168
2024-11-24 05:00:00,17.4,77,949.7,0.5,0.0,86.6,84.8,664.0,12.5,12.2,65.0,168
2024-11-24 06:00:00,16.8,82,950.7,0.3,0.0,89.2,87.1,768.0,15.1,12.7,65.0,168
2024-11-24 07:00:00,17.0,79,951.9,3.4,0.0,94.3,92.2,912.0,18.5,13.3,66.0,169
2024-11-24 08:00:00,18.7,71,953.0,3.2,0.0,92.2,90.3,968.0,19.3,13.8,76.0,170
2024-11-24 09:00:00,21.6,59,953.5,4.7,0.0,91.5,88.9,847.0,14.8,14.0,105.0,170
2024-11-24 10:00:00,24.6,49,953.6,6.7,0.0,89.2,85.9,639.0,7.7,14.1,144.0,171
2024-11-24 11:00:00,26.8,42,953.0,8.2,0.0,85.2,82.0,479.0,2.4,14.0,173.0,172
2024-11-24 12:00:00,28.1,37,951.9,8.1,0.0,80.8,77.8,427.0,0.6,13.5,183.0,172
2024-11-24 13:00:00,28.7,35,950.9,7.5,0.0,77.1,74.0,425.0,0.6,12.7,183.0,173
2024-11-24 14:00:00,28.9,34,950.0,7.5,0.0,74.3,71.0,432.0,2.2,12.2,178.0,173
2024-11-24 15:00:00,28.7,34,949.7,8.4,0.0,72.4,69.4,434.0,5.5,11.9,168.0,174
2024-11-24 16:00:00,28.0,36,949.5,10.2,0.0,71.5,68.5,446.0,10.3,11.8,153.0,174
2024-11-24 17:00:00,26.8,38,949.9,11.0,0.0,95.5,91.7,474.0,17.5,12.6,136.0,175
2024-11-24 18:00:00,25.3,45,950.2,8.6,0.0,104.5,100.6,528.0,24.1,14.3,121.0,175
2024-11-24 19:00:00,24.7,47,950.8,5.4,0.0,109.4,105.2,598.0,33.0,16.6,99.0,176
2024-11-24 20:00:00,23.6,51,951.3,3.9,0.0,112.0,107.8,655.0,38.1,17.8,82.0,177
2024-11-24 21:00:00,22.8,56,951.6,4.6,0.0,112.2,107.8,696.0,36.3,17.0,74.0,177
2024-11-24 22:00:00,21.5,62,951.8,6.2,0.0,107.3,103.4,723.0,30.7,15.1,70.0,177
2024-11-24 23:00:00,20.5,68,951.7,7.4,0.0,97.6,94.3,720.0,25.0,13.6,68.0,177
2024-11-25 00:00:00,19.9,69,951.0,6.5,0.0,88.9,86.1,660.0,19.8,12.7,69.0,176
2024-11-25 01:00:00,19.5,69,950.6,6.1,0.0,84.3,81.5,569.0,14.4,12.1,72.0,175
2024-11-25 02:00:00,18.9,68,949.9,5.5,0.0,82.4,79.4,505.0,10.5,12.1,75.0,174
2024-11-25 03:00:00,18.0,69,949.5,3.9,0.0,82.2,78.7,488.0,8.5,13.0,76.0,173
2024-11-25 04:00:00,17.1,72,949.6,2.8,0.0,82.2,78.2,497.0,8.0,14.6,77.0,173
2024-11-25 05:00:00,16.5,76,949.8,3.9,0.0,79.9,75.7,528.0,7.6,16.6,82.0,172
2024-11-25 06:00:00,15.6,79,950.4,4.6,0.0,82.9,78.0,606.0,11.2,17.7,79.0,172
2024-11-25 07:00:00,15.9,77,951.3,5.0,0.0,88.5,83.4,705.0,15.8,19.2,75.0,172
2024-11-25 08:00:00,18.2,65,952.6,3.5,0.0,83.4,78.9,743.0,17.7,19.9,81.0,172
2024-11-25 09:00:00,21.0,53,953.6,5.5,0.0,79.6,73.1,662.0,14.0,19.0,104.0,171
2024-11-25 10:00:00,23.7,44,953.5,8.6,0.0,76.8,69.8,522.0,7.4,17.3,137.0,171
2024-11-25 11:00:00,25.6,38,952.5,11.4,0.0,71.7,64.7,414.0,2.5,15.5,161.0,170
2024-11-25 12:00:00,26.7,35,951.4,11.6,0.0,66.1,60.3,382.0,0.9,13.8,170.0,170
2024-11-25 13:00:00,27.5,32,950.4,10.6,0.0,62.2,56.8,383.0,0.9,12.1,171.0,169
2024-11-25 14:00:00,27.9,31,949.7,10.0,0.0,59.6,54.7,386.0,2.1,10.8,168.0,169
2024-11-25 15:00:00,27.9,31,949.3,9.8,0.0,58.0,53.3,378.0,4.7,10.0,162.0,168
2024-11-25 16:00:00,27.4,30,949.1,10.4,0.0,56.9,52.5,372.0,8.4,9.5,151.0,168
2024-11-25 17:00:00,26.4,31,949.1,11.3,0.0,60.1,56.7,380.0,11.7,10.1,143.0,167
2024-11-25 18:00:00,25.1,35,949.6,8.5,0.0,63.8,60.1,413.0,14.3,10.7,132.0,166
2024-11-25 19:00:00,23.5,40,950.4,7.6,0.0,64.0,60.5,461.0,17.8,11.5,116.0,165
2024-11-25 20:00:00,22.1,47,951.2,6.7,0.0,62.9,60.1,498.0,19.4,12.1,105.0,164
2024-11-25 21:00:00,21.1,53,951.6,7.4,0.0,59.8,57.6,517.0,17.5,12.3,103.0,162
2024-11-25 22:00:00,20.4,55,951.7,7.9,0.0,56.6,54.6,526.0,13.7,12.4,105.0,161
2024-11-25 23:00:00,19.5,58,951.4,6.7,0.0,53.2,51.3,529.0,10.5,12.5,107.0,159
2024-11-26 00:00:00,18.7,60,950.7,5.8,0.0,50.8,48.8,522.0,8.6,12.8,106.0,158
2024-11-26 01:00:00,18.1,63,950.3,4.4,0.0,49.8,47.6,508.0,7.3,13.1,104.0,157
2024-11-26 02:00:00,17.4,66,949.7,3.5,0.0,50.1,47.6,499.0,6.5,13.6,103.0,156
2024-11-26 03:00:00,17.0,68,949.4,2.7,0.0,51.0,48.1,493.0,6.1,14.2,102.0,155
2024-11-26 04:00:00,16.5,70,949.3,3.7,0.0,52.2,49.0,494.0,6.2,14.9,101.0,154
2024-11-26 05:00:00,16.0,72,949.6,4.0,0.0,52.7,49.6,519.0,6.7,15.0,100.0,153
2024-11-26 06:00:00,14.8,77,950.4,3.2,0.0,56.7,53.3,607.0,9.9,15.4,97.0,153
2024-11-26 07:00:00,15.5,74,951.5,3.9,0.0,61.5,58.0,721.0,14.1,16.1,93.0,152
2024-11-26 08:00:00,17.8,64,952.5,3.1,0.0,57.9,55.4,768.0,15.8,16.8,97.0,151
2024-11-26 09:00:00,20.8,53,953.6,5.4,0.0,57.4,54.5,685.0,12.5,17.8,117.0,150
2024-11-26 10:00:00,23.4,45,953.4,9.0,0.0,55.9,52.9,536.0,6.6,18.9,146.0,149
2024-11-26 11:00:00,25.1,38,952.5,11.4,0.0,53.6,50.4,418.0,2.2,19.2,167.0,147
2024-11-26 12:00:00,26.2,34,951.2,11.3,0.0,51.6,48.5,370.0,0.8,18.3,174.0,146
2024-11-26 13:00:00,27.1,31,950.2,11.5,0.0,50.1,47.1,354.0,0.9,16.6,173.0,145
2024-11-26 14:00:00,27.4,31,949.4,10.6,0.0,47.8,45.1,348.0,2.0,15.2,169.0,144
2024-11-26 15:00:00,27.4,32,948.8,10.0,0.0,46.2,43.5,344.0,4.4,14.2,161.0,143
2024-11-26 16:00:00,26.9,30,948.6,10.4,0.0,45.1,42.5,350.0,7.9,13.4,150.0,142
2024-11-26 17:00:00,25.8,30,948.6,10.6,0.0,55.6,52.7,378.0,12.6,12.5,139.0,141
2024-11-26 18:00:00,24.6,35,949.2,8.3,0.0,58.2,55.1,451.0,15.3,12.6,128.0,140
2024-11-26 19:00:00,23.2,40,950.1,8.3,0.0,56.9,54.0,544.0,18.8,12.8,112.0,140
2024-11-26 20:00:00,21.9,44,951.1,9.6,0.0,54.4,51.6,597.0,20.3,12.9,101.0,139
2024-11-26 21:00:00,20.7,47,951.4,9.3,0.0,50.4,48.0,571.0,17.8,12.7,98.0,138
2024-11-26 22:00:00,19.8,50,951.3,9.0,0.0,46.8,44.8,504.0,13.4,12.4,99.0,137
2024-11-26 23:00:00,19.1,54,950.9,8.1,0.0,44.9,43.1,448.0,9.6,12.4,100.0,136
2024-11-27 00:00:00,18.4,56,950.0,7.0,0.0,44.5,42.3,420.0,7.6,12.8,100.0,135
2024-11-27 01:00:00,17.8,57,949.5,6.8,0.0,44.5,41.9,401.0,6.3,13.5,99.0,135
2024-11-27 02:00:00,17.0,59,949.4,7.2,0.0,44.5,41.6,391.0,5.6,14.1,98.0,134
2024-11-27 03:00:00,16.1,63,949.0,4.7,0.0,44.2,41.2,383.0,5.1,14.3,96.0,133
2024-11-27 04:00:00,15.2,66,948.7,3.5,0.0,44.1,41.0,383.0,5.2,14.5,94.0,133
2024-11-27 05:00:00,14.8,67,948.9,3.5,0.0,44.6,41.0,406.0,6.7,13.0,86.0,132
2024-11-27 06:00:00,14.4,64,949.8,4.5,0.0,47.5,43.8,482.0,10.2,13.5,82.0,131
2024-11-27 07:00:00,15.1,61,950.7,3.4,0.0,51.6,48.0,581.0,14.9,14.2,77.0,130
2024-11-27 08:00:00,17.4,53,952.0,4.1,0.0,48.3,45.9,624.0,16.8,14.9,82.0,129
2024-11-27 09:00:00,20.1,45,952.9,6.7,0.0,45.8,43.0,555.0,13.3,15.6,106.0,128
2024-11-27 10:00:00,22.6,39,952.5,9.7,0.0,43.3,40.9,430.0,7.0,16.3,139.0,127
2024-11-27 11:00:00,24.6,33,951.5,11.0,0.0,40.4,38.0,335.0,2.3,16.4,163.0,126
2024-11-27 12:00:00,26.0,29,950.4,10.6,0.0,39.9,37.5,305.0,0.6,15.3,172.0,124
2024-11-27 13:00:00,26.9,28,949.2,9.9,0.0,38.6,36.3,305.0,0.5,13.5,172.0,123
2024-11-27 14:00:00,27.4,26,948.3,9.8,0.0,37.4,35.2,315.0,1.9,12.1,167.0,122
2024-11-27 15:00:00,27.2,27,948.0,9.9,0.0,36.4,34.3,321.0,5.2,11.4,158.0,121
2024-11-27 16:00:00,26.6,28,948.1,9.2,0.0,36.0,34.0,337.0,10.0,11.1,144.0,120
2024-11-27 17:00:00,25.7,31,948.4,7.7,0.0,47.5,45.5,385.0,15.5,11.2,133.0,126
2024-11-27 18:00:00,24.4,35,948.9,6.9,0.0,52.9,50.6,505.0,18.9,11.9,122.0,132
2024-11-27 19:00:00,22.8,41,949.5,3.6,0.0,54.4,52.3,657.0,23.4,12.9,106.0,128
2024-11-27 20:00:00,21.7,45,950.3,5.8,0.0,52.9,51.0,741.0,25.2,13.6,95.0,118
2024-11-27 21:00:00,20.6,49,950.6,7.4,0.0,49.2,47.8,695.0,22.0,13.6,93.0,118
2024-11-27 22:00:00,19.8,51,950.5,8.0,0.0,46.6,45.5,580.0,16.2,13.4,95.0,118
2024-11-27 23:00:00,19.0,52,949.9,6.8,0.0,44.9,43.9,482.0,11.3,13.3,98.0,118
2024-11-28 00:00:00,18.3,54,949.2,5.0,0.0,44.4,43.3,431.0,8.6,13.7,100.0,118
2024-11-28 01:00:00,17.9,56,948.7,5.2,0.0,45.1,43.8,397.0,6.8,14.3,102.0,118
2024-11-28 02:00:00,17.4,58,948.4,7.0,0.0,46.2,44.7,375.0,5.6,14.6,104.0,118
2024-11-28 03:00:00,16.5,62,948.5,9.0,0.0,47.6,45.8,361.0,4.8,14.4,104.0,118
2024-11-28 04:00:00,15.8,65,948.8,6.9,0.0,48.8,46.6,359.0,4.5,13.9,103.0,119
2024-11-28 05:00:00,15.3,67,949.1,4.2,0.0,49.4,47.0,380.0,5.8,13.7,99.0,119
2024-11-28 06:00:00,14.4,69,949.8,4.2,0.0,51.1,48.5,454.0,8.5,13.7,95.0,120
2024-11-28 07:00:00,15.1,67,950.7,5.6,0.0,54.1,51.5,551.0,12.0,13.8,90.0,121
2024-11-28 08:00:00,17.3,58,952.0,4.4,0.0,51.3,49.4,590.0,13.4,13.6,92.0,121
2024-11-28 09:00:00,20.1,48,952.9,7.4,0.0,49.5,46.6,513.0,10.5,13.2,109.0,121
2024-11-28 10:00:00,22.9,39,953.0,11.9,0.0,43.5,39.5,377.0,5.5,12.5,132.0,122
2024-11-28 11:00:00,24.8,31,952.2,16.3,0.0,35.3,30.9,273.0,1.8,11.7,149.0,122
2024-11-28 12:00:00,25.9,31,950.9,16.5,0.0,30.6,26.4,240.0,0.7,10.6,153.0,121
2024-11-28 13:00:00,27.0,28,949.7,15.5,0.0,27.8,23.9,239.0,0.8,9.3,150.0,120
2024-11-28 14:00:00,27.5,25,948.4,16.0,0.0,26.3,22.7,246.0,1.7,8.4,145.0,118
2024-11-28 15:00:00,27.2,26,947.9,16.5,0.0,25.5,22.2,253.0,3.4,8.1,139.0,117
2024-11-28 16:00:00,26.5,26,947.9,16.2,0.0,25.0,22.0,269.0,6.0,8.1,131.0,116
2024-11-28 17:00:00,25.2,27,948.1,13.9,0.0,36.0,33.2,293.0,8.3,8.2,121.0,115
2024-11-28 18:00:00,23.6,31,948.2,11.9,0.0,38.1,35.3,333.0,11.1,8.5,110.0,113
2024-11-28 19:00:00,22.3,35,949.1,10.8,0.0,39.1,36.4,382.0,14.9,8.9,94.0,112
2024-11-28 20:00:00,21.0,39,949.8,11.9,0.0,39.3,36.8,416.0,17.0,9.1,83.0,110
2024-11-28 21:00:00,20.0,42,950.3,11.5,0.0,39.0,36.7,423.0,16.0,9.0,80.0,109
2024-11-28 22:00:00,19.3,45,950.5,11.5,0.0,38.8,36.7,416.0,13.3,8.7,80.0,107
2024-11-28 23:00:00,18.5,48,950.3,10.1,0.0,38.4,36.4,402.0,10.9,8.4,81.0,106
2024-11-29 00:00:00,17.5,52,949.9,8.3,0.0,37.8,35.9,380.0,9.3,8.3,81.0,106
2024-11-29 01:00:00,16.7,55,949.6,7.6,0.0,37.8,35.7,352.0,7.9,8.2,82.0,105
2024-11-29 02:00:00,16.2,57,949.0,6.1,0.0,37.8,35.6,335.0,7.0,8.1,82.0,104
2024-11-29 03:00:00,15.5,59,948.6,4.3,0.0,37.8,35.5,330.0,6.4,8.1,83.0,103
2024-11-29 04:00:00,15.0,62,948.6,4.0,0.0,37.7,35.4,336.0,6.2,8.1,83.0,102
2024-11-29 05:00:00,14.6,63,949.0,4.6,0.0,37.5,35.0,363.0,6.9,7.8,80.0,101
2024-11-29 06:00:00,14.1,66,949.7,4.9,0.0,38.1,35.6,441.0,9.3,8.0,76.0,100
2024-11-29 07:00:00,14.5,63,950.5,5.2,0.0,39.9,37.6,540.0,12.5,8.3,71.0,99
2024-11-29 08:00:00,16.6,55,952.0,4.1,0.0,35.7,34.0,584.0,13.7,8.9,74.0,98
2024-11-29 09:00:00,19.1,46,952.6,5.9,0.0,30.2,28.1,520.0,10.8,10.1,93.0,96
2024-11-29 10:00:00,21.8,37,952.6,9.8,0.0,30.3,27.9,401.0,5.8,11.6,120.0,95
2024-11-29 11:00:00,23.8,32,951.8,11.6,0.0,31.8,29.0,310.0,2.1,12.6,141.0,94
2024-11-29 12:00:00,25.4,28,950.7,11.0,0.0,31.4,28.4,282.0,0.8,12.5,150.0,94
2024-11-29 13:00:00,26.5,26,949.4,10.3,0.0,31.3,27.9,283.0,0.7,12.0,153.0,94
2024-11-29 14:00:00,27.0,27,948.5,9.9,0.0,31.3,27.7,293.0,2.0,11.5,151.0,94
2024-11-29 15:00:00,26.9,27,948.0,9.1,0.0,31.4,27.8,306.0,5.2,11.4,145.0,95
2024-11-29 16:00:00,26.4,27,947.9,9.1,0.0,32.0,28.4,327.0,9.7,11.3,134.0,95
2024-11-29 17:00:00,25.4,28,948.0,8.8,0.0,46.1,40.7,355.0,16.1,11.5,124.0,98
2024-11-29 18:00:00,24.0,30,948.4,6.0,0.0,52.4,46.9,396.0,19.7,12.5,114.0,104
2024-11-29 19:00:00,22.9,34,949.0,6.7,0.0,54.7,49.4,444.0,24.4,13.8,99.0,103
2024-11-29 20:00:00,21.4,40,950.0,7.9,0.0,54.7,49.6,477.0,26.3,14.5,89.0,98
2024-11-29 21:00:00,20.2,45,950.3,8.1,0.0,52.5,48.1,486.0,22.8,14.1,87.0,99
2024-11-29 22:00:00,19.4,48,950.5,7.6,0.0,50.5,47.3,481.0,16.6,13.0,90.0,100
2024-11-29 23:00:00,18.8,50,949.9,7.3,0.0,49.6,47.0,468.0,11.5,12.2,92.0,101
2024-11-30 00:00:00,18.1,53,949.1,5.8,0.0,49.1,46.8,443.0,9.0,11.8,93.0,102
2024-11-30 01:00:00,17.4,57,948.6,5.1,0.0,49.7,47.3,412.0,7.6,11.7,93.0,103
2024-11-30 02:00:00,16.6,60,948.1,4.4,0.0,50.3,47.8,395.0,6.8,11.7,94.0,105
2024-11-30 03:00:00,15.9,64,947.6,3.8,0.0,51.1,48.4,399.0,6.0,11.9,95.0,106
2024-11-30 04:00:00,15.3,67,947.8,3.3,0.0,51.8,49.0,418.0,5.8,12.2,95.0,107
2024-11-30 05:00:00,15.1,69,948.0,1.5,0.0,52.6,49.7,459.0,6.8,12.9,95.0,109
2024-11-30 06:00:00,14.0,73,948.6,1.1,0.0,56.3,53.2,552.0,10.6,14.0,92.0,110
2024-11-30 07:00:00,14.7,72,949.2,0.6,0.0,62.9,59.8,666.0,15.7,15.4,89.0,112
2024-11-30 08:00:00,17.1,59,950.3,0.8,0.0,59.8,57.3,716.0,17.8,16.7,93.0,114
2024-11-30 09:00:00,20.1,49,951.3,3.9,0.0,53.6,50.9,642.0,14.2,17.8,112.0,117
2024-11-30 10:00:00,22.7,42,951.5,6.7,0.0,50.6,48.4,503.0,7.7,18.7,139.0,119
2024-11-30 11:00:00,24.9,38,950.8,7.6,0.0,46.0,44.4,396.0,2.8,18.7,158.0,121
2024-11-30 12:00:00,26.5,36,949.4,7.2,0.0,39.8,38.5,358.0,1.0,17.0,164.0,123
2024-11-30 13:00:00,27.4,35,948.2,6.7,0.0,35.3,34.1,351.0,0.7,14.4,163.0,124
2024-11-30 14:00:00,27.8,34,947.2,6.0,0.0,32.6,31.2,355.0,2.2,12.3,157.0,125
2024-11-30 15:00:00,27.9,33,946.8,6.3,0.0,31.1,29.5,353.0,5.0,11.1,148.0,125
2024-11-30 16:00:00,27.3,34,946.8,8.7,0.0,30.2,28.5,361.0,9.5,10.5,136.0,125
2024-11-30 17:00:00,26.2,37,947.0,10.4,0.0,53.6,50.4,407.0,18.7,12.5,134.0,125
2024-11-30 18:00:00,24.8,41,947.5,7.5,0.0,62.6,59.4,529.0,32.4,15.8,112.0,126
2024-11-30 19:00:00,23.4,45,947.8,4.0,0.0,71.9,68.7,688.0,51.2,20.5,82.0,128
2024-11-30 20:00:00,22.7,47,948.6,1.4,0.0,81.0,77.8,795.0,64.4,24.1,58.0,130
2024-11-30 21:00:00,22.0,49,948.4,1.2,0.0,88.5,85.0,805.0,68.1,26.3,48.0,132
2024-11-30 22:00:00,20.8,53,948.3,3.0,0.0,90.6,87.3,763.0,66.4,27.5,44.0,136
2024-11-30 23:00:00,20.0,56,948.2,1.2,0.0,85.0,81.7,714.0,60.4,26.8,44.0,140
2024-12-01 00:00:00,19.3,58,947.9,0.9,0.0,74.7,72.2,666.0,48.0,22.6,49.0,144
2024-12-01 01:00:00,18.8,63,947.3,0.4,0.0,64.5,62.4,610.0,31.5,16.5,57.0,147
2024-12-01 02:00:00,18.5,62,946.9,0.6,0.0,58.7,56.8,566.0,18.8,11.9,63.0,148
2024-12-01 03:00:00,17.5,65,946.6,2.5,0.0,57.6,56.0,536.0,13.3,10.5,64.0,149
2024-12-01 04:00:00,17.2,66,946.6,0.6,0.0,58.7,57.0,518.0,11.6,10.8,64.0,150
2024-12-01 05:00:00,16.9,68,947.1,0.6,0.0,60.5,58.7,529.0,13.1,11.4,62.0,150
2024-12-01 06:00:00,16.1,73,947.7,0.2,0.0,64.0,61.9,603.0,15.5,11.9,63.0,151
2024-12-01 07:00:00,16.6,70,948.3,0.5,0.0,70.1,68.2,705.0,18.5,12.8,65.0,151
2024-12-01 08:00:00,18.7,61,948.9,1.1,0.0,67.3,65.7,745.0,19.1,13.7,74.0,151
2024-12-01 09:00:00,21.4,55,949.8,3.6,0.0,66.1,64.0,661.0,14.7,15.2,99.0,151
2024-12-01 10:00:00,24.0,50,949.7,6.6,0.0,60.8,59.3,515.0,7.7,16.9,131.0,152
2024-12-01 11:00:00,26.1,47,949.1,8.8,0.0,51.0,49.9,401.0,2.6,17.3,152.0,152
2024-12-01 12:00:00,27.6,45,947.9,9.4,0.0,42.6,41.9,357.0,0.8,15.4,153.0,152
2024-12-01 13:00:00,28.6,43,946.7,8.0,0.0,36.8,36.2,344.0,0.7,12.3,143.0,152
2024-12-01 14:00:00,29.0,42,945.5,6.6,0.0,30.5,30.0,341.0,2.1,9.9,132.0,152
2024-12-01 15:00:00,28.9,42,944.9,6.6,0.0,29.0,28.6,341.0,4.8,8.8,122.0,152
2024-12-01 16:00:00,28.7,43,944.7,8.2,0.0,29.3,29.0,351.0,8.9,8.4,111.0,152
2024-12-01 17:00:00,27.9,45,944.9,9.7,0.0,43.1,42.5,369.0,17.5,9.8,101.0,152
2024-12-01 18:00:00,26.9,48,945.2,6.8,0.0,49.6,49.0,397.0,29.5,12.1,82.0,152
2024-12-01 19:00:00,25.7,53,946.0,4.0,0.0,55.4,54.8,433.0,45.7,15.2,57.0,152
2024-12-01 20:00:00,25.0,56,946.9,5.1,0.0,59.8,59.3,471.0,55.7,17.1,38.0,151
2024-12-01 21:00:00,24.5,60,947.0,5.9,0.0,60.3,59.8,516.0,54.0,16.8,32.0,151
2024-12-01 22:00:00,23.8,64,946.9,3.6,0.0,57.0,56.6,562.0,46.0,15.4,33.0,150
2024-12-01 23:00:00,22.7,69,946.3,3.0,0.0,50.2,49.8,591.0,38.0,13.6,35.0,147
2024-12-02 00:00:00,22.0,73,945.8,1.7,0.0,43.0,42.7,587.0,31.5,11.5,37.0,144
2024-12-02 01:00:00,21.4,75,945.6,2.2,0.0,36.1,35.9,564.0,25.0,9.1,39.0,140
2024-12-02 02:00:00,21.1,77,945.4,2.9,0.0,30.5,30.4,548.0,19.5,7.3,42.0,138
2024-12-02 03:00:00,21.4,76,945.2,4.4,0.0,27.1,27.0,545.0,15.5,6.6,44.0,135
2024-12-02 04:00:00,21.2,77,945.4,4.5,0.0,25.4,25.2,548.0,12.6,6.6,46.0,132
2024-12-02 05:00:00,21.3,76,945.8,5.4,0.0,24.0,23.7,558.0,8.8,7.0,50.0,129
2024-12-02 06:00:00,21.2,78,946.4,5.4,0.0,23.7,23.5,594.0,10.1,8.2,51.0,125
2024-12-02 07:00:00,21.5,76,947.4,5.6,0.0,26.2,25.8,637.0,11.8,9.8,52.0,121
2024-12-02 08:00:00,22.6,72,948.6,7.2,0.1,27.4,27.1,637.0,12.1,10.8,58.0,117
2024-12-02 09:00:00,23.0,72,949.4,8.8,0.1,29.1,28.8,550.0,9.5,10.6,73.0,113
2024-12-02 10:00:00,24.3,70,949.5,14.5,0.1,27.4,27.1,418.0,5.5,9.7,92.0,109
2024-12-02 11:00:00,25.7,65,948.9,14.8,0.0,21.4,21.2,320.0,2.5,8.6,106.0,105
2024-12-02 12:00:00,26.0,65,948.0,14.0,0.0,18.9,18.7,289.0,1.6,7.3,110.0,102
2024-12-02 13:00:00,28.2,54,947.1,12.3,0.0,15.7,15.6,292.0,1.7,5.7,109.0,100
2024-12-02 14:00:00,28.7,52,946.3,11.2,0.0,13.6,13.5,300.0,2.2,4.5,107.0,98
2024-12-02 15:00:00,28.9,52,945.8,11.4,0.0,12.5,12.4,306.0,3.1,3.9,104.0,97
2024-12-02 16:00:00,28.1,54,945.7,11.4,0.0,12.0,12.0,318.0,4.3,3.6,100.0,96
2024-12-02 17:00:00,27.5,55,945.8,10.5,0.0,23.1,23.0,335.0,5.1,3.8,85.0,95
2024-12-02 18:00:00,26.1,62,946.5,7.9,0.0,25.6,25.4,360.0,8.0,4.3,77.0,93
2024-12-02 19:00:00,25.3,65,947.2,8.2,0.0,27.7,27.6,389.0,12.0,5.1,67.0,91
2024-12-02 20:00:00,24.7,68,947.9,10.4,0.0,28.9,28.7,409.0,14.4,5.6,59.0,89
2024-12-02 21:00:00,23.8,73,948.1,8.0,0.0,28.8,28.6,414.0,13.7,5.6,57.0,87
2024-12-02 22:00:00,23.1,77,948.2,6.7,0.0,27.7,27.6,410.0,11.5,5.4,59.0,84
2024-12-02 23:00:00,22.7,79,948.4,7.0,0.0,25.6,25.5,401.0,9.3,5.6,61.0,82
2024-12-03 00:00:00,22.2,81,948.0,6.7,0.0,23.3,23.2,384.0,7.6,6.6,64.0,80
2024-12-03 01:00:00,21.9,83,948.1,7.8,0.0,22.1,22.0,362.0,6.0,7.9,67.0,78
2024-12-03 02:00:00,21.9,82,948.0,7.9,0.1,21.2,21.1,347.0,4.9,9.1,68.0,77
2024-12-03 03:00:00,21.3,85,947.8,8.4,0.0,20.3,20.2,346.0,4.7,9.8,66.0,77
2024-12-03 04:00:00,21.1,88,947.7,7.6,0.0,19.5,19.4,353.0,5.0,10.3,62.0,76
2024-12-03 05:00:00,20.7,91,947.9,6.5,0.0,20.7,20.5,363.0,5.3,11.9,61.0,76
2024-12-03 06:00:00,21.3,86,948.1,7.9,0.0,20.1,20.0,382.0,6.3,12.2,60.0,75
2024-12-03 07:00:00,21.7,86,949.0,8.4,0.0,20.5,20.4,404.0,7.6,12.4,59.0,75
2024-12-03 08:00:00,23.2,81,950.0,12.1,0.0,20.7,20.5,411.0,8.1,12.1,61.0,75
2024-12-03 09:00:00,24.6,76,950.6,15.0,0.0,20.5,20.4,387.0,6.9,10.7,69.0,74
2024-12-03 10:00:00,26.2,67,950.6,15.3,0.1,17.7,17.6,348.0,4.9,8.6,81.0,73
2024-12-03 11:00:00,27.5,61,950.1,15.9,0.3,16.8,16.7,315.0,3.2,6.7,91.0,73
2024-12-03 12:00:00,29.0,58,949.1,15.3,0.3,15.3,15.3,296.0,2.3,5.2,97.0,72
2024-12-03 13:00:00,29.3,58,948.3,14.4,0.2,13.9,13.8,284.0,1.7,3.9,102.0,72
2024-12-03 14:00:00,29.5,57,947.4,12.5,0.1,12.0,11.9,279.0,1.9,2.9,103.0,72
2024-12-03 15:00:00,29.5,58,947.0,11.3,0.0,10.9,10.8,280.0,3.0,2.4,101.0,72
2024-12-03 16:00:00,29.2,58,946.7,11.4,0.0,10.4,10.2,288.0,4.7,2.3,96.0,72
2024-12-03 17:00:00,28.0,60,947.0,9.9,0.0,21.5,21.0,307.0,6.6,2.4,90.0,72
2024-12-03 18:00:00,26.7,67,948.1,10.5,0.0,22.5,22.1,348.0,10.1,3.2,79.0,71
2024-12-03 19:00:00,26.0,71,948.8,9.0,0.0,23.3,23.0,399.0,14.8,4.3,65.0,71
2024-12-03 20:00:00,25.2,75,949.2,8.0,0.0,23.2,22.8,431.0,17.2,5.3,56.0,71
2024-12-03 21:00:00,24.6,78,949.7,9.7,0.0,21.4,21.2,430.0,14.9,5.9,58.0,70
2024-12-03 22:00:00,24.1,79,949.6,10.6,0.0,21.2,21.1,410.0,10.3,6.4,65.0,70
2024-12-03 23:00:00,23.5,82,949.3,10.8,0.0,21.4,21.2,385.0,6.7,6.9,70.0,69
2024-12-04 00:00:00,23.1,84,949.0,11.3,0.0,20.8,20.6,355.0,5.4,7.4,69.0,69
2024-12-04 01:00:00,22.7,86,949.1,11.2,0.0,20.3,20.1,319.0,5.2,7.8,66.0,69
2024-12-04 02:00:00,22.3,87,948.6,10.4,0.0,19.8,19.6,295.0,5.2,8.1,62.0,69
2024-12-04 03:00:00,21.9,90,948.3,10.0,0.0,19.6,19.4,290.0,5.3,8.2,58.0,68
2024-12-04 04:00:00,21.5,91,948.2,9.7,0.0,19.6,19.4,295.0,5.6,8.1,53.0,68
2024-12-04 05:00:00,21.3,93,948.5,9.1,0.0,23.5,23.3,303.0,5.3,8.6,54.0,68
2024-12-04 06:00:00,22.1,90,949.6,11.3,0.0,22.1,21.8,314.0,5.9,7.8,55.0,69
2024-12-04 07:00:00,22.1,90,950.5,11.2,0.0,21.0,20.7,328.0,6.7,6.6,57.0,69
2024-12-04 08:00:00,23.5,82,951.4,15.0,0.0,18.0,17.7,332.0,6.8,5.5,62.0,69
2024-12-04 09:00:00,25.2,72,951.8,15.7,0.0,15.5,15.2,317.0,5.6,4.7,72.0,69
2024-12-04 10:00:00,27.1,63,951.8,15.9,0.0,13.0,12.7,293.0,3.6,4.1,84.0,68
2024-12-04 11:00:00,28.8,54,951.2,13.9,0.0,13.4,12.9,274.0,2.2,3.5,94.0,68
2024-12-04 12:00:00,29.4,51,950.4,11.6,0.0,14.1,13.4,264.0,1.6,3.0,100.0,67
2024-12-04 13:00:00,30.2,48,949.4,10.6,0.1,14.5,13.8,258.0,1.4,2.5,104.0,67
2024-12-04 14:00:00,30.6,45,948.3,9.8,0.2,16.5,15.7,260.0,1.8,2.2,106.0,67
2024-12-04 15:00:00,30.6,46,947.9,9.3,0.4,16.7,15.9,272.0,2.0,1.8,106.0,68
2024-12-04 16:00:00,30.0,48,947.9,8.8,0.2,15.9,15.2,290.0,2.7,1.5,103.0,68
2024-12-04 17:00:00,29.1,52,948.1,8.6,0.0,16.7,15.9,312.0,8.3,3.0,85.0,68
2024-12-04 18:00:00,27.2,62,948.8,5.0,0.0,23.9,23.2,331.0,16.7,5.0,71.0,68
2024-12-04 19:00:00,26.4,66,949.4,6.9,0.0,28.8,28.2,353.0,28.1,7.8,52.0,68
2024-12-04 20:00:00,25.2,76,950.2,2.1,0.0,29.8,29.2,389.0,35.8,9.8,37.0,68
2024-12-04 21:00:00,24.5,79,950.7,1.4,0.0,30.6,29.9,456.0,36.7,10.5,32.0,69
2024-12-04 22:00:00,23.8,80,950.6,3.4,0.0,31.3,30.7,538.0,33.9,10.3,31.0,70
2024-12-04 23:00:00,23.0,84,950.1,4.4,0.0,30.4,29.8,588.0,30.3,9.8,31.0,70
2024-12-05 00:00:00,22.4,86,949.8,4.1,0.0,27.4,27.0,584.0,26.4,8.7,32.0,71
2024-12-05 01:00:00,21.9,89,949.5,2.4,0.0,24.6,24.2,549.0,21.7,7.1,34.0,72
2024-12-05 02:00:00,21.5,91,949.2,0.6,0.0,22.1,21.7,512.0,17.6,5.8,35.0,72
2024-12-05 03:00:00,21.2,92,949.2,2.0,0.0,20.1,19.8,472.0,14.5,5.0,35.0,72
2024-12-05 04:00:00,21.2,92,949.2,4.5,0.0,19.0,18.7,429.0,12.1,4.5,34.0,72
2024-12-05 05:00:00,20.8,93,949.3,5.4,0.0,20.4,20.0,414.0,12.8,5.1,32.0,72
2024-12-05 06:00:00,21.2,91,950.0,5.3,0.0,20.2,19.9,460.0,12.5,5.5,35.0,72
2024-12-05 07:00:00,21.2,89,950.6,5.1,0.0,22.3,22.0,532.0,12.0,6.0,40.0,72
2024-12-05 08:00:00,23.0,79,951.8,4.4,0.0,21.4,21.1,561.0,10.8,6.4,49.0,72
2024-12-05 09:00:00,25.4,68,952.7,6.8,0.0,18.4,18.0,499.0,8.1,6.7,68.0,72
2024-12-05 10:00:00,27.5,60,952.8,7.6,0.0,15.6,15.2,393.0,4.8,6.8,91.0,72
2024-12-05 11:00:00,29.3,52,952.1,7.3,0.0,14.6,14.1,311.0,2.3,6.7,109.0,72
2024-12-05 12:00:00,30.1,46,951.3,6.0,0.1,14.4,13.9,282.0,1.3,6.1,116.0,73
2024-12-05 13:00:00,30.8,43,950.0,5.2,0.0,14.3,13.7,278.0,1.3,5.4,118.0,73
2024-12-05 14:00:00,31.4,39,949.0,4.6,0.0,14.5,13.9,282.0,2.1,4.8,117.0,73
2024-12-05 15:00:00,31.4,39,948.4,3.5,0.1,15.1,14.4,275.0,2.5,4.4,116.0,72
2024-12-05 16:00:00,31.1,39,948.1,1.8,0.0,15.1,14.4,276.0,3.8,4.2,113.0,72
2024-12-05 17:00:00,30.2,41,948.3,1.8,0.0,28.1,26.5,333.0,14.8,6.1,90.0,72
2024-12-05 18:00:00,28.6,51,949.2,3.6,0.0,36.1,34.6,508.0,26.0,8.5,74.0,73
2024-12-05 19:00:00,27.5,57,950.1,10.3,0.0,40.7,39.5,739.0,41.4,11.7,51.0,74
2024-12-05 20:00:00,26.2,64,950.8,8.5,0.0,44.9,43.8,881.0,52.6,14.5,33.0,75
2024-12-05 21:00:00,25.2,69,951.4,7.9,0.0,47.7,46.7,854.0,56.6,16.6,24.0,76
2024-12-05 22:00:00,24.7,72,951.4,5.5,0.0,50.1,49.0,737.0,56.5,18.1,20.0,77
2024-12-05 23:00:00,24.3,79,951.0,0.6,0.0,49.8,49.0,630.0,52.9,18.2,19.0,79
2024-12-06 00:00:00,23.9,76,950.8,3.0,0.0,44.9,44.2,562.0,44.0,15.7,23.0,80
2024-12-06 01:00:00,23.4,78,950.3,5.2,0.0,38.3,37.7,502.0,31.6,11.7,30.0,82
2024-12-06 02:00:00,22.8,79,950.1,7.2,0.0,32.4,31.9,457.0,21.6,8.5,36.0,83
2024-12-06 03:00:00,22.1,83,949.8,7.0,0.0,29.8,29.3,430.0,16.4,6.9,38.0,83
2024-12-06 04:00:00,21.7,85,949.7,7.2,0.0,28.1,27.7,417.0,13.7,6.0,38.0,84
2024-12-06 05:00:00,21.3,87,950.2,5.8,0.0,34.0,33.4,411.0,18.5,7.1,29.0,85
2024-12-06 06:00:00,21.6,91,950.9,3.2,0.0,33.4,32.9,416.0,17.4,7.2,35.0,86
2024-12-06 07:00:00,21.6,91,951.5,3.3,0.0,37.5,36.9,427.0,15.7,7.4,44.0,87
2024-12-06 08:00:00,23.1,83,952.4,6.5,0.0,31.4,31.0,424.0,13.4,7.2,57.0,88
2024-12-06 09:00:00,25.2,71,952.9,5.0,0.0,26.4,26.0,392.0,9.7,6.5,77.0,89
2024-12-06 10:00:00,27.4,61,952.7,3.3,0.0,23.1,22.6,346.0,5.4,5.4,102.0,90
2024-12-06 11:00:00,29.5,50,952.0,3.1,0.0,21.2,20.7,310.0,2.3,4.6,120.0,90
2024-12-06 12:00:00,30.7,44,950.7,3.2,0.0,20.6,20.1,294.0,1.3,4.1,127.0,91
2024-12-06 13:00:00,31.6,39,949.5,2.6,0.0,20.5,19.9,288.0,1.4,3.7,128.0,91
2024-12-06 14:00:00,31.7,38,948.4,2.3,0.0,20.8,20.2,291.0,2.2,3.6,127.0,92
2024-12-06 15:00:00,31.8,37,948.0,3.1,0.0,21.3,20.7,287.0,2.4,3.3,126.0,92
2024-12-06 16:00:00,31.3,38,948.0,5.7,0.0,22.9,22.2,290.0,3.1,3.3,124.0,93
2024-12-06 17:00:00,30.2,41,948.1,7.3,0.0,37.6,36.6,347.0,9.2,4.7,109.0,93
2024-12-06 18:00:00,29.0,47,948.8,1.2,0.0,47.4,46.2,516.0,16.8,7.4,95.0,94
2024-12-06 19:00:00,28.1,48,949.4,1.7,0.0,50.2,49.1,738.0,27.4,11.2,76.0,95
2024-12-06 20:00:00,27.2,55,950.1,0.7,0.0,55.6,54.7,877.0,36.0,14.3,59.0,96
2024-12-06 21:00:00,26.3,57,950.6,1.3,0.0,60.5,59.6,856.0,41.7,16.7,46.0,97
2024-12-06 22:00:00,25.5,61,950.9,0.7,0.0,67.3,66.4,753.0,45.4,18.4,36.0,98
2024-12-06 23:00:00,24.7,64,950.5,2.2,0.0,69.4,68.7,666.0,45.0,18.4,31.0,99
2024-12-07 00:00:00,23.9,70,950.0,2.5,0.0,58.9,58.1,625.0,37.5,15.3,34.0,101
2024-12-07 01:00:00,23.2,75,949.6,1.1,0.0,47.3,46.6,599.0,25.9,10.4,42.0,102
2024-12-07 02:00:00,22.8,78,949.0,1.1,0.0,41.3,40.7,594.0,17.2,6.8,48.0,103
2024-12-07 03:00:00,22.4,80,948.6,0.6,0.0,38.8,38.2,619.0,14.4,5.7,47.0,104
2024-12-07 04:00:00,21.7,83,948.4,1.7,0.0,37.6,37.0,665.0,14.5,5.8,44.0,105
2024-12-07 05:00:00,21.2,86,948.7,0.9,0.0,59.4,58.6,710.0,29.8,12.9,32.0,106
2024-12-07 06:00:00,21.1,83,949.4,4.6,0.0,61.5,60.5,769.0,29.1,12.8,37.0,109
2024-12-07 07:00:00,21.0,82,949.8,4.2,0.0,69.2,68.5,828.0,27.8,12.7,44.0,111
2024-12-07 08:00:00,22.8,74,950.6,2.3,0.0,57.0,56.3,824.0,24.7,12.2,57.0,115
2024-12-07 09:00:00,25.4,65,951.3,2.2,0.0,34.5,33.8,704.0,17.8,11.1,80.0,117
2024-12-07 10:00:00,28.0,54,951.4,3.2,0.0,28.1,27.5,522.0,9.0,9.6,108.0,118
2024-12-07 11:00:00,29.7,42,950.9,6.2,0.0,23.1,22.6,378.0,2.6,8.4,129.0,119
2024-12-07 12:00:00,30.7,37,950.1,8.3,0.0,19.6,19.2,312.0,0.6,7.6,137.0,119
2024-12-07 13:00:00,31.2,36,949.0,8.5,0.0,17.5,17.2,285.0,1.0,7.0,139.0,119
2024-12-07 14:00:00,31.6,35,948.1,8.9,0.0,16.0,15.8,276.0,2.2,6.5,137.0,118
2024-12-07 15:00:00,31.4,34,947.6,10.3,0.0,14.8,14.6,282.0,3.4,6.0,135.0,118
2024-12-07 16:00:00,30.7,35,947.6,11.4,0.0,13.8,13.6,307.0,5.3,5.7,129.0,117
2024-12-07 17:00:00,29.3,39,947.9,11.3,0.0,12.7,12.7,340.0,8.5,6.0,114.0,116
2024-12-07 18:00:00,27.5,45,948.5,10.2,0.0,16.1,16.1,374.0,14.0,7.3,99.0,114
2024-12-07 19:00:00,26.2,48,949.3,10.9,0.0,18.9,18.9,416.0,21.7,9.2,79.0,111
2024-12-07 20:00:00,25.1,50,950.0,8.0,0.0,21.7,21.6,480.0,28.5,11.4,62.0,108
2024-12-07 21:00:00,24.1,52,950.3,6.2,0.0,24.3,24.2,597.0,33.4,14.1,52.0,104
2024-12-07 22:00:00,23.3,56,949.9,5.9,0.0,28.3,28.2,736.0,37.3,17.1,44.0,101
2024-12-07 23:00:00,22.7,59,949.5,5.1,0.0,32.6,32.4,816.0,40.1,19.4,39.0,97
2024-12-08 00:00:00,22.0,62,949.1,4.0,0.0,34.7,34.3,784.0,41.4,20.4,35.0,95
2024-12-08 01:00:00,21.6,62,948.6,4.9,0.0,36.4,36.0,694.0,41.4,20.7,33.0,93
2024-12-08 02:00:00,21.4,61,947.7,4.8,0.0,39.1,38.6,619.0,41.1,21.2,32.0,92
2024-12-08 03:00:00,20.2,65,947.4,3.2,0.0,41.7,41.2,583.0,40.2,22.3,32.0,92
2024-12-08 04:00:00,19.7,68,947.3,3.4,0.0,43.8,43.3,562.0,38.9,23.6,33.0,92
2024-12-08 05:00:00,19.7,68,947.6,3.9,0.0,40.2,39.6,567.0,28.8,22.0,41.0,92
2024-12-08 06:00:00,18.9,78,948.2,2.9,0.0,41.4,40.7,631.0,31.2,23.5,42.0,91
2024-12-08 07:00:00,19.3,75,949.0,3.0,0.0,46.1,45.4,719.0,34.0,25.3,44.0,89
2024-12-08 08:00:00,21.3,65,950.3,1.9,0.0,39.0,38.4,738.0,33.3,25.4,52.0,88
2024-12-08 09:00:00,24.1,48,951.4,2.7,0.0,25.0,24.2,620.0,25.5,22.1,73.0,86
2024-12-08 10:00:00,26.7,34,951.7,4.4,0.0,17.9,16.9,432.0,14.1,16.9,101.0,85
2024-12-08 11:00:00,28.5,29,951.1,6.6,0.0,14.0,13.1,286.0,5.5,12.6,122.0,85
2024-12-08 12:00:00,29.6,31,950.5,9.3,0.0,11.8,11.0,227.0,2.3,10.0,132.0,84
2024-12-08 13:00:00,30.0,31,949.3,10.7,0.0,10.6,10.0,209.0,1.8,8.1,135.0,83
2024-12-08 14:00:00,30.1,31,948.4,10.7,0.0,10.0,9.5,208.0,2.4,6.9,135.0,83
2024-12-08 15:00:00,29.8,32,947.9,11.4,0.0,9.6,9.1,212.0,3.1,6.2,133.0,82
2024-12-08 16:00:00,28.8,34,947.7,12.2,0.0,9.6,9.2,233.0,4.8,6.0,127.0,82
2024-12-08 17:00:00,27.3,35,947.8,11.5,0.0,12.2,12.0,276.0,8.7,7.8,121.0,81
2024-12-08 18:00:00,26.0,39,948.5,10.4,0.0,15.4,15.3,355.0,14.9,9.6,107.0,81
2024-12-08 19:00:00,24.8,41,949.1,8.0,0.0,19.3,19.2,456.0,23.5,12.2,87.0,82
2024-12-08 20:00:00,23.7,43,949.7,6.3,0.0,23.7,23.5,543.0,31.0,14.9,70.0,81
2024-12-08 21:00:00,22.7,46,949.9,6.6,0.0,28.2,28.0,602.0,36.3,18.0,59.0,81
2024-12-08 22:00:00,21.8,50,949.8,6.4,0.0,33.4,33.2,647.0,40.4,21.2,52.0,82
2024-12-08 23:00:00,20.9,53,949.6,6.1,0.0,36.8,36.6,678.0,42.8,23.6,47.0,82
2024-12-09 00:00:00,20.1,56,948.9,3.9,0.0,37.4,37.1,691.0,42.5,24.4,45.0,82
2024-12-09 01:00:00,19.3,59,948.5,3.1,0.0,39.1,38.9,691.0,40.4,24.3,45.0,83
2024-12-09 02:00:00,18.9,62,947.9,0.8,0.0,42.0,41.7,695.0,38.6,24.1,45.0,83
2024-12-09 03:00:00,18.4,68,947.5,0.2,0.0,44.7,44.4,705.0,37.8,24.2,42.0,83
2024-12-09 04:00:00,17.8,67,947.4,0.4,0.0,46.4,46.1,718.0,37.3,24.3,38.0,83
2024-12-09 05:00:00,17.3,68,947.7,0.4,0.0,50.5,50.1,749.0,36.8,27.1,40.0,84
2024-12-09 06:00:00,16.1,81,948.6,1.9,0.0,51.6,51.1,837.0,38.2,26.2,40.0,84
2024-12-09 07:00:00,16.2,80,949.7,2.3,0.0,56.8,56.2,942.0,39.6,24.9,40.0,85
2024-12-09 08:00:00,17.9,67,950.8,3.2,0.0,49.0,48.5,956.0,37.2,22.7,50.0,86
2024-12-09 09:00:00,20.6,51,951.9,4.6,0.0,22.5,21.8,794.0,27.1,18.9,77.0,87
2024-12-09 10:00:00,23.2,39,952.1,5.6,0.0,17.6,16.7,541.0,13.2,14.3,114.0,87
2024-12-09 11:00:00,25.7,32,951.4,6.6,0.0,15.7,15.0,349.0,3.0,10.5,140.0,87
2024-12-09 12:00:00,27.5,30,950.6,6.5,0.0,14.8,14.2,285.0,0.0,8.4,148.0,87
2024-12-09 13:00:00,28.7,29,949.5,5.7,0.0,14.6,14.0,282.0,0.4,7.2,147.0,87
2024-12-09 14:00:00,29.4,29,948.6,5.1,0.0,14.7,14.1,289.0,2.1,6.4,142.0,87
2024-12-09 15:00:00,29.5,29,948.0,6.0,0.0,14.9,14.4,289.0,4.1,6.0,136.0,88
2024-12-09 16:00:00,29.1,30,947.8,6.9,0.0,15.1,14.5,299.0,7.3,6.0,127.0,88
2024-12-09 17:00:00,27.8,33,948.1,8.2,0.0,30.0,29.0,321.0,15.6,7.2,117.0,89
2024-12-09 18:00:00,25.7,39,948.9,10.5,0.0,38.1,37.0,362.0,24.0,9.4,99.0,94
2024-12-09 19:00:00,24.0,43,949.5,8.3,0.0,42.1,41.0,414.0,35.3,12.5,74.0,92
2024-12-09 20:00:00,22.8,45,950.4,6.7,0.0,44.2,43.2,455.0,41.5,14.6,58.0,93
2024-12-09 21:00:00,22.1,47,950.8,6.3,0.0,44.7,43.5,478.0,38.0,14.8,58.0,95
2024-12-09 22:00:00,21.3,48,950.9,6.5,0.0,41.9,40.9,489.0,29.5,14.0,66.0,96
2024-12-09 23:00:00,20.4,49,950.7,7.6,0.0,36.9,35.7,486.0,21.6,13.4,74.0,97
2024-12-10 00:00:00,19.5,51,950.5,6.5,0.0,33.4,32.2,458.0,16.2,13.3,80.0,97
2024-12-10 01:00:00,18.7,54,950.0,5.0,0.0,32.1,30.9,416.0,11.5,13.4,85.0,96
2024-12-10 02:00:00,17.9,57,949.7,3.9,0.0,31.4,30.0,385.0,8.1,13.6,89.0,96
2024-12-10 03:00:00,17.4,60,949.2,3.5,0.0,30.7,29.2,370.0,6.4,14.0,90.0,95
2024-12-10 04:00:00,16.8,66,949.1,2.8,0.0,30.0,28.5,365.0,6.1,14.5,89.0,93
2024-12-10 05:00:00,16.4,68,949.3,2.3,0.0,32.7,30.9,383.0,8.7,14.5,82.0,92
2024-12-10 06:00:00,15.5,76,950.1,1.0,0.0,33.3,31.3,450.0,10.9,14.9,80.0,91
2024-12-10 07:00:00,15.8,73,951.1,1.7,0.0,36.1,34.1,539.0,13.8,15.5,77.0,89
2024-12-10 08:00:00,17.4,64,952.0,2.6,0.0,32.4,30.7,577.0,14.7,15.7,80.0,87
2024-12-10 09:00:00,19.8,52,952.6,5.1,0.0,26.1,24.5,514.0,11.8,15.6,93.0,86
2024-12-10 10:00:00,22.3,43,952.6,6.7,0.0,23.7,22.4,401.0,7.0,15.2,112.0,86
2024-12-10 11:00:00,24.6,39,952.2,7.7,0.0,24.6,23.6,314.0,3.3,14.2,128.0,87
2024-12-10 12:00:00,26.3,38,951.1,7.9,0.0,28.0,27.2,287.0,1.8,12.2,137.0,87
2024-12-10 13:00:00,27.5,37,950.0,7.0,0.0,28.8,28.1,286.0,1.4,9.7,143.0,88
2024-12-10 14:00:00,28.2,37,949.1,6.4,0.0,27.5,27.0,294.0,2.2,7.9,145.0,89
2024-12-10 15:00:00,28.4,37,948.5,6.7,0.0,26.1,25.6,299.0,3.4,6.9,142.0,90
2024-12-10 16:00:00,28.0,38,948.6,7.3,0.0,25.4,24.9,313.0,5.7,6.6,135.0,91
2024-12-10 17:00:00,26.7,43,948.8,7.4,0.0,26.5,26.1,350.0,12.0,7.6,118.0,92
2024-12-10 18:00:00,25.4,48,949.3,6.7,0.0,36.3,36.0,440.0,23.5,10.1,99.0,92
2024-12-10 19:00:00,24.6,51,950.0,6.0,0.0,42.5,42.0,553.0,39.2,13.5,73.0,92
2024-12-10 20:00:00,23.4,57,950.5,4.1,0.0,45.4,45.1,618.0,50.0,16.1,54.0,92
2024-12-10 21:00:00,22.2,62,951.0,3.6,0.0,46.9,46.6,589.0,51.8,17.1,47.0,92
2024-12-10 22:00:00,21.6,64,951.1,4.0,0.0,48.5,48.2,512.0,48.6,17.3,46.0,92
2024-12-10 23:00:00,21.2,65,951.2,5.8,0.0,48.2,47.8,452.0,43.4,16.8,47.0,93
2024-12-11 00:00:00,20.2,69,950.7,5.5,0.0,44.5,44.2,433.0,35.9,15.3,48.0,94
2024-12-11 01:00:00,19.5,71,950.3,5.6,0.0,40.0,39.7,431.0,26.5,13.2,51.0,95
2024-12-11 02:00:00,18.6,75,949.7,3.6,0.0,36.2,35.9,434.0,18.9,11.9,54.0,95
2024-12-11 03:00:00,18.0,79,949.4,2.8,0.0,35.0,34.7,434.0,14.5,12.1,56.0,96
2024-12-11 04:00:00,17.5,81,949.4,1.5,0.0,35.0,34.7,439.0,12.0,13.2,57.0,96
2024-12-11 05:00:00,17.1,83,949.7,1.0,0.0,36.4,36.2,466.0,11.6,14.0,52.0,97
2024-12-11 06:00:00,16.7,86,950.4,0.7,0.0,38.3,38.0,548.0,13.4,15.6,51.0,97
2024-12-11 07:00:00,17.0,83,951.3,1.4,0.0,43.9,43.4,652.0,15.6,17.7,51.0,98
2024-12-11 08:00:00,18.7,73,952.7,1.8,0.0,42.6,42.3,693.0,15.9,18.6,58.0,98
2024-12-11 09:00:00,21.2,62,953.5,4.4,0.0,40.6,40.2,609.0,12.3,17.2,81.0,99
2024-12-11 10:00:00,23.7,55,953.4,5.9,0.0,40.0,39.3,462.0,6.8,14.5,112.0,101
2024-12-11 11:00:00,25.9,50,952.5,5.6,0.0,40.9,40.2,349.0,2.7,12.0,135.0,103
2024-12-11 12:00:00,27.7,45,951.5,4.4,0.0,39.9,39.2,312.0,1.2,10.1,144.0,104
2024-12-11 13:00:00,28.8,40,950.3,2.9,0.0,36.7,35.9,311.0,1.2,8.5,145.0,106
2024-12-11 14:00:00,29.3,36,949.5,4.4,0.0,34.6,33.9,319.0,2.0,7.3,143.0,106
2024-12-11 15:00:00,29.3,33,948.9,7.0,0.0,32.9,32.2,328.0,3.4,6.8,140.0,107
2024-12-11 16:00:00,28.7,32,948.8,7.8,0.0,32.1,31.4,348.0,5.6,6.7,133.0,108
2024-12-11 17:00:00,27.5,35,949.1,6.3,0.0,36.8,36.1,379.0,9.2,7.7,123.0,108
2024-12-11 18:00:00,25.8,41,949.7,6.5,0.0,42.8,42.1,430.0,15.9,9.1,108.0,110
2024-12-11 19:00:00,25.1,45,949.9,7.3,0.0,46.6,45.9,493.0,25.3,11.1,86.0,110
2024-12-11 20:00:00,24.0,50,950.5,5.9,0.0,49.9,49.1,544.0,32.4,12.8,69.0,111
2024-12-11 21:00:00,22.8,54,950.7,0.6,0.0,53.1,52.4,576.0,35.9,14.2,59.0,111
2024-12-11 22:00:00,21.7,57,950.6,2.5,0.0,56.3,55.6,597.0,37.3,15.4,54.0,112
2024-12-11 23:00:00,20.9,61,950.0,1.4,0.0,57.4,56.6,606.0,36.1,15.8,51.0,112
2024-12-12 00:00:00,20.4,61,949.5,3.5,0.0,53.9,53.2,599.0,31.1,14.7,52.0,113
2024-12-12 01:00:00,20.2,58,949.1,4.6,0.0,47.8,47.1,581.0,23.5,12.9,56.0,114
2024-12-12 02:00:00,19.2,62,948.4,3.5,0.0,40.6,40.2,561.0,17.3,11.7,59.0,115
2024-12-12 03:00:00,18.6,65,948.1,1.3,0.0,36.0,35.5,529.0,13.4,11.9,60.0,115
2024-12-12 04:00:00,18.1,71,948.1,0.3,0.0,33.4,33.1,496.0,10.9,12.8,61.0,115
2024-12-12 05:00:00,17.5,71,948.6,1.0,0.0,32.5,32.1,505.0,10.1,13.8,60.0,115
2024-12-12 06:00:00,16.3,82,949.3,1.2,0.0,33.8,33.4,614.0,13.5,15.6,58.0,115
2024-12-12 07:00:00,16.2,84,950.3,2.1,0.0,39.7,39.3,766.0,18.0,18.1,55.0,114
2024-12-12 08:00:00,17.9,76,951.5,1.3,0.0,38.5,38.3,829.0,19.6,19.4,62.0,114
2024-12-12 09:00:00,20.7,64,952.5,3.1,0.0,28.8,28.5,713.0,15.4,18.7,85.0,114
2024-12-12 10:00:00,23.4,54,952.7,3.8,0.0,26.6,26.1,508.0,8.2,16.8,117.0,112
2024-12-12 11:00:00,25.6,48,952.3,3.7,0.0,28.0,27.4,355.0,2.8,14.9,142.0,111
2024-12-12 12:00:00,27.2,43,951.3,2.7,0.0,28.9,28.2,318.0,1.1,13.1,152.0,110
2024-12-12 13:00:00,28.1,40,950.1,4.7,0.0,28.9,28.2,333.0,1.2,11.3,155.0,108
2024-12-12 14:00:00,28.4,38,949.2,5.6,0.0,28.7,28.0,350.0,2.1,10.1,154.0,108
2024-12-12 15:00:00,28.4,36,948.5,5.4,0.0,28.3,27.8,347.0,3.4,9.7,151.0,107
2024-12-12 16:00:00,28.2,34,948.3,4.5,0.0,28.2,27.6,345.0,5.5,9.9,144.0,107
2024-12-12 17:00:00,26.9,43,948.5,2.8,0.0,36.6,36.0,360.0,10.1,10.7,124.0,106
2024-12-12 18:00:00,25.1,44,949.1,4.0,0.0,41.7,41.0,411.0,15.9,12.1,110.0,109
2024-12-12 19:00:00,24.1,47,949.7,6.9,0.0,44.1,43.4,479.0,23.8,14.0,90.0,107
2024-12-12 20:00:00,22.9,49,950.3,4.5,0.0,46.2,45.5,520.0,28.5,15.1,75.0,106
2024-12-12 21:00:00,21.9,53,950.4,4.3,0.0,47.3,46.7,509.0,27.5,14.7,68.0,105
2024-12-12 22:00:00,21.2,54,950.6,6.5,0.0,45.8,45.2,472.0,23.3,13.5,66.0,105
2024-12-12 23:00:00,20.6,53,950.6,8.1,0.0,39.3,38.9,434.0,18.9,12.2,66.0,104
2024-12-13 00:00:00,19.8,55,950.1,7.0,0.0,32.2,31.9,402.0,14.7,10.8,67.0,102
2024-12-13 01:00:00,19.0,60,949.8,6.4,0.0,27.9,27.6,371.0,10.3,9.2,70.0,100
2024-12-13 02:00:00,18.2,64,949.4,5.8,0.0,26.0,25.6,350.0,7.1,8.3,72.0,98
2024-12-13 03:00:00,17.6,67,949.2,5.4,0.0,25.3,24.8,342.0,5.7,8.3,71.0,97
2024-12-13 04:00:00,17.1,69,949.0,4.9,0.0,24.9,24.4,344.0,5.6,9.0,70.0,96
2024-12-13 05:00:00,16.7,70,949.5,5.6,0.0,23.9,23.3,364.0,5.9,11.0,69.0,96
2024-12-13 06:00:00,16.0,73,950.3,7.2,0.0,24.4,23.7,422.0,8.3,11.7,66.0,95
2024-12-13 07:00:00,15.9,74,951.3,6.3,0.0,26.8,26.2,498.0,11.4,12.7,63.0,94
2024-12-13 08:00:00,17.7,65,952.7,5.6,0.0,27.1,26.6,533.0,12.7,13.5,67.0,93
2024-12-13 09:00:00,20.1,53,953.3,7.9,0.0,25.7,25.1,488.0,10.2,14.1,86.0,92
2024-12-13 10:00:00,22.6,45,953.3,9.0,0.0,25.8,25.2,402.0,5.7,14.5,113.0,92
2024-12-13 11:00:00,24.7,39,952.7,10.7,0.0,25.4,24.8,335.0,2.4,14.4,134.0,92
2024-12-13 12:00:00,26.1,36,951.5,10.8,0.0,25.7,25.1,312.0,1.2,13.3,143.0,92
2024-12-13 13:00:00,27.2,34,950.4,9.3,0.0,25.0,24.5,309.0,1.1,11.7,145.0,91
2024-12-13 14:00:00,27.7,32,949.4,8.5,0.0,24.3,23.8,313.0,1.9,10.4,144.0,91
2024-12-13 15:00:00,27.8,31,949.1,7.7,0.0,23.9,23.3,314.0,3.4,9.8,141.0,91
2024-12-13 16:00:00,27.4,32,949.0,7.9,0.0,23.6,23.1,323.0,5.8,9.5,134.0,90
2024-12-13 17:00:00,26.2,36,949.1,7.3,0.0,29.8,29.3,358.0,8.7,9.0,132.0,90
2024-12-13 18:00:00,24.1,44,949.5,4.6,0.0,33.2,32.6,450.0,12.2,9.5,120.0,98
2024-12-13 19:00:00,22.7,50,950.2,4.1,0.0,35.5,34.9,569.0,17.0,10.1,103.0,99
2024-12-13 20:00:00,21.8,52,951.1,5.4,0.0,36.3,35.7,641.0,19.5,10.5,90.0,92
2024-12-13 21:00:00,20.8,54,951.8,8.7,0.0,35.5,35.0,625.0,17.7,10.4,86.0,87
2024-12-13 22:00:00,19.9,55,951.9,8.3,0.0,35.3,34.8,562.0,13.8,10.1,86.0,87
2024-12-13 23:00:00,19.1,57,951.8,6.6,0.0,35.9,35.4,503.0,10.4,10.2,86.0,86
2024-12-14 00:00:00,18.3,61,951.3,5.5,0.0,37.0,36.6,459.0,8.7,11.0,86.0,85
2024-12-14 01:00:00,17.4,65,950.8,4.3,0.0,38.8,38.1,419.0,7.6,12.3,86.0,86
2024-12-14 02:00:00,16.8,69,950.4,3.8,0.0,40.2,39.5,394.0,6.8,13.3,87.0,87
2024-12-14 03:00:00,16.2,70,950.1,4.1,0.0,41.3,40.5,388.0,6.1,13.9,88.0,88
2024-12-14 04:00:00,15.5,73,950.3,4.1,0.0,41.9,41.2,399.0,5.7,14.3,90.0,89
2024-12-14 05:00:00,15.0,75,950.6,4.0,0.0,42.6,41.8,430.0,6.5,17.0,89.0,90
2024-12-14 06:00:00,14.1,77,951.0,4.7,0.0,44.1,43.3,510.0,9.9,17.5,84.0,92
2024-12-14 07:00:00,14.4,75,951.8,4.3,0.0,48.7,47.8,610.0,14.3,18.1,78.0,93
2024-12-14 08:00:00,16.3,67,953.4,4.1,0.0,47.4,46.8,652.0,16.2,18.5,81.0,95
2024-12-14 09:00:00,18.8,56,954.4,6.1,0.0,43.2,42.5,580.0,13.0,18.5,102.0,97
2024-12-14 10:00:00,21.4,46,954.5,8.8,0.0,43.0,42.1,449.0,7.3,18.3,133.0,98
2024-12-14 11:00:00,23.8,38,954.0,10.6,0.0,44.1,43.3,348.0,3.0,17.7,157.0,99
2024-12-14 12:00:00,25.5,34,952.7,11.3,0.0,45.1,44.1,314.0,1.5,16.3,167.0,101
2024-12-14 13:00:00,26.7,31,951.6,10.8,0.0,44.1,43.2,311.0,1.5,14.5,171.0,103
2024-12-14 14:00:00,27.4,29,950.8,10.6,0.0,42.5,41.6,317.0,2.2,13.2,170.0,105
2024-12-14 15:00:00,27.6,28,950.2,10.5,0.0,41.2,40.3,320.0,3.6,12.7,167.0,107
2024-12-14 16:00:00,27.2,29,950.0,10.1,0.0,40.9,40.0,332.0,5.9,12.7,159.0,111
2024-12-14 17:00:00,25.9,31,950.1,8.3,0.0,39.3,38.8,371.0,8.4,12.3,154.0,127
2024-12-14 18:00:00,24.0,35,950.4,6.3,0.0,42.8,42.4,466.0,11.9,12.8,139.0,138
2024-12-14 19:00:00,22.1,43,951.2,4.7,0.0,43.3,42.8,588.0,16.7,13.4,118.0,140
2024-12-14 20:00:00,21.2,47,952.1,5.4,0.0,41.1,40.6,666.0,19.3,13.9,101.0,131
2024-12-14 21:00:00,20.4,49,952.7,8.2,0.0,36.7,36.3,661.0,17.8,13.9,93.0,117
2024-12-14 22:00:00,19.3,51,952.9,8.4,0.0,31.8,31.5,612.0,14.2,13.7,89.0,114
2024-12-14 23:00:00,18.1,54,952.7,7.8,0.0,27.8,27.6,562.0,11.1,13.7,87.0,113
2024-12-15 00:00:00,17.2,56,952.4,6.5,0.0,24.8,24.6,521.0,9.4,14.2,85.0,113
2024-12-15 01:00:00,16.5,57,952.3,4.9,0.0,23.4,23.1,478.0,8.3,15.0,84.0,111
2024-12-15 02:00:00,15.6,61,951.6,3.8,0.0,22.6,22.3,448.0,7.5,15.8,84.0,110
2024-12-15 03:00:00,15.2,64,951.1,2.9,0.0,22.3,21.9,423.0,6.8,16.6,84.0,108
2024-12-15 04:00:00,14.8,64,951.2,1.6,0.0,22.4,22.0,411.0,6.5,17.3,85.0,106
2024-12-15 05:00:00,14.5,65,951.5,1.1,0.0,24.7,24.3,443.0,8.3,17.7,81.0,104
2024-12-15 06:00:00,13.2,70,952.0,1.5,0.0,26.8,26.3,577.0,12.0,18.1,76.0,102
2024-12-15 07:00:00,13.3,72,952.9,1.3,0.0,31.9,31.4,756.0,16.8,18.7,71.0,100
2024-12-15 08:00:00,15.3,62,954.4,1.9,0.0,32.8,32.4,843.0,18.8,18.9,75.0,99
2024-12-15 09:00:00,18.3,50,955.5,3.3,0.0,27.4,26.8,749.0,15.0,18.6,98.0,98
2024-12-15 10:00:00,21.2,42,955.6,5.6,0.0,30.4,29.7,563.0,8.3,17.9,132.0,97
2024-12-15 11:00:00,23.8,38,955.2,7.1,0.0,35.5,34.8,416.0,3.3,17.0,157.0,96
2024-12-15 12:00:00,25.8,35,954.2,8.0,0.0,37.8,37.3,360.0,1.5,15.9,168.0,95
2024-12-15 13:00:00,27.1,31,952.7,8.5,0.0,37.3,36.6,343.0,1.4,14.6,170.0,94
2024-12-15 14:00:00,27.8,29,951.5,8.9,0.0,35.3,34.7,341.0,2.4,13.5,168.0,94
2024-12-15 15:00:00,27.9,28,951.1,9.1,0.0,33.4,32.8,341.0,4.5,12.6,160.0,93
2024-12-15 16:00:00,27.2,29,950.7,9.3,0.0,32.0,31.4,356.0,7.8,11.9,148.0,106
2024-12-15 17:00:00,25.6,34,951.0,8.2,0.0,44.4,43.7,405.0,12.7,11.8,140.0,122
2024-12-15 18:00:00,24.1,36,951.3,6.2,0.0,49.1,48.3,526.0,17.0,12.5,128.0,131
2024-12-15 19:00:00,22.3,46,951.9,4.0,0.0,50.9,50.1,682.0,22.7,13.5,110.0,130
2024-12-15 20:00:00,21.0,50,952.5,4.1,0.0,50.3,49.6,779.0,25.8,14.0,96.0,120
2024-12-15 21:00:00,19.6,57,952.8,4.7,0.0,46.2,45.6,764.0,23.9,13.4,88.0,105
2024-12-15 22:00:00,19.2,57,953.2,7.7,0.0,39.6,39.0,690.0,19.3,12.2,84.0,95
2024-12-15 23:00:00,17.8,62,952.5,5.8,0.0,32.8,32.5,622.0,15.5,11.5,80.0,96
2024-12-16 00:00:00,16.6,67,951.8,4.2,0.0,27.4,27.2,581.0,13.6,11.6,76.0,96
2024-12-16 01:00:00,15.7,71,951.3,3.7,0.0,24.9,24.7,547.0,12.3,12.2,73.0,96
2024-12-16 02:00:00,15.1,72,950.7,3.4,0.0,23.9,23.7,518.0,11.5,13.1,71.0,96
2024-12-16 03:00:00,14.6,71,950.3,3.1,0.0,23.6,23.5,478.0,10.7,14.2,70.0,96
2024-12-16 04:00:00,13.9,70,949.7,3.4,0.0,24.1,24.0,444.0,10.3,15.6,69.0,97
2024-12-16 05:00:00,13.4,70,949.7,3.5,0.0,24.0,24.0,467.0,11.0,17.0,68.0,97
2024-12-16 06:00:00,12.6,72,951.0,1.0,0.0,26.1,26.1,623.0,14.5,18.3,65.0,97
2024-12-16 07:00:00,12.5,75,951.8,1.5,0.0,31.0,30.9,836.0,19.1,20.0,62.0,97
2024-12-16 08:00:00,14.4,66,953.0,2.4,0.0,30.2,30.0,936.0,20.7,20.8,68.0,97
2024-12-16 09:00:00,17.4,53,954.0,2.8,0.0,19.3,19.2,810.0,16.4,20.2,91.0,96
2024-12-16 10:00:00,20.6,41,954.3,4.6,0.0,17.5,17.3,569.0,9.0,18.6,123.0,96
2024-12-16 11:00:00,23.3,30,953.6,7.3,0.0,16.7,16.4,380.0,3.5,16.8,146.0,95
2024-12-16 12:00:00,25.4,23,952.3,7.9,0.0,15.6,15.1,306.0,1.4,14.5,154.0,93
2024-12-16 13:00:00,26.8,20,951.3,7.6,0.0,14.1,13.6,283.0,1.2,11.8,154.0,92
2024-12-16 14:00:00,27.5,19,950.5,7.2,0.0,13.0,12.4,281.0,2.3,9.9,150.0,90
2024-12-16 15:00:00,27.8,18,950.1,7.2,0.0,12.4,11.8,287.0,4.7,9.0,143.0,88
2024-12-16 16:00:00,27.3,18,949.8,6.9,0.0,12.2,11.6,315.0,8.4,8.8,132.0,86
2024-12-16 17:00:00,25.2,27,949.7,4.8,0.0,18.4,17.6,372.0,12.8,9.2,127.0,99
2024-12-16 18:00:00,23.3,29,949.3,5.4,0.0,23.5,22.6,487.0,19.0,10.5,113.0,107
2024-12-16 19:00:00,22.2,34,949.9,4.0,0.0,27.6,26.8,632.0,27.4,12.2,94.0,105
2024-12-16 20:00:00,20.8,36,950.4,4.5,0.0,30.5,29.7,731.0,32.9,13.4,78.0,93
2024-12-16 21:00:00,19.4,43,950.9,4.4,0.0,32.1,31.3,748.0,32.8,13.7,70.0,77
2024-12-16 22:00:00,18.4,42,951.2,5.8,0.0,32.7,32.0,719.0,29.8,13.4,66.0,76
2024-12-16 23:00:00,17.2,48,950.6,4.9,0.0,31.8,31.2,676.0,26.4,13.1,64.0,76
2024-12-17 00:00:00,16.1,54,950.1,4.1,0.0,29.6,29.1,614.0,23.0,12.7,63.0,76
2024-12-17 01:00:00,15.6,58,949.5,3.1,0.0,28.5,28.1,537.0,19.3,12.2,64.0,76
2024-12-17 02:00:00,15.5,57,949.1,1.4,0.0,28.2,27.8,494.0,16.4,12.1,65.0,76
2024-12-17 03:00:00,15.1,58,948.7,1.5,0.0,29.2,28.9,498.0,14.6,12.5,65.0,76
2024-12-17 04:00:00,14.3,62,948.4,0.9,0.0,30.9,30.4,535.0,13.6,13.2,66.0,77
2024-12-17 05:00:00,13.4,66,948.5,1.1,0.0,31.0,30.7,615.0,12.7,14.5,71.0,77
2024-12-17 06:00:00,12.1,72,949.7,1.8,0.0,34.1,33.9,794.0,17.0,15.8,68.0,78
2024-12-17 07:00:00,12.1,72,950.7,2.5,0.0,40.5,40.3,1016.0,22.5,17.6,65.0,78
2024-12-17 08:00:00,14.1,66,951.7,1.1,0.0,41.8,41.7,1120.0,24.4,18.5,73.0,79
2024-12-17 09:00:00,17.2,56,952.5,2.9,0.0,31.9,31.7,1002.0,19.0,18.0,101.0,80
2024-12-17 10:00:00,20.6,46,952.6,4.5,0.0,30.5,30.2,767.0,10.0,16.7,140.0,81
2024-12-17 11:00:00,23.8,37,951.8,4.8,0.0,31.7,31.2,569.0,3.2,15.3,169.0,82
2024-12-17 12:00:00,26.2,30,950.5,5.5,0.0,31.4,31.0,460.0,0.9,13.8,179.0,83
2024-12-17 13:00:00,27.8,27,949.4,5.6,0.0,29.7,29.2,388.0,1.0,12.1,178.0,85
2024-12-17 14:00:00,28.5,25,948.8,6.2,0.0,28.4,27.7,349.0,2.5,10.8,173.0,86
2024-12-17 15:00:00,28.6,23,948.6,7.9,0.0,27.9,27.1,350.0,5.5,10.0,165.0,96
2024-12-17 16:00:00,27.9,24,948.2,9.3,0.0,28.2,27.2,384.0,9.9,9.6,152.0,117
2024-12-17 17:00:00,26.3,29,948.3,8.3,0.0,42.7,41.2,428.0,15.9,9.7,136.0,134
2024-12-17 18:00:00,24.7,32,948.5,6.8,0.0,49.4,47.7,485.0,21.2,10.8,122.0,141
2024-12-17 19:00:00,22.3,43,949.2,4.5,0.0,53.6,51.8,552.0,28.5,12.4,104.0,138
2024-12-17 20:00:00,20.9,47,949.6,4.8,0.0,56.7,54.9,592.0,33.4,13.7,88.0,124
2024-12-17 21:00:00,20.8,40,949.8,6.1,0.0,58.7,56.8,579.0,34.0,14.4,79.0,104
2024-12-17 22:00:00,19.8,44,949.8,5.1,0.0,60.1,58.3,539.0,32.3,14.9,73.0,99
2024-12-17 23:00:00,18.7,52,949.7,1.2,0.0,60.8,59.0,515.0,29.9,14.9,69.0,102
2024-12-18 00:00:00,17.5,57,949.4,0.6,0.0,59.6,58.0,524.0,27.2,14.2,66.0,105
2024-12-18 01:00:00,16.9,59,949.2,0.6,0.0,59.0,57.4,549.0,23.9,13.1,65.0,108
2024-12-18 02:00:00,16.1,61,948.7,1.5,0.0,58.2,56.7,577.0,20.8,12.4,64.0,111
2024-12-18 03:00:00,15.4,64,948.2,1.2,0.0,57.6,56.1,594.0,17.8,12.2,64.0,114
2024-12-18 04:00:00,15.0,67,948.0,0.7,0.0,56.3,54.9,613.0,15.0,12.4,64.0,116
2024-12-18 05:00:00,14.4,69,948.4,0.6,0.0,46.8,45.8,664.0,10.9,14.3,69.0,119
2024-12-18 06:00:00,12.4,77,949.1,0.4,0.0,49.0,48.0,797.0,15.6,15.9,64.0,121
2024-12-18 07:00:00,12.4,78,949.8,1.4,0.0,54.5,53.6,962.0,21.7,18.1,59.0,122
2024-12-18 08:00:00,14.3,70,951.0,2.0,0.0,55.2,54.6,1033.0,24.0,19.8,65.0,123
2024-12-18 09:00:00,17.3,61,951.7,0.9,0.0,45.3,44.8,927.0,18.8,20.7,93.0,125
2024-12-18 10:00:00,20.8,49,951.6,2.7,0.0,44.1,43.5,726.0,9.9,21.1,133.0,126
2024-12-18 11:00:00,24.1,37,951.0,4.2,0.0,41.9,41.3,555.0,3.2,20.7,162.0,128
2024-12-18 12:00:00,26.5,28,950.1,4.4,0.0,38.2,37.7,452.0,0.8,18.8,172.0,129
2024-12-18 13:00:00,27.9,24,949.1,3.7,0.0,35.2,34.7,378.0,0.7,16.0,171.0,129
2024-12-18 14:00:00,28.7,21,948.4,4.0,0.0,32.8,32.4,338.0,2.4,13.9,167.0,130
2024-12-18 15:00:00,28.8,20,948.0,5.2,0.0,31.7,31.1,337.0,5.7,12.8,160.0,130
2024-12-18 16:00:00,28.3,20,947.6,6.4,0.0,31.4,30.9,371.0,10.7,12.4,150.0,131
2024-12-18 17:00:00,26.0,35,947.6,3.7,0.0,48.5,47.4,429.0,20.0,13.0,138.0,131
2024-12-18 18:00:00,24.5,28,948.0,4.7,0.0,57.5,56.3,530.0,29.8,15.4,120.0,133
2024-12-18 19:00:00,23.2,33,948.4,4.1,0.0,63.8,62.6,655.0,43.3,18.8,94.0,133
2024-12-18 20:00:00,21.9,36,949.0,3.6,0.0,68.2,66.8,739.0,52.9,21.6,74.0,134
2024-12-18 21:00:00,20.7,42,949.0,1.0,0.0,72.6,71.5,745.0,55.4,23.5,65.0,135
2024-12-18 22:00:00,19.5,48,948.8,1.3,0.0,77.5,76.1,710.0,54.0,24.8,61.0,137
2024-12-18 23:00:00,18.4,53,948.8,1.7,0.0,79.2,77.8,673.0,50.3,24.7,58.0,138
2024-12-19 00:00:00,17.8,57,948.7,0.7,0.0,75.4,74.0,643.0,43.5,22.2,56.0,140
2024-12-19 01:00:00,16.9,57,948.2,0.8,0.0,69.8,68.5,611.0,34.4,18.3,55.0,142
2024-12-19 02:00:00,15.9,60,947.7,2.0,0.0,65.2,63.8,590.0,26.8,15.3,55.0,143
2024-12-19 03:00:00,15.0,64,947.3,2.0,0.0,63.1,61.5,567.0,21.7,14.1,55.0,144
2024-12-19 04:00:00,14.2,68,947.1,1.9,0.0,62.2,60.5,554.0,18.2,13.8,56.0,145
2024-12-19 05:00:00,13.8,68,947.3,1.5,0.0,68.5,66.8,603.0,20.7,14.6,53.0,145
2024-12-19 06:00:00,12.6,73,947.8,1.6,0.0,70.1,68.5,790.0,24.9,15.6,50.0,147
2024-12-19 07:00:00,12.6,73,948.5,2.7,0.0,75.2,73.3,1039.0,30.3,17.0,48.0,149
2024-12-19 08:00:00,14.6,65,949.9,2.8,0.0,75.2,73.6,1168.0,31.4,17.5,56.0,150
2024-12-19 09:00:00,17.8,56,951.0,1.5,0.0,57.2,55.6,1069.0,24.0,16.5,85.0,151
2024-12-19 10:00:00,21.6,45,951.2,3.1,0.0,49.9,48.1,850.0,12.4,14.6,125.0,151
2024-12-19 11:00:00,25.0,37,950.9,3.7,0.0,46.3,44.7,658.0,3.7,13.0,156.0,151
2024-12-19 12:00:00,27.5,32,950.2,3.1,0.0,43.9,42.5,538.0,0.7,12.0,171.0,152
2024-12-19 13:00:00,29.0,29,949.2,2.4,0.0,42.1,40.9,446.0,0.6,11.3,177.0,152
2024-12-19 14:00:00,29.6,28,948.6,3.6,0.0,40.9,39.7,394.0,2.5,11.0,179.0,152
2024-12-19 15:00:00,29.5,27,947.8,4.5,0.0,40.3,39.1,391.0,5.8,11.1,178.0,152
2024-12-19 16:00:00,29.0,28,947.4,5.3,0.0,41.0,39.7,428.0,11.1,11.6,171.0,152
2024-12-19 17:00:00,27.2,35,947.4,6.5,0.0,39.9,38.9,499.0,17.0,11.2,149.0,153
2024-12-19 18:00:00,25.9,36,947.6,6.1,0.0,49.1,48.1,629.0,28.1,13.8,126.0,152
2024-12-19 19:00:00,24.2,44,948.6,8.3,0.0,57.3,56.3,792.0,43.0,17.5,94.0,152
2024-12-19 20:00:00,22.8,50,949.4,6.2,0.0,64.3,63.3,904.0,52.3,21.1,72.0,152
2024-12-19 21:00:00,21.5,55,949.7,4.1,0.0,69.4,68.5,922.0,50.8,24.3,68.0,152
2024-12-19 22:00:00,20.2,62,949.6,3.4,0.0,69.8,69.4,890.0,43.7,27.4,74.0,152
2024-12-19 23:00:00,19.8,63,949.3,5.9,0.0,70.5,70.1,855.0,36.2,30.3,82.0,152
2024-12-20 00:00:00,19.1,67,948.6,5.0,0.0,70.5,69.8,833.0,29.5,33.0,93.0,151
2024-12-20 01:00:00,18.3,71,948.2,4.0,0.0,72.2,71.5,809.0,22.5,35.4,107.0,151
2024-12-20 02:00:00,17.4,75,948.0,3.2,0.0,74.0,73.1,786.0,17.2,37.5,117.0,151
2024-12-20 03:00:00,17.1,78,947.6,1.3,0.0,75.7,74.7,747.0,13.7,39.1,121.0,152
2024-12-20 04:00:00,16.6,79,947.2,2.6,0.0,77.3,76.1,709.0,11.9,40.2,120.0,152
2024-12-20 05:00:00,16.5,78,947.5,3.8,0.0,82.7,81.5,730.0,15.3,41.1,113.0,152
2024-12-20 06:00:00,15.5,84,947.9,2.2,0.0,88.0,86.8,893.0,25.2,42.9,102.0,153
2024-12-20 07:00:00,16.0,81,948.6,0.9,0.0,101.5,100.4,1115.0,38.3,45.1,88.0,153
2024-12-20 08:00:00,18.5,69,950.1,0.4,0.0,107.1,106.2,1206.0,43.7,44.9,91.0,154
2024-12-20 09:00:00,22.0,54,951.2,1.9,0.0,79.4,78.5,1036.0,34.0,40.1,127.0,155
2024-12-20 10:00:00,24.8,42,951.4,4.5,0.0,66.6,65.4,734.0,16.6,32.8,179.0,156
2024-12-20 11:00:00,26.9,35,950.8,4.4,0.0,57.2,56.0,504.0,3.6,26.6,216.0,156
2024-12-20 12:00:00,28.3,33,949.8,2.5,0.0,52.0,51.0,431.0,0.0,22.5,223.0,157
2024-12-20 13:00:00,29.4,31,948.4,2.5,0.0,50.1,49.0,430.0,0.6,19.4,216.0,157
2024-12-20 14:00:00,30.0,31,947.4,4.3,0.0,49.0,48.1,440.0,2.4,17.6,208.0,157
2024-12-20 15:00:00,30.1,31,946.7,4.9,0.0,48.7,47.7,442.0,4.2,17.3,206.0,157
2024-12-20 16:00:00,29.5,32,946.5,7.7,0.0,49.4,48.5,456.0,7.0,18.2,204.0,171
2024-12-20 17:00:00,27.6,40,946.7,10.6,0.0,55.6,54.8,483.0,11.5,17.3,179.0,189
2024-12-20 18:00:00,25.1,50,947.4,10.5,0.0,62.6,61.9,531.0,16.0,19.3,160.0,198
2024-12-20 19:00:00,23.7,56,948.3,6.5,0.0,66.6,65.9,592.0,22.2,22.1,135.0,195
2024-12-20 20:00:00,22.6,63,948.8,7.9,0.0,67.5,67.1,649.0,26.4,25.2,115.0,182
2024-12-20 21:00:00,21.3,70,949.0,8.6,0.0,69.6,69.2,697.0,26.8,28.8,108.0,164
2024-12-20 22:00:00,20.2,77,949.1,4.1,0.0,73.3,72.6,740.0,25.2,32.7,107.0,159
2024-12-20 23:00:00,19.5,82,948.8,3.5,0.0,76.1,75.4,772.0,23.2,35.6,107.0,159
2024-12-21 00:00:00,19.0,84,948.1,6.2,0.0,76.8,75.9,788.0,21.0,36.6,105.0,160
2024-12-21 01:00:00,18.4,88,947.8,3.2,0.0,77.1,76.1,792.0,18.3,36.5,104.0,160
2024-12-21 02:00:00,17.9,92,947.5,0.4,0.0,77.8,76.6,790.0,16.1,36.5,103.0,160
2024-12-21 03:00:00,17.4,94,947.0,1.9,0.0,78.5,77.3,772.0,13.9,37.0,103.0,160
2024-12-21 04:00:00,17.1,95,946.9,5.1,0.0,80.1,78.7,748.0,12.1,37.7,104.0,160
2024-12-21 05:00:00,16.6,97,947.2,4.4,0.0,80.8,79.6,749.0,11.8,33.2,99.0,160
2024-12-21 06:00:00,16.3,100,948.1,3.3,0.0,83.8,82.4,815.0,19.1,35.1,88.0,160
2024-12-21 07:00:00,16.3,98,948.6,3.3,0.0,91.7,90.3,905.0,28.6,37.6,75.0,160
2024-12-21 08:00:00,17.0,95,949.7,3.3,0.0,92.0,91.0,932.0,32.7,38.1,77.0,160
2024-12-21 09:00:00,20.0,79,950.8,1.1,0.0,75.9,74.7,834.0,25.7,35.1,111.0,159
2024-12-21 10:00:00,23.4,61,950.8,1.8,0.0,65.2,64.0,672.0,13.2,30.2,160.0,159
2024-12-21 11:00:00,25.9,48,950.3,3.5,0.0,63.8,62.6,539.0,3.8,25.5,196.0,159
2024-12-21 12:00:00,27.8,42,949.4,2.8,0.0,63.1,62.2,470.0,1.1,21.7,205.0,159
2024-12-21 13:00:00,29.4,37,948.2,1.2,0.0,61.5,60.5,430.0,1.5,18.1,201.0,160
2024-12-21 14:00:00,30.2,33,947.5,3.4,0.0,58.8,57.9,405.0,2.4,15.5,196.0,160
2024-12-21 15:00:00,30.3,33,946.9,4.8,0.0,57.5,56.6,393.0,2.0,14.1,196.0,160
2024-12-21 16:00:00,29.9,33,947.0,5.8,0.0,56.5,55.5,398.0,2.0,13.7,195.0,160
2024-12-21 17:00:00,28.9,35,947.3,9.0,0.0,40.4,39.6,411.0,6.3,9.6,157.0,170
2024-12-21 18:00:00,24.6,59,948.5,9.6,0.0,46.3,45.6,437.0,12.4,11.0,135.0,178
2024-12-21 19:00:00,23.5,66,949.7,12.3,0.0,48.5,47.8,473.0,20.6,12.9,105.0,174
2024-12-21 20:00:00,21.6,79,950.4,9.7,0.0,44.9,44.4,502.0,25.9,14.8,82.0,159
2024-12-21 21:00:00,20.8,85,950.7,9.8,0.0,40.9,40.3,519.0,25.6,16.4,73.0,158
2024-12-21 22:00:00,20.0,89,950.8,7.9,0.0,39.0,38.4,528.0,22.3,18.0,70.0,158
2024-12-21 23:00:00,19.6,91,950.5,6.6,0.0,38.4,37.6,528.0,19.2,19.0,69.0,157
2024-12-22 00:00:00,19.1,93,950.0,4.9,0.0,37.7,36.8,512.0,17.1,19.2,68.0,155
2024-12-22 01:00:00,18.4,97,949.5,6.6,0.0,38.2,37.1,487.0,15.3,18.9,69.0,154
2024-12-22 02:00:00,17.9,98,949.0,5.0,0.0,39.6,38.4,466.0,14.2,18.6,69.0,153
2024-12-22 03:00:00,17.8,98,948.7,5.0,0.0,42.1,40.9,450.0,14.1,18.6,66.0,152
2024-12-22 04:00:00,17.6,98,948.4,7.0,0.0,48.3,46.9,438.0,14.8,18.6,63.0,151
2024-12-22 05:00:00,17.9,94,948.5,4.8,0.0,56.5,55.1,449.0,15.3,17.7,56.0,150
2024-12-22 06:00:00,18.0,96,949.0,4.2,0.0,61.9,60.3,504.0,17.7,18.1,52.0,147
2024-12-22 07:00:00,17.9,96,949.6,2.2,0.0,61.9,60.5,582.0,20.7,18.7,48.0,145
2024-12-22 08:00:00,18.3,93,950.8,1.2,0.0,63.6,62.2,632.0,21.1,19.1,56.0,142
2024-12-22 09:00:00,19.6,85,951.4,0.9,0.0,62.9,61.5,635.0,16.4,19.4,86.0,139
2024-12-22 10:00:00,22.0,72,951.5,2.0,0.0,62.2,60.8,611.0,9.2,19.4,128.0,138
2024-12-22 11:00:00,25.1,58,951.1,0.7,0.0,62.9,61.7,570.0,3.7,18.4,158.0,137
2024-12-22 12:00:00,27.6,48,949.9,3.5,0.0,61.7,60.8,505.0,1.9,15.4,165.0,137
2024-12-22 13:00:00,29.1,40,948.7,7.5,0.0,57.2,56.2,423.0,1.9,11.2,161.0,137
2024-12-22 14:00:00,29.5,38,947.9,8.6,0.0,52.4,51.6,361.0,2.4,8.2,156.0,137
2024-12-22 15:00:00,29.3,37,947.4,9.7,0.0,48.5,47.7,335.0,3.0,7.1,153.0,136
2024-12-22 16:00:00,27.9,41,947.3,13.9,0.0,45.6,44.8,328.0,4.1,7.0,149.0,135
2024-12-22 17:00:00,25.9,51,947.6,13.9,0.0,27.0,26.5,329.0,5.2,6.2,136.0,134
2024-12-22 18:00:00,23.4,67,948.4,15.1,0.0,29.5,29.0,335.0,7.5,7.5,124.0,132
2024-12-22 19:00:00,21.5,80,949.1,11.5,0.0,28.9,28.3,348.0,10.6,9.2,108.0,131
2024-12-22 20:00:00,20.8,85,949.8,10.4,0.0,30.2,29.3,363.0,13.3,11.0,94.0,129
2024-12-22 21:00:00,20.5,86,950.2,10.0,0.0,33.5,32.6,385.0,15.1,12.8,85.0,127
2024-12-22 22:00:00,20.1,86,950.1,9.3,0.0,37.5,36.4,408.0,16.4,14.5,78.0,126
2024-12-22 23:00:00,19.5,89,949.8,7.6,0.0,40.0,38.9,416.0,17.0,15.5,72.0,126
2024-12-23 00:00:00,19.0,90,949.3,7.1,0.0,41.1,39.8,390.0,16.8,15.3,66.0,126
2024-12-23 01:00:00,18.7,91,948.8,6.6,0.0,43.3,41.8,348.0,16.0,14.4,61.0,127
2024-12-23 02:00:00,18.2,92,948.4,4.2,0.0,46.7,45.1,324.0,15.0,13.7,57.0,127
2024-12-23 03:00:00,17.7,95,948.2,1.3,0.0,49.6,47.8,334.0,13.8,13.4,54.0,128
2024-12-23 04:00:00,17.4,97,948.2,0.9,0.0,51.5,49.7,363.0,12.4,13.2,52.0,129
2024-12-23 05:00:00,17.2,97,948.5,1.4,0.0,53.0,51.1,401.0,12.3,13.0,51.0,129
2024-12-23 06:00:00,17.2,98,949.3,4.8,0.0,54.8,53.0,463.0,13.1,14.0,54.0,128
2024-12-23 07:00:00,17.2,97,949.8,4.4,0.0,58.6,56.6,534.0,14.2,15.3,59.0,128
2024-12-23 08:00:00,17.9,92,950.7,2.9,0.0,55.8,53.9,566.0,13.9,15.4,68.0,127
2024-12-23 09:00:00,20.0,81,951.3,2.5,0.0,47.7,46.0,526.0,11.1,13.3,86.0,126
2024-12-23 10:00:00,22.9,65,951.6,4.0,0.0,36.4,34.8,447.0,7.0,10.0,108.0,125
2024-12-23 11:00:00,25.5,55,951.2,5.8,0.0,33.8,32.4,379.0,3.9,7.4,125.0,122
2024-12-23 12:00:00,27.0,48,950.0,7.5,0.1,33.4,32.2,337.0,2.7,6.1,132.0,119
2024-12-23 13:00:00,27.7,45,948.9,10.0,0.0,32.5,31.5,306.0,2.5,5.5,134.0,116
2024-12-23 14:00:00,27.9,44,948.1,9.7,0.0,31.8,30.9,292.0,2.8,5.2,134.0,113
2024-12-23 15:00:00,27.9,43,947.6,9.0,0.0,31.0,30.0,303.0,3.3,5.0,132.0,111
2024-12-23 16:00:00,26.9,45,947.6,10.5,0.0,30.9,29.9,331.0,4.4,5.1,127.0,109
2024-12-23 17:00:00,25.0,56,948.1,11.7,0.0,38.3,37.0,364.0,6.4,7.6,120.0,108
2024-12-23 18:00:00,23.5,64,948.6,11.9,0.0,38.6,37.6,401.0,8.9,10.4,115.0,109
2024-12-23 19:00:00,21.8,75,949.3,10.3,0.0,44.8,43.8,443.0,12.5,14.3,108.0,110
2024-12-23 20:00:00,20.9,80,949.9,8.7,0.0,52.6,51.5,481.0,15.7,17.8,101.0,111
2024-12-23 21:00:00,20.4,84,950.3,5.7,0.0,57.5,56.3,514.0,18.4,20.7,94.0,114
2024-12-23 22:00:00,19.9,86,950.3,5.0,0.0,61.9,60.8,543.0,20.8,23.3,86.0,116
2024-12-23 23:00:00,19.4,88,950.0,1.8,0.0,66.1,65.0,563.0,22.3,24.6,78.0,119
2024-12-24 00:00:00,19.1,89,949.6,3.7,0.1,68.7,67.5,570.0,22.6,23.9,69.0,122
2024-12-24 01:00:00,18.8,91,949.2,3.1,0.1,72.2,71.0,569.0,22.1,22.0,61.0,124
2024-12-24 02:00:00,18.3,94,949.0,1.6,0.1,74.5,73.1,566.0,20.9,20.3,55.0,127
2024-12-24 03:00:00,18.1,95,948.6,0.4,0.0,75.4,73.8,557.0,18.4,19.1,54.0,130
2024-12-24 04:00:00,18.3,94,948.7,1.9,0.0,76.1,74.7,547.0,15.3,18.0,55.0,133
2024-12-24 05:00:00,18.2,94,948.9,1.0,0.0,80.8,79.2,552.0,15.8,19.8,55.0,136
2024-12-24 06:00:00,17.5,95,949.4,0.4,0.0,85.2,83.6,595.0,19.7,20.6,53.0,139
2024-12-24 07:00:00,17.4,96,949.8,0.6,0.0,96.9,95.0,654.0,24.8,21.5,51.0,142
2024-12-24 08:00:00,18.7,88,950.8,0.6,0.0,92.0,90.3,676.0,26.2,21.5,58.0,146
2024-12-24 09:00:00,20.8,77,951.6,3.3,0.0,85.9,83.8,628.0,20.3,19.8,80.0,150
2024-12-24 10:00:00,23.0,67,951.8,4.2,0.0,86.1,84.3,542.0,10.7,17.0,111.0,151
2024-12-24 11:00:00,25.4,57,951.3,5.8,0.0,80.3,78.5,467.0,3.6,14.3,134.0,152
2024-12-24 12:00:00,26.5,51,950.2,6.0,0.0,74.7,73.1,415.0,1.6,11.6,142.0,154
2024-12-24 13:00:00,27.4,46,949.0,5.4,0.0,63.6,62.4,373.0,2.1,9.0,142.0,155
2024-12-24 14:00:00,28.1,43,948.4,5.6,0.0,56.9,55.9,349.0,3.0,7.2,141.0,156
2024-12-24 15:00:00,27.9,44,948.2,6.6,0.0,52.2,51.1,345.0,3.4,6.6,142.0,157
2024-12-24 16:00:00,27.4,47,948.2,7.8,0.0,50.4,49.4,359.0,4.3,6.8,141.0,157
2024-12-24 17:00:00,26.3,51,948.7,8.0,0.0,72.2,70.8,387.0,7.1,8.9,123.0,158
2024-12-24 18:00:00,24.4,64,949.1,9.2,0.0,82.0,80.6,431.0,10.0,12.1,121.0,159
2024-12-24 19:00:00,23.8,67,950.1,9.1,0.0,92.7,91.7,491.0,13.9,16.5,118.0,160
2024-12-24 20:00:00,22.8,70,950.8,10.1,0.0,99.2,98.3,560.0,17.3,20.2,114.0,162
2024-12-24 21:00:00,21.9,71,951.3,9.4,0.0,101.3,100.4,652.0,19.3,22.4,108.0,163
2024-12-24 22:00:00,21.1,73,951.5,4.8,0.0,102.4,101.3,755.0,20.7,23.8,99.0,164
2024-12-24 23:00:00,20.6,75,951.1,3.7,0.0,104.5,103.4,823.0,21.8,24.3,90.0,166
2024-12-25 00:00:00,20.1,78,950.6,2.5,0.0,105.7,104.5,834.0,22.9,23.5,78.0,167
2024-12-25 01:00:00,19.6,81,950.2,2.3,0.0,106.2,105.0,811.0,23.6,21.8,64.0,168
2024-12-25 02:00:00,19.2,85,949.7,0.8,0.0,105.7,104.5,780.0,23.4,20.2,54.0,169
2024-12-25 03:00:00,19.0,84,949.4,0.7,0.1,104.1,102.7,735.0,21.1,18.9,50.0,170
2024-12-25 04:00:00,18.8,84,949.4,3.1,0.0,102.0,100.8,681.0,17.8,17.6,50.0,171
2024-12-25 05:00:00,18.4,87,949.6,1.9,0.0,109.4,108.0,662.0,22.1,22.9,49.0,171
2024-12-25 06:00:00,17.4,93,949.8,1.4,0.0,110.6,109.0,726.0,27.2,23.3,45.0,172
2024-12-25 07:00:00,17.6,93,950.5,0.0,0.0,117.8,116.2,824.0,33.8,23.7,42.0,173
2024-12-25 08:00:00,19.3,82,951.7,2.2,0.0,115.7,114.3,856.0,35.3,23.4,48.0,174
2024-12-25 09:00:00,21.5,73,952.8,4.6,0.0,104.1,102.4,754.0,26.8,21.8,74.0,174
2024-12-25 10:00:00,23.7,64,953.0,5.2,0.0,99.9,98.3,586.0,13.2,19.5,110.0,175
2024-12-25 11:00:00,25.8,55,952.5,5.8,0.0,91.0,89.4,451.0,3.1,17.1,138.0,175
2024-12-25 12:00:00,27.5,48,951.5,4.3,0.0,80.1,78.2,389.0,0.3,14.5,150.0,176
2024-12-25 13:00:00,28.8,43,950.4,4.0,0.0,70.1,68.2,359.0,1.0,11.8,153.0,176
2024-12-25 14:00:00,29.8,38,949.6,4.0,0.0,63.8,61.9,344.0,2.3,9.8,154.0,176
2024-12-25 15:00:00,30.0,36,949.0,2.8,0.0,59.8,58.1,325.0,2.1,8.4,155.0,176
2024-12-25 16:00:00,29.5,36,948.9,3.5,0.0,57.5,55.8,321.0,2.5,7.7,153.0,176
2024-12-25 17:00:00,28.9,37,949.3,5.8,0.0,66.1,64.3,363.0,8.1,8.8,129.0,177
2024-12-25 18:00:00,27.2,50,949.8,2.0,0.0,74.7,73.1,498.0,18.1,10.7,111.0,176
2024-12-25 19:00:00,26.1,50,951.0,7.0,0.0,80.1,78.2,679.0,31.8,13.4,85.0,176
2024-12-25 20:00:00,23.8,64,952.1,11.9,0.0,83.6,82.2,807.0,41.8,16.2,65.0,176
2024-12-25 21:00:00,22.8,68,952.7,7.4,0.0,90.3,88.9,827.0,44.6,19.1,57.0,175
2024-12-25 22:00:00,22.4,70,952.9,7.3,0.0,96.4,95.2,792.0,43.6,22.1,54.0,175
2024-12-25 23:00:00,22.2,71,952.7,5.0,0.0,98.7,97.6,763.0,42.1,24.0,51.0,175
2024-12-26 00:00:00,21.4,75,952.3,6.1,0.0,99.2,98.0,761.0,41.1,24.0,45.0,175
2024-12-26 01:00:00,21.0,78,951.6,3.1,0.0,100.1,99.2,763.0,39.5,22.8,40.0,174
2024-12-26 02:00:00,20.4,83,951.0,1.0,0.0,101.7,100.8,767.0,37.3,21.7,36.0,174
2024-12-26 03:00:00,20.3,85,950.6,0.6,0.0,104.1,102.9,771.0,34.1,21.3,36.0,174
2024-12-26 04:00:00,19.9,86,950.8,1.4,0.0,101.7,100.6,776.0,30.3,21.0,38.0,174
2024-12-26 05:00:00,20.2,82,951.4,3.5,0.0,87.5,86.4,777.0,30.1,18.7,34.0,174
2024-12-26 06:00:00,19.6,87,952.1,2.0,0.0,73.3,71.9,784.0,28.4,16.7,33.0,173
2024-12-26 07:00:00,20.0,88,952.8,1.1,0.0,61.0,59.8,786.0,25.8,14.0,33.0,172
2024-12-26 08:00:00,21.7,76,954.1,4.1,0.0,45.5,44.8,747.0,21.9,11.2,41.0,171
2024-12-26 09:00:00,24.1,67,954.9,6.4,0.0,22.6,22.0,627.0,15.5,8.6,64.0,169
2024-12-26 10:00:00,26.2,57,955.0,11.9,0.2,17.3,16.6,467.0,7.9,5.9,94.0,166
2024-12-26 11:00:00,27.3,52,954.7,10.8,0.0,19.1,18.2,345.0,2.3,3.9,117.0,164
2024-12-26 12:00:00,28.6,46,953.9,10.8,0.0,19.0,17.9,301.0,0.4,2.7,125.0,162
2024-12-26 13:00:00,29.4,42,952.6,9.2,0.0,18.2,17.1,295.0,0.6,2.2,125.0,160
2024-12-26 14:00:00,30.1,38,951.9,8.4,0.0,17.5,16.4,296.0,1.6,1.9,122.0,158
2024-12-26 15:00:00,29.9,38,951.4,6.6,0.0,16.8,15.8,282.0,2.3,1.5,119.0,157
2024-12-26 16:00:00,29.4,38,951.4,5.9,0.0,16.3,15.3,274.0,3.9,1.3,113.0,156
2024-12-26 17:00:00,28.6,40,951.5,7.2,0.0,22.9,21.7,300.0,8.7,2.7,99.0,155
2024-12-26 18:00:00,26.8,54,951.8,2.7,0.0,31.4,30.3,377.0,17.7,5.6,84.0,153
2024-12-26 19:00:00,25.7,52,952.5,5.3,0.0,39.2,38.2,489.0,30.3,9.8,64.0,152
2024-12-26 20:00:00,23.7,69,953.1,8.4,0.0,45.9,44.8,613.0,40.4,13.8,48.0,151
2024-12-26 21:00:00,22.4,78,953.4,4.2,0.0,52.4,51.3,779.0,46.3,17.8,40.0,149
2024-12-26 22:00:00,21.8,82,953.4,5.5,0.0,61.2,60.1,957.0,49.8,21.7,35.0,145
2024-12-26 23:00:00,21.3,84,953.0,4.0,0.0,68.5,67.3,1038.0,50.3,23.6,33.0,141
2024-12-27 00:00:00,20.8,87,952.6,4.0,0.0,68.2,67.1,946.0,46.8,22.1,32.0,138
2024-12-27 01:00:00,20.3,91,952.3,0.8,0.0,63.1,62.2,758.0,40.3,18.5,32.0,135
2024-12-27 02:00:00,20.2,90,952.1,2.8,0.0,54.4,53.6,594.0,33.5,15.1,34.0,131
2024-12-27 03:00:00,20.1,90,951.6,3.1,0.0,44.0,43.5,494.0,26.4,12.6,37.0,126
2024-12-27 04:00:00,19.8,89,951.7,4.5,0.0,33.6,33.3,419.0,19.0,10.2,41.0,120
2024-12-27 05:00:00,19.7,88,951.9,5.7,0.0,27.7,27.5,371.0,12.9,8.8,48.0,113
2024-12-27 06:00:00,20.3,86,952.8,6.3,0.0,20.1,20.0,364.0,11.7,7.3,52.0,107
2024-12-27 07:00:00,20.3,88,953.5,5.5,0.0,16.8,16.7,385.0,9.9,5.3,57.0,101
2024-12-27 08:00:00,21.3,85,954.5,6.7,0.0,11.7,11.6,390.0,8.0,3.6,64.0,98
2024-12-27 09:00:00,22.9,78,955.3,7.9,0.1,9.1,9.0,357.0,6.0,2.7,72.0,95
2024-12-27 10:00:00,24.4,69,955.2,10.3,0.1,7.7,7.6,310.0,3.9,2.2,81.0,94
2024-12-27 11:00:00,26.6,58,954.6,11.3,0.1,6.7,6.6,273.0,2.4,1.8,88.0,93
2024-12-27 12:00:00,28.3,50,953.6,10.4,0.1,6.2,6.0,258.0,1.7,1.6,93.0,92
2024-12-27 13:00:00,29.5,45,952.3,10.3,0.0,5.9,5.8,255.0,1.7,1.5,96.0,91
2024-12-27 14:00:00,29.9,42,951.6,11.4,0.0,6.2,6.1,257.0,2.1,1.6,98.0,91
2024-12-27 15:00:00,29.8,42,951.0,10.9,0.0,6.1,6.0,241.0,2.5,1.7,99.0,90
2024-12-27 16:00:00,29.3,43,950.8,9.9,0.0,6.5,6.4,232.0,3.4,2.0,97.0,89
2024-12-27 17:00:00,28.4,45,951.1,7.1,0.2,20.4,19.6,295.0,8.1,2.8,87.0,88
2024-12-27 18:00:00,25.7,60,951.8,4.4,0.0,25.0,24.3,500.0,15.8,4.4,73.0,88
2024-12-27 19:00:00,25.0,63,952.7,3.6,0.0,28.9,28.2,777.0,26.4,6.7,53.0,88
2024-12-27 20:00:00,24.1,67,953.6,1.9,0.0,31.1,30.4,986.0,33.7,8.3,39.0,87
2024-12-27 21:00:00,23.2,72,954.0,5.1,0.0,36.2,35.5,1082.0,35.5,8.9,33.0,86
2024-12-27 22:00:00,22.4,79,954.1,4.6,0.0,35.5,34.9,1111.0,34.0,8.8,33.0,84
2024-12-27 23:00:00,21.8,84,953.8,3.4,0.1,33.6,33.1,1068.0,30.5,8.1,36.0,82
2024-12-28 00:00:00,20.8,91,953.5,8.1,0.4,24.5,24.0,913.0,24.0,6.4,46.0,80
2024-12-28 01:00:00,20.6,91,953.0,3.2,0.3,21.4,20.9,686.0,15.3,4.2,59.0,76
2024-12-28 02:00:00,20.4,93,952.4,1.9,0.6,16.1,15.7,504.0,8.8,2.5,69.0,73
2024-12-28 03:00:00,20.1,96,951.8,3.3,0.3,12.3,11.9,399.0,5.9,2.0,72.0,70
2024-12-28 04:00:00,19.8,98,951.9,3.8,0.0,9.0,8.7,338.0,5.1,2.2,72.0,68
2024-12-28 05:00:00,19.5,98,951.8,2.4,0.1,17.4,17.1,341.0,12.7,4.1,42.0,66
2024-12-28 06:00:00,19.2,98,952.1,2.0,0.0,20.0,19.7,466.0,15.8,5.3,40.0,65
2024-12-28 07:00:00,19.1,98,952.7,3.4,0.0,26.7,26.3,654.0,19.7,6.8,37.0,65
2024-12-28 08:00:00,20.4,92,954.1,3.2,0.0,28.0,27.6,747.0,20.8,7.6,42.0,66
2024-12-28 09:00:00,23.0,77,955.0,3.2,0.0,18.5,17.9,645.0,16.2,6.8,60.0,67
2024-12-28 10:00:00,25.4,63,955.2,4.4,0.0,16.6,15.9,448.0,8.6,5.1,86.0,68
2024-12-28 11:00:00,27.4,53,954.7,8.1,0.0,14.8,14.0,298.0,3.0,3.8,105.0,68
2024-12-28 12:00:00,28.6,48,953.5,7.5,0.0,14.3,13.6,256.0,1.3,3.2,113.0,69
2024-12-28 13:00:00,29.4,45,952.2,7.3,0.0,12.4,11.8,262.0,1.4,3.0,114.0,69
2024-12-28 14:00:00,29.7,42,951.4,7.3,0.0,12.1,11.5,275.0,2.2,3.0,114.0,70
2024-12-28 15:00:00,29.7,41,950.7,7.1,0.0,12.2,11.7,280.0,2.4,3.0,114.0,70
2024-12-28 16:00:00,29.0,43,950.7,8.6,0.0,12.0,11.4,293.0,3.3,3.2,112.0,71
2024-12-28 17:00:00,27.7,48,951.2,9.4,0.1,22.6,21.5,320.0,7.2,4.3,101.0,71
2024-12-28 18:00:00,26.0,60,951.5,11.1,0.0,30.6,29.6,367.0,13.3,6.4,91.0,71
2024-12-28 19:00:00,24.9,65,952.5,11.4,0.0,36.9,36.1,429.0,21.7,9.5,77.0,72
2024-12-28 20:00:00,23.9,70,953.4,6.4,0.0,41.0,40.3,494.0,28.6,12.6,65.0,72
2024-12-28 21:00:00,23.4,72,954.0,3.8,0.0,46.7,46.1,577.0,32.7,16.0,58.0,73
2024-12-28 22:00:00,22.8,76,953.9,5.0,0.0,53.4,52.9,663.0,35.3,19.5,54.0,74
2024-12-28 23:00:00,22.1,80,953.6,0.7,0.0,60.8,60.3,703.0,36.0,21.3,51.0,75
2024-12-29 00:00:00,21.7,82,953.2,0.4,0.0,66.4,65.9,658.0,34.3,20.3,48.0,78
2024-12-29 01:00:00,21.2,84,952.5,1.9,0.0,67.3,66.6,565.0,30.7,17.7,45.0,81
2024-12-29 02:00:00,20.6,86,952.0,3.9,0.0,61.0,60.5,493.0,26.9,15.2,44.0,84
2024-12-29 03:00:00,20.0,88,951.7,3.9,0.0,55.4,54.7,463.0,22.6,13.2,44.0,88
2024-12-29 04:00:00,19.6,90,951.7,3.6,0.0,52.2,51.3,452.0,18.2,11.4,46.0,91
2024-12-29 05:00:00,19.2,90,951.8,3.1,0.0,56.8,56.1,459.0,18.7,11.7,43.0,95
2024-12-29 06:00:00,19.7,90,952.9,3.6,0.0,54.6,53.9,502.0,21.0,11.3,38.0,98
2024-12-29 07:00:00,19.6,91,953.8,3.7,0.1,55.2,54.5,563.0,23.8,10.6,32.0,101
2024-12-29 08:00:00,20.5,86,954.9,3.1,0.0,45.6,45.2,584.0,23.9,9.8,37.0,104
2024-12-29 09:00:00,22.4,75,955.5,4.2,0.0,31.0,30.4,527.0,18.5,8.6,61.0,105
2024-12-29 10:00:00,24.5,65,955.6,4.7,0.0,28.9,28.2,431.0,10.3,7.2,95.0,107
2024-12-29 11:00:00,26.9,53,955.1,4.6,0.1,28.1,27.4,352.0,4.1,6.0,122.0,108
2024-12-29 12:00:00,28.7,45,954.0,4.0,0.0,27.3,26.5,310.0,2.1,5.3,135.0,109
2024-12-29 13:00:00,29.8,40,952.9,3.4,0.0,25.3,24.6,286.0,2.0,4.8,141.0,111
2024-12-29 14:00:00,30.6,36,952.2,4.0,0.0,24.2,23.5,275.0,2.6,4.6,143.0,112
2024-12-29 15:00:00,30.4,35,951.6,3.1,0.0,25.7,24.9,273.0,2.8,4.4,144.0,113
2024-12-29 16:00:00,30.0,36,951.3,1.8,0.0,24.5,23.7,285.0,3.6,4.4,141.0,115
2024-12-29 17:00:00,29.1,38,951.8,1.9,0.0,40.3,38.9,322.0,8.9,4.2,111.0,116
2024-12-29 18:00:00,27.5,45,952.0,4.4,0.0,48.8,47.5,400.0,18.2,6.5,95.0,118
2024-12-29 19:00:00,26.1,54,953.0,7.6,0.0,57.9,56.6,501.0,31.0,9.6,72.0,120
2024-12-29 20:00:00,25.4,58,953.8,6.7,0.0,64.0,62.9,589.0,40.5,12.3,54.0,122
2024-12-29 21:00:00,24.6,62,954.2,7.0,0.0,68.0,66.8,650.0,44.1,14.2,43.0,124
2024-12-29 22:00:00,23.8,65,954.3,4.5,0.0,71.9,70.8,697.0,44.3,15.5,36.0,126
2024-12-29 23:00:00,23.4,70,954.2,1.5,0.0,75.2,73.8,726.0,41.9,15.8,33.0,128
2024-12-30 00:00:00,23.0,69,953.5,1.8,0.0,74.5,73.1,731.0,35.7,14.3,37.0,130
2024-12-30 01:00:00,22.5,69,953.3,4.2,0.0,70.5,69.2,718.0,26.8,11.8,46.0,130
2024-12-30 02:00:00,21.6,74,952.8,6.2,0.0,67.1,65.4,698.0,19.6,9.9,52.0,131
2024-12-30 03:00:00,20.9,78,952.5,7.0,0.0,65.2,63.8,670.0,15.6,9.4,53.0,131
2024-12-30 04:00:00,20.2,83,952.4,6.6,0.0,64.0,62.6,635.0,13.3,9.5,52.0,132
2024-12-30 05:00:00,19.6,87,952.5,5.6,0.0,63.6,62.4,612.0,14.1,9.6,48.0,133
2024-12-30 06:00:00,19.7,89,952.9,4.0,0.0,63.1,61.9,623.0,16.2,10.4,45.0,134
2024-12-30 07:00:00,19.4,91,953.6,4.2,0.0,65.9,64.5,647.0,18.8,11.4,41.0,135
2024-12-30 08:00:00,20.8,85,954.9,4.2,0.0,60.1,59.1,637.0,19.1,11.7,47.0,136
2024-12-30 09:00:00,22.8,75,955.6,6.0,0.0,45.2,44.5,561.0,14.7,10.8,71.0,137
2024-12-30 10:00:00,25.2,61,955.6,6.2,0.0,30.5,29.9,452.0,7.9,9.3,104.0,139
2024-12-30 11:00:00,27.5,51,955.2,5.4,0.0,22.3,21.9,364.0,2.9,7.9,130.0,139
2024-12-30 12:00:00,29.2,42,954.3,4.3,0.0,19.0,18.6,320.0,1.2,7.0,141.0,138
2024-12-30 13:00:00,30.2,36,953.4,4.1,0.0,18.6,18.0,297.0,1.3,6.2,146.0,137
2024-12-30 14:00:00,30.7,33,952.5,6.7,0.0,19.2,18.5,283.0,2.1,5.6,146.0,137
2024-12-30 15:00:00,30.5,32,951.9,8.2,0.0,19.8,19.0,270.0,2.9,5.1,145.0,136
2024-12-30 16:00:00,30.0,33,951.6,7.8,0.0,20.1,19.3,266.0,4.4,4.9,140.0,136
2024-12-30 17:00:00,29.2,33,951.6,7.2,0.0,34.9,33.5,286.0,8.9,5.5,127.0,135
2024-12-30 18:00:00,27.0,49,952.0,2.3,0.0,41.6,40.0,337.0,17.7,7.3,110.0,135
2024-12-30 19:00:00,26.3,43,952.8,4.2,0.0,45.8,44.4,412.0,29.9,9.8,86.0,134
2024-12-30 20:00:00,25.2,53,953.6,1.5,0.0,49.7,48.2,504.0,39.2,11.9,67.0,132
2024-12-30 21:00:00,23.9,53,953.9,2.7,0.0,52.9,51.3,634.0,43.3,13.4,57.0,131
2024-12-30 22:00:00,22.9,58,954.1,3.5,0.0,55.8,54.2,780.0,44.5,14.4,53.0,129
2024-12-30 23:00:00,22.5,65,954.0,0.7,0.0,57.7,56.2,870.0,43.5,14.6,50.0,128
2024-12-31 00:00:00,21.9,67,953.5,0.4,0.0,56.8,55.3,855.0,39.8,13.4,49.0,126
2024-12-31 01:00:00,21.2,68,953.2,0.9,0.0,53.1,51.7,783.0,34.0,11.4,50.0,124
2024-12-31 02:00:00,20.7,69,952.8,0.4,0.0,47.1,46.0,727.0,28.2,9.6,51.0,122
2024-12-31 03:00:00,20.3,70,952.1,0.6,0.0,40.9,39.8,707.0,22.5,8.3,51.0,120
2024-12-31 04:00:00,19.6,73,951.8,1.3,0.0,35.5,34.7,704.0,16.9,7.2,51.0,118
2024-12-31 05:00:00,19.1,76,952.2,0.9,0.0,22.5,22.2,731.0,8.8,5.7,61.0,115
2024-12-31 06:00:00,19.0,79,952.6,0.9,0.0,22.9,22.5,839.0,12.1,6.4,57.0,110
2024-12-31 07:00:00,18.5,83,953.4,1.3,0.0,26.1,25.8,978.0,16.5,7.3,52.0,106
2024-12-31 08:00:00,20.2,76,954.7,2.4,0.0,28.3,28.0,1012.0,18.1,8.0,56.0,102
2024-12-31 09:00:00,23.1,61,955.8,4.0,0.0,27.4,26.8,838.0,14.2,8.4,77.0,99
2024-12-31 10:00:00,26.0,48,956.1,4.6,0.0,26.8,26.3,559.0,7.7,8.6,108.0,98
2024-12-31 11:00:00,28.1,39,955.7,5.2,0.0,23.1,22.7,349.0,2.7,8.5,131.0,98
2024-12-31 12:00:00,29.3,35,954.6,6.0,0.0,22.2,21.6,286.0,1.2,8.1,141.0,98
2024-12-31 13:00:00,29.9,33,953.4,6.0,0.0,22.8,21.9,292.0,1.3,7.4,145.0,98
2024-12-31 14:00:00,30.3,32,952.7,6.9,0.0,23.4,22.4,307.0,2.1,6.9,145.0,98
2024-12-31 15:00:00,30.1,31,952.3,9.0,0.0,24.0,22.8,308.0,3.1,6.7,143.0,99
2024-12-31 16:00:00,29.5,32,952.1,9.9,0.0,24.6,23.4,317.0,4.7,6.6,139.0,99
2024-12-31 17:00:00,28.6,35,952.4,9.9,0.0,26.8,25.9,344.0,7.8,6.9,131.0,99
2024-12-31 18:00:00,27.2,40,952.4,8.8,0.0,32.5,31.7,401.0,14.2,8.1,117.0,99
2024-12-31 19:00:00,25.8,47,953.2,9.4,0.0,37.3,36.4,475.0,22.9,9.8,98.0,99
2024-12-31 20:00:00,24.5,53,953.9,7.3,0.0,41.7,40.9,541.0,29.0,11.1,82.0,97
2024-12-31 21:00:00,23.7,57,954.1,5.4,0.0,45.9,44.9,598.0,30.4,11.9,74.0,97
2024-12-31 22:00:00,23.0,61,953.9,3.9,0.0,49.2,48.3,646.0,29.3,12.4,70.0,96
2024-12-31 23:00:00,22.4,62,953.7,3.9,0.0,49.8,48.9,660.0,26.7,12.4,67.0,96
