time,temperature_2m,relative_humidity_2m,surface_pressure,wind_speed_10m,precipitation
2024-01-01T00:00,18.3,76,950.4,5.6,0.0
2024-01-01T01:00,19.7,68,950.7,3.3,0.0
2024-01-01T02:00,18.7,73,950.0,4.0,0.0
2024-01-01T03:00,18.3,75,949.9,0.4,0.0
2024-01-01T04:00,16.5,82,949.5,6.6,0.0
2024-01-01T05:00,19.3,66,950.3,4.6,0.0
2024-01-01T06:00,17.9,68,951.5,3.2,0.0
2024-01-01T07:00,17.3,71,951.9,0.8,0.0
2024-01-01T08:00,18.4,71,952.8,1.8,0.0
2024-01-01T09:00,21.5,60,954.1,4.6,0.0
2024-01-01T10:00,24.2,52,954.2,5.5,0.0
2024-01-01T11:00,26.5,46,953.7,6.8,0.0
2024-01-01T12:00,28.2,39,952.6,8.0,0.0
2024-01-01T13:00,29.0,35,951.4,7.6,0.0
2024-01-01T14:00,29.4,34,950.5,7.6,0.0
2024-01-01T15:00,29.5,33,950.0,7.4,0.0
2024-01-01T16:00,29.1,34,949.7,8.0,0.0
2024-01-01T17:00,27.3,38,949.5,8.5,0.0
2024-01-01T18:00,22.4,46,949.6,10.1,0.0
2024-01-01T19:00,22.5,42,950.5,9.4,0.0
2024-01-01T20:00,21.2,44,950.9,5.8,0.0
2024-01-01T21:00,19.9,53,951.2,9.5,0.0
2024-01-01T22:00,20.9,52,951.3,6.4,0.0
2024-01-01T23:00,18.6,62,950.7,6.1,0.0
2024-01-02T00:00,17.4,67,949.9,7.6,0.0
2024-01-02T01:00,17.0,71,949.5,8.0,0.0
2024-01-02T02:00,18.2,68,949.4,5.4,0.0
2024-01-02T03:00,16.4,78,948.6,5.9,0.0
2024-01-02T04:00,15.9,81,948.7,3.6,0.0
2024-01-02T05:00,17.0,74,949.1,3.3,0.0
2024-01-02T06:00,16.1,83,950.1,2.4,0.0
2024-01-02T07:00,16.6,80,950.8,0.5,0.0
2024-01-02T08:00,18.4,74,951.7,2.6,0.0
2024-01-02T09:00,22.0,58,952.9,6.3,0.0
2024-01-02T10:00,25.1,48,952.9,8.2,0.0
2024-01-02T11:00,27.3,43,952.3,9.2,0.0
2024-01-02T12:00,28.6,38,951.2,9.5,0.0
2024-01-02T13:00,29.4,35,950.1,7.9,0.0
2024-01-02T14:00,30.0,33,949.3,5.4,0.0
2024-01-02T15:00,30.0,32,948.6,4.0,0.0
2024-01-02T16:00,29.5,32,948.7,4.1,0.0
2024-01-02T17:00,27.9,52,948.5,4.0,0.0
2024-01-02T18:00,24.7,43,949.1,10.6,0.0
2024-01-02T19:00,22.1,52,949.6,8.8,0.0
2024-01-02T20:00,21.7,54,950.6,5.6,0.0
2024-01-02T21:00,20.7,59,951.0,8.6,0.0
2024-01-02T22:00,20.1,62,950.9,6.0,0.0
2024-01-02T23:00,20.1,65,950.7,6.0,0.0
2024-01-03T00:00,19.1,71,950.0,5.2,0.0
2024-01-03T01:00,18.1,77,949.4,7.0,0.0
2024-01-03T02:00,18.3,77,949.0,5.7,0.0
2024-01-03T03:00,19.1,73,949.1,1.1,0.0
2024-01-03T04:00,18.8,75,948.7,3.1,0.0
2024-01-03T05:00,16.6,87,948.6,5.3,0.0
2024-01-03T06:00,17.9,82,949.8,2.5,0.0
2024-01-03T07:00,16.9,88,950.3,3.3,0.0
2024-01-03T08:00,18.6,80,951.2,1.8,0.0
2024-01-03T09:00,21.9,64,952.4,5.6,0.0
2024-01-03T10:00,24.7,53,952.7,6.2,0.0
2024-01-03T11:00,27.0,45,951.9,5.2,0.0
2024-01-03T12:00,28.5,39,950.4,3.9,0.0
2024-01-03T13:00,29.4,35,949.3,4.4,0.0
2024-01-03T14:00,29.8,33,948.5,7.6,0.0
2024-01-03T15:00,29.7,32,947.9,5.6,0.0
2024-01-03T16:00,29.7,29,947.7,3.9,0.0
2024-01-03T17:00,27.6,39,947.6,4.9,0.0
2024-01-03T18:00,24.0,44,947.7,7.6,0.0
2024-01-03T19:00,23.8,44,948.7,5.8,0.0
2024-01-03T20:00,21.3,56,949.3,6.6,0.0
2024-01-03T21:00,21.0,64,950.1,6.9,0.0
2024-01-03T22:00,19.7,74,950.1,7.2,0.0
2024-01-03T23:00,19.2,77,949.3,5.3,0.0
2024-01-04T00:00,18.8,78,948.8,5.9,0.0
2024-01-04T01:00,17.9,85,948.6,5.8,0.0
2024-01-04T02:00,16.9,91,948.0,6.4,0.0
2024-01-04T03:00,18.3,84,948.4,3.1,0.0
2024-01-04T04:00,16.8,92,948.4,4.6,0.0
2024-01-04T05:00,17.8,86,948.9,3.0,0.0
2024-01-04T06:00,17.7,90,949.8,2.3,0.0
2024-01-04T07:00,15.9,97,950.3,4.0,0.0
2024-01-04T08:00,18.6,86,951.6,1.1,0.0
2024-01-04T09:00,21.4,73,952.8,4.7,0.0
2024-01-04T10:00,24.3,60,953.0,5.4,0.0
2024-01-04T11:00,26.4,51,952.1,2.6,0.0
2024-01-04T12:00,27.9,41,950.7,3.1,0.0
2024-01-04T13:00,29.1,36,949.4,3.7,0.0
2024-01-04T14:00,29.8,33,948.4,4.5,0.0
2024-01-04T15:00,30.0,27,947.8,8.6,0.0
2024-01-04T16:00,29.3,22,947.6,13.0,0.0
2024-01-04T17:00,27.5,26,948.0,12.6,0.0
2024-01-04T18:00,24.4,33,948.1,11.5,0.0
2024-01-04T19:00,22.0,43,949.1,8.2,0.0
2024-01-04T20:00,21.0,48,949.8,7.6,0.0
2024-01-04T21:00,19.3,54,949.8,7.9,0.0
2024-01-04T22:00,20.1,51,950.0,5.5,0.0
2024-01-04T23:00,19.1,55,949.8,6.0,0.0
2024-01-05T00:00,16.9,66,948.9,8.6,0.0
2024-01-05T01:00,17.8,62,949.1,3.6,0.0
2024-01-05T02:00,17.2,65,948.5,1.0,0.0
2024-01-05T03:00,15.3,75,947.6,4.7,0.0
2024-01-05T04:00,16.7,68,948.1,2.5,0.0
2024-01-05T05:00,13.9,84,948.1,4.0,0.0
2024-01-05T06:00,14.9,92,949.4,5.1,0.0
2024-01-05T07:00,14.5,95,950.0,3.4,0.0
2024-01-05T08:00,17.1,83,951.3,3.5,0.0
2024-01-05T09:00,20.6,67,952.6,3.1,0.0
2024-01-05T10:00,23.5,54,952.8,4.6,0.0
2024-01-05T11:00,25.8,46,952.0,3.5,0.0
2024-01-05T12:00,27.3,43,950.9,1.0,0.0
2024-01-05T13:00,28.5,39,949.6,4.0,0.0
2024-01-05T14:00,29.2,36,948.7,4.0,0.0
2024-01-05T15:00,29.6,32,948.2,5.8,0.0
2024-01-05T16:00,29.2,28,948.2,11.4,0.0
2024-01-05T17:00,27.6,28,948.7,13.2,0.0
2024-01-05T18:00,24.2,53,949.3,4.9,0.0
2024-01-05T19:00,23.2,59,950.4,4.6,0.0
2024-01-05T20:00,21.5,62,950.8,7.0,0.0
2024-01-05T21:00,20.0,62,950.9,6.6,0.0
2024-01-05T22:00,18.9,63,950.4,6.5,0.0
2024-01-05T23:00,18.4,63,950.0,5.4,0.0
2024-01-06T00:00,17.3,69,949.5,7.4,0.0
2024-01-06T01:00,19.0,60,949.7,4.0,0.0
2024-01-06T02:00,18.2,64,949.4,2.4,0.0
2024-01-06T03:00,17.7,67,949.2,3.4,0.0
2024-01-06T04:00,16.0,76,948.9,6.2,0.0
2024-01-06T05:00,16.2,75,949.7,4.7,0.0
2024-01-06T06:00,17.3,80,949.3,5.9,0.0
2024-01-06T07:00,16.8,84,949.8,2.5,0.0
2024-01-06T08:00,19.7,71,951.2,0.4,0.0
2024-01-06T09:00,22.7,61,952.5,3.5,0.0
2024-01-06T10:00,25.2,55,952.7,10.0,0.0
2024-01-06T11:00,26.8,53,951.8,10.2,0.0
2024-01-06T12:00,27.8,47,950.6,4.9,0.0
2024-01-06T13:00,28.5,41,949.5,2.7,0.0
2024-01-06T14:00,29.1,37,948.7,4.0,0.0
2024-01-06T15:00,29.2,36,948.5,4.5,0.0
2024-01-06T16:00,29.1,36,948.3,5.1,0.0
2024-01-06T17:00,28.1,39,948.6,6.6,0.0
2024-01-06T18:00,24.6,50,950.0,4.5,0.0
2024-01-06T19:00,21.6,61,950.4,7.4,0.0
2024-01-06T20:00,21.5,62,951.0,7.9,0.0
2024-01-06T21:00,20.8,65,951.6,7.1,0.0
2024-01-06T22:00,21.2,65,951.8,6.4,0.0
2024-01-06T23:00,20.8,67,951.4,2.9,0.0
2024-01-07T00:00,18.3,80,950.4,8.6,0.0
2024-01-07T01:00,18.5,80,950.0,7.6,0.0
2024-01-07T02:00,19.5,76,949.5,5.4,0.0
2024-01-07T03:00,19.1,78,949.2,3.2,0.0
2024-01-07T04:00,18.9,80,949.5,1.8,0.0
2024-01-07T05:00,18.0,85,950.0,4.0,0.0
2024-01-07T06:00,17.2,83,950.6,5.0,0.0
2024-01-07T07:00,17.9,80,951.4,4.5,0.0
2024-01-07T08:00,19.5,74,952.4,6.8,0.0
2024-01-07T09:00,22.6,61,953.4,9.1,0.0
2024-01-07T10:00,25.8,49,953.4,11.6,0.0
2024-01-07T11:00,27.8,45,952.6,13.0,0.0
2024-01-07T12:00,28.9,41,951.5,12.4,0.0
2024-01-07T13:00,29.5,37,950.3,11.4,0.0
2024-01-07T14:00,29.0,38,949.3,12.4,0.2
2024-01-07T15:00,28.8,41,948.9,10.4,0.5
2024-01-07T16:00,28.5,41,948.8,9.4,0.1
2024-01-07T17:00,27.7,46,948.8,3.8,0.0
2024-01-07T18:00,24.7,55,949.2,10.7,0.0
2024-01-07T19:00,23.3,59,949.7,6.3,0.0
2024-01-07T20:00,22.4,63,950.2,7.5,0.0
2024-01-07T21:00,22.2,65,950.8,5.1,0.0
2024-01-07T22:00,20.3,73,950.9,6.3,0.0
2024-01-07T23:00,21.5,67,951.1,2.6,0.0
2024-01-08T00:00,19.4,76,950.4,5.9,0.0
2024-01-08T01:00,18.6,79,949.9,6.5,0.0
2024-01-08T02:00,18.0,80,949.4,6.2,0.0
2024-01-08T03:00,17.9,78,949.5,6.6,0.0
2024-01-08T04:00,17.8,75,949.9,7.6,0.0
2024-01-08T05:00,17.4,73,950.1,6.5,0.0
2024-01-08T06:00,18.2,68,950.9,8.7,0.0
2024-01-08T07:00,18.0,70,951.6,10.1,0.0
2024-01-08T08:00,20.2,64,952.9,10.2,0.0
2024-01-08T09:00,22.8,58,953.8,12.4,0.0
2024-01-08T10:00,24.9,54,954.0,14.3,0.0
2024-01-08T11:00,26.6,50,953.1,15.4,0.0
2024-01-08T12:00,27.9,47,951.8,15.3,0.0
2024-01-08T13:00,28.9,43,951.0,14.5,0.0
2024-01-08T14:00,29.5,40,950.0,13.7,0.0
2024-01-08T15:00,29.7,38,949.4,12.7,0.1
2024-01-08T16:00,29.4,37,949.2,12.1,0.1
2024-01-08T17:00,28.4,40,949.4,9.1,0.0
2024-01-08T18:00,26.2,38,949.9,13.6,0.0
2024-01-08T19:00,25.1,42,950.9,8.4,0.0
2024-01-08T20:00,23.7,49,951.3,5.6,0.0
2024-01-08T21:00,24.0,53,952.1,9.0,0.0
2024-01-08T22:00,23.6,59,952.3,10.9,0.0
2024-01-08T23:00,22.8,62,951.8,7.2,0.0
2024-01-09T00:00,20.9,72,951.0,5.2,0.0
2024-01-09T01:00,20.5,75,950.6,5.2,0.0
2024-01-09T02:00,20.4,75,950.3,4.1,0.0
2024-01-09T03:00,19.2,81,949.6,6.6,0.0
2024-01-09T04:00,19.9,76,949.9,6.2,0.0
2024-01-09T05:00,18.7,81,949.9,6.3,0.0
2024-01-09T06:00,20.9,71,950.9,9.9,0.0
2024-01-09T07:00,20.3,75,951.4,6.9,0.0
2024-01-09T08:00,22.1,70,952.5,7.5,0.0
2024-01-09T09:00,23.8,66,953.4,10.7,0.0
2024-01-09T10:00,24.8,65,953.6,13.7,0.0
2024-01-09T11:00,25.6,62,953.0,15.8,0.0
2024-01-09T12:00,26.7,58,951.9,16.3,0.0
2024-01-09T13:00,28.2,53,950.9,16.1,0.0
2024-01-09T14:00,27.7,54,950.3,14.5,0.1
2024-01-09T15:00,27.4,54,950.0,10.5,0.0
2024-01-09T16:00,28.0,49,949.9,8.6,0.0
2024-01-09T17:00,27.5,48,950.1,9.9,0.0
2024-01-09T18:00,20.3,82,951.5,9.4,0.1
2024-01-09T19:00,19.5,86,952.3,9.5,0.0
2024-01-09T20:00,19.2,90,952.9,9.1,0.1
2024-01-09T21:00,18.6,94,953.2,3.6,0.1
2024-01-09T22:00,18.1,97,953.0,4.5,0.2
2024-01-09T23:00,18.7,93,952.6,5.2,0.4
2024-01-10T00:00,18.1,97,952.2,3.6,0.0
2024-01-10T01:00,17.8,98,951.7,2.5,0.0
2024-01-10T02:00,18.3,94,951.4,3.3,0.0
2024-01-10T03:00,17.7,96,950.7,4.0,0.0
2024-01-10T04:00,18.0,96,950.5,3.4,0.0
2024-01-10T05:00,17.9,98,950.6,3.7,0.0
2024-01-10T06:00,16.7,97,951.3,7.1,0.0
2024-01-10T07:00,17.2,96,952.0,5.0,0.0
2024-01-10T08:00,18.5,87,953.1,5.6,0.0
2024-01-10T09:00,20.6,74,954.0,6.9,0.0
2024-01-10T10:00,22.8,65,954.2,8.1,0.0
2024-01-10T11:00,25.0,61,953.3,9.7,0.0
2024-01-10T12:00,26.9,57,952.2,9.4,0.0
2024-01-10T13:00,28.0,53,950.9,9.8,0.0
2024-01-10T14:00,28.4,51,950.1,7.9,0.0
2024-01-10T15:00,27.2,53,949.6,7.3,0.4
2024-01-10T16:00,24.1,75,949.9,6.9,1.0
2024-01-10T17:00,21.5,90,950.6,9.0,1.6
2024-01-10T18:00,19.9,97,950.8,4.5,0.1
2024-01-10T19:00,19.4,98,951.7,4.4,0.0
2024-01-10T20:00,19.7,97,952.5,4.1,0.0
2024-01-10T21:00,19.7,96,952.8,4.3,0.0
2024-01-10T22:00,19.8,96,952.9,3.4,0.0
2024-01-10T23:00,18.6,99,952.4,3.8,0.0
2024-01-11T00:00,19.1,100,952.4,2.3,0.0
2024-01-11T01:00,18.7,100,952.0,2.3,0.0
2024-01-11T02:00,18.3,100,951.6,2.2,0.0
2024-01-11T03:00,17.9,100,951.2,3.1,0.0
2024-01-11T04:00,18.0,100,951.0,1.8,0.0
2024-01-11T05:00,18.1,99,951.5,4.8,0.0
2024-01-11T06:00,16.9,99,951.6,5.8,0.0
2024-01-11T07:00,17.1,99,952.4,5.1,0.0
2024-01-11T08:00,19.0,94,953.8,3.2,0.0
2024-01-11T09:00,21.4,81,955.0,5.5,0.0
2024-01-11T10:00,23.9,68,955.2,5.4,0.0
2024-01-11T11:00,26.2,60,954.4,5.8,0.0
2024-01-11T12:00,27.8,53,953.3,6.2,0.0
2024-01-11T13:00,28.6,49,952.1,4.9,0.0
2024-01-11T14:00,28.7,48,951.1,5.1,0.0
2024-01-11T15:00,28.5,49,950.8,7.0,0.0
2024-01-11T16:00,28.0,50,950.7,7.8,0.0
2024-01-11T17:00,26.5,59,950.9,7.4,0.0
2024-01-11T18:00,23.7,57,949.8,10.4,0.0
2024-01-11T19:00,25.8,44,950.9,1.5,0.0
2024-01-11T20:00,25.4,47,951.7,3.9,0.0
2024-01-11T21:00,24.1,52,952.2,5.1,0.0
2024-01-11T22:00,19.8,71,951.5,8.5,0.0
2024-01-11T23:00,18.9,77,951.1,6.5,0.0
2024-01-12T00:00,18.5,78,950.4,6.1,0.0
2024-01-12T01:00,20.8,66,950.8,3.4,0.0
2024-01-12T02:00,20.1,68,950.3,3.6,0.0
2024-01-12T03:00,20.0,67,950.4,3.1,0.0
2024-01-12T04:00,19.6,67,950.4,4.4,0.0
2024-01-12T05:00,17.6,78,950.3,5.8,0.0
2024-01-12T06:00,19.0,90,951.5,6.5,0.0
2024-01-12T07:00,17.7,94,951.9,7.1,0.0
2024-01-12T08:00,20.0,89,953.3,3.9,0.0
2024-01-12T09:00,22.1,80,954.1,5.1,0.0
2024-01-12T10:00,24.3,70,954.6,6.2,0.0
2024-01-12T11:00,26.2,63,954.1,7.2,0.0
2024-01-12T12:00,27.9,53,953.0,8.8,0.0
2024-01-12T13:00,28.9,43,952.1,9.5,0.0
2024-01-12T14:00,29.3,40,951.4,9.3,0.0
2024-01-12T15:00,29.2,39,951.0,9.0,0.0
2024-01-12T16:00,28.6,41,950.9,9.5,0.0
2024-01-12T17:00,26.7,50,950.9,9.2,0.0
2024-01-12T18:00,22.9,51,949.9,11.6,0.0
2024-01-12T19:00,23.0,47,950.6,7.1,0.0
2024-01-12T20:00,21.8,48,951.1,9.2,0.0
2024-01-12T21:00,24.2,43,952.2,7.4,0.0
2024-01-12T22:00,19.1,62,951.9,10.4,0.0
2024-01-12T23:00,18.9,62,951.8,4.7,0.0
2024-01-13T00:00,19.8,61,951.6,5.9,0.0
2024-01-13T01:00,18.5,64,950.8,7.3,0.0
2024-01-13T02:00,17.7,66,950.6,7.3,0.0
2024-01-13T03:00,20.2,54,950.5,5.5,0.0
2024-01-13T04:00,19.4,59,950.6,3.8,0.0
2024-01-13T05:00,19.0,62,950.9,2.6,0.0
2024-01-13T06:00,19.5,64,952.0,5.4,0.0
2024-01-13T07:00,19.0,66,952.5,1.1,0.0
2024-01-13T08:00,19.2,70,953.3,5.4,0.0
2024-01-13T09:00,21.5,65,954.3,4.3,0.0
2024-01-13T10:00,24.2,58,954.8,3.7,0.0
2024-01-13T11:00,26.8,49,954.5,4.8,0.0
2024-01-13T12:00,28.7,39,953.9,5.9,0.0
2024-01-13T13:00,29.4,32,952.7,4.4,0.0
2024-01-13T14:00,29.7,32,952.1,3.3,0.0
2024-01-13T15:00,29.7,33,951.4,3.5,0.0
2024-01-13T16:00,29.3,34,951.3,2.6,0.0
2024-01-13T17:00,27.3,46,951.0,5.9,0.0
2024-01-13T18:00,27.3,38,951.8,5.8,0.0
2024-01-13T19:00,21.9,49,951.6,11.2,0.0
2024-01-13T20:00,24.4,37,953.0,5.9,0.0
2024-01-13T21:00,22.9,43,953.4,1.8,0.0
2024-01-13T22:00,21.8,47,953.1,2.3,0.0
2024-01-13T23:00,20.8,51,952.5,3.5,0.0
2024-01-14T00:00,22.4,44,952.5,1.8,0.0
2024-01-14T01:00,21.5,48,951.8,1.1,0.0
2024-01-14T02:00,20.1,54,951.3,2.4,0.0
2024-01-14T03:00,17.7,65,950.9,4.7,0.0
2024-01-14T04:00,17.8,64,950.9,3.4,0.0
2024-01-14T05:00,17.2,68,951.2,2.8,0.0
2024-01-14T06:00,16.7,80,952.3,4.1,0.0
2024-01-14T07:00,17.2,80,952.9,2.6,0.0
2024-01-14T08:00,20.8,65,954.2,1.8,0.0
2024-01-14T09:00,23.2,62,955.0,1.9,0.0
2024-01-14T10:00,25.7,57,955.5,3.3,0.0
2024-01-14T11:00,27.9,44,954.7,3.5,0.0
2024-01-14T12:00,29.0,37,953.8,4.3,0.0
2024-01-14T13:00,29.4,36,952.5,4.6,0.0
2024-01-14T14:00,29.6,35,951.4,4.0,0.0
2024-01-14T15:00,29.9,35,950.8,2.4,0.0
2024-01-14T16:00,29.7,34,950.5,7.3,0.0
2024-01-14T17:00,27.5,40,950.9,13.8,0.0
2024-01-14T18:00,25.4,39,951.2,14.5,0.0
2024-01-14T19:00,23.8,42,951.8,11.3,0.0
2024-01-14T20:00,22.5,43,952.3,9.0,0.0
2024-01-14T21:00,20.3,50,952.8,8.4,0.0
2024-01-14T22:00,22.3,42,953.4,3.3,0.0
2024-01-14T23:00,20.2,51,952.7,4.1,0.0
2024-01-15T00:00,21.7,44,952.3,2.2,0.0
2024-01-15T01:00,17.1,62,951.2,9.0,0.0
2024-01-15T02:00,16.7,65,950.6,8.0,0.0
2024-01-15T03:00,16.8,63,950.4,6.6,0.0
2024-01-15T04:00,18.4,54,950.8,4.4,0.0
2024-01-15T05:00,17.8,56,951.1,1.9,0.0
2024-01-15T06:00,16.8,65,951.6,1.9,0.0
2024-01-15T07:00,14.1,79,951.5,7.6,0.0
2024-01-15T08:00,18.4,65,952.8,5.2,0.0
2024-01-15T09:00,21.6,55,953.8,0.8,0.0
2024-01-15T10:00,23.6,48,954.2,2.4,0.0
2024-01-15T11:00,25.4,38,953.6,3.8,0.0
2024-01-15T12:00,26.8,30,952.4,5.5,0.0
2024-01-15T13:00,27.8,27,951.2,6.4,0.0
2024-01-15T14:00,28.3,27,950.2,7.6,0.0
2024-01-15T15:00,28.4,26,949.7,10.1,0.0
2024-01-15T16:00,27.6,27,949.6,12.7,0.0
2024-01-15T17:00,25.2,33,949.8,13.4,0.0
2024-01-15T18:00,22.6,32,949.6,10.0,0.0
2024-01-15T19:00,21.1,37,950.4,12.0,0.0
2024-01-15T20:00,19.8,48,951.1,10.8,0.0
2024-01-15T21:00,18.5,56,951.6,9.4,0.0
2024-01-15T22:00,17.1,62,951.4,7.0,0.0
2024-01-15T23:00,15.8,69,950.6,6.5,0.0
2024-01-16T00:00,15.4,71,949.8,5.4,0.0
2024-01-16T01:00,14.6,75,949.0,6.4,0.0
2024-01-16T02:00,15.8,69,948.6,5.5,0.0
2024-01-16T03:00,16.0,69,948.1,3.9,0.0
2024-01-16T04:00,14.7,76,947.9,2.6,0.0
2024-01-16T05:00,14.3,78,948.0,1.5,0.0
2024-01-16T06:00,12.4,89,948.7,3.6,0.0
2024-01-16T07:00,12.1,91,949.2,4.7,0.0
2024-01-16T08:00,15.3,78,950.6,1.8,0.0
2024-01-16T09:00,18.9,63,951.9,1.8,0.0
2024-01-16T10:00,22.0,51,952.3,3.4,0.0
2024-01-16T11:00,24.4,44,951.5,4.3,0.0
2024-01-16T12:00,26.3,41,950.5,4.1,0.0
2024-01-16T13:00,27.8,36,949.4,2.3,0.0
2024-01-16T14:00,28.9,32,948.4,1.8,0.0
2024-01-16T15:00,29.5,28,947.7,5.0,0.0
2024-01-16T16:00,28.7,29,947.6,11.8,0.0
2024-01-16T17:00,26.4,36,947.6,13.2,0.0
2024-01-16T18:00,23.7,35,947.4,9.9,0.0
2024-01-16T19:00,21.8,42,948.3,10.5,0.0
2024-01-16T20:00,20.1,53,948.9,10.8,0.0
2024-01-16T21:00,18.9,60,949.2,8.4,0.0
2024-01-16T22:00,17.7,67,949.3,5.7,0.0
2024-01-16T23:00,17.0,72,948.9,6.0,0.0
2024-01-17T00:00,16.6,75,948.3,7.0,0.0
2024-01-17T01:00,16.0,79,947.5,6.3,0.0
2024-01-17T02:00,15.3,84,946.9,6.6,0.0
2024-01-17T03:00,14.2,88,946.2,6.0,0.0
2024-01-17T04:00,16.4,75,946.5,3.3,0.0
2024-01-17T05:00,16.1,76,946.9,2.9,0.0
2024-01-17T06:00,13.2,91,947.0,5.9,0.0
2024-01-17T07:00,13.4,88,947.8,5.6,0.0
2024-01-17T08:00,17.4,72,949.2,3.5,0.0
2024-01-17T09:00,20.7,59,950.3,2.3,0.0
2024-01-17T10:00,23.5,48,950.6,3.3,0.0
2024-01-17T11:00,25.8,42,950.1,4.2,0.0
2024-01-17T12:00,28.0,36,949.1,6.8,0.0
2024-01-17T13:00,28.9,33,948.0,13.0,0.0
2024-01-17T14:00,28.5,35,947.3,15.9,0.0
2024-01-17T15:00,27.9,36,947.1,16.5,0.0
2024-01-17T16:00,26.9,38,947.3,16.6,0.0
2024-01-17T17:00,25.3,42,947.6,14.7,0.0
2024-01-17T18:00,22.8,46,947.9,13.5,0.0
2024-01-17T19:00,21.0,55,948.7,13.0,0.0
2024-01-17T20:00,19.5,65,949.6,10.8,0.0
2024-01-17T21:00,18.3,73,950.1,9.4,0.0
2024-01-17T22:00,17.2,81,950.1,8.1,0.0
2024-01-17T23:00,16.2,89,949.6,6.6,0.0
2024-01-18T00:00,14.8,95,948.8,6.0,0.0
2024-01-18T01:00,14.0,96,948.3,5.7,0.0
2024-01-18T02:00,14.6,94,948.0,4.5,0.0
2024-01-18T03:00,14.8,98,947.9,1.8,0.0
2024-01-18T04:00,14.3,99,948.0,1.8,0.0
2024-01-18T05:00,15.0,93,948.7,2.9,0.0
2024-01-18T06:00,15.1,93,949.6,5.7,0.0
2024-01-18T07:00,15.6,88,950.4,6.8,0.0
2024-01-18T08:00,16.1,86,951.2,5.8,0.0
2024-01-18T09:00,17.9,79,952.1,4.4,0.0
2024-01-18T10:00,21.1,61,952.6,6.5,0.0
2024-01-18T11:00,23.2,51,952.0,7.1,0.0
2024-01-18T12:00,25.0,47,951.1,6.9,0.0
2024-01-18T13:00,26.7,36,949.8,8.4,0.0
2024-01-18T14:00,27.4,32,949.0,12.3,0.0
2024-01-18T15:00,27.0,36,948.5,12.3,0.0
2024-01-18T16:00,26.4,39,948.5,11.2,0.0
2024-01-18T17:00,25.0,44,948.7,11.8,0.0
2024-01-18T18:00,22.3,45,948.7,11.0,0.0
2024-01-18T19:00,21.1,50,949.4,11.3,0.0
2024-01-18T20:00,19.4,57,950.1,7.6,0.0
2024-01-18T21:00,18.4,63,950.7,7.9,0.0
2024-01-18T22:00,17.3,74,950.8,6.3,0.0
2024-01-18T23:00,16.4,81,950.2,5.2,0.0
2024-01-19T00:00,15.3,87,949.5,6.1,0.0
2024-01-19T01:00,14.8,89,949.0,6.4,0.0
2024-01-19T02:00,14.5,90,948.6,6.3,0.0
2024-01-19T03:00,13.9,92,948.1,7.1,0.0
2024-01-19T04:00,14.8,88,948.5,4.7,0.0
2024-01-19T05:00,15.0,89,949.0,2.6,0.0
2024-01-19T06:00,13.0,98,949.3,2.7,0.0
2024-01-19T07:00,13.2,99,950.1,2.3,0.0
2024-01-19T08:00,14.7,95,951.1,1.1,0.0
2024-01-19T09:00,17.7,82,952.3,2.2,0.0
2024-01-19T10:00,21.4,62,952.9,4.3,0.0
2024-01-19T11:00,24.1,51,952.2,5.4,0.0
2024-01-19T12:00,26.1,46,950.9,2.6,0.0
2024-01-19T13:00,28.1,38,949.8,5.0,0.0
2024-01-19T14:00,28.6,37,948.6,9.5,0.0
2024-01-19T15:00,28.8,36,948.2,9.2,0.0
2024-01-19T16:00,28.4,36,947.9,13.3,0.0
2024-01-19T17:00,26.8,40,948.4,13.2,0.0
2024-01-19T18:00,24.1,41,949.0,13.7,0.0
2024-01-19T19:00,22.4,46,949.8,13.8,0.0
2024-01-19T20:00,21.0,54,950.3,13.0,0.0
2024-01-19T21:00,19.8,61,950.4,12.6,0.0
2024-01-19T22:00,18.9,66,950.4,11.2,0.0
2024-01-19T23:00,18.2,71,950.1,11.4,0.0
2024-01-20T00:00,17.8,71,949.7,7.7,0.0
2024-01-20T01:00,16.9,75,949.4,6.1,0.0
2024-01-20T02:00,16.4,76,948.7,5.8,0.0
2024-01-20T03:00,15.7,77,948.0,6.0,0.0
2024-01-20T04:00,16.0,73,947.9,6.9,0.0
2024-01-20T05:00,16.1,73,948.3,8.0,0.0
2024-01-20T06:00,17.3,86,950.0,8.8,0.0
2024-01-20T07:00,17.0,88,950.9,8.6,0.0
2024-01-20T08:00,19.3,79,952.3,8.8,0.0
2024-01-20T09:00,22.2,68,953.3,9.7,0.0
2024-01-20T10:00,24.6,55,953.7,10.8,0.0
2024-01-20T11:00,26.6,47,953.2,12.8,0.0
2024-01-20T12:00,27.9,41,952.2,14.8,0.0
2024-01-20T13:00,28.6,38,951.2,15.8,0.0
2024-01-20T14:00,28.8,37,950.5,17.3,0.0
2024-01-20T15:00,28.6,38,950.0,16.5,0.0
2024-01-20T16:00,27.6,42,950.0,16.7,0.0
2024-01-20T17:00,26.3,46,950.4,13.0,0.0
2024-01-20T18:00,23.4,46,950.4,9.1,0.0
2024-01-20T19:00,21.6,52,950.8,8.0,0.0
2024-01-20T20:00,19.9,58,951.4,6.2,0.0
2024-01-20T21:00,18.6,65,951.8,6.0,0.0
2024-01-20T22:00,17.7,70,951.7,6.0,0.0
2024-01-20T23:00,17.0,75,951.5,6.0,0.0
2024-01-21T00:00,16.3,79,950.8,6.3,0.0
2024-01-21T01:00,16.7,78,950.5,5.1,0.0
2024-01-21T02:00,17.1,76,950.2,3.5,0.0
2024-01-21T03:00,16.3,81,949.8,1.5,0.0
2024-01-21T04:00,16.1,82,949.7,2.2,0.0
2024-01-21T05:00,15.9,81,949.9,2.2,0.0
2024-01-21T06:00,16.1,77,951.2,2.8,0.0
2024-01-21T07:00,16.1,77,952.0,2.4,0.0
2024-01-21T08:00,17.2,73,953.1,2.6,0.0
2024-01-21T09:00,19.3,64,954.0,6.3,0.0
2024-01-21T10:00,21.6,56,954.2,8.0,0.0
2024-01-21T11:00,23.9,49,953.7,10.0,0.0
2024-01-21T12:00,25.6,44,952.8,10.6,0.0
2024-01-21T13:00,26.7,41,951.5,8.8,0.0
2024-01-21T14:00,27.7,39,950.5,6.2,0.0
2024-01-21T15:00,28.4,37,949.8,5.4,0.0
2024-01-21T16:00,28.5,36,949.5,6.0,0.0
2024-01-21T17:00,27.1,41,949.8,7.5,0.0
2024-01-21T18:00,22.7,59,950.0,8.4,0.0
2024-01-21T19:00,23.4,54,951.0,5.0,0.0
2024-01-21T20:00,21.0,62,951.0,4.5,0.0
2024-01-21T21:00,20.6,61,951.7,6.1,0.0
2024-01-21T22:00,19.4,66,951.7,6.6,0.0
2024-01-21T23:00,18.2,73,951.5,5.4,0.0
2024-01-22T00:00,17.6,77,951.1,6.4,0.0
2024-01-22T01:00,18.6,72,951.1,4.3,0.0
2024-01-22T02:00,16.2,85,950.4,7.0,0.0
2024-01-22T03:00,17.4,78,950.6,2.8,0.0
2024-01-22T04:00,17.2,77,950.4,3.6,0.0
2024-01-22T05:00,15.4,84,950.2,7.2,0.0
2024-01-22T06:00,13.7,86,950.7,9.4,0.0
2024-01-22T07:00,15.4,76,951.8,6.4,0.0
2024-01-22T08:00,17.3,69,953.1,3.3,0.0
2024-01-22T09:00,19.7,60,954.3,5.3,0.0
2024-01-22T10:00,22.3,53,954.3,7.5,0.0
2024-01-22T11:00,24.9,47,953.7,7.7,0.0
2024-01-22T12:00,27.4,40,952.6,6.0,0.0
2024-01-22T13:00,29.1,32,951.4,6.0,0.0
2024-01-22T14:00,29.7,32,950.6,10.6,0.0
2024-01-22T15:00,29.9,29,950.2,12.3,0.0
2024-01-22T16:00,29.0,29,950.5,16.1,0.0
2024-01-22T17:00,27.5,37,950.9,13.7,0.0
2024-01-22T18:00,24.4,46,951.2,14.9,0.0
2024-01-22T19:00,22.2,57,951.8,10.9,0.0
2024-01-22T20:00,20.8,62,952.5,8.3,0.0
2024-01-22T21:00,19.5,69,952.8,6.9,0.0
2024-01-22T22:00,18.3,78,952.8,6.2,0.0
2024-01-22T23:00,17.2,87,952.4,6.0,0.0
2024-01-23T00:00,16.4,91,951.8,5.8,0.0
2024-01-23T01:00,15.6,92,951.4,5.0,0.0
2024-01-23T02:00,15.6,89,951.1,5.0,0.0
2024-01-23T03:00,16.2,86,950.8,2.7,0.0
2024-01-23T04:00,15.7,88,950.7,1.5,0.0
2024-01-23T05:00,15.4,87,950.7,2.6,0.0
2024-01-23T06:00,15.4,83,951.5,2.6,0.0
2024-01-23T07:00,15.5,79,952.2,3.4,0.0
2024-01-23T08:00,16.9,71,953.2,3.4,0.0
2024-01-23T09:00,19.1,59,954.1,5.0,0.0
2024-01-23T10:00,21.5,50,954.2,6.0,0.0
2024-01-23T11:00,23.9,40,953.8,7.8,0.0
2024-01-23T12:00,25.4,34,952.9,6.7,0.0
2024-01-23T13:00,26.4,29,951.7,4.7,0.0
2024-01-23T14:00,27.1,27,950.8,3.5,0.0
2024-01-23T15:00,27.4,26,950.2,3.3,0.0
2024-01-23T16:00,27.3,25,949.9,5.4,0.0
2024-01-23T17:00,26.1,31,949.9,4.6,0.0
2024-01-23T18:00,23.9,34,949.5,5.0,0.0
2024-01-23T19:00,20.1,45,949.6,10.3,0.0
2024-01-23T20:00,19.0,48,950.3,11.0,0.0
2024-01-23T21:00,17.5,52,950.7,7.6,0.0
2024-01-23T22:00,16.5,56,950.9,6.9,0.0
2024-01-23T23:00,17.0,54,951.0,5.0,0.0
2024-01-24T00:00,18.3,48,951.4,5.2,0.0
2024-01-24T01:00,17.9,49,951.1,7.0,0.0
2024-01-24T02:00,17.2,51,950.8,7.3,0.0
2024-01-24T03:00,15.3,59,950.3,7.5,0.0
2024-01-24T04:00,15.0,60,950.5,6.2,0.0
2024-01-24T05:00,14.7,60,950.5,6.2,0.0
2024-01-24T06:00,14.2,66,951.3,6.4,0.0
2024-01-24T07:00,14.5,65,952.4,5.9,0.0
2024-01-24T08:00,16.0,59,953.6,4.3,0.0
2024-01-24T09:00,18.2,47,954.7,5.8,0.0
2024-01-24T10:00,20.5,40,954.9,6.4,0.0
2024-01-24T11:00,23.0,35,954.4,8.6,0.0
2024-01-24T12:00,24.9,32,953.4,10.5,0.0
2024-01-24T13:00,26.1,30,952.2,9.3,0.0
2024-01-24T14:00,26.8,29,951.1,7.8,0.0
2024-01-24T15:00,27.0,27,950.7,6.8,0.0
2024-01-24T16:00,26.9,25,950.4,7.2,0.0
2024-01-24T17:00,25.7,28,950.3,7.2,0.0
2024-01-24T18:00,21.7,32,949.7,8.4,0.0
2024-01-24T19:00,20.3,39,950.0,9.7,0.0
2024-01-24T20:00,18.9,47,950.7,10.1,0.0
2024-01-24T21:00,17.6,51,951.5,8.7,0.0
2024-01-24T22:00,17.9,48,952.1,7.2,0.0
2024-01-24T23:00,17.0,49,951.9,6.4,0.0
2024-01-25T00:00,15.6,53,951.8,7.6,0.0
2024-01-25T01:00,14.6,57,951.6,8.0,0.0
2024-01-25T02:00,13.5,62,950.8,9.0,0.0
2024-01-25T03:00,14.7,57,951.0,6.8,0.0
2024-01-25T04:00,15.0,55,951.4,4.0,0.0
2024-01-25T05:00,14.6,57,951.8,1.3,0.0
2024-01-25T06:00,14.3,77,952.6,0.8,0.0
2024-01-25T07:00,14.0,79,953.4,1.3,0.0
2024-01-25T08:00,15.4,73,954.7,1.5,0.0
2024-01-25T09:00,18.3,59,955.8,3.8,0.0
2024-01-25T10:00,20.9,47,956.4,7.6,0.0
2024-01-25T11:00,23.4,38,956.1,10.4,0.0
2024-01-25T12:00,25.2,34,955.2,10.9,0.0
2024-01-25T13:00,26.5,32,953.9,9.5,0.0
2024-01-25T14:00,27.3,30,952.9,8.0,0.0
2024-01-25T15:00,27.4,30,952.2,8.4,0.0
2024-01-25T16:00,27.1,29,952.0,8.4,0.0
2024-01-25T17:00,25.9,31,952.3,7.8,0.0
2024-01-25T18:00,22.5,28,951.7,7.4,0.0
2024-01-25T19:00,20.5,34,952.0,7.8,0.0
2024-01-25T20:00,19.1,39,952.4,9.2,0.0
2024-01-25T21:00,18.3,40,952.7,10.7,0.0
2024-01-25T22:00,21.9,27,953.7,5.4,0.0
2024-01-25T23:00,17.2,42,953.0,7.3,0.0
2024-01-26T00:00,16.5,50,952.9,7.2,0.0
2024-01-26T01:00,17.6,45,952.9,3.3,0.0
2024-01-26T02:00,17.6,45,952.4,1.5,0.0
2024-01-26T03:00,17.1,47,951.8,2.5,0.0
2024-01-26T04:00,16.6,48,951.8,1.9,0.0
2024-01-26T05:00,16.1,51,952.1,1.6,0.0
2024-01-26T06:00,15.1,54,953.2,1.6,0.0
2024-01-26T07:00,13.0,66,953.8,3.1,0.0
2024-01-26T08:00,16.0,56,955.5,2.5,0.0
2024-01-26T09:00,19.3,47,957.0,2.5,0.0
2024-01-26T10:00,22.7,42,957.4,4.6,0.0
2024-01-26T11:00,25.6,39,956.9,7.0,0.0
2024-01-26T12:00,27.7,38,955.9,8.0,0.0
2024-01-26T13:00,29.0,35,954.6,7.7,0.0
2024-01-26T14:00,29.6,34,953.5,7.8,0.0
2024-01-26T15:00,29.9,33,952.8,7.6,0.0
2024-01-26T16:00,29.5,33,952.6,8.7,0.0
2024-01-26T17:00,28.3,35,952.9,10.8,0.0
2024-01-26T18:00,23.0,34,953.2,8.5,0.0
2024-01-26T19:00,20.6,39,953.2,10.1,0.0
2024-01-26T20:00,19.4,40,953.6,11.3,0.0
2024-01-26T21:00,23.0,29,955.1,6.2,0.0
2024-01-26T22:00,18.0,43,954.5,5.9,0.0
2024-01-26T23:00,18.0,45,954.5,7.4,0.0
2024-01-27T00:00,16.3,53,953.5,8.9,0.0
2024-01-27T01:00,19.5,43,954.2,5.4,0.0
2024-01-27T02:00,16.8,53,953.6,6.2,0.0
2024-01-27T03:00,18.9,44,953.3,5.5,0.0
2024-01-27T04:00,16.5,52,953.0,7.7,0.0
2024-01-27T05:00,16.5,53,953.1,7.3,0.0
2024-01-27T06:00,18.0,44,954.1,3.9,0.0
2024-01-27T07:00,17.8,46,954.7,3.2,0.0
2024-01-27T08:00,18.8,49,955.7,1.4,0.0
2024-01-27T09:00,21.7,43,956.8,3.7,0.0
2024-01-27T10:00,24.5,40,957.5,6.9,0.0
2024-01-27T11:00,26.8,39,957.0,7.9,0.0
2024-01-27T12:00,28.5,37,955.9,9.5,0.0
2024-01-27T13:00,29.5,34,954.8,9.2,0.0
2024-01-27T14:00,29.9,31,953.8,10.2,0.0
2024-01-27T15:00,29.8,29,953.0,10.9,0.0
2024-01-27T16:00,29.4,27,952.7,11.5,0.0
2024-01-27T17:00,28.3,27,952.7,10.5,0.0
2024-01-27T18:00,25.4,25,952.9,8.8,0.0
2024-01-27T19:00,22.5,31,953.0,9.7,0.0
2024-01-27T20:00,22.5,31,953.5,5.9,0.0
2024-01-27T21:00,20.1,38,953.9,8.3,0.0
2024-01-27T22:00,19.4,45,954.1,7.8,0.0
2024-01-27T23:00,18.4,54,953.7,6.1,0.0
2024-01-28T00:00,18.3,57,953.5,5.7,0.0
2024-01-28T01:00,17.0,63,952.6,6.4,0.0
2024-01-28T02:00,18.4,57,952.5,4.4,0.0
2024-01-28T03:00,18.9,54,951.9,3.0,0.0
2024-01-28T04:00,18.7,55,951.9,2.2,0.0
2024-01-28T05:00,17.1,62,951.9,3.6,0.0
2024-01-28T06:00,15.3,78,952.8,2.9,0.0
2024-01-28T07:00,15.0,80,953.3,3.0,0.0
2024-01-28T08:00,18.3,65,954.7,1.0,0.0
2024-01-28T09:00,21.9,53,956.0,3.9,0.0
2024-01-28T10:00,25.4,46,956.9,6.6,0.0
2024-01-28T11:00,27.9,42,956.3,7.4,0.0
2024-01-28T12:00,29.4,36,955.1,6.3,0.0
2024-01-28T13:00,30.3,32,953.9,5.5,0.0
2024-01-28T14:00,30.9,30,952.9,5.6,0.0
2024-01-28T15:00,31.2,29,952.3,6.1,0.0
2024-01-28T16:00,30.8,29,952.0,7.8,0.0
2024-01-28T17:00,29.4,30,952.2,10.1,0.0
2024-01-28T18:00,26.2,32,952.2,9.2,0.0
2024-01-28T19:00,25.8,29,953.0,4.8,0.0
2024-01-28T20:00,23.4,40,954.0,14.5,0.0
2024-01-28T21:00,22.1,48,954.6,7.6,0.0
2024-01-28T22:00,21.0,53,954.6,7.2,0.0
2024-01-28T23:00,20.2,55,954.4,6.4,0.0
2024-01-29T00:00,19.7,54,953.6,7.8,0.0
2024-01-29T01:00,17.9,59,952.9,6.7,0.0
2024-01-29T02:00,17.5,58,952.3,5.8,0.0
2024-01-29T03:00,17.3,58,951.8,5.6,0.0
2024-01-29T04:00,17.7,56,951.5,4.3,0.0
2024-01-29T05:00,17.6,56,951.8,4.0,0.0
2024-01-29T06:00,15.8,69,952.0,6.6,0.0
2024-01-29T07:00,15.9,72,952.7,5.6,0.0
2024-01-29T08:00,20.0,53,954.3,3.1,0.0
2024-01-29T09:00,23.4,43,955.9,2.1,0.0
2024-01-29T10:00,26.5,34,956.1,3.6,0.0
2024-01-29T11:00,28.4,30,955.6,4.7,0.0
2024-01-29T12:00,29.6,29,954.7,2.5,0.0
2024-01-29T13:00,30.3,28,953.3,2.6,0.0
2024-01-29T14:00,30.7,28,952.2,3.1,0.0
2024-01-29T15:00,30.7,27,951.4,2.7,0.0
2024-01-29T16:00,30.3,28,951.3,4.5,0.0
2024-01-29T17:00,29.5,28,951.4,5.4,0.0
2024-01-29T18:00,24.7,41,951.5,8.6,0.0
2024-01-29T19:00,23.7,41,952.4,6.1,0.0
2024-01-29T20:00,22.4,44,953.2,8.7,0.0
2024-01-29T21:00,21.3,45,953.4,6.9,0.0
2024-01-29T22:00,21.1,46,953.7,5.9,0.0
2024-01-29T23:00,19.8,51,953.4,6.2,0.0
2024-01-30T00:00,19.7,52,953.1,3.6,0.0
2024-01-30T01:00,20.2,50,952.7,2.3,0.0
2024-01-30T02:00,19.0,54,951.5,3.1,0.0
2024-01-30T03:00,20.3,49,951.3,2.7,0.0
2024-01-30T04:00,19.4,52,950.9,1.8,0.0
2024-01-30T05:00,18.5,56,951.1,1.5,0.0
2024-01-30T06:00,16.7,66,951.7,3.7,0.0
2024-01-30T07:00,16.7,67,952.1,1.3,0.0
2024-01-30T08:00,18.9,60,953.4,0.4,0.0
2024-01-30T09:00,22.4,46,954.5,4.4,0.0
2024-01-30T10:00,25.0,39,955.0,7.4,0.0
2024-01-30T11:00,27.1,34,954.6,7.6,0.0
2024-01-30T12:00,28.5,32,953.5,6.5,0.0
2024-01-30T13:00,29.4,31,952.3,3.7,0.0
2024-01-30T14:00,30.1,30,951.1,2.5,0.0
2024-01-30T15:00,30.5,29,950.4,4.7,0.0
2024-01-30T16:00,30.6,28,950.1,7.1,0.0
2024-01-30T17:00,29.6,28,950.3,13.4,0.0
2024-01-30T18:00,26.7,31,951.1,11.2,0.0
2024-01-30T19:00,24.7,35,951.9,10.7,0.0
2024-01-30T20:00,22.9,43,952.7,8.6,0.0
2024-01-30T21:00,21.6,49,953.0,7.6,0.0
2024-01-30T22:00,20.8,52,953.0,7.9,0.0
2024-01-30T23:00,20.1,54,952.6,7.6,0.0
2024-01-31T00:00,19.6,55,952.0,8.3,0.0
2024-01-31T01:00,18.9,57,951.2,7.1,0.0
2024-01-31T02:00,17.4,63,950.5,7.2,0.0
2024-01-31T03:00,18.5,59,950.6,3.2,0.0
2024-01-31T04:00,17.9,62,950.0,2.0,0.0
2024-01-31T05:00,17.2,64,950.1,2.7,0.0
2024-01-31T06:00,15.5,77,950.7,5.6,0.0
2024-01-31T07:00,15.9,74,951.7,3.9,0.0
2024-01-31T08:00,19.3,60,953.3,4.7,0.0
2024-01-31T09:00,22.9,48,954.5,2.9,0.0
2024-01-31T10:00,25.8,36,954.6,1.8,0.0
2024-01-31T11:00,27.7,30,953.8,2.0,0.0
2024-01-31T12:00,29.2,28,952.9,3.3,0.0
2024-01-31T13:00,30.7,26,951.6,5.5,0.0
2024-01-31T14:00,31.4,25,950.4,12.4,0.0
2024-01-31T15:00,30.8,24,950.0,18.1,0.0
2024-01-31T16:00,30.0,26,949.9,16.6,0.0
2024-01-31T17:00,28.5,29,950.1,16.3,0.0
2024-01-31T18:00,26.1,32,950.8,14.2,0.0
2024-01-31T19:00,23.6,44,951.6,16.1,0.0
2024-01-31T20:00,22.0,49,952.1,13.7,0.0
2024-01-31T21:00,20.7,53,952.3,11.2,0.0
2024-01-31T22:00,19.7,55,952.5,9.8,0.0
2024-01-31T23:00,19.0,56,952.2,8.8,0.0
2024-02-01T00:00,17.8,58,951.9,5.5,0.0
2024-02-01T01:00,17.3,60,951.4,4.6,0.0
2024-02-01T02:00,16.9,60,951.0,5.4,0.0
2024-02-01T03:00,15.9,63,950.5,4.8,0.0
2024-02-01T04:00,15.0,67,950.0,6.1,0.0
2024-02-01T05:00,14.1,73,950.0,6.6,0.0
2024-02-01T06:00,14.2,77,951.0,5.4,0.0
2024-02-01T07:00,14.2,77,952.0,5.9,0.0
2024-02-01T08:00,17.4,62,953.4,5.9,0.0
2024-02-01T09:00,21.2,48,954.7,5.9,0.0
2024-02-01T10:00,23.5,39,955.2,5.6,0.0
2024-02-01T11:00,25.3,33,954.7,5.2,0.0
2024-02-01T12:00,26.9,28,953.9,6.4,0.0
2024-02-01T13:00,27.9,26,952.7,7.6,0.0
2024-02-01T14:00,28.5,27,951.8,11.4,0.0
2024-02-01T15:00,28.0,31,951.3,16.3,0.0
2024-02-01T16:00,27.0,35,951.2,15.3,0.0
2024-02-01T17:00,25.8,39,951.0,13.5,0.0
2024-02-01T18:00,23.6,39,951.3,11.0,0.0
2024-02-01T19:00,22.1,42,951.9,11.5,0.0
2024-02-01T20:00,20.6,53,952.7,11.3,0.0
2024-02-01T21:00,19.3,66,953.3,9.3,0.0
2024-02-01T22:00,18.4,71,953.4,8.3,0.0
2024-02-01T23:00,17.7,75,953.0,7.9,0.0
2024-02-02T00:00,17.0,78,952.5,6.0,0.0
2024-02-02T01:00,16.3,82,952.2,4.5,0.0
2024-02-02T02:00,16.7,79,952.1,4.2,0.0
2024-02-02T03:00,16.1,81,951.5,3.1,0.0
2024-02-02T04:00,17.0,76,951.5,1.1,0.0
2024-02-02T05:00,16.4,79,951.4,2.2,0.0
2024-02-02T06:00,15.8,74,952.1,4.8,0.0
2024-02-02T07:00,15.3,77,953.0,2.5,0.0
2024-02-02T08:00,17.2,69,954.1,2.2,0.0
2024-02-02T09:00,20.1,58,955.3,4.7,0.0
2024-02-02T10:00,22.8,48,955.9,7.4,0.0
2024-02-02T11:00,25.3,39,955.3,10.5,0.0
2024-02-02T12:00,26.9,33,954.3,9.4,0.0
2024-02-02T13:00,27.9,29,953.3,6.9,0.0
2024-02-02T14:00,28.6,26,952.4,6.1,0.0
2024-02-02T15:00,28.8,23,951.8,7.1,0.0
2024-02-02T16:00,28.6,22,951.5,8.9,0.0
2024-02-02T17:00,27.7,23,951.2,10.9,0.0
2024-02-02T18:00,24.6,38,951.3,6.2,0.0
2024-02-02T19:00,23.8,41,951.6,7.9,0.0
2024-02-02T20:00,22.0,46,951.9,7.1,0.0
2024-02-02T21:00,20.3,52,952.4,8.6,0.0
2024-02-02T22:00,19.6,54,952.8,8.3,0.0
2024-02-02T23:00,20.0,53,953.0,8.3,0.0
2024-02-03T00:00,19.4,55,952.6,8.0,0.0
2024-02-03T01:00,18.2,59,952.1,8.0,0.0
2024-02-03T02:00,17.1,64,951.6,8.7,0.0
2024-02-03T03:00,16.5,67,951.2,8.8,0.0
2024-02-03T04:00,16.4,69,951.2,7.9,0.0
2024-02-03T05:00,16.2,71,951.6,7.5,0.0
2024-02-03T06:00,15.3,74,952.2,8.9,0.0
2024-02-03T07:00,15.4,75,953.2,8.2,0.0
2024-02-03T08:00,19.7,58,954.8,6.6,0.0
2024-02-03T09:00,22.7,48,955.8,8.5,0.0
2024-02-03T10:00,25.4,40,956.4,12.8,0.0
2024-02-03T11:00,27.6,34,955.8,14.9,0.0
2024-02-03T12:00,29.2,31,955.1,14.1,0.0
2024-02-03T13:00,30.4,28,953.9,11.8,0.0
2024-02-03T14:00,31.0,26,953.0,10.3,0.0
2024-02-03T15:00,31.1,24,952.4,10.0,0.0
2024-02-03T16:00,30.6,23,952.1,9.9,0.0
2024-02-03T17:00,29.5,25,952.1,9.8,0.0
2024-02-03T18:00,26.1,36,952.1,7.0,0.0
2024-02-03T19:00,23.7,44,952.3,10.6,0.0
2024-02-03T20:00,23.8,43,953.1,10.6,0.0
2024-02-03T21:00,22.2,49,953.2,11.8,0.0
2024-02-03T22:00,23.0,46,953.8,8.2,0.0
2024-02-03T23:00,23.1,46,954.3,5.5,0.0
2024-02-04T00:00,19.6,58,953.3,8.0,0.0
2024-02-04T01:00,22.5,47,953.4,5.9,0.0
2024-02-04T02:00,21.4,51,953.3,4.2,0.0
2024-02-04T03:00,20.3,55,952.7,1.0,0.0
2024-02-04T04:00,19.8,57,952.5,0.4,0.0
2024-02-04T05:00,19.4,58,952.9,1.4,0.0
2024-02-04T06:00,17.1,68,953.3,3.3,0.0
2024-02-04T07:00,16.7,72,954.1,2.9,0.0
2024-02-04T08:00,19.9,58,955.4,1.1,0.0
2024-02-04T09:00,23.7,48,956.5,2.5,0.0
2024-02-04T10:00,27.0,41,957.1,6.6,0.0
2024-02-04T11:00,29.3,37,956.5,8.1,0.0
2024-02-04T12:00,30.9,34,955.7,7.0,0.0
2024-02-04T13:00,32.0,32,954.6,6.3,0.0
2024-02-04T14:00,32.8,30,953.7,6.1,0.0
2024-02-04T15:00,33.1,29,952.8,5.5,0.0
2024-02-04T16:00,32.6,29,952.6,5.4,0.0
2024-02-04T17:00,31.5,30,952.4,6.9,0.0
2024-02-04T18:00,29.8,33,953.0,2.3,0.0
2024-02-04T19:00,26.8,42,953.3,5.6,0.0
2024-02-04T20:00,25.2,45,954.1,8.8,0.0
2024-02-04T21:00,23.7,50,954.6,6.0,0.0
2024-02-04T22:00,21.8,60,954.7,6.9,0.0
2024-02-04T23:00,21.1,63,954.4,6.3,0.0
2024-02-05T00:00,20.4,66,953.9,5.4,0.0
2024-02-05T01:00,19.3,72,953.3,6.8,0.0
2024-02-05T02:00,19.1,71,952.6,5.4,0.0
2024-02-05T03:00,19.0,70,952.3,6.2,0.0
2024-02-05T04:00,21.0,61,952.5,3.9,0.0
2024-02-05T05:00,20.3,63,952.6,2.7,0.0
2024-02-05T06:00,19.7,69,953.4,2.6,0.0
2024-02-05T07:00,18.3,77,953.7,4.8,0.0
2024-02-05T08:00,22.8,57,955.2,3.9,0.0
2024-02-05T09:00,26.6,42,956.5,2.4,0.0
2024-02-05T10:00,29.5,32,957.3,3.3,0.0
2024-02-05T11:00,31.3,28,956.8,6.3,0.0
2024-02-05T12:00,32.3,27,955.9,6.4,0.0
2024-02-05T13:00,33.1,25,954.6,7.1,0.0
2024-02-05T14:00,33.6,24,953.6,9.2,0.0
2024-02-05T15:00,33.4,24,952.8,13.1,0.0
2024-02-05T16:00,32.4,25,952.4,15.0,0.0
2024-02-05T17:00,31.1,27,952.5,14.7,0.0
2024-02-05T18:00,28.6,33,952.9,12.4,0.0
2024-02-05T19:00,26.5,38,953.3,7.9,0.0
2024-02-05T20:00,25.0,44,953.9,6.4,0.0
2024-02-05T21:00,24.0,48,954.4,7.6,0.0
2024-02-05T22:00,22.9,52,954.6,5.8,0.0
2024-02-05T23:00,21.7,57,954.4,5.7,0.0
2024-02-06T00:00,21.0,59,953.7,5.7,0.0
2024-02-06T01:00,20.5,61,953.1,5.9,0.0
2024-02-06T02:00,19.7,64,952.4,7.3,0.0
2024-02-06T03:00,21.4,56,952.6,1.3,0.0
2024-02-06T04:00,20.5,61,952.3,0.8,0.0
2024-02-06T05:00,20.2,62,952.5,3.4,0.0
2024-02-06T06:00,18.4,72,953.0,3.8,0.0
2024-02-06T07:00,18.0,76,953.6,4.4,0.0
2024-02-06T08:00,21.3,62,955.1,2.7,0.0
2024-02-06T09:00,25.0,49,956.6,2.3,0.0
2024-02-06T10:00,28.4,37,957.1,2.3,0.0
2024-02-06T11:00,31.0,30,956.7,2.2,0.0
2024-02-06T12:00,32.5,27,955.3,2.8,0.0
2024-02-06T13:00,33.6,25,954.1,3.4,0.0
2024-02-06T14:00,34.4,24,953.0,6.3,0.0
2024-02-06T15:00,34.6,23,952.0,9.7,0.0
2024-02-06T16:00,33.7,23,951.7,15.6,0.0
2024-02-06T17:00,31.8,25,952.1,18.5,0.0
2024-02-06T18:00,29.6,26,952.4,15.2,0.0
2024-02-06T19:00,27.3,32,953.1,11.2,0.0
2024-02-06T20:00,24.8,39,953.6,6.2,0.0
2024-02-06T21:00,23.9,44,954.2,6.5,0.0
2024-02-06T22:00,22.9,50,954.4,6.2,0.0
2024-02-06T23:00,22.3,53,954.3,6.4,0.0
2024-02-07T00:00,21.2,58,953.6,5.1,0.0
2024-02-07T01:00,22.0,56,953.4,4.5,0.0
2024-02-07T02:00,22.0,56,953.2,1.8,0.0
2024-02-07T03:00,21.4,58,952.9,1.1,0.0
2024-02-07T04:00,20.5,62,952.8,1.9,0.0
2024-02-07T05:00,19.7,65,953.0,0.7,0.0
2024-02-07T06:00,19.1,70,953.7,0.8,0.0
2024-02-07T07:00,18.8,72,954.5,1.0,0.0
2024-02-07T08:00,21.4,62,956.0,1.1,0.0
2024-02-07T09:00,25.2,47,957.2,2.5,0.0
2024-02-07T10:00,28.4,39,957.5,3.9,0.0
2024-02-07T11:00,30.7,31,957.1,3.5,0.0
2024-02-07T12:00,32.3,26,956.1,5.2,0.0
2024-02-07T13:00,33.2,23,954.7,6.5,0.0
2024-02-07T14:00,33.6,22,953.5,8.0,0.0
2024-02-07T15:00,33.8,21,952.5,9.5,0.0
2024-02-07T16:00,33.3,20,952.1,13.6,0.0
2024-02-07T17:00,31.5,23,952.3,16.8,0.0
2024-02-07T18:00,28.8,26,952.6,12.6,0.0
2024-02-07T19:00,26.6,30,953.0,10.5,0.0
2024-02-07T20:00,24.9,33,953.8,8.1,0.0
2024-02-07T21:00,23.5,35,954.1,6.5,0.0
2024-02-07T22:00,21.5,42,954.1,8.2,0.0
2024-02-07T23:00,23.8,35,954.7,3.4,0.0
2024-02-08T00:00,22.7,39,954.2,7.1,0.0
2024-02-08T01:00,19.3,49,953.2,10.0,0.0
2024-02-08T02:00,18.8,52,952.9,9.3,0.0
2024-02-08T03:00,18.1,56,952.6,8.9,0.0
2024-02-08T04:00,17.3,61,952.4,8.5,0.0
2024-02-08T05:00,17.1,65,952.6,8.0,0.0
2024-02-08T06:00,17.7,62,953.6,7.1,0.0
2024-02-08T07:00,18.3,61,954.9,5.2,0.0
2024-02-08T08:00,20.1,57,955.8,3.6,0.0
2024-02-08T09:00,22.7,49,956.7,6.0,0.0
2024-02-08T10:00,25.4,42,957.1,7.9,0.0
2024-02-08T11:00,27.9,37,956.7,8.5,0.0
2024-02-08T12:00,29.9,32,955.6,7.3,0.0
2024-02-08T13:00,31.4,27,954.3,4.5,0.0
2024-02-08T14:00,32.4,22,952.9,2.9,0.0
2024-02-08T15:00,32.9,18,951.9,4.8,0.0
2024-02-08T16:00,32.7,16,951.4,8.0,0.0
2024-02-08T17:00,31.8,17,951.3,10.0,0.0
2024-02-08T18:00,26.2,21,951.6,9.0,0.0
2024-02-08T19:00,23.8,25,951.6,9.8,0.0
2024-02-08T20:00,22.7,30,952.2,9.7,0.0
2024-02-08T21:00,21.0,34,952.3,6.8,0.0
2024-02-08T22:00,20.9,32,952.2,5.9,0.0
2024-02-08T23:00,23.1,27,952.5,4.4,0.0
2024-02-09T00:00,22.2,29,952.1,1.8,0.0
2024-02-09T01:00,20.9,34,951.5,4.0,0.0
2024-02-09T02:00,19.8,39,950.9,2.3,0.0
2024-02-09T03:00,18.9,42,950.8,1.8,0.0
2024-02-09T04:00,16.2,52,950.4,3.6,0.0
2024-02-09T05:00,14.5,58,950.3,5.2,0.0
2024-02-09T06:00,18.1,48,951.9,3.2,0.0
2024-02-09T07:00,15.6,62,952.3,5.5,0.0
2024-02-09T08:00,18.6,52,953.8,3.6,0.0
2024-02-09T09:00,21.9,43,955.0,2.5,0.0
2024-02-09T10:00,25.5,36,955.5,3.9,0.0
2024-02-09T11:00,28.6,31,955.2,3.1,0.0
2024-02-09T12:00,31.3,23,954.5,4.3,0.0
2024-02-09T13:00,32.9,16,953.2,9.2,0.0
2024-02-09T14:00,33.7,15,952.0,12.6,0.0
2024-02-09T15:00,33.6,13,951.2,16.3,0.0
2024-02-09T16:00,32.5,13,951.0,18.2,0.0
2024-02-09T17:00,30.7,16,951.3,17.7,0.0
2024-02-09T18:00,27.6,21,951.7,9.8,0.0
2024-02-09T19:00,25.3,26,952.0,8.9,0.0
2024-02-09T20:00,23.6,29,952.7,8.0,0.0
2024-02-09T21:00,21.7,34,953.3,7.2,0.0
2024-02-09T22:00,20.9,38,953.5,7.0,0.0
2024-02-09T23:00,20.2,42,953.3,6.7,0.0
2024-02-10T00:00,19.2,46,952.9,6.0,0.0
2024-02-10T01:00,17.5,53,952.1,8.3,0.0
2024-02-10T02:00,18.7,50,952.1,4.5,0.0
2024-02-10T03:00,18.3,52,951.5,2.3,0.0
2024-02-10T04:00,17.7,54,951.6,1.1,0.0
2024-02-10T05:00,16.9,57,951.7,0.8,0.0
2024-02-10T06:00,14.5,71,951.8,3.4,0.0
2024-02-10T07:00,14.6,73,952.6,5.2,0.0
2024-02-10T08:00,18.6,57,954.2,4.0,0.0
2024-02-10T09:00,23.0,42,955.7,1.8,0.0
2024-02-10T10:00,26.9,34,956.5,1.8,0.0
2024-02-10T11:00,29.8,23,955.9,2.3,0.0
2024-02-10T12:00,31.9,17,954.8,2.4,0.0
2024-02-10T13:00,33.1,13,953.9,6.5,0.0
2024-02-10T14:00,33.9,12,952.6,9.0,0.0
2024-02-10T15:00,34.2,10,951.6,14.7,0.0
2024-02-10T16:00,32.7,13,951.7,20.3,0.0
2024-02-10T17:00,30.7,17,952.0,18.7,0.0
2024-02-10T18:00,28.6,15,952.3,17.0,0.0
2024-02-10T19:00,25.9,26,953.1,14.8,0.0
2024-02-10T20:00,24.0,35,954.1,13.8,0.0
2024-02-10T21:00,22.2,39,954.5,11.2,0.0
2024-02-10T22:00,21.0,42,954.5,10.0,0.0
2024-02-10T23:00,20.0,44,954.1,8.4,0.0
2024-02-11T00:00,19.0,47,953.4,5.9,0.0
2024-02-11T01:00,18.2,51,952.6,6.4,0.0
2024-02-11T02:00,16.7,56,951.9,6.4,0.0
2024-02-11T03:00,16.8,55,951.5,6.0,0.0
2024-02-11T04:00,17.6,52,951.2,2.8,0.0
2024-02-11T05:00,14.5,65,950.7,5.1,0.0
2024-02-11T06:00,14.5,74,951.8,3.8,0.0
2024-02-11T07:00,16.5,66,953.2,3.7,0.0
2024-02-11T08:00,19.0,57,954.6,2.3,0.0
2024-02-11T09:00,22.8,43,956.1,2.3,0.0
2024-02-11T10:00,26.4,32,956.9,4.1,0.0
2024-02-11T11:00,29.1,23,956.5,4.3,0.0
2024-02-11T12:00,30.9,17,955.8,3.7,0.0
2024-02-11T13:00,32.1,14,954.5,7.2,0.0
2024-02-11T14:00,32.5,14,953.3,9.4,0.0
2024-02-11T15:00,32.9,14,952.1,9.4,0.0
2024-02-11T16:00,32.6,13,951.9,15.3,0.0
2024-02-11T17:00,30.7,16,952.2,18.7,0.0
2024-02-11T18:00,28.4,15,952.8,14.4,0.0
2024-02-11T19:00,25.9,19,953.1,12.1,0.0
2024-02-11T20:00,24.2,25,954.0,9.6,0.0
2024-02-11T21:00,22.4,35,954.4,7.6,0.0
2024-02-11T22:00,21.3,42,954.3,7.7,0.0
2024-02-11T23:00,20.3,47,954.0,6.6,0.0
2024-02-12T00:00,19.0,52,953.3,5.8,0.0
2024-02-12T01:00,18.0,56,952.2,7.5,0.0
2024-02-12T02:00,18.5,53,951.5,5.6,0.0
2024-02-12T03:00,17.3,58,950.8,7.5,0.0
2024-02-12T04:00,18.7,53,951.3,5.2,0.0
2024-02-12T05:00,15.6,66,951.4,5.5,0.0
2024-02-12T06:00,16.8,67,952.1,2.8,0.0
2024-02-12T07:00,17.4,65,953.3,2.5,0.0
2024-02-12T08:00,18.9,60,954.5,1.8,0.0
2024-02-12T09:00,22.8,44,955.8,1.1,0.0
2024-02-12T10:00,26.6,32,956.2,3.1,0.0
2024-02-12T11:00,29.2,21,955.5,3.7,0.0
2024-02-12T12:00,30.7,18,954.7,2.6,0.0
2024-02-12T13:00,31.7,17,953.6,4.8,0.0
2024-02-12T14:00,32.4,16,952.1,6.9,0.0
2024-02-12T15:00,33.1,16,951.1,6.5,0.0
2024-02-12T16:00,32.7,16,950.8,13.7,0.0
2024-02-12T17:00,30.7,19,951.3,18.4,0.0
2024-02-12T18:00,28.0,17,951.7,12.1,0.0
2024-02-12T19:00,25.7,21,952.1,13.7,0.0
2024-02-12T20:00,24.1,24,952.8,11.7,0.0
2024-02-12T21:00,23.0,29,953.4,11.5,0.0
2024-02-12T22:00,22.0,32,953.8,11.3,0.0
2024-02-12T23:00,20.8,34,953.4,9.4,0.0
2024-02-13T00:00,19.8,37,952.7,9.0,0.0
2024-02-13T01:00,19.1,38,951.9,10.0,0.0
2024-02-13T02:00,19.0,37,951.3,11.5,0.0
2024-02-13T03:00,18.2,39,951.1,6.7,0.0
2024-02-13T04:00,16.7,45,950.6,7.6,0.0
2024-02-13T05:00,18.7,39,951.3,5.4,0.0
2024-02-13T06:00,16.6,49,951.5,5.5,0.0
2024-02-13T07:00,18.6,43,952.9,0.8,0.0
2024-02-13T08:00,19.7,40,954.0,6.2,0.0
2024-02-13T09:00,23.2,31,955.4,5.8,0.0
2024-02-13T10:00,26.3,25,955.8,6.6,0.0
2024-02-13T11:00,28.7,20,955.4,5.7,0.0
2024-02-13T12:00,30.6,18,954.4,1.6,0.0
2024-02-13T13:00,32.0,17,953.2,2.2,0.0
2024-02-13T14:00,33.1,16,951.9,3.4,0.0
2024-02-13T15:00,33.8,13,951.0,9.4,0.0
2024-02-13T16:00,32.8,12,950.9,18.4,0.0
2024-02-13T17:00,31.2,13,951.3,17.7,0.0
2024-02-13T18:00,29.0,13,951.9,13.7,0.0
2024-02-13T19:00,25.8,17,952.3,10.2,0.0
2024-02-13T20:00,23.2,21,952.9,6.6,0.0
2024-02-13T21:00,22.7,23,953.5,8.0,0.0
2024-02-13T22:00,21.3,28,953.3,6.6,0.0
2024-02-13T23:00,20.5,33,953.2,6.3,0.0
2024-02-14T00:00,19.5,37,952.8,5.8,0.0
2024-02-14T01:00,18.5,42,952.0,5.9,0.0
2024-02-14T02:00,17.7,46,951.4,5.5,0.0
2024-02-14T03:00,18.0,47,951.1,4.3,0.0
2024-02-14T04:00,18.0,47,951.1,3.9,0.0
2024-02-14T05:00,18.9,45,951.7,2.7,0.0
2024-02-14T06:00,15.5,64,952.0,7.1,0.0
2024-02-14T07:00,16.4,61,952.9,7.9,0.0
2024-02-14T08:00,20.3,43,954.3,2.5,0.0
2024-02-14T09:00,22.9,35,955.5,5.2,0.0
2024-02-14T10:00,25.8,30,955.7,5.9,0.0
2024-02-14T11:00,28.6,24,955.2,8.2,0.0
2024-02-14T12:00,30.6,21,954.0,9.8,0.0
2024-02-14T13:00,31.9,18,952.9,6.6,0.0
2024-02-14T14:00,32.6,17,951.7,2.6,0.0
2024-02-14T15:00,32.7,16,951.1,5.5,0.0
2024-02-14T16:00,32.3,16,950.7,8.0,0.0
2024-02-14T17:00,31.4,16,950.6,9.8,0.0
2024-02-14T18:00,27.3,22,951.1,6.0,0.0
2024-02-14T19:00,24.8,27,951.1,6.9,0.0
2024-02-14T20:00,23.2,28,951.8,7.7,0.0
2024-02-14T21:00,21.9,31,952.2,8.3,0.0
2024-02-14T22:00,21.2,33,952.1,8.6,0.0
2024-02-14T23:00,20.3,35,951.8,8.0,0.0
2024-02-15T00:00,19.6,37,951.4,7.4,0.0
2024-02-15T01:00,21.7,32,951.8,4.0,0.0
2024-02-15T02:00,21.2,34,951.0,2.4,0.0
2024-02-15T03:00,17.8,43,950.5,8.8,0.0
2024-02-15T04:00,18.2,42,950.6,6.6,0.0
2024-02-15T05:00,17.6,46,951.0,8.5,0.0
2024-02-15T06:00,20.2,38,952.2,3.1,0.0
2024-02-15T07:00,19.8,40,953.1,3.6,0.0
2024-02-15T08:00,21.1,40,954.0,3.4,0.0
2024-02-15T09:00,24.0,37,955.0,6.2,0.0
2024-02-15T10:00,26.5,35,955.2,11.0,0.0
2024-02-15T11:00,28.8,33,954.8,10.9,0.0
2024-02-15T12:00,30.7,30,953.8,8.3,0.0
2024-02-15T13:00,32.3,24,952.8,4.3,0.0
2024-02-15T14:00,33.4,20,951.4,3.3,0.0
2024-02-15T15:00,33.6,19,950.5,9.7,0.0
2024-02-15T16:00,32.7,20,950.3,11.2,0.0
2024-02-15T17:00,32.1,20,950.1,6.3,0.0
2024-02-15T18:00,29.2,23,950.3,8.8,0.0
2024-02-15T19:00,26.7,26,950.6,7.3,0.0
2024-02-15T20:00,25.5,33,952.0,11.4,0.0
2024-02-15T21:00,23.2,42,952.4,5.6,0.0
2024-02-15T22:00,22.2,49,952.4,6.6,0.0
2024-02-15T23:00,21.2,54,952.0,5.2,0.0
2024-02-16T00:00,20.8,56,951.7,6.6,0.0
2024-02-16T01:00,19.9,59,951.1,7.4,0.0
2024-02-16T02:00,21.1,54,951.2,2.8,0.0
2024-02-16T03:00,19.8,58,950.5,2.9,0.0
2024-02-16T04:00,20.1,57,950.9,4.6,0.0
2024-02-16T05:00,19.8,57,951.3,4.4,0.0
2024-02-16T06:00,20.2,61,952.1,0.4,0.0
2024-02-16T07:00,18.8,69,952.6,2.3,0.0
2024-02-16T08:00,22.5,52,954.1,2.5,0.0
2024-02-16T09:00,25.2,43,955.2,5.5,0.0
2024-02-16T10:00,28.4,35,955.7,5.4,0.0
2024-02-16T11:00,31.4,27,955.0,4.0,0.0
2024-02-16T12:00,33.6,18,954.1,3.8,0.0
2024-02-16T13:00,34.5,16,952.8,5.1,0.0
2024-02-16T14:00,35.2,14,951.9,7.2,0.0
2024-02-16T15:00,34.6,15,951.3,11.8,0.0
2024-02-16T16:00,34.0,14,951.0,12.9,0.0
2024-02-16T17:00,33.2,14,951.0,11.7,0.0
2024-02-16T18:00,30.1,20,951.3,10.9,0.0
2024-02-16T19:00,28.8,24,952.2,12.0,0.0
2024-02-16T20:00,27.2,29,953.2,2.6,0.0
2024-02-16T21:00,24.8,37,953.3,5.8,0.0
2024-02-16T22:00,23.7,45,953.2,4.3,0.0
2024-02-16T23:00,23.1,52,953.1,9.2,0.0
2024-02-17T00:00,22.4,56,952.3,6.8,0.0
2024-02-17T01:00,20.8,62,951.2,7.7,0.0
2024-02-17T02:00,21.9,58,950.9,3.4,0.0
2024-02-17T03:00,19.8,66,950.0,5.0,0.0
2024-02-17T04:00,21.1,61,950.3,1.5,0.0
2024-02-17T05:00,21.1,61,950.4,2.3,0.0
2024-02-17T06:00,17.6,75,950.8,6.4,0.0
2024-02-17T07:00,20.1,62,952.0,3.1,0.0
2024-02-17T08:00,22.3,55,953.1,0.4,0.0
2024-02-17T09:00,25.9,42,954.2,4.0,0.0
2024-02-17T10:00,29.3,32,954.5,3.3,0.0
2024-02-17T11:00,32.0,21,953.8,6.3,0.0
2024-02-17T12:00,33.2,16,952.9,3.2,0.0
2024-02-17T13:00,33.7,16,951.6,0.8,0.0
2024-02-17T14:00,33.9,15,950.7,3.0,0.0
2024-02-17T15:00,33.8,14,950.1,7.8,0.0
2024-02-17T16:00,33.2,13,949.8,9.3,0.0
2024-02-17T17:00,32.4,11,949.8,7.2,0.0
2024-02-17T18:00,29.6,17,949.5,7.9,0.0
2024-02-17T19:00,26.6,20,950.5,7.4,0.0
2024-02-17T20:00,24.5,31,951.2,7.6,0.0
2024-02-17T21:00,23.8,34,951.5,7.6,0.0
2024-02-17T22:00,21.7,42,951.4,7.6,0.0
2024-02-17T23:00,21.4,44,951.0,5.4,0.0
2024-02-18T00:00,21.2,47,950.3,10.0,0.0
2024-02-18T01:00,20.6,49,949.5,9.0,0.0
2024-02-18T02:00,19.2,53,948.7,5.9,0.0
2024-02-18T03:00,18.6,53,948.1,7.1,0.0
2024-02-18T04:00,19.4,49,948.1,4.8,0.0
2024-02-18T05:00,18.5,53,948.5,6.0,0.0
2024-02-18T06:00,17.8,71,949.4,7.2,0.0
2024-02-18T07:00,19.1,66,950.2,5.2,0.0
2024-02-18T08:00,22.9,52,951.6,5.6,0.0
2024-02-18T09:00,26.9,39,952.9,5.0,0.0
2024-02-18T10:00,29.8,29,953.3,5.5,0.0
2024-02-18T11:00,31.9,21,952.7,4.3,0.0
2024-02-18T12:00,32.9,19,951.7,1.1,0.0
2024-02-18T13:00,33.6,18,950.3,4.1,0.0
2024-02-18T14:00,34.2,17,949.3,8.6,0.0
2024-02-18T15:00,34.6,16,948.4,9.7,0.0
2024-02-18T16:00,34.2,16,948.1,12.9,0.0
2024-02-18T17:00,32.7,16,948.2,15.6,0.0
2024-02-18T18:00,28.6,18,948.9,6.6,0.0
2024-02-18T19:00,26.9,27,949.7,10.1,0.0
2024-02-18T20:00,23.9,42,950.2,8.3,0.0
2024-02-18T21:00,23.7,42,950.9,6.8,0.0
2024-02-18T22:00,22.9,44,950.9,6.4,0.0
2024-02-18T23:00,21.4,48,950.6,5.5,0.0
2024-02-19T00:00,21.5,47,950.3,7.6,0.0
2024-02-19T01:00,21.1,47,949.7,9.7,0.0
2024-02-19T02:00,20.7,46,948.9,10.5,0.0
2024-02-19T03:00,20.0,46,948.3,7.1,0.0
2024-02-19T04:00,20.3,45,948.9,3.1,0.0
2024-02-19T05:00,19.3,50,948.7,3.1,0.0
2024-02-19T06:00,18.6,51,949.4,3.4,0.0
2024-02-19T07:00,19.3,52,950.5,4.9,0.0
2024-02-19T08:00,23.5,38,952.0,4.3,0.0
2024-02-19T09:00,27.3,24,953.2,2.6,0.0
2024-02-19T10:00,29.7,18,953.8,5.1,0.0
2024-02-19T11:00,31.3,16,953.3,4.5,0.0
2024-02-19T12:00,32.3,15,952.2,4.0,0.0
2024-02-19T13:00,33.0,14,951.1,4.7,0.0
2024-02-19T14:00,33.7,14,950.0,6.6,0.0
2024-02-19T15:00,33.9,13,949.4,13.5,0.0
2024-02-19T16:00,33.2,14,948.9,15.0,0.0
2024-02-19T17:00,31.9,16,949.2,14.1,0.0
2024-02-19T18:00,29.2,18,950.0,17.1,0.0
2024-02-19T19:00,27.2,20,950.5,12.3,0.0
2024-02-19T20:00,25.4,21,951.0,8.9,0.0
2024-02-19T21:00,24.2,22,951.7,8.3,0.0
2024-02-19T22:00,22.1,26,951.6,7.2,0.0
2024-02-19T23:00,22.3,26,951.4,6.9,0.0
2024-02-20T00:00,21.8,28,950.8,7.7,0.0
2024-02-20T01:00,20.0,34,950.1,7.2,0.0
2024-02-20T02:00,20.1,35,949.9,6.6,0.0
2024-02-20T03:00,20.7,34,949.8,4.8,0.0
2024-02-20T04:00,17.8,43,949.1,7.1,0.0
2024-02-20T05:00,18.2,41,949.3,5.6,0.0
2024-02-20T06:00,19.1,60,950.3,8.3,0.0
2024-02-20T07:00,19.1,61,950.9,8.6,0.0
2024-02-20T08:00,21.8,52,952.5,0.4,0.0
2024-02-20T09:00,24.7,41,953.7,4.6,0.0
2024-02-20T10:00,27.8,29,954.4,4.5,0.0
2024-02-20T11:00,29.9,24,953.8,2.2,0.0
2024-02-20T12:00,31.4,21,952.5,3.8,0.0
2024-02-20T13:00,32.7,19,951.4,6.6,0.0
2024-02-20T14:00,33.7,16,950.2,12.2,0.0
2024-02-20T15:00,33.4,15,949.6,18.9,0.0
2024-02-20T16:00,31.9,18,949.5,21.5,0.0
2024-02-20T17:00,30.2,21,949.6,20.1,0.0
2024-02-20T18:00,28.2,21,950.2,16.1,0.0
2024-02-20T19:00,26.3,25,950.6,13.2,0.0
2024-02-20T20:00,24.8,30,951.3,10.9,0.0
2024-02-20T21:00,23.4,36,951.7,9.4,0.0
2024-02-20T22:00,22.3,42,951.8,9.8,0.0
2024-02-20T23:00,21.3,46,951.6,9.7,0.0
2024-02-21T00:00,20.4,50,950.9,9.7,0.0
2024-02-21T01:00,19.6,55,950.0,9.7,0.0
2024-02-21T02:00,19.0,58,949.3,9.6,0.0
2024-02-21T03:00,18.4,61,948.8,9.9,0.0
2024-02-21T04:00,17.9,62,948.7,9.5,0.0
2024-02-21T05:00,17.5,63,949.0,9.9,0.0
2024-02-21T06:00,18.1,83,949.7,9.6,0.0
2024-02-21T07:00,18.2,82,950.5,10.1,0.0
2024-02-21T08:00,21.5,66,951.6,9.7,0.0
2024-02-21T09:00,25.2,43,952.5,12.4,0.0
2024-02-21T10:00,27.8,30,953.0,15.0,0.0
2024-02-21T11:00,29.7,23,952.4,15.4,0.0
2024-02-21T12:00,31.0,20,951.3,16.2,0.0
2024-02-21T13:00,31.5,19,950.3,17.4,0.0
2024-02-21T14:00,31.4,21,949.5,18.5,0.0
2024-02-21T15:00,30.7,24,949.0,18.9,0.0
2024-02-21T16:00,29.8,27,948.9,18.5,0.0
2024-02-21T17:00,28.4,31,949.3,18.2,0.0
2024-02-21T18:00,26.3,40,949.4,17.7,0.0
2024-02-21T19:00,24.1,50,950.0,15.5,0.0
2024-02-21T20:00,22.3,62,950.8,12.3,0.0
2024-02-21T21:00,20.9,70,951.3,9.0,0.0
2024-02-21T22:00,19.9,75,951.2,7.7,0.0
2024-02-21T23:00,19.0,80,950.9,8.1,0.0
2024-02-22T00:00,18.3,84,950.2,9.1,0.0
2024-02-22T01:00,17.8,87,949.7,9.7,0.0
2024-02-22T02:00,17.3,89,948.7,9.7,0.0
2024-02-22T03:00,16.8,92,948.4,9.0,0.0
2024-02-22T04:00,16.4,94,948.5,6.9,0.0
2024-02-22T05:00,16.2,92,948.9,5.8,0.0
2024-02-22T06:00,17.1,98,949.9,10.7,0.0
2024-02-22T07:00,17.0,98,950.7,11.8,0.0
2024-02-22T08:00,18.9,88,951.9,11.3,0.0
2024-02-22T09:00,22.7,66,953.1,12.2,0.0
2024-02-22T10:00,26.2,47,953.4,13.5,0.0
2024-02-22T11:00,28.6,32,952.9,15.2,0.0
2024-02-22T12:00,29.9,25,951.6,16.1,0.0
2024-02-22T13:00,30.5,23,950.6,17.3,0.0
2024-02-22T14:00,30.5,24,949.9,18.4,0.0
2024-02-22T15:00,30.1,26,949.3,18.7,0.0
2024-02-22T16:00,29.3,28,949.4,18.5,0.0
2024-02-22T17:00,27.9,30,949.7,17.7,0.0
2024-02-22T18:00,26.1,24,949.8,17.4,0.0
2024-02-22T19:00,23.8,33,950.3,16.6,0.0
2024-02-22T20:00,22.2,41,951.1,14.6,0.0
2024-02-22T21:00,20.6,49,951.8,10.8,0.0
2024-02-22T22:00,19.3,58,951.8,8.7,0.0
2024-02-22T23:00,18.4,63,951.6,9.3,0.0
2024-02-23T00:00,17.8,63,951.0,8.8,0.0
2024-02-23T01:00,17.2,59,950.5,6.6,0.0
2024-02-23T02:00,16.9,55,949.8,6.6,0.0
2024-02-23T03:00,16.0,54,949.2,5.2,0.0
2024-02-23T04:00,15.0,57,949.1,6.3,0.0
2024-02-23T05:00,16.2,53,949.8,3.1,0.0
2024-02-23T06:00,15.5,80,950.4,5.6,0.0
2024-02-23T07:00,15.6,81,951.3,5.1,0.0
2024-02-23T08:00,18.4,69,952.7,2.5,0.0
2024-02-23T09:00,21.8,55,953.5,1.4,0.0
2024-02-23T10:00,24.5,46,953.5,6.3,0.0
2024-02-23T11:00,26.7,36,952.9,6.8,0.0
2024-02-23T12:00,28.5,27,951.7,4.5,0.0
2024-02-23T13:00,29.9,22,950.5,1.8,0.0
2024-02-23T14:00,30.8,21,949.7,3.0,0.0
2024-02-23T15:00,31.2,18,948.9,8.3,0.0
2024-02-23T16:00,31.0,16,948.7,10.1,0.0
2024-02-23T17:00,30.3,17,948.8,10.1,0.0
2024-02-23T18:00,26.5,16,948.4,7.6,0.0
2024-02-23T19:00,24.9,20,948.8,9.2,0.0
2024-02-23T20:00,23.4,36,950.2,11.6,0.0
2024-02-23T21:00,21.2,48,950.4,5.8,0.0
2024-02-23T22:00,19.8,57,950.3,5.5,0.0
2024-02-23T23:00,19.6,61,950.3,7.7,0.0
2024-02-24T00:00,18.8,65,949.8,7.2,0.0
2024-02-24T01:00,17.7,70,949.3,4.6,0.0
2024-02-24T02:00,16.7,73,948.7,5.4,0.0
2024-02-24T03:00,18.5,63,948.7,2.5,0.0
2024-02-24T04:00,18.0,64,948.5,1.1,0.0
2024-02-24T05:00,17.5,64,948.6,2.1,0.0
2024-02-24T06:00,15.4,76,948.8,3.6,0.0
2024-02-24T07:00,14.6,81,949.6,3.8,0.0
2024-02-24T08:00,18.2,61,951.2,1.8,0.0
2024-02-24T09:00,22.3,41,952.4,3.0,0.0
2024-02-24T10:00,25.5,29,953.0,6.8,0.0
2024-02-24T11:00,28.0,22,952.7,4.9,0.0
2024-02-24T12:00,30.1,17,951.6,1.1,0.0
2024-02-24T13:00,31.3,16,950.5,6.5,0.0
2024-02-24T14:00,32.2,17,949.3,8.4,0.0
2024-02-24T15:00,33.0,15,948.3,11.5,0.0
2024-02-24T16:00,32.1,13,948.1,17.4,0.0
2024-02-24T17:00,30.2,12,948.5,18.0,0.0
2024-02-24T18:00,27.0,11,949.1,11.8,0.0
2024-02-24T19:00,24.7,10,949.2,9.9,0.0
2024-02-24T20:00,22.3,12,949.6,7.4,0.0
2024-02-24T21:00,20.8,15,950.0,7.2,0.0
2024-02-24T22:00,21.6,14,950.5,3.8,0.0
2024-02-24T23:00,23.0,12,950.7,2.5,0.0
2024-02-25T00:00,18.7,18,949.9,9.4,0.0
2024-02-25T01:00,18.3,19,949.4,9.0,0.0
2024-02-25T02:00,19.1,19,949.0,6.8,0.0
2024-02-25T03:00,20.2,18,948.9,2.5,0.0
2024-02-25T04:00,19.3,20,948.7,2.5,0.0
2024-02-25T05:00,18.6,22,948.9,4.1,0.0
2024-02-25T06:00,18.0,27,949.7,2.2,0.0
2024-02-25T07:00,18.1,28,950.1,3.3,0.0
2024-02-25T08:00,19.7,26,951.1,3.0,0.0
2024-02-25T09:00,22.7,22,951.9,3.8,0.0
2024-02-25T10:00,26.0,19,952.2,7.2,0.0
2024-02-25T11:00,28.5,16,951.8,11.8,0.0
2024-02-25T12:00,30.5,15,950.7,12.1,0.0
2024-02-25T13:00,31.9,15,949.6,10.7,0.0
2024-02-25T14:00,33.0,14,948.6,8.5,0.0
2024-02-25T15:00,33.2,15,947.8,5.4,0.0
2024-02-25T16:00,32.9,15,947.5,5.2,0.0
2024-02-25T17:00,32.0,16,947.6,9.5,0.0
2024-02-25T18:00,28.8,16,947.9,11.5,0.0
2024-02-25T19:00,26.9,19,948.3,7.7,0.0
2024-02-25T20:00,24.8,21,948.9,7.8,0.0
2024-02-25T21:00,23.5,24,949.5,8.2,0.0
2024-02-25T22:00,20.5,32,949.0,8.9,0.0
2024-02-25T23:00,20.7,33,948.8,6.1,0.0
2024-02-26T00:00,22.6,30,949.0,3.3,0.0
2024-02-26T01:00,21.9,32,948.3,3.4,0.0
2024-02-26T02:00,20.7,34,947.8,3.4,0.0
2024-02-26T03:00,18.4,39,947.2,3.5,0.0
2024-02-26T04:00,16.6,45,946.9,4.3,0.0
2024-02-26T05:00,16.6,44,947.3,3.9,0.0
2024-02-26T06:00,16.6,64,948.4,4.2,0.0
2024-02-26T07:00,17.3,62,949.5,4.1,0.0
2024-02-26T08:00,20.7,49,951.2,0.4,0.0
2024-02-26T09:00,24.5,40,952.1,4.0,0.0
2024-02-26T10:00,27.8,40,952.2,7.7,0.0
2024-02-26T11:00,30.7,38,951.8,8.6,0.0
2024-02-26T12:00,32.8,32,950.8,7.2,0.0
2024-02-26T13:00,34.4,28,949.7,6.8,0.0
2024-02-26T14:00,34.9,25,948.7,8.6,0.0
2024-02-26T15:00,34.8,24,948.0,11.0,0.0
2024-02-26T16:00,34.3,23,947.6,9.9,0.0
2024-02-26T17:00,33.3,23,947.8,7.1,0.0
2024-02-26T18:00,32.4,24,948.3,14.1,0.0
2024-02-26T19:00,27.2,39,949.2,16.6,0.0
2024-02-26T20:00,26.2,42,950.4,10.1,0.0
2024-02-26T21:00,25.2,43,951.1,6.5,0.0
2024-02-26T22:00,24.7,45,951.1,6.8,0.0
2024-02-26T23:00,23.8,48,950.9,5.1,0.0
2024-02-27T00:00,23.0,52,950.4,6.5,0.0
2024-02-27T01:00,22.5,53,949.8,5.2,0.0
2024-02-27T02:00,22.6,53,949.5,4.9,0.0
2024-02-27T03:00,21.8,57,949.2,5.2,0.0
2024-02-27T04:00,21.3,57,949.4,4.8,0.0
2024-02-27T05:00,21.3,55,949.5,2.3,0.0
2024-02-27T06:00,20.9,56,950.1,3.1,0.0
2024-02-27T07:00,22.2,52,951.1,5.0,0.0
2024-02-27T08:00,25.9,42,952.6,3.2,0.0
2024-02-27T09:00,28.3,34,953.6,3.9,0.0
2024-02-27T10:00,30.4,32,953.6,6.4,0.0
2024-02-27T11:00,32.2,27,953.2,8.7,0.0
2024-02-27T12:00,33.6,24,952.2,9.7,0.0
2024-02-27T13:00,34.8,22,951.0,10.3,0.0
2024-02-27T14:00,35.1,22,950.0,5.9,0.0
2024-02-27T15:00,35.0,22,949.1,6.4,0.0
2024-02-27T16:00,34.6,22,948.8,7.9,0.0
2024-02-27T17:00,32.5,27,949.1,14.4,0.0
2024-02-27T18:00,29.6,32,949.3,22.0,0.0
2024-02-27T19:00,28.8,32,949.9,17.9,0.0
2024-02-27T20:00,27.4,32,950.7,12.3,0.0
2024-02-27T21:00,26.0,31,951.7,10.2,0.0
2024-02-27T22:00,25.0,32,951.9,8.6,0.0
2024-02-27T23:00,23.3,38,951.6,5.9,0.0
2024-02-28T00:00,23.2,39,951.3,2.8,0.0
2024-02-28T01:00,25.0,34,951.4,2.4,0.0
2024-02-28T02:00,24.5,35,950.9,3.8,0.0
2024-02-28T03:00,24.1,37,950.5,2.6,0.0
2024-02-28T04:00,23.2,39,950.1,4.7,0.0
2024-02-28T05:00,22.0,43,950.0,4.3,0.0
2024-02-28T06:00,22.3,44,951.1,2.7,0.0
2024-02-28T07:00,22.1,46,951.8,3.4,0.0
2024-02-28T08:00,24.2,42,953.0,2.7,0.0
2024-02-28T09:00,27.0,40,954.0,8.6,0.0
2024-02-28T10:00,29.5,38,953.8,11.6,0.0
2024-02-28T11:00,31.4,33,953.3,11.9,0.0
2024-02-28T12:00,32.2,30,952.2,10.5,0.0
2024-02-28T13:00,33.0,29,950.9,8.1,0.0
2024-02-28T14:00,33.5,26,950.1,7.8,0.0
2024-02-28T15:00,33.6,25,949.5,7.7,0.0
2024-02-28T16:00,33.5,25,948.9,7.9,0.0
2024-02-28T17:00,32.4,27,948.9,8.2,0.0
2024-02-28T18:00,31.1,26,949.0,11.4,0.0
2024-02-28T19:00,29.9,27,949.0,11.9,0.0
2024-02-28T20:00,30.1,27,950.1,2.5,0.0
2024-02-28T21:00,26.7,35,950.8,9.8,0.0
2024-02-28T22:00,25.5,41,951.1,6.8,0.0
2024-02-28T23:00,24.0,46,950.7,4.4,0.0
2024-02-29T00:00,23.1,49,950.0,2.3,0.0
2024-02-29T01:00,24.9,43,949.9,1.8,0.0
2024-02-29T02:00,24.7,43,949.3,1.0,0.0
2024-02-29T03:00,24.2,44,948.9,2.4,0.0
2024-02-29T04:00,22.5,49,948.8,3.3,0.0
2024-02-29T05:00,21.4,53,948.9,2.9,0.0
2024-02-29T06:00,22.3,56,950.1,8.1,0.0
2024-02-29T07:00,23.1,55,951.1,10.0,0.0
2024-02-29T08:00,26.3,47,952.3,10.5,0.0
2024-02-29T09:00,29.4,39,953.3,16.6,0.0
2024-02-29T10:00,31.8,29,953.4,17.1,0.0
2024-02-29T11:00,33.4,24,953.1,13.6,0.0
2024-02-29T12:00,34.2,20,952.0,10.4,0.0
2024-02-29T13:00,34.7,19,951.3,10.8,0.0
2024-02-29T14:00,35.1,19,950.2,11.2,0.0
2024-02-29T15:00,34.8,18,949.2,12.2,0.0
2024-02-29T16:00,34.2,18,949.0,15.5,0.0
2024-02-29T17:00,33.6,19,949.0,12.4,0.0
2024-02-29T18:00,29.7,20,948.8,8.8,0.0
2024-02-29T19:00,27.8,20,949.0,7.5,0.0
2024-02-29T20:00,27.4,21,950.3,8.1,0.0
2024-02-29T21:00,27.0,33,951.4,11.9,0.0
2024-02-29T22:00,25.7,37,951.9,11.4,0.0
2024-02-29T23:00,24.7,41,951.7,5.5,0.0
2024-03-01T00:00,23.6,44,951.1,5.3,0.0
2024-03-01T01:00,22.5,48,950.4,6.3,0.0
2024-03-01T02:00,21.7,51,949.7,6.5,0.0
2024-03-01T03:00,20.9,54,949.0,6.0,0.0
2024-03-01T04:00,20.9,53,949.1,3.9,0.0
2024-03-01T05:00,24.1,41,950.1,2.4,0.0
2024-03-01T06:00,22.8,48,951.0,5.2,0.0
2024-03-01T07:00,22.5,50,951.8,6.3,0.0
2024-03-01T08:00,25.1,42,952.8,7.3,0.0
2024-03-01T09:00,28.7,32,953.6,6.9,0.0
2024-03-01T10:00,31.6,26,953.9,7.2,0.0
2024-03-01T11:00,33.6,23,953.4,2.5,0.0
2024-03-01T12:00,34.9,20,952.2,5.9,0.0
2024-03-01T13:00,35.8,19,951.2,10.1,0.0
2024-03-01T14:00,35.5,19,950.4,8.8,0.0
2024-03-01T15:00,35.0,19,949.9,10.7,0.0
2024-03-01T16:00,34.3,21,949.5,12.1,0.0
2024-03-01T17:00,32.5,24,949.5,15.5,0.0
2024-03-01T18:00,31.2,28,949.3,12.5,0.0
2024-03-01T19:00,29.6,32,949.5,11.9,0.0
2024-03-01T20:00,28.1,38,950.6,13.6,0.0
2024-03-01T21:00,26.5,45,951.5,10.8,0.0
2024-03-01T22:00,25.3,49,951.8,6.8,0.0
2024-03-01T23:00,23.7,53,951.8,4.8,0.0
2024-03-02T00:00,23.7,53,951.4,11.5,0.0
2024-03-02T01:00,23.1,52,950.6,12.3,0.0
2024-03-02T02:00,22.4,52,950.2,9.7,0.0
2024-03-02T03:00,22.0,51,949.6,8.2,0.0
2024-03-02T04:00,21.9,48,949.3,9.7,0.0
2024-03-02T05:00,21.4,48,949.4,6.6,0.0
2024-03-02T06:00,21.2,57,950.0,6.5,0.0
2024-03-02T07:00,21.8,55,951.1,7.2,0.0
2024-03-02T08:00,24.9,45,952.6,5.2,0.0
2024-03-02T09:00,27.7,35,953.4,6.5,0.0
2024-03-02T10:00,30.6,29,953.4,8.0,0.0
2024-03-02T11:00,32.8,24,952.8,9.0,0.0
2024-03-02T12:00,34.1,20,951.4,15.8,0.0
2024-03-02T13:00,34.5,19,950.4,20.9,0.0
2024-03-02T14:00,33.9,21,949.5,23.1,0.0
2024-03-02T15:00,32.7,24,949.0,24.5,0.0
2024-03-02T16:00,31.2,27,948.7,23.7,0.0
2024-03-02T17:00,29.8,34,948.9,21.0,0.0
2024-03-02T18:00,28.4,39,949.5,19.1,0.0
2024-03-02T19:00,25.9,50,950.0,17.1,0.0
2024-03-02T20:00,24.2,61,950.9,14.4,0.0
2024-03-02T21:00,22.8,70,951.2,12.6,0.0
2024-03-02T22:00,21.7,77,951.6,11.2,0.0
2024-03-02T23:00,20.8,83,951.6,10.2,0.0
2024-03-03T00:00,20.1,86,951.0,10.7,0.0
2024-03-03T01:00,19.5,90,950.2,11.2,0.0
2024-03-03T02:00,19.0,95,949.6,11.2,0.0
2024-03-03T03:00,18.6,97,949.4,9.1,0.0
2024-03-03T04:00,18.8,93,949.5,9.2,0.0
2024-03-03T05:00,18.6,91,949.8,11.1,0.0
2024-03-03T06:00,19.4,89,950.7,11.5,0.0
2024-03-03T07:00,19.9,86,951.3,12.9,0.0
2024-03-03T08:00,21.9,79,952.0,13.0,0.0
2024-03-03T09:00,24.7,65,952.6,15.9,0.0
2024-03-03T10:00,26.9,54,952.8,16.5,0.0
2024-03-03T11:00,29.0,44,952.4,19.0,0.0
2024-03-03T12:00,30.3,36,951.5,20.7,0.0
2024-03-03T13:00,31.1,31,950.6,21.1,0.0
2024-03-03T14:00,31.1,30,949.5,22.2,0.0
2024-03-03T15:00,30.6,32,949.0,21.0,0.0
2024-03-03T16:00,29.8,32,948.7,19.6,0.0
2024-03-03T17:00,28.3,34,949.1,18.7,0.0
2024-03-03T18:00,26.2,39,949.4,14.1,0.0
2024-03-03T19:00,24.3,44,950.0,13.4,0.0
2024-03-03T20:00,22.7,52,950.5,11.6,0.0
2024-03-03T21:00,21.3,62,950.8,10.0,0.0
2024-03-03T22:00,20.0,74,951.0,8.0,0.0
2024-03-03T23:00,19.0,80,950.7,5.9,0.0
2024-03-04T00:00,18.0,86,950.1,5.2,0.0
2024-03-04T01:00,17.3,91,949.3,5.5,0.0
2024-03-04T02:00,16.6,95,948.7,5.9,0.0
2024-03-04T03:00,16.2,97,948.5,5.7,0.0
2024-03-04T04:00,15.7,97,948.2,5.9,0.0
2024-03-04T05:00,15.2,99,948.0,7.6,0.0
2024-03-04T06:00,15.4,92,949.1,6.1,0.0
2024-03-04T07:00,16.7,85,950.2,1.3,0.0
2024-03-04T08:00,19.3,66,951.8,5.5,0.0
2024-03-04T09:00,23.1,38,952.9,4.3,0.0
2024-03-04T10:00,26.5,21,953.4,4.7,0.0
2024-03-04T11:00,29.2,16,953.0,6.9,0.0
2024-03-04T12:00,31.1,15,952.3,11.3,0.0
2024-03-04T13:00,32.3,14,951.4,14.5,0.0
2024-03-04T14:00,32.4,15,950.4,17.4,0.0
2024-03-04T15:00,32.0,16,949.8,18.1,0.0
2024-03-04T16:00,30.9,18,949.5,18.7,0.0
2024-03-04T17:00,29.3,21,949.8,18.0,0.0
2024-03-04T18:00,27.6,18,950.2,14.2,0.0
2024-03-04T19:00,25.3,21,950.5,11.8,0.0
2024-03-04T20:00,23.5,25,950.9,7.8,0.0
2024-03-04T21:00,21.7,33,951.0,6.1,0.0
2024-03-04T22:00,20.3,41,951.0,5.8,0.0
2024-03-04T23:00,18.6,50,950.7,8.0,0.0
2024-03-05T00:00,18.5,53,950.5,6.2,0.0
2024-03-05T01:00,19.0,51,950.3,3.4,0.0
2024-03-05T02:00,18.2,54,949.6,2.9,0.0
2024-03-05T03:00,17.6,57,949.3,1.3,0.0
2024-03-05T04:00,17.6,52,949.4,4.4,0.0
2024-03-05T05:00,17.7,46,949.7,2.5,0.0
2024-03-05T06:00,14.5,84,949.6,5.6,0.0
2024-03-05T07:00,16.3,75,950.7,5.2,0.0
2024-03-05T08:00,19.9,58,952.4,0.8,0.0
2024-03-05T09:00,24.1,33,953.6,3.1,0.0
2024-03-05T10:00,27.3,23,954.1,6.3,0.0
2024-03-05T11:00,29.8,19,953.5,8.0,0.0
2024-03-05T12:00,31.4,17,952.2,6.0,0.0
2024-03-05T13:00,32.6,17,951.0,2.3,0.0
2024-03-05T14:00,33.7,17,949.7,3.8,0.0
2024-03-05T15:00,34.6,17,948.5,8.0,0.0
2024-03-05T16:00,34.0,17,948.2,17.8,0.0
2024-03-05T17:00,32.3,19,948.5,19.0,0.0
2024-03-05T18:00,29.2,20,949.1,19.5,0.0
2024-03-05T19:00,25.7,30,949.7,15.7,0.0
2024-03-05T20:00,23.9,36,950.4,13.0,0.0
2024-03-05T21:00,22.5,42,951.1,7.7,0.0
2024-03-05T22:00,21.6,45,951.0,8.0,0.0
2024-03-05T23:00,20.9,49,950.8,7.1,0.0
2024-03-06T00:00,19.2,57,950.2,6.9,0.0
2024-03-06T01:00,21.1,50,950.3,1.6,0.0
2024-03-06T02:00,19.8,54,949.6,1.9,0.0
2024-03-06T03:00,18.1,60,949.1,4.0,0.0
2024-03-06T04:00,17.0,66,949.0,6.0,0.0
2024-03-06T05:00,16.7,68,949.2,5.9,0.0
2024-03-06T06:00,16.7,76,949.8,4.4,0.0
2024-03-06T07:00,18.2,69,950.9,2.3,0.0
2024-03-06T08:00,22.0,53,952.4,1.1,0.0
2024-03-06T09:00,26.0,39,953.4,3.6,0.0
2024-03-06T10:00,29.4,25,953.8,4.7,0.0
2024-03-06T11:00,31.6,19,953.2,1.6,0.0
2024-03-06T12:00,33.4,17,951.9,7.5,0.0
2024-03-06T13:00,34.9,15,950.5,14.0,0.0
2024-03-06T14:00,34.3,14,949.5,22.7,0.0
2024-03-06T15:00,33.4,15,948.8,21.7,0.0
2024-03-06T16:00,32.3,15,948.4,21.0,0.0
2024-03-06T17:00,30.7,16,948.7,18.6,0.0
2024-03-06T18:00,28.1,16,949.6,14.2,0.0
2024-03-06T19:00,25.8,17,950.1,10.9,0.0
2024-03-06T20:00,24.0,17,950.7,9.8,0.0
2024-03-06T21:00,22.6,19,951.4,9.0,0.0
2024-03-06T22:00,21.5,20,951.5,8.1,0.0
2024-03-06T23:00,20.5,23,951.1,8.6,0.0
2024-03-07T00:00,19.6,25,950.2,8.9,0.0
2024-03-07T01:00,18.6,27,949.1,6.8,0.0
2024-03-07T02:00,16.9,31,948.2,7.2,0.0
2024-03-07T03:00,19.2,25,948.3,1.4,0.0
2024-03-07T04:00,17.8,29,948.0,3.8,0.0
2024-03-07T05:00,18.6,25,948.7,2.2,0.0
2024-03-07T06:00,14.4,42,948.9,4.3,0.0
2024-03-07T07:00,16.4,46,950.0,4.3,0.0
2024-03-07T08:00,21.0,29,951.9,2.1,0.0
2024-03-07T09:00,25.3,19,953.1,2.3,0.0
2024-03-07T10:00,28.6,14,953.5,4.9,0.0
2024-03-07T11:00,31.0,14,952.9,5.4,0.0
2024-03-07T12:00,32.8,12,951.8,2.9,0.0
2024-03-07T13:00,33.9,11,950.7,3.4,0.0
2024-03-07T14:00,34.5,10,949.2,4.7,0.0
2024-03-07T15:00,34.7,11,948.5,7.3,0.0
2024-03-07T16:00,34.4,12,948.1,10.1,0.0
2024-03-07T17:00,33.1,14,948.3,16.1,0.0
2024-03-07T18:00,30.6,16,949.2,17.8,0.0
2024-03-07T19:00,28.2,20,949.9,16.4,0.0
2024-03-07T20:00,26.3,23,950.7,8.7,0.0
2024-03-07T21:00,23.8,29,951.1,10.2,0.0
2024-03-07T22:00,23.5,30,951.3,7.0,0.0
2024-03-07T23:00,22.1,36,950.9,7.9,0.0
2024-03-08T00:00,24.0,32,951.1,5.5,0.0
2024-03-08T01:00,23.8,32,950.8,3.6,0.0
2024-03-08T02:00,23.3,33,950.3,2.8,0.0
2024-03-08T03:00,22.9,33,950.1,1.9,0.0
2024-03-08T04:00,22.3,33,950.0,3.9,0.0
2024-03-08T05:00,21.0,35,950.0,6.6,0.0
2024-03-08T06:00,20.1,42,950.5,6.6,0.0
2024-03-08T07:00,21.0,42,951.5,4.7,0.0
2024-03-08T08:00,23.4,33,952.8,4.1,0.0
2024-03-08T09:00,26.3,27,953.7,6.4,0.0
2024-03-08T10:00,29.3,21,953.9,7.8,0.0
2024-03-08T11:00,31.7,18,953.3,8.0,0.0
2024-03-08T12:00,33.4,16,952.2,6.0,0.0
2024-03-08T13:00,34.5,15,951.0,3.3,0.0
2024-03-08T14:00,35.2,14,949.8,2.2,0.0
2024-03-08T15:00,35.5,13,949.2,10.9,0.0
2024-03-08T16:00,34.2,14,948.6,20.8,0.0
2024-03-08T17:00,33.5,13,948.8,14.4,0.0
2024-03-08T18:00,31.5,12,949.4,13.9,0.0
2024-03-08T19:00,27.4,15,949.6,9.2,0.0
2024-03-08T20:00,27.5,14,950.8,6.8,0.0
2024-03-08T21:00,27.7,14,951.8,5.2,0.0
2024-03-08T22:00,23.3,19,951.0,7.9,0.0
2024-03-08T23:00,25.8,17,951.5,4.8,0.0
2024-03-09T00:00,24.0,19,951.0,3.4,0.0
2024-03-09T01:00,24.6,18,951.2,2.4,0.0
2024-03-09T02:00,23.6,20,950.6,1.8,0.0
2024-03-09T03:00,22.6,22,950.2,3.2,0.0
2024-03-09T04:00,21.9,23,950.0,3.1,0.0
2024-03-09T05:00,21.2,25,950.1,1.9,0.0
2024-03-09T06:00,18.5,36,950.0,6.2,0.0
2024-03-09T07:00,21.8,30,951.5,1.0,0.0
2024-03-09T08:00,23.4,28,952.5,1.8,0.0
2024-03-09T09:00,26.6,24,953.6,5.5,0.0
2024-03-09T10:00,29.6,19,953.8,9.8,0.0
2024-03-09T11:00,31.9,16,953.4,12.3,0.0
2024-03-09T12:00,33.5,15,952.4,8.7,0.0
2024-03-09T13:00,34.5,14,951.2,4.4,0.0
2024-03-09T14:00,35.2,13,950.0,7.8,0.0
2024-03-09T15:00,34.9,13,949.0,12.3,0.0
2024-03-09T16:00,34.9,13,948.8,10.6,0.0
2024-03-09T17:00,34.2,13,948.8,14.7,0.0
2024-03-09T18:00,31.2,16,949.7,12.8,0.0
2024-03-09T19:00,28.9,19,950.1,15.3,0.0
2024-03-09T20:00,27.1,22,951.1,15.1,0.0
2024-03-09T21:00,25.5,25,951.8,10.9,0.0
2024-03-09T22:00,23.9,28,951.6,8.0,0.0
2024-03-09T23:00,22.8,30,951.4,6.1,0.0
2024-03-10T00:00,21.4,34,950.8,5.4,0.0
2024-03-10T01:00,20.8,35,949.9,6.5,0.0
2024-03-10T02:00,22.3,32,949.8,3.6,0.0
2024-03-10T03:00,21.4,34,949.5,3.2,0.0
2024-03-10T04:00,18.7,42,948.9,3.5,0.0
2024-03-10T05:00,17.7,46,949.1,4.2,0.0
2024-03-10T06:00,17.7,49,950.2,2.5,0.0
2024-03-10T07:00,19.3,45,951.3,3.6,0.0
2024-03-10T08:00,23.1,35,952.7,1.8,0.0
2024-03-10T09:00,27.4,26,953.9,1.5,0.0
2024-03-10T10:00,31.1,19,954.2,3.3,0.0
2024-03-10T11:00,33.5,15,954.0,5.0,0.0
2024-03-10T12:00,34.9,14,953.1,3.7,0.0
2024-03-10T13:00,35.9,14,951.9,6.8,0.0
2024-03-10T14:00,36.4,13,950.9,9.0,0.0
2024-03-10T15:00,36.5,13,950.1,12.2,0.0
2024-03-10T16:00,35.6,14,950.1,17.9,0.0
2024-03-10T17:00,34.0,15,950.6,19.5,0.0
2024-03-10T18:00,32.1,17,950.9,16.4,0.0
2024-03-10T19:00,29.7,16,951.5,16.6,0.0
2024-03-10T20:00,27.6,17,952.1,12.9,0.0
2024-03-10T21:00,26.0,22,952.9,9.9,0.0
2024-03-10T22:00,24.1,28,953.3,6.6,0.0
2024-03-10T23:00,22.9,31,953.2,6.6,0.0
2024-03-11T00:00,22.4,32,952.8,7.4,0.0
2024-03-11T01:00,22.0,32,951.8,8.8,0.0
2024-03-11T02:00,21.5,32,951.0,7.4,0.0
2024-03-11T03:00,20.6,34,950.7,6.1,0.0
2024-03-11T04:00,19.9,35,950.9,6.1,0.0
2024-03-11T05:00,20.3,32,951.8,6.5,0.0
2024-03-11T06:00,22.0,32,953.0,3.4,0.0
2024-03-11T07:00,20.4,39,953.6,3.1,0.0
2024-03-11T08:00,23.4,31,955.0,1.3,0.0
2024-03-11T09:00,27.3,23,956.2,4.7,0.0
2024-03-11T10:00,30.3,19,956.1,8.4,0.0
2024-03-11T11:00,32.5,17,955.5,8.8,0.0
2024-03-11T12:00,34.2,16,954.6,7.6,0.0
2024-03-11T13:00,35.3,15,953.4,5.1,0.0
2024-03-11T14:00,35.9,14,952.1,2.3,0.0
2024-03-11T15:00,36.0,14,951.1,4.2,0.0
2024-03-11T16:00,35.8,14,950.9,8.6,0.0
2024-03-11T17:00,35.2,14,951.0,10.9,0.0
2024-03-11T18:00,32.6,16,951.2,18.8,0.0
2024-03-11T19:00,30.3,17,951.8,18.6,0.0
2024-03-11T20:00,28.8,21,952.6,17.1,0.0
2024-03-11T21:00,26.8,28,953.3,11.0,0.0
2024-03-11T22:00,24.3,36,953.4,7.9,0.0
2024-03-11T23:00,23.6,38,953.1,6.1,0.0
2024-03-12T00:00,22.7,41,952.5,8.3,0.0
2024-03-12T01:00,22.1,42,951.7,7.3,0.0
2024-03-12T02:00,21.8,43,951.0,6.3,0.0
2024-03-12T03:00,21.4,44,950.4,6.5,0.0
2024-03-12T04:00,22.9,40,950.9,1.5,0.0
2024-03-12T05:00,22.5,41,951.2,1.9,0.0
2024-03-12T06:00,21.2,45,952.0,3.1,0.0
2024-03-12T07:00,20.6,55,952.5,3.3,0.0
2024-03-12T08:00,24.2,38,953.9,0.5,0.0
2024-03-12T09:00,28.3,28,955.2,2.1,0.0
2024-03-12T10:00,31.5,22,955.3,3.8,0.0
2024-03-12T11:00,34.0,16,954.7,1.5,0.0
2024-03-12T12:00,35.7,14,953.9,5.6,0.0
2024-03-12T13:00,36.6,13,952.5,8.6,0.0
2024-03-12T14:00,37.2,13,951.2,11.7,0.0
2024-03-12T15:00,36.9,14,950.3,18.0,0.0
2024-03-12T16:00,35.9,14,950.0,20.1,0.0
2024-03-12T17:00,34.3,16,950.4,20.5,0.0
2024-03-12T18:00,32.8,16,950.7,18.4,0.0
2024-03-12T19:00,30.3,21,951.0,16.9,0.0
2024-03-12T20:00,28.5,26,951.6,16.2,0.0
2024-03-12T21:00,26.8,31,951.9,14.5,0.0
2024-03-12T22:00,25.6,34,952.1,12.3,0.0
2024-03-12T23:00,24.7,36,951.7,10.8,0.0
2024-03-13T00:00,23.8,38,951.1,9.9,0.0
2024-03-13T01:00,22.9,38,950.1,8.9,0.0
2024-03-13T02:00,22.0,40,949.6,5.9,0.0
2024-03-13T03:00,21.5,41,949.3,5.9,0.0
2024-03-13T04:00,21.4,40,949.4,4.7,0.0
2024-03-13T05:00,19.9,44,949.3,7.1,0.0
2024-03-13T06:00,20.3,58,950.5,9.0,0.0
2024-03-13T07:00,20.7,57,951.4,10.2,0.0
2024-03-13T08:00,24.1,46,953.0,7.6,0.0
2024-03-13T09:00,27.2,36,953.7,8.1,0.0
2024-03-13T10:00,30.4,26,954.0,10.3,0.0
2024-03-13T11:00,33.3,17,953.4,12.5,0.0
2024-03-13T12:00,35.0,10,952.6,16.1,0.0
2024-03-13T13:00,35.4,9,951.6,18.1,0.0
2024-03-13T14:00,35.4,10,950.6,17.9,0.0
2024-03-13T15:00,35.1,10,949.8,17.7,0.0
2024-03-13T16:00,34.2,11,949.5,17.7,0.0
2024-03-13T17:00,32.7,15,949.8,17.1,0.0
2024-03-13T18:00,30.3,12,950.1,12.0,0.0
2024-03-13T19:00,27.8,16,950.4,10.4,0.0
2024-03-13T20:00,26.5,23,951.4,12.9,0.0
2024-03-13T21:00,24.6,35,952.2,12.1,0.0
2024-03-13T22:00,23.1,40,952.4,9.8,0.0
2024-03-13T23:00,22.2,43,952.0,10.1,0.0
2024-03-14T00:00,21.4,45,951.3,9.2,0.0
2024-03-14T01:00,20.6,47,950.7,6.2,0.0
2024-03-14T02:00,19.4,51,950.0,5.4,0.0
2024-03-14T03:00,18.9,53,949.7,5.9,0.0
2024-03-14T04:00,18.9,52,949.7,5.4,0.0
2024-03-14T05:00,17.3,58,949.7,6.9,0.0
2024-03-14T06:00,17.5,62,950.7,5.4,0.0
2024-03-14T07:00,19.1,56,951.9,6.3,0.0
2024-03-14T08:00,22.7,42,953.3,5.2,0.0
2024-03-14T09:00,26.6,30,954.3,6.0,0.0
2024-03-14T10:00,29.9,21,954.4,5.6,0.0
2024-03-14T11:00,32.4,15,953.8,6.0,0.0
2024-03-14T12:00,34.0,12,952.6,7.5,0.0
2024-03-14T13:00,35.0,11,951.7,10.4,0.0
2024-03-14T14:00,35.2,12,950.8,12.9,0.0
2024-03-14T15:00,34.7,13,949.9,14.9,0.0
2024-03-14T16:00,33.7,16,949.3,17.0,0.0
2024-03-14T17:00,32.1,20,949.4,17.8,0.0
2024-03-14T18:00,30.5,16,950.3,15.8,0.0
2024-03-14T19:00,28.2,18,950.3,14.3,0.0
2024-03-14T20:00,26.6,23,951.0,14.0,0.0
2024-03-14T21:00,24.7,30,951.4,8.8,0.0
2024-03-14T22:00,23.1,34,951.4,7.2,0.0
2024-03-14T23:00,22.2,37,951.2,7.3,0.0
2024-03-15T00:00,21.6,38,950.5,8.9,0.0
2024-03-15T01:00,21.0,38,949.7,8.2,0.0
2024-03-15T02:00,20.2,38,949.0,7.6,0.0
2024-03-15T03:00,19.7,38,948.5,5.9,0.0
2024-03-15T04:00,19.3,37,948.3,5.1,0.0
2024-03-15T05:00,18.2,39,948.3,5.6,0.0
2024-03-15T06:00,18.0,44,949.4,7.8,0.0
2024-03-15T07:00,19.7,41,950.6,7.3,0.0
2024-03-15T08:00,22.7,34,952.0,3.6,0.0
2024-03-15T09:00,26.3,24,953.6,6.1,0.0
2024-03-15T10:00,29.4,16,953.4,2.6,0.0
2024-03-15T11:00,31.5,12,952.7,6.0,0.0
2024-03-15T12:00,33.1,11,951.5,7.4,0.0
2024-03-15T13:00,34.1,12,950.5,8.7,0.0
2024-03-15T14:00,35.1,14,949.4,11.5,0.0
2024-03-15T15:00,34.9,15,948.5,18.2,0.0
2024-03-15T16:00,33.6,16,948.5,20.5,0.0
2024-03-15T17:00,31.9,19,948.8,19.2,0.0
2024-03-15T18:00,30.0,15,949.0,17.4,0.0
2024-03-15T19:00,27.4,23,949.8,16.4,0.0
2024-03-15T20:00,25.5,32,950.6,13.5,0.0
2024-03-15T21:00,23.6,41,951.1,5.4,0.0
2024-03-15T22:00,23.7,42,951.6,4.1,0.0
2024-03-15T23:00,23.2,43,951.4,4.7,0.0
2024-03-16T00:00,20.7,51,950.2,5.7,0.0
2024-03-16T01:00,20.3,52,949.4,5.5,0.0
2024-03-16T02:00,19.2,55,948.8,5.6,0.0
2024-03-16T03:00,20.6,48,948.7,3.1,0.0
2024-03-16T04:00,18.1,56,947.8,6.0,0.0
2024-03-16T05:00,17.7,57,948.0,7.2,0.0
2024-03-16T06:00,19.0,52,949.3,6.1,0.0
2024-03-16T07:00,20.0,50,950.3,3.0,0.0
2024-03-16T08:00,23.4,41,952.0,8.4,0.0
2024-03-16T09:00,27.2,33,952.8,8.1,0.0
2024-03-16T10:00,30.9,23,952.9,5.9,0.0
2024-03-16T11:00,33.2,19,952.3,1.3,0.0
2024-03-16T12:00,35.1,17,951.2,8.0,0.0
2024-03-16T13:00,35.6,17,950.3,17.8,0.0
2024-03-16T14:00,35.0,18,949.5,19.5,0.0
2024-03-16T15:00,34.7,19,949.0,20.1,0.0
2024-03-16T16:00,33.4,22,948.8,20.7,0.0
2024-03-16T17:00,31.8,25,949.2,20.2,0.0
2024-03-16T18:00,30.9,18,949.5,17.6,0.0
2024-03-16T19:00,28.9,20,950.0,16.9,0.0
2024-03-16T20:00,27.2,25,950.6,13.6,0.0
2024-03-16T21:00,25.6,34,951.1,11.5,0.0
2024-03-16T22:00,24.3,41,951.4,9.5,0.0
2024-03-16T23:00,23.3,44,951.1,8.4,0.0
2024-03-17T00:00,22.6,44,950.1,7.8,0.0
2024-03-17T01:00,21.4,44,949.1,5.4,0.0
2024-03-17T02:00,20.7,42,948.2,6.7,0.0
2024-03-17T03:00,20.1,43,947.6,7.6,0.0
2024-03-17T04:00,19.3,46,947.9,7.0,0.0
2024-03-17T05:00,20.1,45,948.8,4.1,0.0
2024-03-17T06:00,18.8,57,949.3,7.2,0.0
2024-03-17T07:00,20.2,53,950.6,4.2,0.0
2024-03-17T08:00,23.1,47,952.0,1.5,0.0
2024-03-17T09:00,27.2,35,952.8,3.2,0.0
2024-03-17T10:00,31.1,20,953.1,4.5,0.0
2024-03-17T11:00,33.1,17,952.8,4.2,0.0
2024-03-17T12:00,34.5,17,951.9,5.5,0.0
2024-03-17T13:00,36.0,16,950.7,10.6,0.0
2024-03-17T14:00,36.2,16,949.8,18.4,0.0
2024-03-17T15:00,35.2,16,949.2,19.8,0.0
2024-03-17T16:00,34.4,18,949.1,20.6,0.0
2024-03-17T17:00,32.4,22,949.5,23.9,0.0
2024-03-17T18:00,29.9,11,950.0,20.5,0.0
2024-03-17T19:00,28.0,13,950.4,15.0,0.0
2024-03-17T20:00,26.5,17,951.2,11.5,0.0
2024-03-17T21:00,25.4,22,951.8,9.4,0.0
2024-03-17T22:00,23.9,26,951.9,5.8,0.0
2024-03-17T23:00,23.0,27,951.1,5.6,0.0
2024-03-18T00:00,23.4,25,950.5,10.2,0.0
2024-03-18T01:00,22.8,26,949.7,9.5,0.0
2024-03-18T02:00,22.2,25,948.9,8.4,0.0
2024-03-18T03:00,22.2,22,948.4,9.6,0.0
2024-03-18T04:00,22.0,21,948.4,10.9,0.0
2024-03-18T05:00,21.5,21,948.6,9.5,0.0
2024-03-18T06:00,20.4,38,949.5,9.1,0.0
2024-03-18T07:00,21.4,39,950.5,8.6,0.0
2024-03-18T08:00,24.7,32,952.0,3.4,0.0
2024-03-18T09:00,27.4,23,953.3,4.9,0.0
2024-03-18T10:00,29.6,16,953.7,4.3,0.0
2024-03-18T11:00,31.8,15,953.1,3.9,0.0
2024-03-18T12:00,33.6,16,952.1,8.4,0.0
2024-03-18T13:00,34.7,15,950.6,11.6,0.0
2024-03-18T14:00,35.1,15,949.6,16.8,0.0
2024-03-18T15:00,34.5,17,948.9,21.3,0.0
2024-03-18T16:00,33.4,19,948.6,21.5,0.0
2024-03-18T17:00,32.2,19,948.8,20.8,0.0
2024-03-18T18:00,30.2,13,950.0,18.2,0.0
2024-03-18T19:00,28.4,15,950.2,14.5,0.0
2024-03-18T20:00,26.9,17,951.0,13.8,0.0
2024-03-18T21:00,25.8,18,951.6,13.0,0.0
2024-03-18T22:00,24.9,21,951.7,12.2,0.0
2024-03-18T23:00,24.2,24,951.3,13.4,0.0
2024-03-19T00:00,23.7,26,950.3,13.0,0.0
2024-03-19T01:00,22.9,28,949.3,11.5,0.0
2024-03-19T02:00,21.7,31,948.6,8.3,0.0
2024-03-19T03:00,19.9,37,948.4,8.0,0.0
2024-03-19T04:00,19.7,38,948.6,6.9,0.0
2024-03-19T05:00,20.1,38,949.1,6.6,0.0
2024-03-19T06:00,19.9,78,950.5,9.0,0.0
2024-03-19T07:00,20.9,72,951.0,9.8,0.0
2024-03-19T08:00,25.0,46,952.5,6.2,0.0
2024-03-19T09:00,28.7,28,953.4,10.6,0.0
2024-03-19T10:00,31.4,16,953.5,16.2,0.0
2024-03-19T11:00,33.1,12,952.9,15.9,0.0
2024-03-19T12:00,34.2,11,951.8,15.5,0.0
2024-03-19T13:00,34.7,10,950.9,17.4,0.0
2024-03-19T14:00,34.9,10,949.6,15.0,0.0
2024-03-19T15:00,34.8,11,948.8,15.7,0.0
2024-03-19T16:00,34.1,13,948.5,14.9,0.0
2024-03-19T17:00,32.9,14,948.8,15.8,0.0
2024-03-19T18:00,31.1,13,948.3,13.6,0.0
2024-03-19T19:00,28.4,16,948.9,16.0,0.0
2024-03-19T20:00,26.8,16,949.5,10.6,0.0
2024-03-19T21:00,24.9,20,950.5,7.9,0.0
2024-03-19T22:00,23.6,27,950.9,7.3,0.0
2024-03-19T23:00,22.8,31,950.6,7.5,0.0
2024-03-20T00:00,20.9,38,950.4,5.6,0.0
2024-03-20T01:00,20.6,39,949.7,4.3,0.0
2024-03-20T02:00,23.9,30,949.7,1.3,0.0
2024-03-20T03:00,23.9,29,949.4,1.3,0.0
2024-03-20T04:00,23.4,29,949.3,2.3,0.0
2024-03-20T05:00,22.7,30,949.4,5.1,0.0
2024-03-20T06:00,23.4,28,950.7,5.6,0.0
2024-03-20T07:00,21.8,38,951.3,6.4,0.0
2024-03-20T08:00,25.3,23,953.2,6.0,0.0
2024-03-20T09:00,28.1,18,954.0,8.9,0.0
2024-03-20T10:00,30.6,15,954.1,13.9,0.0
2024-03-20T11:00,32.8,12,953.5,16.6,0.0
2024-03-20T12:00,34.1,11,952.3,11.9,0.0
2024-03-20T13:00,34.8,10,951.1,8.7,0.0
2024-03-20T14:00,35.2,9,950.0,8.0,0.0
2024-03-20T15:00,35.5,9,949.2,10.6,0.0
2024-03-20T16:00,35.3,9,948.6,11.5,0.0
2024-03-20T17:00,34.5,9,948.5,10.3,0.0
2024-03-20T18:00,31.1,10,947.9,6.4,0.0
2024-03-20T19:00,27.4,12,948.0,8.1,0.0
2024-03-20T20:00,25.4,14,948.4,12.4,0.0
2024-03-20T21:00,24.2,16,948.8,11.0,0.0
2024-03-20T22:00,25.5,15,950.1,5.7,0.0
2024-03-20T23:00,26.2,14,950.5,1.1,0.0
2024-03-21T00:00,25.0,16,950.0,5.7,0.0
2024-03-21T01:00,25.9,16,949.7,5.6,0.0
2024-03-21T02:00,21.9,22,948.5,6.6,0.0
2024-03-21T03:00,21.3,24,948.0,8.8,0.0
2024-03-21T04:00,23.0,22,948.4,7.3,0.0
2024-03-21T05:00,19.2,29,947.9,8.7,0.0
2024-03-21T06:00,20.9,24,948.8,8.6,0.0
2024-03-21T07:00,20.5,30,950.0,3.6,0.0
2024-03-21T08:00,24.7,20,951.5,4.9,0.0
2024-03-21T09:00,28.8,20,952.4,6.2,0.0
2024-03-21T10:00,31.7,26,952.1,11.9,0.0
2024-03-21T11:00,33.5,19,951.4,13.1,0.0
2024-03-21T12:00,34.5,17,950.6,10.3,0.0
2024-03-21T13:00,35.4,16,949.4,8.2,0.0
2024-03-21T14:00,36.1,15,948.1,6.9,0.0
2024-03-21T15:00,36.3,15,947.1,2.8,0.0
2024-03-21T16:00,35.8,15,946.9,6.2,0.0
2024-03-21T17:00,35.2,15,946.8,6.3,0.0
2024-03-21T18:00,32.6,12,947.7,12.5,0.0
2024-03-21T19:00,29.1,14,948.3,6.6,0.0
2024-03-21T20:00,26.7,30,949.5,10.1,0.0
2024-03-21T21:00,25.0,36,949.9,7.7,0.0
2024-03-21T22:00,24.3,38,949.8,8.8,0.0
2024-03-21T23:00,23.6,43,949.4,10.7,0.0
2024-03-22T00:00,22.4,48,948.4,5.5,0.0
2024-03-22T01:00,21.7,51,947.6,6.3,0.0
2024-03-22T02:00,20.9,53,947.1,5.4,0.0
2024-03-22T03:00,20.2,55,946.6,5.6,0.0
2024-03-22T04:00,19.9,56,946.6,4.6,0.0
2024-03-22T05:00,19.9,55,946.8,4.8,0.0
2024-03-22T06:00,21.5,60,947.7,4.7,0.0
2024-03-22T07:00,22.8,56,948.8,4.5,0.0
2024-03-22T08:00,26.3,44,950.3,2.9,0.0
2024-03-22T09:00,29.9,27,951.0,6.3,0.0
2024-03-22T10:00,32.7,19,951.2,5.9,0.0
2024-03-22T11:00,34.4,16,950.6,4.4,0.0
2024-03-22T12:00,35.3,16,949.4,2.6,0.0
2024-03-22T13:00,35.9,15,948.3,3.3,0.0
2024-03-22T14:00,36.3,14,947.2,5.2,0.0
2024-03-22T15:00,36.4,14,946.5,6.8,0.0
2024-03-22T16:00,36.3,14,946.0,8.4,0.0
2024-03-22T17:00,35.4,15,945.9,13.3,0.0
2024-03-22T18:00,31.9,23,946.5,20.8,0.0
2024-03-22T19:00,29.6,35,947.0,18.2,0.0
2024-03-22T20:00,27.3,48,947.8,12.0,0.0
2024-03-22T21:00,25.8,57,948.2,13.0,0.0
2024-03-22T22:00,24.7,62,948.7,7.9,0.0
2024-03-22T23:00,23.3,67,948.3,5.8,0.0
2024-03-23T00:00,23.0,63,947.6,9.9,0.0
2024-03-23T01:00,22.7,55,947.0,10.5,0.0
2024-03-23T02:00,22.2,48,946.6,5.8,0.0
2024-03-23T03:00,21.0,48,946.0,7.3,0.0
2024-03-23T04:00,20.7,46,945.8,6.2,0.0
2024-03-23T05:00,19.9,46,946.1,7.4,0.0
2024-03-23T06:00,20.7,49,947.3,5.9,0.0
2024-03-23T07:00,23.2,41,948.8,3.2,0.0
2024-03-23T08:00,26.8,30,950.4,1.1,0.0
2024-03-23T09:00,30.1,22,951.2,1.8,0.0
2024-03-23T10:00,32.8,16,951.4,3.6,0.0
2024-03-23T11:00,34.5,15,950.9,4.4,0.0
2024-03-23T12:00,35.7,14,949.8,1.9,0.0
2024-03-23T13:00,36.3,14,948.5,1.4,0.0
2024-03-23T14:00,36.6,14,947.6,4.0,0.0
2024-03-23T15:00,36.6,13,946.7,6.6,0.0
2024-03-23T16:00,36.5,13,946.3,8.2,0.0
2024-03-23T17:00,36.1,13,946.4,13.0,0.0
2024-03-23T18:00,31.7,25,946.9,22.2,0.0
2024-03-23T19:00,29.6,27,947.9,16.7,0.0
2024-03-23T20:00,27.9,29,948.9,15.9,0.0
2024-03-23T21:00,26.8,29,949.4,15.8,0.0
2024-03-23T22:00,25.6,30,949.6,9.8,0.0
2024-03-23T23:00,24.5,31,949.4,6.5,0.0
2024-03-24T00:00,24.7,29,949.0,9.7,0.0
2024-03-24T01:00,24.6,26,948.3,11.4,0.0
2024-03-24T02:00,24.0,25,948.1,8.7,0.0
2024-03-24T03:00,23.0,27,947.9,6.7,0.0
2024-03-24T04:00,22.8,28,947.8,7.6,0.0
2024-03-24T05:00,22.0,30,948.1,5.8,0.0
2024-03-24T06:00,22.6,48,948.6,10.5,0.0
2024-03-24T07:00,23.9,44,949.6,11.3,0.0
2024-03-24T08:00,27.4,31,951.2,9.7,0.0
2024-03-24T09:00,30.7,18,952.0,8.3,0.0
2024-03-24T10:00,33.6,14,952.2,8.8,0.0
2024-03-24T11:00,35.4,15,951.6,9.8,0.0
2024-03-24T12:00,36.5,14,951.0,7.4,0.0
2024-03-24T13:00,37.2,14,949.8,7.2,0.0
2024-03-24T14:00,37.6,14,948.7,10.9,0.0
2024-03-24T15:00,37.3,14,948.2,15.9,0.0
2024-03-24T16:00,36.1,16,948.2,18.3,0.0
2024-03-24T17:00,35.1,17,948.2,16.4,0.0
2024-03-24T18:00,33.7,16,948.3,18.5,0.0
2024-03-24T19:00,30.5,35,949.0,16.3,0.0
2024-03-24T20:00,28.5,42,950.2,6.6,0.0
2024-03-24T21:00,27.8,43,951.1,8.3,0.0
2024-03-24T22:00,27.0,45,951.3,11.3,0.0
2024-03-24T23:00,26.0,48,950.6,13.7,0.0
2024-03-25T00:00,25.2,49,950.1,11.9,0.0
2024-03-25T01:00,24.4,49,949.6,7.7,0.0
2024-03-25T02:00,23.3,48,948.6,6.2,0.0
2024-03-25T03:00,23.8,41,948.0,7.2,0.0
2024-03-25T04:00,22.8,40,948.0,6.4,0.0
2024-03-25T05:00,24.2,35,949.1,1.1,0.0
2024-03-25T06:00,23.7,57,949.8,8.6,0.0
2024-03-25T07:00,24.6,56,950.9,4.2,0.0
2024-03-25T08:00,27.6,47,952.4,2.9,0.0
2024-03-25T09:00,30.5,36,953.1,5.4,0.0
2024-03-25T10:00,33.2,28,953.0,5.8,0.0
2024-03-25T11:00,35.3,23,952.4,4.8,0.0
2024-03-25T12:00,36.6,20,951.4,5.0,0.0
2024-03-25T13:00,37.5,18,950.2,1.5,0.0
2024-03-25T14:00,37.8,17,949.1,3.8,0.0
2024-03-25T15:00,37.8,16,948.3,7.2,0.0
2024-03-25T16:00,37.6,16,947.8,7.8,0.0
2024-03-25T17:00,37.0,17,947.7,12.0,0.0
2024-03-25T18:00,34.3,14,948.8,15.8,0.0
2024-03-25T19:00,31.9,20,949.2,13.5,0.0
2024-03-25T20:00,29.2,41,950.1,8.9,0.0
2024-03-25T21:00,26.9,51,950.7,6.6,0.0
2024-03-25T22:00,27.0,49,951.1,5.3,0.0
2024-03-25T23:00,26.7,46,950.7,8.9,0.0
2024-03-26T00:00,25.9,45,950.0,9.1,0.0
2024-03-26T01:00,25.3,43,949.3,9.0,0.0
2024-03-26T02:00,23.8,45,948.5,6.9,0.0
2024-03-26T03:00,23.0,47,948.0,7.0,0.0
2024-03-26T04:00,24.5,42,948.6,2.1,0.0
2024-03-26T05:00,23.9,46,948.9,1.4,0.0
2024-03-26T06:00,21.7,52,949.3,4.1,0.0
2024-03-26T07:00,23.7,49,950.1,6.9,0.0
2024-03-26T08:00,26.8,44,951.7,2.3,0.0
2024-03-26T09:00,30.7,32,952.8,4.7,0.0
2024-03-26T10:00,34.0,20,953.2,6.4,0.0
2024-03-26T11:00,36.0,18,952.5,12.2,0.0
2024-03-26T12:00,37.3,15,951.5,8.6,0.0
2024-03-26T13:00,37.9,14,950.4,6.4,0.0
2024-03-26T14:00,38.1,14,949.3,4.6,0.0
2024-03-26T15:00,38.3,14,948.6,2.2,0.0
2024-03-26T16:00,37.7,13,948.2,7.3,0.0
2024-03-26T17:00,37.7,11,948.1,2.2,0.0
2024-03-26T18:00,34.2,23,949.0,13.8,0.0
2024-03-26T19:00,31.5,31,949.8,16.9,0.0
2024-03-26T20:00,29.7,37,950.8,12.3,0.0
2024-03-26T21:00,28.2,43,951.4,13.3,0.0
2024-03-26T22:00,27.0,47,951.8,9.1,0.0
2024-03-26T23:00,26.2,48,951.6,10.8,0.0
2024-03-27T00:00,25.8,46,951.0,11.1,0.0
2024-03-27T01:00,25.1,46,950.6,6.8,0.0
2024-03-27T02:00,24.3,48,950.1,4.9,0.0
2024-03-27T03:00,23.5,49,949.6,6.2,0.0
2024-03-27T04:00,22.6,53,949.9,7.4,0.0
2024-03-27T05:00,22.2,54,950.7,5.7,0.0
2024-03-27T06:00,22.6,55,951.3,5.4,0.0
2024-03-27T07:00,24.9,48,952.1,9.8,0.0
2024-03-27T08:00,29.3,36,953.1,8.0,0.0
2024-03-27T09:00,32.8,25,953.9,5.2,0.0
2024-03-27T10:00,35.3,19,954.1,4.5,0.0
2024-03-27T11:00,37.1,17,953.7,5.2,0.0
2024-03-27T12:00,38.2,16,952.9,2.6,0.0
2024-03-27T13:00,38.8,16,951.7,8.0,0.0
2024-03-27T14:00,38.9,15,950.4,13.9,0.0
2024-03-27T15:00,39.5,14,949.2,4.0,0.0
2024-03-27T16:00,37.8,18,949.0,18.4,0.0
2024-03-27T17:00,35.7,20,949.2,20.9,0.0
2024-03-27T18:00,33.0,26,950.0,19.5,0.0
2024-03-27T19:00,31.1,30,950.6,12.6,0.0
2024-03-27T20:00,29.5,36,951.3,11.5,0.0
2024-03-27T21:00,28.2,41,951.9,10.6,0.0
2024-03-27T22:00,26.9,44,952.5,6.8,0.0
2024-03-27T23:00,26.0,47,952.2,8.2,0.0
2024-03-28T00:00,25.5,46,951.4,8.8,0.0
2024-03-28T01:00,25.0,45,950.4,6.6,0.0
2024-03-28T02:00,24.8,43,949.4,5.7,0.0
2024-03-28T03:00,24.5,41,948.7,5.6,0.0
2024-03-28T04:00,24.2,40,948.5,6.2,0.0
2024-03-28T05:00,23.6,40,948.6,5.0,0.0
2024-03-28T06:00,24.4,41,949.7,5.6,0.0
2024-03-28T07:00,26.2,37,951.1,7.6,0.0
2024-03-28T08:00,29.1,35,952.6,7.6,0.0
2024-03-28T09:00,31.6,29,953.2,7.9,0.0
2024-03-28T10:00,34.3,23,953.0,5.2,0.0
2024-03-28T11:00,36.4,21,952.4,2.9,0.0
2024-03-28T12:00,37.7,19,951.4,1.9,0.0
2024-03-28T13:00,38.5,18,950.4,3.1,0.0
2024-03-28T14:00,38.6,18,949.5,4.4,0.0
2024-03-28T15:00,38.7,17,948.7,3.7,0.0
2024-03-28T16:00,38.4,17,948.1,8.6,0.0
2024-03-28T17:00,35.6,23,948.3,22.7,0.0
2024-03-28T18:00,34.1,28,948.6,19.3,0.0
2024-03-28T19:00,31.1,39,949.3,15.1,0.0
2024-03-28T20:00,29.9,43,949.7,11.2,0.0
2024-03-28T21:00,28.4,48,950.3,10.6,0.0
2024-03-28T22:00,27.4,52,950.1,10.6,0.0
2024-03-28T23:00,26.8,51,949.6,8.4,0.0
2024-03-29T00:00,26.3,48,949.2,7.9,0.0
2024-03-29T01:00,26.1,44,948.3,8.9,0.0
2024-03-29T02:00,25.6,43,947.8,6.1,0.0
2024-03-29T03:00,24.9,45,947.5,6.2,0.0
2024-03-29T04:00,24.5,47,947.5,7.0,0.0
2024-03-29T05:00,23.8,50,947.8,5.4,0.0
2024-03-29T06:00,24.7,62,948.7,3.9,0.0
2024-03-29T07:00,26.7,55,949.6,5.0,0.0
2024-03-29T08:00,29.2,48,950.7,5.1,0.0
2024-03-29T09:00,31.9,39,951.6,3.4,0.0
2024-03-29T10:00,33.9,31,951.7,3.6,0.0
2024-03-29T11:00,36.3,21,951.1,5.7,0.0
2024-03-29T12:00,37.4,20,950.5,2.5,0.0
2024-03-29T13:00,38.6,18,949.6,5.4,0.0
2024-03-29T14:00,38.9,18,948.5,9.3,0.0
2024-03-29T15:00,37.2,21,948.0,15.7,0.0
2024-03-29T16:00,36.6,22,947.9,13.6,0.0
2024-03-29T17:00,33.1,34,948.0,21.1,0.1
2024-03-29T18:00,33.5,22,948.0,21.0,0.0
2024-03-29T19:00,32.1,23,948.3,13.9,0.0
2024-03-29T20:00,30.6,29,949.3,11.9,0.0
2024-03-29T21:00,28.9,39,950.1,10.9,0.0
2024-03-29T22:00,27.8,50,950.9,11.4,0.0
2024-03-29T23:00,26.9,57,951.0,9.6,0.0
2024-03-30T00:00,26.4,59,950.4,8.8,0.0
2024-03-30T01:00,25.9,60,949.6,7.4,0.0
2024-03-30T02:00,25.5,59,948.6,7.0,0.0
2024-03-30T03:00,24.9,59,948.5,4.7,0.0
2024-03-30T04:00,24.5,60,948.6,3.9,0.0
2024-03-30T05:00,23.8,61,948.9,4.9,0.0
2024-03-30T06:00,24.1,66,949.5,4.3,0.0
2024-03-30T07:00,25.8,58,950.7,6.3,0.0
2024-03-30T08:00,28.8,46,952.3,5.1,0.0
2024-03-30T09:00,31.9,37,953.0,4.3,0.0
2024-03-30T10:00,34.6,27,953.0,5.0,0.0
2024-03-30T11:00,36.5,22,952.5,5.1,0.0
2024-03-30T12:00,37.1,21,951.7,2.2,0.0
2024-03-30T13:00,38.2,20,950.6,1.1,0.0
2024-03-30T14:00,38.2,19,949.7,3.8,0.0
2024-03-30T15:00,37.9,20,948.6,11.0,0.0
2024-03-30T16:00,36.9,21,948.5,13.3,0.0
2024-03-30T17:00,36.0,22,948.7,15.9,0.0
2024-03-30T18:00,32.5,37,949.5,20.9,0.0
2024-03-30T19:00,31.0,39,950.2,15.8,0.0
2024-03-30T20:00,30.1,40,951.0,14.9,0.0
2024-03-30T21:00,29.2,39,951.5,12.8,0.0
2024-03-30T22:00,28.7,38,952.2,4.7,0.0
2024-03-30T23:00,27.8,39,952.4,3.8,0.0
2024-03-31T00:00,27.5,36,951.8,4.4,0.0
2024-03-31T01:00,27.1,35,951.1,6.8,0.0
2024-03-31T02:00,25.4,39,950.6,6.3,0.0
2024-03-31T03:00,24.9,41,950.3,5.0,0.0
2024-03-31T04:00,24.5,42,950.5,4.9,0.0
2024-03-31T05:00,26.1,36,951.2,1.6,0.0
2024-03-31T06:00,24.6,45,952.2,4.4,0.0
2024-03-31T07:00,25.6,42,953.0,2.1,0.0
2024-03-31T08:00,29.0,33,954.4,1.0,0.0
2024-03-31T09:00,32.0,27,954.9,5.6,0.0
2024-03-31T10:00,34.8,22,954.7,10.2,0.0
2024-03-31T11:00,36.3,21,953.8,9.4,0.0
2024-03-31T12:00,37.2,20,952.9,6.1,0.0
2024-03-31T13:00,38.2,19,951.6,2.6,0.0
2024-03-31T14:00,38.4,18,950.5,4.6,0.0
2024-03-31T15:00,38.0,18,949.6,8.2,0.0
2024-03-31T16:00,37.5,19,949.0,7.8,0.0
2024-03-31T17:00,37.1,18,948.9,7.7,0.0
2024-03-31T18:00,34.8,22,949.6,21.2,0.0
2024-03-31T19:00,32.5,26,950.0,21.7,0.0
2024-03-31T20:00,30.8,26,951.0,17.4,0.0
2024-03-31T21:00,29.5,26,951.4,12.5,0.0
2024-03-31T22:00,28.5,27,951.3,10.9,0.0
2024-03-31T23:00,27.0,29,951.2,5.7,0.0
2024-04-01T00:00,26.5,29,950.4,3.6,0.0
2024-04-01T01:00,26.5,28,949.5,5.8,0.0
2024-04-01T02:00,26.0,28,948.7,5.3,0.0
2024-04-01T03:00,24.9,29,948.2,5.0,0.0
2024-04-01T04:00,26.0,27,948.5,2.3,0.0
2024-04-01T05:00,25.3,28,948.7,3.3,0.0
2024-04-01T06:00,26.0,23,949.2,4.3,0.0
2024-04-01T07:00,27.6,21,950.2,6.2,0.0
2024-04-01T08:00,30.9,15,951.6,5.3,0.0
2024-04-01T09:00,33.0,13,952.2,4.3,0.0
2024-04-01T10:00,35.2,13,952.1,4.0,0.0
2024-04-01T11:00,36.9,15,951.3,5.6,0.0
2024-04-01T12:00,37.9,15,950.3,4.0,0.0
2024-04-01T13:00,38.4,16,949.0,4.6,0.0
2024-04-01T14:00,38.8,15,947.8,4.8,0.0
2024-04-01T15:00,39.0,14,946.7,7.2,0.0
2024-04-01T16:00,38.3,14,946.2,17.7,0.0
2024-04-01T17:00,36.5,17,946.2,21.1,0.0
2024-04-01T18:00,31.4,16,948.8,3.4,0.0
2024-04-01T19:00,29.8,17,948.6,7.5,0.0
2024-04-01T20:00,28.4,19,948.6,5.4,0.0
2024-04-01T21:00,26.8,23,948.7,7.4,0.0
2024-04-01T22:00,26.2,25,948.8,5.4,0.0
2024-04-01T23:00,25.7,26,948.3,5.4,0.0
2024-04-02T00:00,24.9,28,947.7,5.6,0.0
2024-04-02T01:00,24.2,31,947.2,7.2,0.0
2024-04-02T02:00,23.4,35,946.7,8.0,0.0
2024-04-02T03:00,23.0,40,946.2,8.9,0.0
2024-04-02T04:00,22.7,44,946.0,7.9,0.0
2024-04-02T05:00,21.8,47,946.4,6.5,0.0
2024-04-02T06:00,22.5,40,946.8,6.5,0.0
2024-04-02T07:00,25.3,33,948.0,6.9,0.0
2024-04-02T08:00,28.9,21,949.7,0.4,0.0
2024-04-02T09:00,32.0,14,950.5,1.3,0.0
2024-04-02T10:00,34.5,11,950.2,3.8,0.0
2024-04-02T11:00,36.3,13,949.7,4.7,0.0
2024-04-02T12:00,37.6,14,948.9,7.1,0.0
2024-04-02T13:00,38.5,13,947.7,7.0,0.0
2024-04-02T14:00,39.1,12,946.6,10.5,0.0
2024-04-02T15:00,38.8,12,945.8,17.6,0.0
2024-04-02T16:00,37.5,14,945.6,18.9,0.0
2024-04-02T17:00,36.1,16,945.6,20.0,0.0
2024-04-02T18:00,33.5,21,946.5,21.7,0.0
2024-04-02T19:00,30.5,33,947.1,18.9,0.0
2024-04-02T20:00,28.8,39,947.8,17.3,0.0
2024-04-02T21:00,27.7,39,948.1,13.3,0.0
2024-04-02T22:00,26.0,42,948.4,6.3,0.0
2024-04-02T23:00,25.2,42,948.2,5.9,0.0
2024-04-03T00:00,25.5,39,947.8,10.5,0.0
2024-04-03T01:00,24.8,38,947.4,10.7,0.0
2024-04-03T02:00,24.0,38,946.7,7.3,0.0
2024-04-03T03:00,23.8,37,946.4,8.9,0.0
2024-04-03T04:00,24.4,36,947.0,2.5,0.0
2024-04-03T05:00,22.2,42,947.1,3.2,0.0
2024-04-03T06:00,21.8,49,947.4,4.1,0.0
2024-04-03T07:00,24.0,44,949.1,3.3,0.0
2024-04-03T08:00,27.3,35,950.3,2.9,0.0
2024-04-03T09:00,30.8,27,951.1,2.5,0.0
2024-04-03T10:00,33.9,18,951.0,4.0,0.0
2024-04-03T11:00,36.0,15,950.6,4.6,0.0
2024-04-03T12:00,37.3,15,949.8,5.1,0.0
2024-04-03T13:00,38.1,14,948.9,6.6,0.0
2024-04-03T14:00,39.0,13,947.7,8.0,0.0
2024-04-03T15:00,39.1,13,946.6,16.6,0.0
2024-04-03T16:00,37.4,15,946.3,20.4,0.0
2024-04-03T17:00,35.5,20,946.4,23.1,0.0
2024-04-03T18:00,32.2,32,947.8,23.1,0.0
2024-04-03T19:00,29.8,40,948.5,17.9,0.0
2024-04-03T20:00,28.1,46,949.2,13.3,0.0
2024-04-03T21:00,27.0,46,949.7,11.2,0.0
2024-04-03T22:00,26.3,43,949.8,9.7,0.0
2024-04-03T23:00,25.8,40,949.4,11.0,0.0
2024-04-04T00:00,25.4,37,948.6,10.6,0.0
2024-04-04T01:00,25.0,34,947.9,9.1,0.0
2024-04-04T02:00,24.6,33,947.3,7.8,0.0
2024-04-04T03:00,24.4,32,946.9,6.9,0.0
2024-04-04T04:00,23.9,32,946.9,6.0,0.0
2024-04-04T05:00,23.1,35,947.2,5.9,0.0
2024-04-04T06:00,23.3,42,947.6,5.9,0.0
2024-04-04T07:00,24.9,41,948.9,7.2,0.0
2024-04-04T08:00,28.2,32,950.6,4.7,0.0
2024-04-04T09:00,31.4,22,951.3,4.0,0.0
2024-04-04T10:00,34.3,17,951.3,5.4,0.0
2024-04-04T11:00,36.6,15,950.9,6.9,0.0
2024-04-04T12:00,38.2,15,950.2,8.2,0.0
2024-04-04T13:00,39.2,14,949.2,11.9,0.0
2024-04-04T14:00,39.0,14,948.4,19.8,0.0
2024-04-04T15:00,37.8,16,947.7,21.3,0.0
2024-04-04T16:00,37.2,17,947.3,19.9,0.0
2024-04-04T17:00,36.0,20,947.3,20.8,0.0
2024-04-04T18:00,33.8,20,948.4,21.0,0.0
2024-04-04T19:00,31.7,28,949.0,14.6,0.0
2024-04-04T20:00,29.8,37,949.7,14.1,0.0
2024-04-04T21:00,28.4,43,950.1,11.9,0.0
2024-04-04T22:00,27.3,45,950.3,9.7,0.0
2024-04-04T23:00,26.4,46,949.8,7.4,0.0
2024-04-05T00:00,25.3,47,949.0,5.0,0.0
2024-04-05T01:00,24.7,46,948.4,4.8,0.0
2024-04-05T02:00,24.6,43,948.2,5.4,0.0
2024-04-05T03:00,23.4,44,947.4,4.7,0.0
2024-04-05T04:00,23.4,41,947.2,5.4,0.0
2024-04-05T05:00,23.1,40,947.2,6.2,0.0
2024-04-05T06:00,22.7,44,947.8,6.3,0.0
2024-04-05T07:00,24.6,38,949.1,6.0,0.0
2024-04-05T08:00,28.5,26,950.8,3.7,0.0
2024-04-05T09:00,32.1,19,951.4,5.1,0.0
2024-04-05T10:00,34.9,15,951.3,5.5,0.0
2024-04-05T11:00,36.8,13,950.6,5.5,0.0
2024-04-05T12:00,38.3,12,949.9,6.5,0.0
2024-04-05T13:00,39.2,12,948.4,6.6,0.0
2024-04-05T14:00,39.9,12,947.2,7.2,0.0
2024-04-05T15:00,39.8,12,946.4,13.1,0.0
2024-04-05T16:00,38.5,14,946.0,20.5,0.0
2024-04-05T17:00,36.5,17,945.8,22.9,0.0
2024-04-05T18:00,34.3,18,946.8,19.9,0.0
2024-04-05T19:00,31.8,30,947.6,16.2,0.0
2024-04-05T20:00,29.7,36,948.3,13.6,0.0
2024-04-05T21:00,28.9,34,948.8,11.2,0.0
2024-04-05T22:00,28.0,32,949.0,10.9,0.0
2024-04-05T23:00,27.0,32,948.5,7.6,0.0
2024-04-06T00:00,25.9,33,947.8,4.7,0.0
2024-04-06T01:00,25.3,34,947.3,4.9,0.0
2024-04-06T02:00,25.0,35,947.0,2.3,0.0
2024-04-06T03:00,26.0,32,947.0,2.3,0.0
2024-04-06T04:00,25.2,34,947.0,5.3,0.0
2024-04-06T05:00,23.5,38,947.2,7.7,0.0
2024-04-06T06:00,24.9,36,947.9,1.5,0.0
2024-04-06T07:00,25.5,36,948.8,1.4,0.0
2024-04-06T08:00,28.8,29,950.2,2.1,0.0
2024-04-06T09:00,31.8,23,950.8,4.9,0.0
2024-04-06T10:00,34.8,18,950.6,7.9,0.0
2024-04-06T11:00,37.1,15,949.9,9.2,0.0
2024-04-06T12:00,38.3,13,948.9,9.6,0.0
2024-04-06T13:00,39.2,13,947.6,4.8,0.0
2024-04-06T14:00,39.4,12,946.2,3.4,0.0
2024-04-06T15:00,39.2,12,945.3,12.1,0.0
2024-04-06T16:00,38.1,14,944.8,19.4,0.0
2024-04-06T17:00,36.2,16,944.8,25.8,0.0
2024-04-06T18:00,34.9,14,945.9,11.4,0.0
2024-04-06T19:00,31.8,18,946.4,6.7,0.0
2024-04-06T20:00,29.3,21,946.8,7.9,0.0
2024-04-06T21:00,29.6,24,947.9,10.3,0.0
2024-04-06T22:00,28.1,26,947.8,8.7,0.0
2024-04-06T23:00,27.1,27,947.5,8.0,0.0
2024-04-07T00:00,26.0,29,946.8,5.3,0.0
2024-04-07T01:00,25.9,29,946.2,5.8,0.0
2024-04-07T02:00,25.9,29,945.7,6.5,0.0
2024-04-07T03:00,25.4,29,945.5,7.6,0.0
2024-04-07T04:00,23.9,32,945.8,6.1,0.0
2024-04-07T05:00,23.5,33,946.3,5.4,0.0
2024-04-07T06:00,23.4,36,946.4,5.5,0.0
2024-04-07T07:00,26.0,32,947.8,5.4,0.0
2024-04-07T08:00,29.5,24,949.3,4.0,0.0
2024-04-07T09:00,32.2,19,950.0,3.4,0.0
2024-04-07T10:00,34.6,16,949.7,6.6,0.0
2024-04-07T11:00,36.6,14,949.0,8.2,0.0
2024-04-07T12:00,37.9,14,948.1,11.6,0.0
2024-04-07T13:00,38.2,14,947.1,16.8,0.0
2024-04-07T14:00,36.8,16,946.2,20.7,0.0
2024-04-07T15:00,36.9,17,945.6,17.2,0.0
2024-04-07T16:00,36.4,18,945.4,19.2,0.0
2024-04-07T17:00,35.1,16,945.6,22.5,0.0
2024-04-07T18:00,31.9,16,946.1,25.8,0.0
2024-04-07T19:00,29.1,17,946.8,22.3,0.0
2024-04-07T20:00,27.8,18,947.3,21.4,0.0
2024-04-07T21:00,27.2,17,947.9,17.5,0.0
2024-04-07T22:00,26.3,17,948.1,11.3,0.0
2024-04-07T23:00,25.3,17,947.9,6.9,0.0
2024-04-08T00:00,24.9,17,947.5,6.6,0.0
2024-04-08T01:00,24.4,18,946.8,7.3,0.0
2024-04-08T02:00,23.5,19,946.3,7.9,0.0
2024-04-08T03:00,22.5,21,945.9,6.2,0.0
2024-04-08T04:00,21.7,24,945.8,5.0,0.0
2024-04-08T05:00,20.7,27,946.2,6.5,0.0
2024-04-08T06:00,20.5,31,946.7,4.7,0.0
2024-04-08T07:00,23.0,28,948.2,2.2,0.0
2024-04-08T08:00,26.7,20,949.8,3.2,0.0
2024-04-08T09:00,30.0,13,950.5,6.2,0.0
2024-04-08T10:00,32.6,10,950.8,6.8,0.0
2024-04-08T11:00,34.9,9,950.3,5.4,0.0
2024-04-08T12:00,36.6,9,949.5,3.2,0.0
2024-04-08T13:00,37.8,9,948.3,6.0,0.0
2024-04-08T14:00,38.0,10,947.4,12.8,0.0
2024-04-08T15:00,37.4,11,946.7,13.7,0.0
2024-04-08T16:00,37.2,11,946.2,10.0,0.0
2024-04-08T17:00,36.1,12,946.0,13.9,0.0
2024-04-08T18:00,33.8,13,946.9,17.7,0.0
2024-04-08T19:00,31.6,16,947.3,16.6,0.0
2024-04-08T20:00,29.7,24,948.0,9.2,0.0
2024-04-08T21:00,27.9,34,948.5,6.5,0.0
2024-04-08T22:00,26.8,42,948.7,6.6,0.0
2024-04-08T23:00,25.3,48,948.3,5.2,0.0
2024-04-09T00:00,24.5,51,947.5,5.0,0.0
2024-04-09T01:00,23.7,53,946.9,6.2,0.0
2024-04-09T02:00,23.0,54,946.3,7.2,0.0
2024-04-09T03:00,22.3,52,945.6,5.2,0.0
2024-04-09T04:00,21.4,51,945.6,7.1,0.0
2024-04-09T05:00,20.9,50,946.2,7.2,0.0
2024-04-09T06:00,22.9,48,947.0,4.1,0.0
2024-04-09T07:00,25.0,37,948.1,4.6,0.0
2024-04-09T08:00,28.9,28,949.5,5.1,0.0
2024-04-09T09:00,32.2,21,950.2,5.9,0.0
2024-04-09T10:00,35.0,14,950.3,6.6,0.0
2024-04-09T11:00,36.8,13,950.1,9.5,0.0
2024-04-09T12:00,38.0,13,949.4,11.5,0.0
2024-04-09T13:00,38.8,13,948.4,16.7,0.0
2024-04-09T14:00,38.4,14,947.6,20.7,0.0
2024-04-09T15:00,37.8,15,946.8,18.6,0.0
2024-04-09T16:00,36.8,17,946.3,22.0,0.0
2024-04-09T17:00,35.3,19,946.2,21.4,0.0
2024-04-09T18:00,33.7,21,946.6,17.5,0.0
2024-04-09T19:00,31.3,26,947.4,16.7,0.0
2024-04-09T20:00,29.2,33,948.1,13.0,0.0
2024-04-09T21:00,27.6,40,949.0,11.9,0.0
2024-04-09T22:00,26.4,44,949.4,11.3,0.0
2024-04-09T23:00,25.4,48,949.2,10.4,0.0
2024-04-10T00:00,24.8,47,948.2,12.3,0.0
2024-04-10T01:00,24.7,40,947.6,11.4,0.0
2024-04-10T02:00,24.1,39,947.2,6.6,0.0
2024-04-10T03:00,22.7,42,946.6,7.4,0.0
2024-04-10T04:00,21.9,47,947.1,5.2,0.0
2024-04-10T05:00,21.5,47,947.1,3.6,0.0
2024-04-10T06:00,21.9,43,947.8,7.1,0.0
2024-04-10T07:00,24.1,38,948.8,7.8,0.0
2024-04-10T08:00,27.9,32,950.1,6.3,0.0
2024-04-10T09:00,31.3,25,950.7,3.9,0.0
2024-04-10T10:00,33.9,20,950.6,3.6,0.0
2024-04-10T11:00,36.1,15,950.2,3.8,0.0
2024-04-10T12:00,37.3,14,949.6,6.9,0.0
2024-04-10T13:00,38.1,13,948.4,9.0,0.0
2024-04-10T14:00,38.8,13,947.1,11.9,0.0
2024-04-10T15:00,38.7,14,946.1,17.7,0.0
2024-04-10T16:00,37.3,16,945.7,19.7,0.0
2024-04-10T17:00,35.6,20,945.7,20.0,0.0
2024-04-10T18:00,32.8,30,946.3,22.0,0.0
2024-04-10T19:00,30.0,39,947.2,19.6,0.0
2024-04-10T20:00,28.3,43,947.7,16.6,0.0
2024-04-10T21:00,27.0,43,948.0,17.4,0.0
2024-04-10T22:00,26.5,39,948.9,11.4,0.0
2024-04-10T23:00,25.8,38,948.7,9.0,0.0
2024-04-11T00:00,25.5,35,948.1,9.2,0.0
2024-04-11T01:00,24.6,35,947.7,5.4,0.0
2024-04-11T02:00,23.9,35,947.1,6.0,0.0
2024-04-11T03:00,23.5,36,946.8,6.6,0.0
2024-04-11T04:00,25.2,32,947.6,2.2,0.0
2024-04-11T05:00,23.5,37,948.2,5.6,0.0
2024-04-11T06:00,22.8,44,948.4,3.7,0.0
2024-04-11T07:00,25.8,34,949.3,6.5,0.0
2024-04-11T08:00,29.3,26,950.6,4.7,0.0
2024-04-11T09:00,32.2,21,951.2,4.8,0.0
2024-04-11T10:00,34.2,20,951.1,6.4,0.0
2024-04-11T11:00,36.1,17,950.7,1.0,0.0
2024-04-11T12:00,37.2,16,950.0,5.5,0.0
2024-04-11T13:00,38.2,14,948.8,6.5,0.0
2024-04-11T14:00,39.1,13,947.5,10.8,0.0
2024-04-11T15:00,39.1,14,946.4,17.9,0.0
2024-04-11T16:00,37.3,17,946.0,23.8,0.0
2024-04-11T17:00,35.3,22,946.0,22.8,0.0
2024-04-11T18:00,31.8,28,947.2,19.5,0.0
2024-04-11T19:00,29.5,28,948.0,15.5,0.0
2024-04-11T20:00,28.5,29,948.6,10.7,0.0
2024-04-11T21:00,27.1,31,949.0,6.8,0.0
2024-04-11T22:00,27.2,31,949.4,3.9,0.0
2024-04-11T23:00,25.4,35,949.3,6.0,0.0
2024-04-12T00:00,24.7,36,948.5,3.4,0.0
2024-04-12T01:00,25.2,34,948.1,7.1,0.0
2024-04-12T02:00,24.1,37,947.3,6.3,0.0
2024-04-12T03:00,22.7,41,946.8,6.1,0.0
2024-04-12T04:00,22.6,41,947.0,5.3,0.0
2024-04-12T05:00,23.6,38,947.6,1.1,0.0
2024-04-12T06:00,22.7,41,948.3,3.3,0.0
2024-04-12T07:00,25.1,34,949.3,2.9,0.0
2024-04-12T08:00,28.6,25,950.5,1.8,0.0
2024-04-12T09:00,32.0,19,951.0,2.8,0.0
2024-04-12T10:00,34.2,18,950.9,0.8,0.0
2024-04-12T11:00,35.8,18,950.2,2.3,0.0
2024-04-12T12:00,37.4,17,949.4,7.4,0.0
2024-04-12T13:00,38.3,16,948.4,17.6,0.0
2024-04-12T14:00,37.4,17,947.4,19.9,0.0
2024-04-12T15:00,37.3,17,946.6,19.3,0.0
2024-04-12T16:00,36.2,19,946.1,19.2,0.0
2024-04-12T17:00,34.3,22,946.1,21.3,0.0
2024-04-12T18:00,31.4,29,946.8,23.6,0.0
2024-04-12T19:00,29.2,30,947.4,15.9,0.0
2024-04-12T20:00,28.0,31,948.2,14.0,0.0
2024-04-12T21:00,27.0,32,948.7,10.4,0.0
2024-04-12T22:00,25.7,36,949.7,4.2,0.0
2024-04-12T23:00,25.9,37,950.1,1.3,0.0
2024-04-13T00:00,24.5,41,949.1,3.2,0.0
2024-04-13T01:00,23.5,46,948.3,4.7,0.0
2024-04-13T02:00,22.5,48,947.7,3.9,0.0
2024-04-13T03:00,22.1,49,947.2,3.8,0.0
2024-04-13T04:00,22.0,49,947.4,4.1,0.0
2024-04-13T05:00,22.3,48,948.0,3.8,0.0
2024-04-13T06:00,20.8,54,948.7,5.3,0.0
2024-04-13T07:00,23.5,44,949.7,1.9,0.0
2024-04-13T08:00,27.6,30,950.8,1.3,0.0
2024-04-13T09:00,31.3,18,951.3,1.8,0.0
2024-04-13T10:00,33.9,14,950.8,3.3,0.0
2024-04-13T11:00,35.9,14,950.2,7.9,0.0
2024-04-13T12:00,37.3,12,949.4,11.8,0.0
2024-04-13T13:00,37.9,12,948.4,14.7,0.0
2024-04-13T14:00,37.8,12,947.2,17.2,0.0
2024-04-13T15:00,37.4,12,946.5,19.0,0.0
2024-04-13T16:00,36.1,15,946.1,19.7,0.0
2024-04-13T17:00,33.7,27,946.1,20.9,0.0
2024-04-13T18:00,31.8,31,946.8,18.9,0.0
2024-04-13T19:00,29.2,42,947.5,15.8,0.0
2024-04-13T20:00,27.3,49,948.2,13.7,0.0
2024-04-13T21:00,25.6,54,948.8,10.1,0.0
2024-04-13T22:00,24.0,59,949.5,4.7,0.0
2024-04-13T23:00,23.3,62,949.8,4.0,0.0
2024-04-14T00:00,22.3,67,949.2,3.8,0.0
2024-04-14T01:00,21.6,70,948.9,3.3,0.0
2024-04-14T02:00,20.9,74,948.3,4.7,0.0
2024-04-14T03:00,20.2,77,948.2,6.1,0.0
2024-04-14T04:00,20.1,78,948.3,3.4,0.0
2024-04-14T05:00,19.7,80,948.5,3.8,0.0
2024-04-14T06:00,20.0,81,949.3,3.7,0.0
2024-04-14T07:00,22.0,71,950.2,5.8,0.0
2024-04-14T08:00,26.2,51,951.5,4.3,0.0
2024-04-14T09:00,31.2,24,952.1,3.8,0.0
2024-04-14T10:00,34.4,14,951.9,3.4,0.0
2024-04-14T11:00,36.2,12,951.3,2.9,0.0
2024-04-14T12:00,37.4,11,950.1,3.1,0.0
2024-04-14T13:00,38.4,11,949.0,5.0,0.0
2024-04-14T14:00,39.1,10,948.0,8.7,0.0
2024-04-14T15:00,39.2,10,947.2,10.6,0.0
2024-04-14T16:00,38.9,10,946.4,10.5,0.0
2024-04-14T17:00,37.7,11,946.3,13.8,0.0
2024-04-14T18:00,32.1,38,947.1,24.0,0.0
2024-04-14T19:00,30.5,43,948.4,15.2,0.0
2024-04-14T20:00,28.8,50,949.0,14.5,0.0
2024-04-14T21:00,27.1,60,949.8,10.5,0.0
2024-04-14T22:00,26.2,65,950.1,10.0,0.0
2024-04-14T23:00,25.4,68,950.3,6.2,0.0
2024-04-15T00:00,25.0,70,949.8,6.3,0.0
2024-04-15T01:00,24.5,70,949.4,3.8,0.0
2024-04-15T02:00,24.3,71,948.6,5.9,0.0
2024-04-15T03:00,23.5,74,948.0,5.5,0.0
2024-04-15T04:00,23.2,75,948.2,3.7,0.0
2024-04-15T05:00,23.3,75,948.6,1.8,0.0
2024-04-15T06:00,24.4,74,949.6,3.7,0.0
2024-04-15T07:00,26.7,65,950.9,2.5,0.0
2024-04-15T08:00,29.9,46,952.0,2.1,0.0
2024-04-15T09:00,33.4,34,952.7,6.9,0.0
2024-04-15T10:00,36.1,26,952.5,6.8,0.0
2024-04-15T11:00,37.5,21,951.9,7.9,0.0
2024-04-15T12:00,38.6,20,951.0,5.9,0.0
2024-04-15T13:00,39.3,18,949.9,7.0,0.0
2024-04-15T14:00,40.2,16,948.5,9.0,0.0
2024-04-15T15:00,40.4,15,947.5,9.2,0.0
2024-04-15T16:00,39.9,15,947.1,8.7,0.0
2024-04-15T17:00,38.9,15,947.1,9.9,0.0
2024-04-15T18:00,37.1,20,948.1,8.6,0.0
2024-04-15T19:00,34.8,23,948.6,5.2,0.0
2024-04-15T20:00,32.1,38,950.2,20.2,0.0
2024-04-15T21:00,30.7,45,950.8,13.0,0.1
2024-04-15T22:00,30.0,47,950.8,8.4,0.0
2024-04-15T23:00,29.1,50,950.4,7.4,0.0
2024-04-16T00:00,28.5,51,949.6,7.6,0.0
2024-04-16T01:00,28.1,51,949.1,5.4,0.0
2024-04-16T02:00,27.6,52,948.6,3.8,0.0
2024-04-16T03:00,27.7,51,948.3,5.8,0.0
2024-04-16T04:00,27.4,51,948.2,5.9,0.0
2024-04-16T05:00,27.3,49,948.4,5.8,0.0
2024-04-16T06:00,27.4,52,948.8,2.6,0.0
2024-04-16T07:00,29.0,47,949.7,2.2,0.0
2024-04-16T08:00,32.4,36,950.5,4.9,0.0
2024-04-16T09:00,35.0,29,950.9,11.2,0.0
2024-04-16T10:00,36.8,24,950.8,10.6,0.0
2024-04-16T11:00,38.3,22,950.7,9.4,0.0
2024-04-16T12:00,38.7,21,950.1,9.2,0.0
2024-04-16T13:00,39.3,20,949.1,9.7,0.0
2024-04-16T14:00,39.3,21,948.0,8.5,0.0
2024-04-16T15:00,39.5,20,947.2,9.3,0.0
2024-04-16T16:00,39.0,21,946.5,7.1,0.0
2024-04-16T17:00,38.3,21,946.6,6.6,0.0
2024-04-16T18:00,36.6,24,947.7,6.1,0.0
2024-04-16T19:00,34.9,26,948.2,8.4,0.0
2024-04-16T20:00,33.4,29,948.8,5.8,0.0
2024-04-16T21:00,31.4,39,949.6,14.8,0.0
2024-04-16T22:00,31.5,37,949.6,10.6,0.0
2024-04-16T23:00,30.8,37,949.2,9.0,0.0
2024-04-17T00:00,30.3,36,948.7,8.8,0.0
2024-04-17T01:00,29.9,34,948.3,5.9,0.0
2024-04-17T02:00,29.5,34,947.6,7.4,0.0
2024-04-17T03:00,30.1,31,947.5,4.2,0.0
2024-04-17T04:00,29.3,32,947.1,5.2,0.0
2024-04-17T05:00,27.8,35,947.2,3.9,0.0
2024-04-17T06:00,27.4,37,947.7,2.7,0.0
2024-04-17T07:00,30.6,32,949.0,4.2,0.0
2024-04-17T08:00,33.4,27,950.0,1.8,0.0
2024-04-17T09:00,35.7,24,950.6,6.0,0.0
2024-04-17T10:00,37.5,22,950.5,8.0,0.0
2024-04-17T11:00,38.5,21,950.2,6.1,0.0
2024-04-17T12:00,39.5,20,949.4,6.6,0.0
2024-04-17T13:00,40.7,18,948.5,6.4,0.0
2024-04-17T14:00,39.6,20,947.6,10.3,0.0
2024-04-17T15:00,35.1,29,947.8,22.5,0.3
2024-04-17T16:00,37.5,23,947.0,10.0,0.0
2024-04-17T17:00,35.9,26,947.0,17.3,0.0
2024-04-17T18:00,34.0,34,948.3,11.1,0.0
2024-04-17T19:00,32.5,41,948.9,10.8,0.0
2024-04-17T20:00,31.2,48,949.4,7.6,0.0
2024-04-17T21:00,30.6,52,949.7,6.6,0.0
2024-04-17T22:00,29.8,58,949.9,7.0,0.0
2024-04-17T23:00,28.8,66,949.7,6.6,0.0
2024-04-18T00:00,28.0,72,949.0,6.1,0.0
2024-04-18T01:00,27.2,77,948.3,5.4,0.0
2024-04-18T02:00,26.7,80,947.9,3.9,0.0
2024-04-18T03:00,26.3,81,947.3,5.2,0.0
2024-04-18T04:00,25.9,83,947.1,6.1,0.0
2024-04-18T05:00,25.5,84,947.6,5.1,0.0
2024-04-18T06:00,26.2,80,947.8,6.0,0.0
2024-04-18T07:00,28.1,69,949.1,5.9,0.0
2024-04-18T08:00,31.0,57,950.2,4.8,0.0
2024-04-18T09:00,34.2,38,950.4,5.9,0.0
2024-04-18T10:00,37.0,24,950.3,8.4,0.0
2024-04-18T11:00,38.4,19,949.6,8.5,0.0
2024-04-18T12:00,40.1,17,948.5,8.4,0.0
2024-04-18T13:00,39.7,18,947.6,4.3,0.0
2024-04-18T14:00,40.3,17,946.6,5.8,0.0
2024-04-18T15:00,38.0,22,946.0,17.1,0.0
2024-04-18T16:00,34.5,29,945.9,18.8,0.1
2024-04-18T17:00,36.5,24,945.6,12.1,0.0
2024-04-18T18:00,33.9,37,945.9,17.6,0.0
2024-04-18T19:00,32.2,46,946.3,14.1,0.0
2024-04-18T20:00,30.5,53,947.2,14.4,0.0
2024-04-18T21:00,29.4,56,947.8,11.9,0.0
2024-04-18T22:00,28.7,57,948.2,11.7,0.0
2024-04-18T23:00,28.0,59,947.9,9.5,0.0
2024-04-19T00:00,27.6,59,947.3,9.4,0.0
2024-04-19T01:00,27.2,60,946.7,7.6,0.0
2024-04-19T02:00,26.9,59,946.1,9.5,0.0
2024-04-19T03:00,26.5,58,945.7,9.8,0.0
2024-04-19T04:00,26.0,58,945.7,11.4,0.0
2024-04-19T05:00,25.8,56,945.9,10.6,0.0
2024-04-19T06:00,25.8,61,946.6,8.0,0.0
2024-04-19T07:00,27.9,51,947.5,8.3,0.0
2024-04-19T08:00,31.1,36,948.6,7.4,0.0
2024-04-19T09:00,34.2,26,949.1,7.8,0.0
2024-04-19T10:00,36.7,21,948.9,10.6,0.0
2024-04-19T11:00,38.6,18,948.0,10.0,0.0
2024-04-19T12:00,39.8,17,946.9,7.6,0.0
2024-04-19T13:00,40.2,17,946.0,3.6,0.0
2024-04-19T14:00,39.9,17,944.6,1.9,0.0
2024-04-19T15:00,39.8,17,943.9,7.9,0.0
2024-04-19T16:00,38.7,18,943.4,16.5,0.0
2024-04-19T17:00,34.8,32,943.9,24.6,0.0
2024-04-19T18:00,33.0,41,944.7,24.1,0.0
2024-04-19T19:00,30.6,50,945.5,17.8,0.0
2024-04-19T20:00,29.5,49,946.5,14.9,0.0
2024-04-19T21:00,28.9,47,947.1,13.0,0.0
2024-04-19T22:00,28.1,48,947.3,10.2,0.0
2024-04-19T23:00,27.4,46,947.0,12.3,0.0
2024-04-20T00:00,27.0,43,946.6,10.0,0.0
2024-04-20T01:00,26.4,45,946.4,8.7,0.0
2024-04-20T02:00,26.2,47,945.7,11.7,0.0
2024-04-20T03:00,25.9,48,945.4,9.1,0.0
2024-04-20T04:00,25.6,50,945.5,7.6,0.0
2024-04-20T05:00,25.4,50,945.9,7.6,0.0
2024-04-20T06:00,26.4,54,946.0,3.7,0.0
2024-04-20T07:00,28.4,45,947.1,2.0,0.0
2024-04-20T08:00,31.3,35,947.9,4.3,0.0
2024-04-20T09:00,34.0,28,948.7,7.4,0.0
2024-04-20T10:00,36.2,23,948.9,6.4,0.0
2024-04-20T11:00,37.6,21,948.4,4.1,0.0
2024-04-20T12:00,38.7,20,947.3,9.2,0.0
2024-04-20T13:00,38.9,22,946.5,15.5,0.0
2024-04-20T14:00,37.8,23,945.6,11.8,0.0
2024-04-20T15:00,38.1,22,944.9,11.3,0.0
2024-04-20T16:00,37.5,23,944.7,11.9,0.0
2024-04-20T17:00,36.6,24,944.9,12.4,0.0
2024-04-20T18:00,30.1,53,947.3,19.3,0.0
2024-04-20T19:00,28.4,67,948.0,14.7,0.0
2024-04-20T20:00,27.7,71,948.4,10.9,0.0
2024-04-20T21:00,27.0,74,948.6,10.1,0.0
2024-04-20T22:00,26.1,75,948.4,9.7,0.0
2024-04-20T23:00,25.5,73,947.9,7.9,0.0
2024-04-21T00:00,25.1,68,947.2,8.1,0.0
2024-04-21T01:00,24.9,62,946.4,7.3,0.0
2024-04-21T02:00,24.7,58,946.0,7.2,0.0
2024-04-21T03:00,24.3,55,945.6,7.3,0.0
2024-04-21T04:00,24.0,54,945.9,6.3,0.0
2024-04-21T05:00,23.8,54,946.1,5.3,0.0
2024-04-21T06:00,24.0,61,946.0,4.0,0.0
2024-04-21T07:00,26.4,53,947.4,2.9,0.0
2024-04-21T08:00,29.6,40,948.9,2.5,0.0
2024-04-21T09:00,32.8,27,949.4,1.8,0.0
2024-04-21T10:00,35.3,22,949.4,5.1,0.0
2024-04-21T11:00,36.7,21,948.8,4.4,0.0
2024-04-21T12:00,37.4,21,948.0,2.8,0.0
2024-04-21T13:00,38.0,20,947.0,2.9,0.0
2024-04-21T14:00,37.3,20,946.0,6.0,0.0
2024-04-21T15:00,38.2,19,945.2,6.9,0.0
2024-04-21T16:00,38.2,20,944.8,9.3,0.0
2024-04-21T17:00,35.5,25,945.2,19.7,0.0
2024-04-21T18:00,33.3,23,946.2,16.3,0.0
2024-04-21T19:00,31.4,28,947.1,15.5,0.0
2024-04-21T20:00,30.0,31,947.6,11.5,0.0
2024-04-21T21:00,28.3,34,948.1,4.7,0.0
2024-04-21T22:00,27.3,37,948.4,4.3,0.0
2024-04-21T23:00,27.5,36,948.2,7.5,0.0
2024-04-22T00:00,26.6,38,947.5,7.9,0.0
2024-04-22T01:00,25.7,40,947.0,9.5,0.0
2024-04-22T02:00,24.9,42,946.3,7.4,0.0
2024-04-22T03:00,24.5,43,946.3,6.9,0.0
2024-04-22T04:00,24.3,44,946.4,5.9,0.0
2024-04-22T05:00,24.0,45,946.7,4.1,0.0
2024-04-22T06:00,24.7,51,947.1,4.0,0.0
2024-04-22T07:00,27.0,44,948.3,4.0,0.0
2024-04-22T08:00,29.9,36,949.5,3.2,0.0
2024-04-22T09:00,33.1,29,949.8,4.6,0.0
2024-04-22T10:00,35.5,23,949.8,7.4,0.0
2024-04-22T11:00,37.2,21,949.3,8.8,0.0
2024-04-22T12:00,38.3,19,948.7,11.5,0.0
2024-04-22T13:00,38.8,19,947.9,14.8,0.0
2024-04-22T14:00,38.0,21,947.2,19.5,0.0
2024-04-22T15:00,36.9,23,946.7,13.4,0.0
2024-04-22T16:00,36.8,24,946.0,11.8,0.0
2024-04-22T17:00,35.2,28,946.1,16.8,0.0
2024-04-22T18:00,33.8,29,946.8,16.9,0.0
2024-04-22T19:00,31.7,34,947.4,15.5,0.0
2024-04-22T20:00,29.7,37,947.9,11.5,0.0
2024-04-22T21:00,28.6,38,948.7,10.2,0.0
2024-04-22T22:00,27.7,40,949.1,8.4,0.0
2024-04-22T23:00,26.9,41,948.7,8.3,0.0
2024-04-23T00:00,25.9,44,948.1,4.6,0.0
2024-04-23T01:00,25.2,45,947.2,4.5,0.0
2024-04-23T02:00,25.0,45,946.7,4.8,0.0
2024-04-23T03:00,25.0,45,946.2,5.0,0.0
2024-04-23T04:00,24.6,46,946.2,6.9,0.0
2024-04-23T05:00,23.5,50,946.4,4.3,0.0
2024-04-23T06:00,24.0,50,946.7,4.0,0.0
2024-04-23T07:00,26.5,42,947.8,4.0,0.0
2024-04-23T08:00,30.4,27,949.0,1.5,0.0
2024-04-23T09:00,33.3,20,949.4,3.9,0.0
2024-04-23T10:00,35.5,16,949.3,4.5,0.0
2024-04-23T11:00,37.0,15,948.8,3.6,0.0
2024-04-23T12:00,38.1,15,948.1,5.8,0.0
2024-04-23T13:00,38.7,15,946.9,8.0,0.0
2024-04-23T14:00,39.2,13,945.7,8.9,0.0
2024-04-23T15:00,39.4,13,944.5,15.0,0.0
2024-04-23T16:00,38.1,15,944.0,20.4,0.0
2024-04-23T17:00,35.4,23,944.1,23.3,0.0
2024-04-23T18:00,34.7,22,944.7,17.9,0.0
2024-04-23T19:00,32.4,31,945.2,18.5,0.0
2024-04-23T20:00,30.2,40,945.9,12.0,0.0
2024-04-23T21:00,28.8,45,946.6,6.2,0.0
2024-04-23T22:00,27.9,48,947.0,6.5,0.0
2024-04-23T23:00,27.2,50,946.9,7.0,0.0
2024-04-24T00:00,26.6,51,946.3,6.1,0.0
2024-04-24T01:00,25.7,54,945.7,4.9,0.0
2024-04-24T02:00,24.9,57,945.0,4.4,0.0
2024-04-24T03:00,25.2,55,944.6,5.1,0.0
2024-04-24T04:00,24.6,56,944.6,6.6,0.0
2024-04-24T05:00,23.8,55,944.8,5.0,0.0
2024-04-24T06:00,25.2,51,945.6,7.9,0.0
2024-04-24T07:00,27.5,41,946.5,5.0,0.0
2024-04-24T08:00,30.8,35,948.1,1.9,0.0
2024-04-24T09:00,33.6,28,948.5,3.3,0.0
2024-04-24T10:00,35.8,22,948.6,5.2,0.0
2024-04-24T11:00,37.3,19,948.0,1.5,0.0
2024-04-24T12:00,38.3,18,947.2,2.9,0.0
2024-04-24T13:00,39.0,18,946.2,1.5,0.0
2024-04-24T14:00,39.1,18,945.3,4.1,0.0
2024-04-24T15:00,39.4,17,944.4,9.0,0.0
2024-04-24T16:00,37.7,19,944.0,7.3,0.0
2024-04-24T17:00,36.2,22,944.3,9.1,0.0
2024-04-24T18:00,35.4,20,944.9,8.4,0.0
2024-04-24T19:00,32.7,31,945.7,11.3,0.0
2024-04-24T20:00,30.5,45,946.6,9.7,0.0
2024-04-24T21:00,29.5,49,947.5,6.5,0.0
2024-04-24T22:00,28.6,52,948.1,10.8,0.0
2024-04-24T23:00,27.6,56,947.7,10.3,0.0
2024-04-25T00:00,26.5,62,947.0,8.8,0.0
2024-04-25T01:00,26.0,64,946.6,6.9,0.0
2024-04-25T02:00,25.6,64,945.9,6.2,0.0
2024-04-25T03:00,25.0,64,945.5,4.0,0.0
2024-04-25T04:00,25.0,62,945.4,6.4,0.0
2024-04-25T05:00,24.8,58,945.9,6.9,0.0
2024-04-25T06:00,25.7,56,946.2,3.2,0.0
2024-04-25T07:00,28.2,46,947.3,1.6,0.0
2024-04-25T08:00,30.9,38,948.3,4.1,0.0
2024-04-25T09:00,33.4,31,949.0,2.9,0.0
2024-04-25T10:00,35.6,26,948.8,7.0,0.0
2024-04-25T11:00,37.1,24,948.2,7.0,0.0
2024-04-25T12:00,38.3,23,947.5,5.3,0.0
2024-04-25T13:00,38.6,22,946.5,2.3,0.0
2024-04-25T14:00,39.2,21,945.2,2.1,0.0
2024-04-25T15:00,38.3,22,944.8,10.0,0.0
2024-04-25T16:00,31.5,42,945.2,7.1,3.0
2024-04-25T17:00,34.5,31,945.6,10.1,0.0
2024-04-25T18:00,35.9,21,945.0,4.6,0.0
2024-04-25T19:00,32.5,32,945.9,17.0,0.0
2024-04-25T20:00,30.6,39,946.5,16.4,0.0
2024-04-25T21:00,29.3,40,947.0,13.4,0.0
2024-04-25T22:00,28.5,38,947.6,8.0,0.0
2024-04-25T23:00,27.8,38,947.3,10.6,0.0
2024-04-26T00:00,27.2,37,946.5,9.7,0.0
2024-04-26T01:00,26.5,39,945.9,8.6,0.0
2024-04-26T02:00,26.3,38,945.2,10.3,0.0
2024-04-26T03:00,25.8,39,944.9,7.2,0.0
2024-04-26T04:00,25.4,40,945.2,5.8,0.0
2024-04-26T05:00,25.3,39,945.7,6.6,0.0
2024-04-26T06:00,27.0,38,947.0,7.9,0.0
2024-04-26T07:00,28.2,36,947.7,8.3,0.0
2024-04-26T08:00,30.6,31,948.4,6.0,0.0
2024-04-26T09:00,33.6,26,948.7,7.7,0.0
2024-04-26T10:00,36.1,22,948.5,7.6,0.0
2024-04-26T11:00,37.7,21,948.0,4.7,0.0
2024-04-26T12:00,38.5,20,947.4,1.8,0.0
2024-04-26T13:00,39.4,19,946.6,2.2,0.0
2024-04-26T14:00,38.8,20,945.7,5.6,0.0
2024-04-26T15:00,36.3,24,945.4,12.6,0.0
2024-04-26T16:00,35.6,25,945.2,17.6,0.1
2024-04-26T17:00,35.7,26,945.1,17.6,0.0
2024-04-26T18:00,33.2,36,945.0,24.2,0.0
2024-04-26T19:00,31.1,40,945.4,23.4,0.0
2024-04-26T20:00,30.0,44,946.4,14.0,0.0
2024-04-26T21:00,29.3,46,947.1,13.0,0.0
2024-04-26T22:00,28.7,46,947.4,12.3,0.0
2024-04-26T23:00,27.7,46,947.6,4.8,0.0
2024-04-27T00:00,27.1,47,947.1,4.6,0.0
2024-04-27T01:00,27.5,45,946.3,7.3,0.0
2024-04-27T02:00,26.5,47,945.8,4.8,0.0
2024-04-27T03:00,25.4,51,945.2,4.0,0.0
2024-04-27T04:00,26.0,48,945.6,3.7,0.0
2024-04-27T05:00,26.8,45,946.3,2.5,0.0
2024-04-27T06:00,25.5,52,946.7,3.5,0.0
2024-04-27T07:00,28.7,41,948.3,2.5,0.0
2024-04-27T08:00,31.9,32,949.3,4.7,0.0
2024-04-27T09:00,34.8,26,949.4,10.0,0.0
2024-04-27T10:00,37.2,21,949.2,13.5,0.0
2024-04-27T11:00,38.5,19,948.6,13.0,0.0
2024-04-27T12:00,39.4,18,948.1,11.4,0.0
2024-04-27T13:00,39.9,17,947.0,9.0,0.0
2024-04-27T14:00,40.2,17,946.1,7.9,0.0
2024-04-27T15:00,40.3,16,945.2,8.0,0.0
2024-04-27T16:00,39.5,17,944.6,6.7,0.0
2024-04-27T17:00,38.7,17,944.5,6.2,0.0
2024-04-27T18:00,35.6,19,944.9,5.5,0.0
2024-04-27T19:00,33.4,21,945.6,10.2,0.0
2024-04-27T20:00,30.7,40,946.4,9.8,0.0
2024-04-27T21:00,29.9,42,946.9,14.4,0.0
2024-04-27T22:00,29.3,43,947.4,11.5,0.0
2024-04-27T23:00,28.7,44,947.4,11.3,0.0
2024-04-28T00:00,28.3,45,946.7,8.8,0.0
2024-04-28T01:00,27.2,48,946.2,4.3,0.0
2024-04-28T02:00,27.2,46,945.8,7.1,0.0
2024-04-28T03:00,25.6,50,945.4,3.9,0.0
2024-04-28T04:00,25.5,50,945.5,3.3,0.0
2024-04-28T05:00,26.4,47,946.4,1.8,0.0
2024-04-28T06:00,26.4,50,946.5,5.9,0.0
2024-04-28T07:00,29.5,40,947.4,4.3,0.0
2024-04-28T08:00,32.5,32,948.8,3.7,0.0
2024-04-28T09:00,36.2,23,949.0,11.6,0.0
2024-04-28T10:00,38.4,19,948.9,14.9,0.0
2024-04-28T11:00,39.8,18,948.3,13.0,0.0
2024-04-28T12:00,40.6,17,947.7,10.8,0.0
2024-04-28T13:00,41.0,16,946.8,10.5,0.0
2024-04-28T14:00,40.7,16,945.7,7.6,0.0
2024-04-28T15:00,40.6,16,944.9,4.8,0.0
2024-04-28T16:00,40.2,16,944.4,3.6,0.0
2024-04-28T17:00,39.8,16,944.4,3.7,0.0
2024-04-28T18:00,38.4,15,944.6,14.1,0.0
2024-04-28T19:00,33.0,25,945.8,22.2,0.0
2024-04-28T20:00,31.8,26,947.3,20.2,0.0
2024-04-28T21:00,31.1,27,948.3,15.9,0.0
2024-04-28T22:00,30.6,27,948.8,12.9,0.0
2024-04-28T23:00,28.7,31,948.4,7.6,0.0
2024-04-29T00:00,29.7,29,948.2,3.9,0.0
2024-04-29T01:00,27.5,34,947.4,5.8,0.0
2024-04-29T02:00,27.2,35,947.2,3.1,0.0
2024-04-29T03:00,27.0,35,946.8,4.2,0.0
2024-04-29T04:00,26.5,38,946.7,5.0,0.0
2024-04-29T05:00,25.6,41,947.1,5.8,0.0
2024-04-29T06:00,26.6,44,947.8,4.2,0.0
2024-04-29T07:00,30.0,37,948.9,9.0,0.0
2024-04-29T08:00,33.1,29,950.0,4.1,0.0
2024-04-29T09:00,35.7,23,950.5,2.9,0.0
2024-04-29T10:00,38.1,19,950.4,5.4,0.0
2024-04-29T11:00,39.3,18,949.6,2.8,0.0
2024-04-29T12:00,40.6,17,949.1,3.4,0.0
2024-04-29T13:00,40.7,17,948.2,8.2,0.0
2024-04-29T14:00,40.6,17,947.3,8.9,0.0
2024-04-29T15:00,40.8,16,946.4,7.1,0.0
2024-04-29T16:00,40.6,16,945.7,9.8,0.0
2024-04-29T17:00,39.0,17,945.7,17.1,0.0
2024-04-29T18:00,37.4,15,946.2,14.7,0.0
2024-04-29T19:00,35.1,15,946.6,21.4,0.0
2024-04-29T20:00,33.1,16,947.6,16.3,0.0
2024-04-29T21:00,31.7,17,948.3,11.6,0.0
2024-04-29T22:00,30.2,18,948.7,9.0,0.0
2024-04-29T23:00,29.0,20,948.4,6.1,0.0
2024-04-30T00:00,28.8,20,947.8,7.7,0.0
2024-04-30T01:00,28.4,21,947.1,8.4,0.0
2024-04-30T02:00,26.5,24,946.5,7.1,0.0
2024-04-30T03:00,25.9,26,946.1,6.1,0.0
2024-04-30T04:00,25.6,27,946.1,5.8,0.0
2024-04-30T05:00,24.8,30,946.3,6.0,0.0
2024-04-30T06:00,26.3,28,947.2,5.6,0.0
2024-04-30T07:00,29.1,23,948.2,5.8,0.0
2024-04-30T08:00,32.6,17,949.3,4.0,0.0
2024-04-30T09:00,35.6,13,949.4,4.9,0.0
2024-04-30T10:00,38.2,12,949.0,8.2,0.0
2024-04-30T11:00,39.8,13,948.6,9.9,0.0
2024-04-30T12:00,40.8,13,947.8,13.9,0.0
2024-04-30T13:00,40.9,14,946.8,17.6,0.0
2024-04-30T14:00,40.7,14,945.9,18.2,0.0
2024-04-30T15:00,40.3,14,945.3,18.3,0.0
2024-04-30T16:00,39.6,15,944.8,17.6,0.0
2024-04-30T17:00,38.3,19,944.4,20.0,0.0
2024-04-30T18:00,36.5,19,945.3,13.4,0.0
2024-04-30T19:00,34.5,19,945.5,14.2,0.0
2024-04-30T20:00,32.7,20,946.0,14.1,0.0
2024-04-30T21:00,30.9,23,946.6,12.8,0.0
2024-04-30T22:00,29.6,25,946.5,10.8,0.0
2024-04-30T23:00,28.4,27,946.4,10.9,0.0
2024-05-01T00:00,27.4,30,945.9,11.6,0.0
2024-05-01T01:00,26.8,33,945.5,11.6,0.0
2024-05-01T02:00,26.2,36,944.8,12.1,0.0
2024-05-01T03:00,25.7,39,944.4,12.0,0.0
2024-05-01T04:00,25.4,40,944.3,11.9,0.0
2024-05-01T05:00,25.2,39,944.2,11.3,0.0
2024-05-01T06:00,26.2,37,944.9,12.8,0.0
2024-05-01T07:00,28.6,30,946.0,12.6,0.0
2024-05-01T08:00,31.4,22,947.0,14.4,0.0
2024-05-01T09:00,33.7,19,947.2,15.9,0.0
2024-05-01T10:00,35.9,17,947.3,19.0,0.0
2024-05-01T11:00,37.0,17,947.1,22.2,0.0
2024-05-01T12:00,37.6,18,946.6,23.3,0.0
2024-05-01T13:00,38.2,18,945.8,23.7,0.0
2024-05-01T14:00,38.3,17,945.0,24.3,0.0
2024-05-01T15:00,38.0,15,944.5,23.9,0.0
2024-05-01T16:00,37.1,15,944.1,22.8,0.0
2024-05-01T17:00,35.5,16,944.0,21.2,0.0
2024-05-01T18:00,33.4,18,944.9,17.9,0.0
2024-05-01T19:00,30.5,27,945.0,14.8,0.0
2024-05-01T20:00,28.7,34,945.7,12.3,0.0
2024-05-01T21:00,27.4,37,946.0,11.7,0.0
2024-05-01T22:00,26.4,38,946.0,11.4,0.0
2024-05-01T23:00,25.6,37,945.5,11.5,0.0
2024-05-02T00:00,25.0,34,944.9,11.7,0.0
2024-05-02T01:00,24.3,33,944.3,10.9,0.0
2024-05-02T02:00,23.7,31,943.7,9.5,0.0
2024-05-02T03:00,23.2,29,943.3,9.3,0.0
2024-05-02T04:00,22.9,28,943.6,9.7,0.0
2024-05-02T05:00,22.6,29,943.9,9.7,0.0
2024-05-02T06:00,23.3,61,945.2,11.5,0.0
2024-05-02T07:00,25.1,61,946.5,9.8,0.0
2024-05-02T08:00,27.7,49,947.5,10.1,0.0
2024-05-02T09:00,30.8,34,948.0,9.0,0.0
2024-05-02T10:00,33.9,22,948.0,8.9,0.0
2024-05-02T11:00,36.2,15,947.5,10.6,0.0
2024-05-02T12:00,37.8,12,946.7,12.8,0.0
2024-05-02T13:00,38.7,10,945.6,15.0,0.0
2024-05-02T14:00,38.8,10,944.8,17.3,0.0
2024-05-02T15:00,38.1,13,944.3,18.7,0.0
2024-05-02T16:00,37.1,17,943.7,18.3,0.0
2024-05-02T17:00,35.6,19,943.8,17.6,0.0
2024-05-02T18:00,34.1,20,944.7,16.1,0.0
2024-05-02T19:00,30.7,30,945.4,17.8,0.0
2024-05-02T20:00,28.1,42,946.2,14.7,0.0
2024-05-02T21:00,26.1,54,946.9,12.0,0.0
2024-05-02T22:00,24.6,62,946.9,9.4,0.0
2024-05-02T23:00,23.6,65,946.4,10.0,0.0
2024-05-03T00:00,23.0,60,945.3,8.8,0.0
2024-05-03T01:00,22.5,53,944.8,7.8,0.0
2024-05-03T02:00,22.1,46,944.4,6.9,0.0
2024-05-03T03:00,21.8,39,944.4,6.6,0.0
2024-05-03T04:00,21.3,36,944.8,6.3,0.0
2024-05-03T05:00,20.4,38,945.3,5.9,0.0
2024-05-03T06:00,21.5,39,946.3,8.0,0.0
2024-05-03T07:00,24.1,39,947.9,8.3,0.0
2024-05-03T08:00,27.4,34,949.0,9.1,0.0
2024-05-03T09:00,31.2,18,949.6,8.2,0.0
2024-05-03T10:00,34.5,11,949.4,8.3,0.0
2024-05-03T11:00,36.7,8,948.6,6.8,0.0
2024-05-03T12:00,38.2,6,947.8,5.9,0.0
2024-05-03T13:00,39.4,5,946.7,8.2,0.0
2024-05-03T14:00,39.8,6,945.6,12.4,0.0
2024-05-03T15:00,39.4,8,945.2,15.0,0.0
2024-05-03T16:00,38.5,10,944.7,16.1,0.0
2024-05-03T17:00,37.1,13,944.9,15.8,0.0
2024-05-03T18:00,35.3,8,945.4,16.5,0.0
2024-05-03T19:00,31.1,32,946.0,18.6,0.0
2024-05-03T20:00,28.4,55,946.8,14.6,0.0
2024-05-03T21:00,26.9,60,947.5,10.1,0.0
2024-05-03T22:00,25.7,65,947.9,9.4,0.0
2024-05-03T23:00,25.1,67,947.3,14.2,0.0
2024-05-04T00:00,24.6,65,946.6,10.6,0.0
2024-05-04T01:00,23.6,67,946.5,6.1,0.0
2024-05-04T02:00,23.0,69,946.1,8.7,0.0
2024-05-04T03:00,22.3,70,945.7,9.7,0.0
2024-05-04T04:00,21.9,69,946.0,8.6,0.0
2024-05-04T05:00,21.6,67,946.3,7.9,0.0
2024-05-04T06:00,23.4,56,947.2,8.7,0.0
2024-05-04T07:00,26.4,44,948.7,10.2,0.0
2024-05-04T08:00,29.2,36,949.8,13.5,0.0
2024-05-04T09:00,31.9,30,950.3,12.1,0.0
2024-05-04T10:00,34.9,22,950.0,12.2,0.0
2024-05-04T11:00,37.2,16,949.5,12.3,0.0
2024-05-04T12:00,38.6,14,948.6,14.0,0.0
2024-05-04T13:00,39.0,14,947.7,16.1,0.0
2024-05-04T14:00,39.0,15,946.8,16.5,0.0
2024-05-04T15:00,38.7,16,946.0,15.8,0.0
2024-05-04T16:00,38.0,18,945.6,16.0,0.0
2024-05-04T17:00,36.8,21,945.6,16.1,0.0
2024-05-04T18:00,35.4,13,946.3,15.9,0.0
2024-05-04T19:00,31.9,32,946.6,16.7,0.0
2024-05-04T20:00,29.0,58,947.2,16.6,0.0
2024-05-04T21:00,27.2,68,947.8,13.8,0.0
2024-05-04T22:00,26.7,69,948.0,11.5,0.0
2024-05-04T23:00,26.0,67,947.1,12.8,0.0
2024-05-05T00:00,25.1,66,946.4,6.1,0.0
2024-05-05T01:00,24.7,65,945.6,8.4,0.0
2024-05-05T02:00,24.2,65,944.9,9.4,0.0
2024-05-05T03:00,23.7,66,944.6,9.8,0.0
2024-05-05T04:00,23.4,66,944.5,10.8,0.0
2024-05-05T05:00,23.4,64,944.9,10.3,0.0
2024-05-05T06:00,24.3,61,945.7,10.5,0.0
2024-05-05T07:00,27.4,49,947.1,10.8,0.0
2024-05-05T08:00,29.8,48,948.0,12.2,0.0
2024-05-05T09:00,32.4,41,948.2,10.3,0.0
2024-05-05T10:00,35.1,33,948.1,11.2,0.0
2024-05-05T11:00,37.5,25,947.7,12.7,0.0
2024-05-05T12:00,38.8,22,947.0,16.3,0.0
2024-05-05T13:00,38.8,21,946.3,18.8,0.0
2024-05-05T14:00,39.2,20,945.4,17.4,0.0
2024-05-05T15:00,39.0,20,944.9,17.7,0.0
2024-05-05T16:00,38.1,22,944.5,19.0,0.0
2024-05-05T17:00,35.8,33,944.5,20.9,0.0
2024-05-05T18:00,33.2,42,945.4,23.0,0.0
2024-05-05T19:00,31.8,42,945.5,18.1,0.0
2024-05-05T20:00,30.0,48,946.0,17.8,0.0
2024-05-05T21:00,28.7,51,946.5,11.7,0.0
2024-05-05T22:00,27.2,55,947.1,5.2,0.0
2024-05-05T23:00,26.8,55,947.0,9.2,0.0
2024-05-06T00:00,26.0,57,946.6,11.9,0.0
2024-05-06T01:00,25.1,59,945.9,11.9,0.0
2024-05-06T02:00,24.3,60,945.6,9.8,0.0
2024-05-06T03:00,23.4,63,945.6,4.7,0.0
2024-05-06T04:00,23.5,60,945.6,6.1,0.0
2024-05-06T05:00,23.5,59,945.7,9.0,0.0
2024-05-06T06:00,24.4,57,946.2,13.4,0.0
2024-05-06T07:00,26.8,52,947.3,12.6,0.0
2024-05-06T08:00,29.5,47,948.1,13.4,0.0
2024-05-06T09:00,32.3,40,948.9,13.6,0.0
2024-05-06T10:00,34.6,34,949.2,16.6,0.0
2024-05-06T11:00,36.1,29,948.7,18.6,0.0
2024-05-06T12:00,37.3,26,948.2,19.4,0.0
2024-05-06T13:00,37.8,25,947.1,20.4,0.0
2024-05-06T14:00,37.9,24,946.1,20.7,0.0
2024-05-06T15:00,37.5,24,945.4,20.6,0.0
2024-05-06T16:00,36.1,27,945.0,21.5,0.0
2024-05-06T17:00,34.3,30,945.3,20.7,0.0
2024-05-06T18:00,31.4,41,945.8,19.2,0.0
2024-05-06T19:00,29.2,51,946.2,14.8,0.0
2024-05-06T20:00,27.7,58,946.8,13.0,0.0
2024-05-06T21:00,26.7,63,947.4,10.8,0.0
2024-05-06T22:00,25.6,67,947.6,9.5,0.0
2024-05-06T23:00,24.6,72,947.5,9.9,0.0
2024-05-07T00:00,23.8,76,947.1,9.5,0.0
2024-05-07T01:00,23.0,81,946.4,9.5,0.0
2024-05-07T02:00,22.5,83,945.8,10.1,0.0
2024-05-07T03:00,22.2,82,945.7,10.8,0.0
2024-05-07T04:00,22.0,80,945.5,11.2,0.0
2024-05-07T05:00,21.7,78,945.8,10.1,0.0
2024-05-07T06:00,23.3,68,946.9,10.0,0.0
2024-05-07T07:00,25.8,55,947.9,8.8,0.0
2024-05-07T08:00,28.3,47,948.9,10.0,0.0
2024-05-07T09:00,30.9,41,949.3,10.3,0.0
2024-05-07T10:00,33.3,35,949.4,12.4,0.0
2024-05-07T11:00,35.0,30,949.3,13.4,0.0
2024-05-07T12:00,36.3,27,948.8,14.2,0.0
2024-05-07T13:00,37.0,25,948.1,14.5,0.0
2024-05-07T14:00,37.4,24,947.2,14.7,0.0
2024-05-07T15:00,37.3,24,946.6,15.8,0.0
2024-05-07T16:00,36.3,28,946.3,17.1,0.0
2024-05-07T17:00,34.9,29,946.5,18.7,0.0
2024-05-07T18:00,31.5,37,946.4,23.6,0.0
2024-05-07T19:00,27.5,63,947.5,21.0,0.0
2024-05-07T20:00,25.8,73,948.3,17.5,0.0
2024-05-07T21:00,25.0,78,948.8,17.5,0.0
2024-05-07T22:00,24.5,80,949.1,15.6,0.0
2024-05-07T23:00,24.0,81,948.9,13.3,0.0
2024-05-08T00:00,23.4,84,948.4,9.8,0.0
2024-05-08T01:00,22.9,88,947.4,8.4,0.0
2024-05-08T02:00,22.5,91,946.8,8.6,0.0
2024-05-08T03:00,22.0,95,946.4,8.3,0.0
2024-05-08T04:00,21.5,98,946.4,9.5,0.0
2024-05-08T05:00,21.2,99,946.4,10.6,0.0
2024-05-08T06:00,22.8,90,948.0,6.6,0.0
2024-05-08T07:00,24.5,78,949.0,6.1,0.0
2024-05-08T08:00,27.1,61,949.6,8.4,0.0
2024-05-08T09:00,30.0,47,949.8,8.0,0.0
2024-05-08T10:00,32.9,36,949.5,7.4,0.0
2024-05-08T11:00,35.2,28,948.9,5.9,0.0
2024-05-08T12:00,36.8,24,948.1,4.4,0.0
2024-05-08T13:00,37.5,21,946.8,2.3,0.0
2024-05-08T14:00,38.2,19,945.5,1.4,0.0
2024-05-08T15:00,38.6,18,944.8,4.2,0.0
2024-05-08T16:00,38.4,18,944.2,6.7,0.0
2024-05-08T17:00,36.9,23,944.2,17.4,0.0
2024-05-08T18:00,31.5,52,944.7,26.2,0.0
2024-05-08T19:00,28.6,65,945.5,21.1,0.0
2024-05-08T20:00,26.8,75,946.2,17.3,0.0
2024-05-08T21:00,25.9,80,947.0,16.2,0.0
2024-05-08T22:00,25.5,81,947.1,16.9,0.0
2024-05-08T23:00,24.7,85,946.7,14.9,0.0
2024-05-09T00:00,24.2,86,946.2,13.2,0.0
2024-05-09T01:00,23.8,86,945.9,10.1,0.0
2024-05-09T02:00,23.3,86,945.3,9.9,0.0
2024-05-09T03:00,23.1,82,944.7,14.4,0.0
2024-05-09T04:00,22.9,78,944.6,10.2,0.0
2024-05-09T05:00,22.6,75,945.0,9.7,0.0
2024-05-09T06:00,24.3,78,946.9,12.1,0.0
2024-05-09T07:00,27.1,58,947.3,14.2,0.0
2024-05-09T08:00,29.3,49,948.4,12.6,0.0
2024-05-09T09:00,31.6,44,948.5,12.8,0.0
2024-05-09T10:00,34.2,36,947.8,13.3,0.0
2024-05-09T11:00,36.1,29,947.8,9.4,0.0
2024-05-09T12:00,36.5,28,946.8,9.8,0.0
2024-05-09T13:00,35.8,30,946.6,15.8,0.1
2024-05-09T14:00,34.7,32,945.8,10.8,0.3
2024-05-09T15:00,35.7,30,945.0,12.1,0.0
2024-05-09T16:00,33.7,37,944.9,18.0,0.0
2024-05-09T17:00,33.1,40,944.9,16.5,0.0
2024-05-09T18:00,31.3,52,945.4,22.8,0.0
2024-05-09T19:00,29.3,64,945.8,18.1,0.0
2024-05-09T20:00,27.6,72,946.6,14.6,0.0
2024-05-09T21:00,26.8,78,947.7,13.0,0.0
2024-05-09T22:00,26.5,79,947.6,15.6,0.0
2024-05-09T23:00,26.5,72,946.9,12.7,0.0
2024-05-10T00:00,26.1,74,947.0,5.8,0.0
2024-05-10T01:00,25.2,81,946.3,7.3,0.0
2024-05-10T02:00,24.5,84,945.6,11.9,0.0
2024-05-10T03:00,24.2,82,945.2,4.1,0.0
2024-05-10T04:00,23.9,83,945.6,4.8,0.0
2024-05-10T05:00,23.7,83,946.4,6.2,0.0
2024-05-10T06:00,25.6,69,947.9,10.2,0.0
2024-05-10T07:00,27.1,61,948.7,13.7,0.0
2024-05-10T08:00,28.9,57,948.7,15.5,0.0
2024-05-10T09:00,31.4,48,949.3,14.4,0.0
2024-05-10T10:00,33.0,42,949.1,15.4,0.0
2024-05-10T11:00,33.9,42,948.6,17.1,0.0
2024-05-10T12:00,35.9,37,948.2,16.2,0.0
2024-05-10T13:00,36.9,34,946.9,16.3,0.0
2024-05-10T14:00,30.7,53,947.2,14.6,1.4
2024-05-10T15:00,28.4,69,946.5,6.4,10.4
2024-05-10T16:00,29.6,64,946.1,5.3,0.0
2024-05-10T17:00,31.3,50,946.5,1.1,0.0
2024-05-10T18:00,30.3,51,947.6,5.5,0.0
2024-05-10T19:00,28.7,56,947.7,4.3,0.0
2024-05-10T20:00,27.6,61,948.2,9.0,0.0
2024-05-10T21:00,26.9,65,948.7,5.6,0.0
2024-05-10T22:00,26.9,65,948.8,6.8,0.0
2024-05-10T23:00,26.3,66,948.2,8.5,0.0
2024-05-11T00:00,25.7,67,947.8,8.4,0.0
2024-05-11T01:00,25.6,68,947.3,7.0,0.0
2024-05-11T02:00,25.0,71,946.9,3.6,0.0
2024-05-11T03:00,24.8,72,947.1,3.7,0.0
2024-05-11T04:00,24.1,78,947.3,4.7,0.0
2024-05-11T05:00,23.8,80,947.9,4.5,0.0
2024-05-11T06:00,24.8,75,948.5,6.0,0.0
2024-05-11T07:00,27.1,62,949.6,2.4,0.0
2024-05-11T08:00,30.0,50,950.6,1.1,0.0
2024-05-11T09:00,32.8,43,950.5,2.0,0.0
2024-05-11T10:00,35.0,36,949.8,6.8,0.0
2024-05-11T11:00,36.4,31,949.0,7.6,0.0
2024-05-11T12:00,33.0,40,949.4,25.4,0.0
2024-05-11T13:00,33.3,39,948.4,3.1,0.2
2024-05-11T14:00,30.7,53,947.9,11.5,0.0
2024-05-11T15:00,32.3,47,946.9,9.4,0.0
2024-05-11T16:00,33.3,42,946.8,8.1,0.0
2024-05-11T17:00,33.2,40,947.1,9.2,0.0
2024-05-11T18:00,31.3,51,947.7,14.8,0.0
2024-05-11T19:00,29.3,63,948.1,11.2,0.0
2024-05-11T20:00,28.9,66,948.6,13.4,0.0
2024-05-11T21:00,27.6,72,948.9,13.7,0.0
2024-05-11T22:00,26.8,76,949.3,12.1,0.0
2024-05-11T23:00,26.4,77,948.8,10.9,0.0
2024-05-12T00:00,25.9,75,948.7,11.0,0.0
2024-05-12T01:00,25.6,71,947.7,11.2,0.0
2024-05-12T02:00,25.3,68,947.3,9.9,0.0
2024-05-12T03:00,24.9,68,946.9,8.8,0.0
2024-05-12T04:00,24.6,68,947.1,8.9,0.0
2024-05-12T05:00,24.4,69,947.7,7.6,0.0
2024-05-12T06:00,24.1,76,949.7,13.7,0.1
2024-05-12T07:00,25.6,69,950.2,13.2,0.0
2024-05-12T08:00,26.7,64,951.9,16.1,0.8
2024-05-12T09:00,27.6,61,951.4,1.8,1.0
2024-05-12T10:00,30.5,49,950.8,4.3,0.0
2024-05-12T11:00,33.4,41,950.0,5.1,0.0
2024-05-12T12:00,35.1,35,949.3,3.7,0.0
2024-05-12T13:00,36.1,31,948.2,4.8,0.0
2024-05-12T14:00,35.9,31,947.7,14.6,0.0
2024-05-12T15:00,33.1,36,947.2,10.8,0.2
2024-05-12T16:00,30.0,52,947.0,10.4,0.0
2024-05-12T17:00,30.2,50,947.1,7.5,0.0
2024-05-12T18:00,32.3,30,947.7,6.4,0.0
2024-05-12T19:00,29.5,37,947.7,6.5,0.0
2024-05-12T20:00,28.8,39,948.1,6.9,0.0
2024-05-12T21:00,29.5,37,948.5,5.7,0.0
2024-05-12T22:00,27.8,42,948.0,1.3,0.0
2024-05-12T23:00,26.3,47,947.7,4.6,0.0
2024-05-13T00:00,26.6,48,947.4,5.7,0.0
2024-05-13T01:00,25.9,50,946.7,5.0,0.0
2024-05-13T02:00,24.8,54,946.2,6.0,0.0
2024-05-13T03:00,25.4,52,946.5,3.6,0.0
2024-05-13T04:00,26.2,49,947.1,3.3,0.0
2024-05-13T05:00,24.1,57,946.9,4.7,0.0
2024-05-13T06:00,25.2,65,948.6,3.4,0.0
2024-05-13T07:00,27.4,58,949.6,1.8,0.0
2024-05-13T08:00,30.2,49,950.7,4.8,0.0
2024-05-13T09:00,31.3,47,950.6,6.6,0.0
2024-05-13T10:00,33.4,41,949.8,2.0,0.0
2024-05-13T11:00,34.8,38,949.2,3.1,0.0
2024-05-13T12:00,31.8,48,949.0,24.0,1.4
2024-05-13T13:00,27.5,65,948.4,12.5,5.5
2024-05-13T14:00,27.5,65,948.0,8.2,0.0
2024-05-13T15:00,29.2,60,947.2,5.2,0.1
2024-05-13T16:00,29.6,58,947.1,3.6,0.0
2024-05-13T17:00,30.2,55,947.3,5.2,0.0
2024-05-13T18:00,31.0,40,947.0,7.2,0.0
2024-05-13T19:00,29.4,45,947.3,8.3,0.0
2024-05-13T20:00,28.3,58,948.1,14.5,0.0
2024-05-13T21:00,26.8,73,948.1,11.5,0.0
2024-05-13T22:00,26.1,77,948.4,7.9,0.0
2024-05-13T23:00,25.8,78,948.3,7.9,0.0
2024-05-14T00:00,25.4,78,947.7,8.4,0.0
2024-05-14T01:00,25.1,78,947.0,6.5,0.0
2024-05-14T02:00,24.8,79,946.6,6.0,0.0
2024-05-14T03:00,24.5,80,946.3,4.3,0.0
2024-05-14T04:00,24.2,82,946.4,4.1,0.0
2024-05-14T05:00,24.0,83,946.9,3.2,0.0
2024-05-14T06:00,24.7,82,948.5,1.8,0.0
2024-05-14T07:00,27.4,66,949.5,2.2,0.0
2024-05-14T08:00,29.9,52,949.9,5.1,0.0
2024-05-14T09:00,32.7,39,950.4,5.8,0.0
2024-05-14T10:00,34.8,31,950.1,9.0,0.0
2024-05-14T11:00,36.5,26,949.2,11.8,0.0
2024-05-14T12:00,37.7,24,948.6,12.1,0.0
2024-05-14T13:00,36.8,25,948.0,13.0,0.0
2024-05-14T14:00,36.3,24,946.8,5.3,0.0
2024-05-14T15:00,37.2,23,946.1,10.7,0.0
2024-05-14T16:00,32.3,39,946.9,17.6,0.0
2024-05-14T17:00,32.1,39,947.5,10.3,0.0
2024-05-14T18:00,33.2,34,946.6,5.8,0.0
2024-05-14T19:00,30.1,44,946.8,3.6,0.0
2024-05-14T20:00,29.3,47,947.5,10.6,0.0
2024-05-14T21:00,28.5,54,948.4,7.6,0.0
2024-05-14T22:00,27.6,61,948.6,4.7,0.0
2024-05-14T23:00,26.7,66,948.5,4.5,0.0
2024-05-15T00:00,25.2,74,947.7,4.5,0.0
2024-05-15T01:00,25.9,71,947.7,0.8,0.0
2024-05-15T02:00,26.2,69,947.4,0.7,0.0
2024-05-15T03:00,23.9,81,946.6,3.9,0.0
2024-05-15T04:00,23.3,86,946.9,4.6,0.0
2024-05-15T05:00,23.5,84,947.5,1.0,0.0
2024-05-15T06:00,23.0,76,949.9,11.4,0.0
2024-05-15T07:00,24.2,71,950.5,8.4,0.0
2024-05-15T08:00,26.5,62,950.5,2.9,0.0
2024-05-15T09:00,29.9,51,950.7,2.3,0.0
2024-05-15T10:00,32.5,41,950.3,3.4,0.0
2024-05-15T11:00,34.7,32,949.7,5.4,0.0
2024-05-15T12:00,36.0,27,948.9,7.5,0.0
2024-05-15T13:00,36.9,24,947.7,4.3,0.0
2024-05-15T14:00,37.8,22,946.6,5.5,0.0
2024-05-15T15:00,38.3,21,945.7,9.9,0.0
2024-05-15T16:00,37.5,21,945.2,12.4,0.0
2024-05-15T17:00,36.6,22,945.7,13.3,0.0
2024-05-15T18:00,35.4,22,946.0,7.9,0.0
2024-05-15T19:00,33.5,25,946.3,12.9,0.0
2024-05-15T20:00,32.1,32,947.8,19.1,0.0
2024-05-15T21:00,29.3,45,949.0,10.5,0.0
2024-05-15T22:00,28.4,52,949.8,8.4,0.0
2024-05-15T23:00,27.2,60,949.4,10.0,0.0
2024-05-16T00:00,26.4,64,948.6,7.5,0.0
2024-05-16T01:00,25.8,67,947.9,6.2,0.0
2024-05-16T02:00,25.2,71,947.4,3.4,0.0
2024-05-16T03:00,24.9,73,947.3,3.7,0.0
2024-05-16T04:00,24.0,79,947.4,3.4,0.0
2024-05-16T05:00,24.4,74,947.6,0.0,0.0
2024-05-16T06:00,24.6,72,949.2,7.3,0.0
2024-05-16T07:00,26.4,63,949.4,0.0,0.0
2024-05-16T08:00,29.2,49,950.4,2.2,0.0
2024-05-16T09:00,32.5,37,950.7,1.1,0.0
2024-05-16T10:00,35.0,30,950.5,3.1,0.0
2024-05-16T11:00,36.9,23,949.7,3.4,0.0
2024-05-16T12:00,37.9,21,948.6,4.2,0.0
2024-05-16T13:00,38.5,20,947.6,4.5,0.0
2024-05-16T14:00,39.1,20,946.4,7.5,0.0
2024-05-16T15:00,35.2,31,946.4,12.2,0.6
2024-05-16T16:00,35.2,27,945.8,8.4,0.1
2024-05-16T17:00,33.7,36,945.8,14.0,0.0
2024-05-16T18:00,25.3,78,948.3,7.2,1.5
2024-05-16T19:00,24.5,87,947.9,6.1,1.0
2024-05-16T20:00,24.5,89,948.0,7.4,1.0
2024-05-16T21:00,24.8,88,948.0,5.3,0.1
2024-05-16T22:00,24.8,92,948.3,4.1,0.0
2024-05-16T23:00,24.7,91,948.6,4.7,0.1
2024-05-17T00:00,24.3,92,947.4,4.8,0.0
2024-05-17T01:00,24.4,91,947.1,3.4,0.0
2024-05-17T02:00,23.8,94,946.8,2.6,0.0
2024-05-17T03:00,23.7,94,946.3,4.4,0.0
2024-05-17T04:00,23.5,91,946.2,3.3,0.0
2024-05-17T05:00,23.4,85,946.6,4.0,0.0
2024-05-17T06:00,24.9,68,948.0,3.3,0.0
2024-05-17T07:00,26.8,61,948.6,4.0,0.0
2024-05-17T08:00,29.1,51,949.3,5.1,0.0
2024-05-17T09:00,31.3,43,949.8,6.6,0.0
2024-05-17T10:00,33.2,37,949.5,6.9,0.0
2024-05-17T11:00,35.0,32,948.9,6.1,0.0
2024-05-17T12:00,36.6,28,948.0,6.4,0.0
2024-05-17T13:00,37.7,25,946.8,9.1,0.0
2024-05-17T14:00,37.7,22,945.4,10.0,0.0
2024-05-17T15:00,37.5,22,944.7,16.4,0.0
2024-05-17T16:00,36.2,25,944.6,17.7,0.0
2024-05-17T17:00,35.9,26,944.6,13.0,0.0
2024-05-17T18:00,28.1,64,946.3,23.1,1.5
2024-05-17T19:00,24.9,82,945.9,3.3,0.3
2024-05-17T20:00,25.7,77,946.2,9.8,0.2
2024-05-17T21:00,26.5,69,946.8,7.0,0.0
2024-05-17T22:00,25.7,73,947.4,3.8,0.0
2024-05-17T23:00,25.5,72,947.1,6.3,0.0
2024-05-18T00:00,25.2,70,946.2,5.1,0.0
2024-05-18T01:00,24.5,75,945.7,4.1,0.0
2024-05-18T02:00,23.9,80,945.1,4.6,0.0
2024-05-18T03:00,23.5,84,944.8,4.3,0.0
2024-05-18T04:00,23.3,87,944.8,4.3,0.0
2024-05-18T05:00,23.0,89,945.0,4.8,0.0
2024-05-18T06:00,25.6,72,945.5,9.3,0.0
2024-05-18T07:00,28.3,58,946.6,7.9,0.0
2024-05-18T08:00,31.0,44,947.2,10.2,0.0
2024-05-18T09:00,33.2,37,947.5,10.3,0.0
2024-05-18T10:00,35.2,31,947.6,9.1,0.0
2024-05-18T11:00,36.9,27,947.0,7.3,0.0
2024-05-18T12:00,38.4,23,946.0,7.2,0.0
2024-05-18T13:00,38.7,21,945.0,13.2,0.0
2024-05-18T14:00,38.7,21,943.6,19.1,0.0
2024-05-18T15:00,38.2,22,942.8,12.6,0.0
2024-05-18T16:00,37.4,23,942.5,11.5,0.0
2024-05-18T17:00,37.4,23,942.5,13.7,0.0
2024-05-18T18:00,28.6,54,943.7,15.8,0.3
2024-05-18T19:00,28.4,56,944.2,3.8,0.0
2024-05-18T20:00,29.0,54,944.6,5.0,0.0
2024-05-18T21:00,28.3,58,945.2,10.6,0.0
2024-05-18T22:00,27.4,59,945.1,8.7,0.0
2024-05-18T23:00,26.9,60,945.1,6.0,0.0
2024-05-19T00:00,26.6,62,944.4,6.7,0.0
2024-05-19T01:00,26.3,64,943.8,8.7,0.0
2024-05-19T02:00,26.0,67,943.3,9.1,0.0
2024-05-19T03:00,25.5,72,943.3,9.2,0.0
2024-05-19T04:00,25.2,77,943.1,7.7,0.0
2024-05-19T05:00,24.9,81,943.3,6.6,0.0
2024-05-19T06:00,26.8,68,943.9,11.4,0.0
2024-05-19T07:00,28.5,59,945.2,4.1,0.0
2024-05-19T08:00,31.1,49,945.9,6.8,0.0
2024-05-19T09:00,33.1,45,946.2,8.3,0.0
2024-05-19T10:00,32.6,49,946.6,12.0,0.2
2024-05-19T11:00,35.0,35,946.2,7.1,0.0
2024-05-19T12:00,36.2,33,945.1,12.5,0.0
2024-05-19T13:00,35.5,35,943.9,15.4,0.0
2024-05-19T14:00,38.1,26,942.5,8.5,0.0
2024-05-19T15:00,38.9,23,941.7,13.6,0.0
2024-05-19T16:00,33.3,41,941.6,19.8,0.1
2024-05-19T17:00,34.3,39,941.2,17.6,0.0
2024-05-19T18:00,32.2,52,940.6,20.8,0.0
2024-05-19T19:00,31.8,57,941.5,13.8,0.0
2024-05-19T20:00,30.5,65,942.9,12.0,0.0
2024-05-19T21:00,29.5,76,943.4,13.1,0.0
2024-05-19T22:00,28.5,79,943.8,15.1,0.0
2024-05-19T23:00,28.1,80,944.0,11.0,0.0
2024-05-20T00:00,27.9,82,943.7,9.6,0.0
2024-05-20T01:00,27.4,84,943.1,11.1,0.0
2024-05-20T02:00,26.8,87,942.8,8.0,0.0
2024-05-20T03:00,26.2,88,942.4,8.0,0.0
2024-05-20T04:00,25.7,88,942.3,7.2,0.0
2024-05-20T05:00,25.6,86,942.9,5.2,0.0
2024-05-20T06:00,26.8,78,943.9,8.3,0.0
2024-05-20T07:00,27.4,75,944.0,11.0,0.0
2024-05-20T08:00,29.3,64,945.1,5.6,0.0
2024-05-20T09:00,30.9,55,946.2,2.8,0.0
2024-05-20T10:00,34.2,42,946.2,3.8,0.0
2024-05-20T11:00,37.1,32,945.6,6.6,0.0
2024-05-20T12:00,39.5,22,944.8,6.6,0.0
2024-05-20T13:00,40.5,18,943.7,11.9,0.0
2024-05-20T14:00,39.0,21,942.8,15.1,0.0
2024-05-20T15:00,35.9,31,941.9,23.5,0.3
2024-05-20T16:00,36.1,31,941.4,22.5,0.4
2024-05-20T17:00,34.9,39,941.5,24.5,0.0
2024-05-20T18:00,30.2,66,942.7,23.5,0.0
2024-05-20T19:00,28.9,77,943.8,18.4,0.1
2024-05-20T20:00,28.4,78,944.5,17.1,0.0
2024-05-20T21:00,28.1,77,945.2,14.8,0.0
2024-05-20T22:00,27.2,80,945.5,14.0,0.0
2024-05-20T23:00,26.8,82,945.3,11.9,0.0
2024-05-21T00:00,26.2,86,944.8,11.6,0.0
2024-05-21T01:00,25.6,88,944.1,11.4,0.0
2024-05-21T02:00,25.4,87,943.7,8.6,0.0
2024-05-21T03:00,25.2,84,943.1,8.5,0.0
2024-05-21T04:00,25.0,82,943.1,6.4,0.0
2024-05-21T05:00,24.5,84,943.5,4.6,0.0
2024-05-21T06:00,27.6,68,944.1,9.8,0.0
2024-05-21T07:00,29.5,60,945.0,8.8,0.0
2024-05-21T08:00,31.4,47,945.3,9.7,0.0
2024-05-21T09:00,33.5,39,945.8,6.4,0.0
2024-05-21T10:00,36.5,31,945.8,3.8,0.0
2024-05-21T11:00,38.7,23,945.1,11.3,0.0
2024-05-21T12:00,40.2,20,944.2,11.5,0.0
2024-05-21T13:00,41.2,17,943.2,16.6,0.0
2024-05-21T14:00,40.5,17,942.0,17.2,0.0
2024-05-21T15:00,41.7,15,941.2,16.3,0.0
2024-05-21T16:00,37.8,24,940.9,21.6,0.0
2024-05-21T17:00,37.7,24,941.0,21.8,0.0
2024-05-21T18:00,30.3,71,941.9,21.7,0.0
2024-05-21T19:00,30.3,69,941.9,18.8,0.0
2024-05-21T20:00,29.1,74,942.8,16.6,0.0
2024-05-21T21:00,28.2,79,944.1,14.2,0.0
2024-05-21T22:00,27.7,80,944.9,15.0,0.0
2024-05-21T23:00,27.3,81,945.1,10.2,0.0
2024-05-22T00:00,26.9,85,944.8,13.0,0.0
2024-05-22T01:00,26.5,84,944.1,13.5,0.0
2024-05-22T02:00,25.9,88,943.2,11.0,0.0
2024-05-22T03:00,25.8,84,942.6,11.5,0.0
2024-05-22T04:00,25.6,81,942.4,7.3,0.0
2024-05-22T05:00,25.2,81,942.6,6.8,0.0
2024-05-22T06:00,26.3,88,944.0,5.8,0.0
2024-05-22T07:00,28.0,78,944.8,7.6,0.0
2024-05-22T08:00,30.8,57,945.4,8.0,0.0
2024-05-22T09:00,33.8,45,945.7,7.0,0.0
2024-05-22T10:00,36.1,38,945.3,5.9,0.0
2024-05-22T11:00,38.0,32,945.2,4.4,0.0
2024-05-22T12:00,39.9,27,944.6,9.2,0.0
2024-05-22T13:00,33.9,38,943.9,13.0,0.3
2024-05-22T14:00,36.8,33,942.9,14.8,0.0
2024-05-22T15:00,35.5,37,942.2,16.6,0.0
2024-05-22T16:00,36.1,33,941.8,11.0,0.1
2024-05-22T17:00,35.6,34,941.4,10.7,0.0
2024-05-22T18:00,33.4,50,941.8,16.8,0.0
2024-05-22T19:00,31.5,67,941.8,20.4,0.0
2024-05-22T20:00,31.3,57,942.4,13.4,0.0
2024-05-22T21:00,30.5,63,943.4,6.2,0.0
2024-05-22T22:00,30.0,69,943.5,7.1,0.0
2024-05-22T23:00,29.1,74,943.2,8.4,0.0
2024-05-23T00:00,28.6,74,942.9,9.2,0.0
2024-05-23T01:00,28.3,73,942.0,6.6,0.0
2024-05-23T02:00,27.5,78,941.3,5.4,0.0
2024-05-23T03:00,26.5,86,941.0,8.3,0.0
2024-05-23T04:00,25.8,91,941.4,6.5,0.0
2024-05-23T05:00,25.4,94,941.8,6.5,0.0
2024-05-23T06:00,27.1,89,942.8,8.7,0.0
2024-05-23T07:00,29.3,79,944.1,4.3,0.0
2024-05-23T08:00,31.8,63,944.9,2.2,0.0
2024-05-23T09:00,33.7,53,944.8,7.2,0.0
2024-05-23T10:00,36.1,40,944.5,7.0,0.0
2024-05-23T11:00,37.8,33,943.9,10.8,0.0
2024-05-23T12:00,38.8,30,943.2,15.7,0.0
2024-05-23T13:00,32.4,55,943.4,19.5,2.4
2024-05-23T14:00,32.0,57,941.9,12.4,0.0
2024-05-23T15:00,34.0,50,941.3,15.1,0.1
2024-05-23T16:00,31.5,59,941.2,20.9,0.1
2024-05-23T17:00,32.2,59,941.0,18.0,0.1
2024-05-23T18:00,33.2,53,940.8,20.3,0.0
2024-05-23T19:00,30.5,72,940.9,16.6,0.0
2024-05-23T20:00,28.5,83,941.7,16.6,0.0
2024-05-23T21:00,27.6,85,942.1,13.7,0.0
2024-05-23T22:00,26.9,86,942.8,10.4,0.0
2024-05-23T23:00,26.3,86,942.5,13.5,0.0
2024-05-24T00:00,26.1,86,941.8,12.7,0.0
2024-05-24T01:00,25.7,88,941.2,13.8,0.0
2024-05-24T02:00,25.1,86,940.4,14.7,0.0
2024-05-24T03:00,24.7,82,940.0,13.0,0.0
2024-05-24T04:00,24.7,75,940.1,11.4,0.0
2024-05-24T05:00,24.8,69,940.5,11.8,0.0
2024-05-24T06:00,26.4,67,941.8,9.6,0.0
2024-05-24T07:00,28.3,63,942.9,11.6,0.0
2024-05-24T08:00,29.3,64,943.5,14.3,0.0
2024-05-24T09:00,30.4,64,943.7,18.0,0.0
2024-05-24T10:00,32.6,55,944.0,19.0,0.0
2024-05-24T11:00,33.9,49,944.0,18.1,0.0
2024-05-24T12:00,35.0,44,943.6,17.6,0.0
2024-05-24T13:00,35.9,41,943.1,17.7,0.0
2024-05-24T14:00,35.7,38,942.1,16.4,0.2
2024-05-24T15:00,35.5,33,941.5,17.1,0.0
2024-05-24T16:00,34.1,40,941.0,17.7,0.1
2024-05-24T17:00,33.4,40,941.2,19.1,0.0
2024-05-24T18:00,31.8,43,940.6,26.4,0.0
2024-05-24T19:00,29.2,57,941.2,20.2,0.0
2024-05-24T20:00,27.7,67,941.9,17.1,0.0
2024-05-24T21:00,26.6,76,942.7,17.1,0.0
2024-05-24T22:00,26.0,81,943.3,17.3,0.0
2024-05-24T23:00,25.4,82,943.4,16.6,0.0
2024-05-25T00:00,24.8,83,943.0,15.7,0.0
2024-05-25T01:00,24.4,83,942.5,16.4,0.0
2024-05-25T02:00,24.0,83,941.4,16.7,0.0
2024-05-25T03:00,23.9,81,940.9,15.5,0.0
2024-05-25T04:00,23.7,77,941.0,13.6,0.0
2024-05-25T05:00,23.6,76,941.6,14.9,0.0
2024-05-25T06:00,25.0,70,942.7,13.1,0.0
2024-05-25T07:00,26.5,75,944.4,9.5,0.0
2024-05-25T08:00,28.0,68,944.3,20.9,0.0
2024-05-25T09:00,28.4,66,943.7,27.4,0.0
2024-05-25T10:00,29.7,62,944.2,24.0,0.0
2024-05-25T11:00,31.5,56,943.8,24.3,0.0
2024-05-25T12:00,33.7,47,943.7,23.1,0.0
2024-05-25T13:00,34.1,44,943.3,24.3,0.0
2024-05-25T14:00,34.0,44,942.5,24.3,0.0
2024-05-25T15:00,33.8,44,941.7,24.3,0.0
2024-05-25T16:00,33.0,45,941.6,20.6,0.0
2024-05-25T17:00,31.3,50,941.8,19.2,0.0
2024-05-25T18:00,30.4,51,941.8,22.3,0.0
2024-05-25T19:00,27.6,69,942.8,21.2,0.0
2024-05-25T20:00,26.7,75,943.7,20.5,0.0
2024-05-25T21:00,25.9,80,944.3,19.6,0.0
2024-05-25T22:00,25.6,82,944.5,20.0,0.0
2024-05-25T23:00,25.3,84,944.3,18.9,0.0
2024-05-26T00:00,25.0,86,944.0,18.3,0.0
2024-05-26T01:00,24.8,85,943.6,18.1,0.0
2024-05-26T02:00,24.6,85,943.1,18.9,0.0
2024-05-26T03:00,24.5,83,942.6,19.1,0.0
2024-05-26T04:00,24.5,83,942.6,19.4,0.0
2024-05-26T05:00,24.4,83,943.0,17.6,0.0
2024-05-26T06:00,26.1,82,944.1,19.8,0.0
2024-05-26T07:00,27.0,79,944.4,24.2,0.0
2024-05-26T08:00,28.5,71,944.9,25.0,0.0
2024-05-26T09:00,30.0,62,945.1,24.6,0.0
2024-05-26T10:00,31.9,54,945.4,26.3,0.0
2024-05-26T11:00,33.0,50,945.2,25.6,0.0
2024-05-26T12:00,33.8,47,945.0,25.5,0.0
2024-05-26T13:00,34.3,45,943.9,26.2,0.0
2024-05-26T14:00,33.9,46,943.0,26.9,0.0
2024-05-26T15:00,33.3,47,942.4,25.2,0.0
2024-05-26T16:00,32.3,50,942.1,23.7,0.0
2024-05-26T17:00,30.7,54,941.7,24.5,0.0
2024-05-26T18:00,29.9,55,942.5,23.0,0.0
2024-05-26T19:00,27.9,67,942.9,20.9,0.0
2024-05-26T20:00,26.6,75,943.7,19.5,0.0
2024-05-26T21:00,26.1,78,944.6,16.8,0.0
2024-05-26T22:00,26.0,80,944.9,17.4,0.0
2024-05-26T23:00,25.4,84,944.7,16.2,0.0
2024-05-27T00:00,24.9,88,943.3,18.2,0.0
2024-05-27T01:00,24.8,90,943.1,16.3,0.0
2024-05-27T02:00,25.1,88,942.4,20.9,0.0
2024-05-27T03:00,25.1,87,942.3,20.0,0.0
2024-05-27T04:00,24.9,88,942.4,20.2,0.0
2024-05-27T05:00,25.1,85,942.4,22.4,0.0
2024-05-27T06:00,25.9,86,943.2,20.6,0.0
2024-05-27T07:00,26.5,81,943.3,23.9,0.0
2024-05-27T08:00,27.4,76,943.9,26.0,0.0
2024-05-27T09:00,27.9,74,944.4,24.5,0.0
2024-05-27T10:00,31.0,60,944.7,27.8,0.0
2024-05-27T11:00,32.6,54,944.9,24.8,0.0
2024-05-27T12:00,32.7,51,944.5,26.7,0.0
2024-05-27T13:00,32.1,52,943.8,25.3,0.0
2024-05-27T14:00,31.8,53,943.3,23.7,0.0
2024-05-27T15:00,30.8,54,942.6,24.1,0.0
2024-05-27T16:00,29.4,59,942.4,24.1,0.0
2024-05-27T17:00,28.6,63,942.2,23.4,0.0
2024-05-27T18:00,27.5,67,943.0,20.4,0.0
2024-05-27T19:00,26.2,74,943.3,19.7,0.0
2024-05-27T20:00,26.4,77,943.9,17.7,0.0
2024-05-27T21:00,26.2,81,944.0,17.5,0.0
2024-05-27T22:00,25.2,87,944.1,19.2,0.0
2024-05-27T23:00,25.4,87,943.9,18.8,0.0
2024-05-28T00:00,25.1,87,943.6,18.4,0.0
2024-05-28T01:00,24.7,89,943.1,19.1,0.0
2024-05-28T02:00,24.8,87,942.9,21.0,0.0
2024-05-28T03:00,24.5,87,942.7,21.0,0.0
2024-05-28T04:00,24.2,88,942.6,21.0,0.0
2024-05-28T05:00,24.4,87,942.8,20.7,0.0
2024-05-28T06:00,25.4,83,943.8,21.4,0.0
2024-05-28T07:00,26.6,76,944.4,23.0,0.0
2024-05-28T08:00,28.3,69,944.9,27.1,0.0
2024-05-28T09:00,30.0,60,945.4,31.0,0.0
2024-05-28T10:00,31.4,54,945.2,31.8,0.0
2024-05-28T11:00,32.2,50,944.9,31.0,0.0
2024-05-28T12:00,33.1,47,944.6,29.2,0.0
2024-05-28T13:00,34.1,42,944.1,28.7,0.0
2024-05-28T14:00,34.0,40,943.6,28.0,0.0
2024-05-28T15:00,33.4,42,942.9,27.0,0.0
2024-05-28T16:00,32.4,44,942.5,25.8,0.0
2024-05-28T17:00,30.9,49,942.4,24.9,0.0
2024-05-28T18:00,29.3,54,942.9,22.3,0.0
2024-05-28T19:00,27.4,65,943.5,19.8,0.0
2024-05-28T20:00,26.2,74,943.9,17.9,0.0
2024-05-28T21:00,25.3,79,944.2,15.7,0.0
2024-05-28T22:00,25.0,81,944.3,16.8,0.0
2024-05-28T23:00,24.3,85,943.9,18.6,0.0
2024-05-29T00:00,24.0,87,943.5,18.5,0.0
2024-05-29T01:00,23.8,88,943.0,19.8,0.0
2024-05-29T02:00,23.7,88,942.5,20.3,0.0
2024-05-29T03:00,23.6,87,942.3,20.3,0.0
2024-05-29T04:00,23.5,88,942.6,19.8,0.0
2024-05-29T05:00,23.6,86,943.0,19.8,0.0
2024-05-29T06:00,24.6,83,943.9,20.0,0.0
2024-05-29T07:00,26.4,72,944.6,21.8,0.0
2024-05-29T08:00,28.5,62,945.2,24.5,0.0
2024-05-29T09:00,30.0,56,945.8,22.3,0.0
2024-05-29T10:00,31.6,50,945.6,23.3,0.0
2024-05-29T11:00,32.9,45,945.2,25.0,0.0
2024-05-29T12:00,34.2,41,944.6,26.1,0.0
2024-05-29T13:00,34.4,40,944.1,27.8,0.0
2024-05-29T14:00,33.9,42,943.4,28.1,0.0
2024-05-29T15:00,33.1,43,942.9,27.4,0.0
2024-05-29T16:00,32.2,45,942.7,26.3,0.0
2024-05-29T17:00,30.5,52,942.6,25.6,0.0
2024-05-29T18:00,30.0,49,942.9,23.2,0.0
2024-05-29T19:00,27.7,64,943.4,20.5,0.0
2024-05-29T20:00,26.2,74,944.3,18.9,0.0
2024-05-29T21:00,25.5,79,945.1,16.7,0.0
2024-05-29T22:00,25.1,82,945.4,14.7,0.0
2024-05-29T23:00,24.9,83,945.5,14.6,0.0
2024-05-30T00:00,24.5,85,944.9,14.8,0.0
2024-05-30T01:00,24.2,86,944.0,16.2,0.0
2024-05-30T02:00,23.8,88,943.5,16.6,0.0
2024-05-30T03:00,23.6,89,943.4,16.6,0.0
2024-05-30T04:00,23.3,90,943.6,16.7,0.0
2024-05-30T05:00,23.3,89,943.9,16.0,0.0
2024-05-30T06:00,23.9,85,944.3,14.4,0.0
2024-05-30T07:00,26.1,74,945.2,22.7,0.0
2024-05-30T08:00,28.1,64,945.9,22.0,0.0
2024-05-30T09:00,30.1,54,946.4,20.7,0.0
2024-05-30T10:00,31.8,48,946.7,19.7,0.0
2024-05-30T11:00,33.5,43,946.3,19.6,0.0
2024-05-30T12:00,34.9,38,945.9,20.0,0.0
2024-05-30T13:00,35.8,35,945.1,20.5,0.0
2024-05-30T14:00,36.2,33,944.3,21.8,0.0
2024-05-30T15:00,35.5,35,943.9,22.8,0.0
2024-05-30T16:00,34.3,37,944.0,23.1,0.0
2024-05-30T17:00,32.3,44,944.1,21.2,0.0
2024-05-30T18:00,30.5,47,944.9,21.2,0.0
2024-05-30T19:00,28.5,59,945.6,17.3,0.0
2024-05-30T20:00,27.4,68,946.3,16.2,0.0
2024-05-30T21:00,26.6,76,947.0,15.6,0.0
2024-05-30T22:00,25.9,82,947.0,13.5,0.0
2024-05-30T23:00,25.4,86,946.5,14.2,0.0
2024-05-31T00:00,24.9,88,946.0,15.0,0.0
2024-05-31T01:00,24.6,89,945.1,15.9,0.0
2024-05-31T02:00,24.4,90,944.4,15.5,0.0
2024-05-31T03:00,24.1,92,944.4,14.8,0.0
2024-05-31T04:00,24.2,91,944.6,14.0,0.0
2024-05-31T05:00,24.1,92,945.0,13.7,0.0
2024-05-31T06:00,24.8,84,946.1,12.4,0.0
2024-05-31T07:00,26.7,75,947.0,14.1,0.0
2024-05-31T08:00,29.2,64,947.6,17.7,0.0
2024-05-31T09:00,31.5,54,947.8,19.8,0.0
2024-05-31T10:00,32.7,50,947.8,18.7,0.0
2024-05-31T11:00,34.4,43,947.3,18.5,0.0
2024-05-31T12:00,35.4,40,946.7,20.1,0.0
2024-05-31T13:00,35.8,39,946.0,20.5,0.0
2024-05-31T14:00,35.7,37,945.2,20.4,0.0
2024-05-31T15:00,35.4,37,944.8,20.3,0.0
2024-05-31T16:00,33.6,44,944.8,21.1,0.0
2024-05-31T17:00,32.1,50,945.0,20.3,0.0
2024-05-31T18:00,31.1,53,945.0,21.7,0.0
2024-05-31T19:00,29.4,61,945.1,19.9,0.0
2024-05-31T20:00,28.1,67,945.5,18.1,0.0
2024-05-31T21:00,26.6,80,945.9,16.3,0.0
2024-05-31T22:00,25.8,86,946.0,15.2,0.0
2024-05-31T23:00,25.3,91,945.9,17.0,0.0
2024-06-01T00:00,25.2,91,945.3,16.2,0.0
2024-06-01T01:00,25.4,88,944.8,13.7,0.0
2024-06-01T02:00,25.2,86,944.6,14.0,0.0
2024-06-01T03:00,24.7,88,944.4,13.7,0.0
2024-06-01T04:00,24.2,91,944.7,13.0,0.0
2024-06-01T05:00,24.0,91,944.9,13.4,0.0
2024-06-01T06:00,25.5,86,945.8,15.9,0.0
2024-06-01T07:00,27.1,76,946.7,17.9,0.0
2024-06-01T08:00,28.8,62,947.2,15.7,0.0
2024-06-01T09:00,30.9,52,947.7,15.7,0.0
2024-06-01T10:00,32.7,46,947.8,16.0,0.0
2024-06-01T11:00,34.0,41,947.2,16.3,0.0
2024-06-01T12:00,35.1,38,946.6,17.3,0.0
2024-06-01T13:00,35.7,37,945.8,18.4,0.0
2024-06-01T14:00,35.9,36,944.9,18.8,0.0
2024-06-01T15:00,35.4,38,944.6,19.9,0.0
2024-06-01T16:00,33.6,43,944.6,19.8,0.0
2024-06-01T17:00,31.6,51,944.6,18.3,0.1
2024-06-01T18:00,32.7,42,944.8,19.9,0.0
2024-06-01T19:00,30.4,56,944.8,20.2,0.0
2024-06-01T20:00,27.9,71,945.8,17.7,0.0
2024-06-01T21:00,26.9,77,946.3,16.3,0.0
2024-06-01T22:00,26.3,80,946.3,14.6,0.0
2024-06-01T23:00,25.7,83,946.4,13.8,0.0
2024-06-02T00:00,25.1,87,946.1,12.4,0.0
2024-06-02T01:00,25.0,87,945.6,12.0,0.0
2024-06-02T02:00,24.7,89,945.1,12.4,0.0
2024-06-02T03:00,24.6,88,944.9,13.1,0.0
2024-06-02T04:00,24.8,87,944.9,13.5,0.0
2024-06-02T05:00,24.9,85,945.4,13.0,0.0
2024-06-02T06:00,25.6,79,946.3,12.2,0.0
2024-06-02T07:00,26.9,70,947.2,13.0,0.0
2024-06-02T08:00,28.7,60,947.8,13.3,0.0
2024-06-02T09:00,30.8,50,947.9,13.5,0.0
2024-06-02T10:00,32.8,42,947.8,15.0,0.0
2024-06-02T11:00,34.4,38,947.5,16.2,0.0
2024-06-02T12:00,35.1,36,946.7,16.6,0.0
2024-06-02T13:00,35.5,36,946.2,17.5,0.0
2024-06-02T14:00,36.2,35,945.5,17.4,0.0
2024-06-02T15:00,35.4,37,944.7,16.9,0.0
2024-06-02T16:00,34.6,39,944.4,17.4,0.0
2024-06-02T17:00,33.5,42,944.7,17.2,0.0
2024-06-02T18:00,32.7,40,944.7,18.8,0.0
2024-06-02T19:00,30.8,44,945.2,17.0,0.0
2024-06-02T20:00,29.3,50,946.2,14.4,0.0
2024-06-02T21:00,28.3,55,946.8,10.9,0.0
2024-06-02T22:00,27.6,60,947.2,9.7,0.0
2024-06-02T23:00,26.7,66,947.1,11.0,0.0
2024-06-03T00:00,26.2,70,946.6,11.9,0.0
2024-06-03T01:00,25.6,73,946.0,10.2,0.0
2024-06-03T02:00,25.1,76,945.5,7.5,0.0
2024-06-03T03:00,24.6,79,945.1,9.3,0.0
2024-06-03T04:00,24.3,80,945.2,9.2,0.0
2024-06-03T05:00,24.2,80,945.8,10.3,0.0
2024-06-03T06:00,25.8,79,947.0,8.7,0.9
2024-06-03T07:00,26.5,76,947.5,6.3,0.1
2024-06-03T08:00,27.9,67,948.2,6.2,0.0
2024-06-03T09:00,30.0,56,948.1,6.8,0.0
2024-06-03T10:00,33.2,41,948.4,8.2,0.0
2024-06-03T11:00,35.3,34,947.9,7.4,0.0
2024-06-03T12:00,36.8,31,947.0,7.6,0.0
2024-06-03T13:00,37.4,31,946.0,9.2,0.0
2024-06-03T14:00,32.4,48,945.6,19.4,0.4
2024-06-03T15:00,34.1,43,944.8,17.7,0.4
2024-06-03T16:00,33.1,49,944.6,14.6,0.0
2024-06-03T17:00,32.4,52,944.8,12.0,0.2
2024-06-03T18:00,31.1,57,944.8,16.2,0.0
2024-06-03T19:00,29.7,62,945.4,16.4,0.0
2024-06-03T20:00,28.5,66,946.3,12.7,0.0
2024-06-03T21:00,27.8,71,946.9,12.2,0.0
2024-06-03T22:00,27.1,76,947.8,7.2,0.0
2024-06-03T23:00,26.6,81,947.2,11.6,0.1
2024-06-04T00:00,26.1,85,946.9,7.6,0.0
2024-06-04T01:00,25.8,86,946.4,7.3,0.0
2024-06-04T02:00,25.4,88,946.1,7.2,0.0
2024-06-04T03:00,25.1,89,945.9,6.8,0.0
2024-06-04T04:00,24.9,89,945.9,5.8,0.0
2024-06-04T05:00,24.6,90,946.1,4.7,0.0
2024-06-04T06:00,24.4,94,946.8,3.3,9.9
2024-06-04T07:00,24.1,93,947.6,3.1,6.5
2024-06-04T08:00,24.4,93,947.5,7.7,0.3
2024-06-04T09:00,25.1,87,948.5,7.2,0.4
2024-06-04T10:00,26.3,83,948.9,5.4,0.1
2024-06-04T11:00,28.6,74,948.4,5.6,0.5
2024-06-04T12:00,30.2,65,947.3,10.0,0.3
2024-06-04T13:00,31.4,60,946.6,16.5,0.1
2024-06-04T14:00,29.3,66,946.2,12.3,2.7
2024-06-04T15:00,28.9,65,945.7,16.3,0.0
2024-06-04T16:00,28.7,67,945.3,15.1,0.0
2024-06-04T17:00,29.0,65,945.4,13.7,0.0
2024-06-04T18:00,26.2,84,946.5,9.9,0.0
2024-06-04T19:00,25.3,86,946.9,8.4,0.0
2024-06-04T20:00,25.5,85,946.9,12.7,0.1
2024-06-04T21:00,25.2,87,947.2,12.3,0.1
2024-06-04T22:00,25.1,87,947.7,10.4,0.0
2024-06-04T23:00,24.9,88,947.6,8.3,0.0
2024-06-05T00:00,24.7,88,947.1,10.8,0.0
2024-06-05T01:00,24.5,89,946.4,10.2,0.0
2024-06-05T02:00,24.4,90,946.0,9.1,0.0
2024-06-05T03:00,24.4,90,945.7,9.3,0.0
2024-06-05T04:00,24.4,89,945.9,9.2,0.0
2024-06-05T05:00,24.5,88,946.3,7.3,0.0
2024-06-05T06:00,25.2,90,946.7,9.4,0.0
2024-06-05T07:00,26.5,82,947.6,9.8,0.0
2024-06-05T08:00,28.3,73,948.3,9.1,0.0
2024-06-05T09:00,30.0,65,948.8,9.7,0.1
2024-06-05T10:00,31.5,58,948.8,9.7,0.1
2024-06-05T11:00,33.2,49,948.2,8.9,0.1
2024-06-05T12:00,25.4,81,947.8,23.9,4.1
2024-06-05T13:00,27.3,76,947.4,11.8,2.4
2024-06-05T14:00,28.3,68,946.7,13.7,0.1
2024-06-05T15:00,29.8,63,945.6,17.6,0.1
2024-06-05T16:00,29.5,65,945.5,17.3,0.1
2024-06-05T17:00,28.7,68,945.5,14.4,0.0
2024-06-05T18:00,26.0,89,946.1,5.7,0.7
2024-06-05T19:00,26.0,86,946.5,6.2,0.1
2024-06-05T20:00,25.7,87,947.2,9.5,0.0
2024-06-05T21:00,25.3,87,947.3,7.7,0.0
2024-06-05T22:00,25.0,88,948.0,8.2,0.0
2024-06-05T23:00,24.8,88,947.9,11.0,0.0
2024-06-06T00:00,24.7,89,947.2,12.1,0.0
2024-06-06T01:00,24.4,90,946.6,11.3,0.0
2024-06-06T02:00,24.1,92,946.4,10.2,0.0
2024-06-06T03:00,23.9,93,946.4,8.4,0.0
2024-06-06T04:00,23.8,94,946.8,7.3,0.0
2024-06-06T05:00,23.6,94,947.1,6.8,0.0
2024-06-06T06:00,25.6,90,947.0,12.2,0.0
2024-06-06T07:00,26.4,85,947.9,12.2,0.1
2024-06-06T08:00,27.5,77,949.1,16.3,0.1
2024-06-06T09:00,28.5,70,949.3,17.5,0.0
2024-06-06T10:00,30.1,63,949.3,15.3,0.1
2024-06-06T11:00,31.8,55,949.0,13.4,0.1
2024-06-06T12:00,33.2,49,948.6,13.4,0.0
2024-06-06T13:00,33.6,47,948.0,14.3,0.0
2024-06-06T14:00,30.9,58,946.8,9.8,2.2
2024-06-06T15:00,30.2,59,946.3,7.3,0.1
2024-06-06T16:00,29.2,63,946.4,13.0,0.0
2024-06-06T17:00,28.3,69,946.0,13.0,0.0
2024-06-06T18:00,25.7,92,945.9,9.7,0.4
2024-06-06T19:00,25.4,93,946.5,9.0,0.6
2024-06-06T20:00,25.0,94,947.2,8.0,2.0
2024-06-06T21:00,24.9,94,947.8,5.5,0.2
2024-06-06T22:00,24.9,94,947.6,9.1,0.2
2024-06-06T23:00,24.9,93,947.7,10.4,0.0
2024-06-07T00:00,24.6,94,947.1,9.5,0.0
2024-06-07T01:00,24.5,94,946.7,9.8,0.0
2024-06-07T02:00,24.0,94,946.5,14.3,0.2
2024-06-07T03:00,23.9,94,945.8,8.2,0.0
2024-06-07T04:00,23.8,94,945.5,11.9,0.2
2024-06-07T05:00,23.6,95,945.6,10.5,0.2
2024-06-07T06:00,23.3,95,945.2,10.6,0.2
2024-06-07T07:00,24.6,87,946.6,10.0,0.0
2024-06-07T08:00,25.8,84,947.8,10.1,0.6
2024-06-07T09:00,27.3,75,947.8,7.1,0.1
2024-06-07T10:00,28.8,67,947.6,7.6,0.0
2024-06-07T11:00,30.8,56,946.8,9.2,0.0
2024-06-07T12:00,32.1,50,946.1,9.0,0.0
2024-06-07T13:00,32.8,47,945.3,7.9,0.0
2024-06-07T14:00,33.2,45,944.1,4.0,0.0
2024-06-07T15:00,33.9,44,943.4,6.4,0.0
2024-06-07T16:00,29.7,63,943.3,19.2,0.0
2024-06-07T17:00,29.0,65,943.0,16.4,0.1
2024-06-07T18:00,25.5,85,943.8,11.0,6.8
2024-06-07T19:00,23.8,91,944.2,15.6,5.4
2024-06-07T20:00,23.7,91,944.8,11.1,0.0
2024-06-07T21:00,23.6,91,945.6,9.0,0.0
2024-06-07T22:00,23.7,90,946.1,9.5,0.0
2024-06-07T23:00,23.7,92,946.2,9.7,0.0
2024-06-08T00:00,23.6,92,945.9,7.3,0.0
2024-06-08T01:00,23.5,94,945.2,7.6,0.0
2024-06-08T02:00,23.5,94,944.4,10.0,0.0
2024-06-08T03:00,23.6,94,944.1,8.0,0.0
2024-06-08T04:00,23.7,94,944.0,9.7,0.0
2024-06-08T05:00,23.7,93,944.2,10.8,0.0
2024-06-08T06:00,24.2,93,944.3,9.7,0.0
2024-06-08T07:00,25.2,85,945.6,12.0,0.0
2024-06-08T08:00,26.0,77,945.8,12.7,0.0
2024-06-08T09:00,27.9,62,946.1,12.8,0.0
2024-06-08T10:00,29.7,54,946.1,11.2,0.0
2024-06-08T11:00,31.2,50,945.7,9.2,0.0
2024-06-08T12:00,32.3,49,945.2,10.7,0.0
2024-06-08T13:00,32.2,50,944.1,12.0,0.0
2024-06-08T14:00,32.3,51,943.2,9.4,0.0
2024-06-08T15:00,27.8,67,942.5,17.3,0.2
2024-06-08T16:00,27.2,72,942.9,10.6,1.4
2024-06-08T17:00,25.8,84,942.2,4.8,0.7
2024-06-08T18:00,24.3,93,942.4,7.0,2.6
2024-06-08T19:00,24.3,93,943.5,2.7,2.4
2024-06-08T20:00,24.1,93,943.9,5.5,1.2
2024-06-08T21:00,24.0,94,944.5,7.5,0.4
2024-06-08T22:00,23.6,94,944.4,7.3,0.2
2024-06-08T23:00,23.6,93,944.5,7.3,0.2
2024-06-09T00:00,23.6,94,943.8,9.7,0.0
2024-06-09T01:00,23.6,95,943.2,10.5,0.0
2024-06-09T02:00,23.8,94,942.8,10.8,0.0
2024-06-09T03:00,23.7,93,942.6,12.3,0.0
2024-06-09T04:00,23.8,92,942.6,13.1,0.0
2024-06-09T05:00,23.5,93,942.7,11.5,0.0
2024-06-09T06:00,23.1,95,943.2,11.9,0.7
2024-06-09T07:00,23.2,94,944.2,13.7,0.4
2024-06-09T08:00,23.9,89,944.6,15.7,0.3
2024-06-09T09:00,24.8,87,945.2,12.0,0.3
2024-06-09T10:00,25.1,86,945.2,11.9,0.3
2024-06-09T11:00,26.7,76,945.4,12.4,0.2
2024-06-09T12:00,26.4,76,944.9,10.5,0.1
2024-06-09T13:00,26.3,76,944.3,10.6,0.4
2024-06-09T14:00,27.0,74,943.0,10.7,0.0
2024-06-09T15:00,26.8,74,942.7,16.1,0.0
2024-06-09T16:00,26.8,75,942.6,14.6,0.0
2024-06-09T17:00,26.8,74,942.8,15.3,0.0
2024-06-09T18:00,26.2,76,943.3,15.7,0.0
2024-06-09T19:00,25.2,82,943.9,11.8,0.0
2024-06-09T20:00,24.9,84,944.4,13.0,0.0
2024-06-09T21:00,24.5,86,945.1,13.3,0.0
2024-06-09T22:00,24.2,85,945.5,13.7,0.1
2024-06-09T23:00,24.0,83,945.3,13.0,0.0
2024-06-10T00:00,23.8,84,944.9,11.6,0.0
2024-06-10T01:00,23.4,89,944.8,11.3,0.6
2024-06-10T02:00,23.2,94,944.1,13.3,2.1
2024-06-10T03:00,23.0,95,943.6,13.8,4.3
2024-06-10T04:00,23.0,95,943.3,9.0,3.3
2024-06-10T05:00,23.1,95,943.7,9.9,2.0
2024-06-10T06:00,22.1,94,944.6,9.7,0.6
2024-06-10T07:00,22.8,94,945.1,9.4,0.1
2024-06-10T08:00,24.3,85,945.3,14.4,0.1
2024-06-10T09:00,24.9,81,945.5,13.7,0.0
2024-06-10T10:00,26.2,76,945.7,11.4,0.0
2024-06-10T11:00,26.4,74,945.8,11.7,0.0
2024-06-10T12:00,26.4,74,945.8,13.9,0.1
2024-06-10T13:00,26.6,75,945.1,13.8,0.4
2024-06-10T14:00,27.7,71,944.6,14.3,0.2
2024-06-10T15:00,27.5,71,944.0,18.2,0.0
2024-06-10T16:00,26.7,74,943.7,16.4,0.0
2024-06-10T17:00,26.5,75,943.8,17.1,0.0
2024-06-10T18:00,23.8,91,944.8,12.1,2.4
2024-06-10T19:00,23.9,93,945.4,13.8,0.9
2024-06-10T20:00,23.7,92,945.8,15.1,0.0
2024-06-10T21:00,23.5,91,946.4,13.1,0.0
2024-06-10T22:00,23.4,91,946.8,10.9,0.0
2024-06-10T23:00,23.4,91,946.6,13.1,0.0
2024-06-11T00:00,23.2,91,946.1,15.5,0.0
2024-06-11T01:00,23.1,90,945.4,13.2,0.0
2024-06-11T02:00,22.8,91,944.6,12.9,0.0
2024-06-11T03:00,22.7,92,944.3,11.0,0.0
2024-06-11T04:00,22.8,93,944.5,12.1,0.0
2024-06-11T05:00,23.1,93,944.6,13.6,0.0
2024-06-11T06:00,23.1,94,945.5,12.1,1.1
2024-06-11T07:00,23.4,92,946.3,4.5,1.3
2024-06-11T08:00,24.1,88,946.7,12.2,0.2
2024-06-11T09:00,25.6,81,947.0,15.6,0.1
2024-06-11T10:00,26.5,76,947.1,16.9,0.1
2024-06-11T11:00,26.7,75,946.9,14.9,0.1
2024-06-11T12:00,27.5,70,946.6,13.4,0.0
2024-06-11T13:00,27.9,68,945.4,14.8,0.0
2024-06-11T14:00,27.3,70,945.1,19.9,0.4
2024-06-11T15:00,27.4,73,944.6,16.6,0.1
2024-06-11T16:00,27.4,73,944.2,14.2,0.1
2024-06-11T17:00,24.2,88,944.6,14.8,2.7
2024-06-11T18:00,24.3,91,945.0,12.6,1.5
2024-06-11T19:00,23.9,90,945.2,14.4,0.2
2024-06-11T20:00,23.3,93,945.5,14.6,1.7
2024-06-11T21:00,23.3,94,946.3,11.9,7.5
2024-06-11T22:00,23.4,94,946.6,13.1,4.3
2024-06-11T23:00,23.2,94,946.7,11.7,0.5
2024-06-12T00:00,23.2,93,946.6,10.8,0.0
2024-06-12T01:00,23.2,94,946.1,11.9,0.1
2024-06-12T02:00,23.0,95,945.5,13.4,0.3
2024-06-12T03:00,22.9,95,945.2,14.2,0.5
2024-06-12T04:00,23.0,95,945.4,14.3,0.4
2024-06-12T05:00,23.0,95,945.8,11.7,0.2
2024-06-12T06:00,23.7,93,946.4,12.2,0.0
2024-06-12T07:00,24.6,88,947.0,16.7,0.0
2024-06-12T08:00,25.9,80,947.9,18.4,0.0
2024-06-12T09:00,27.1,74,948.3,18.1,0.0
2024-06-12T10:00,27.6,72,948.3,17.4,0.1
2024-06-12T11:00,27.0,79,948.2,12.2,5.3
2024-06-12T12:00,26.0,84,947.3,13.8,0.8
2024-06-12T13:00,28.0,73,946.9,12.6,0.4
2024-06-12T14:00,28.8,67,946.1,16.6,0.1
2024-06-12T15:00,26.6,77,945.8,16.9,0.7
2024-06-12T16:00,26.4,77,945.3,14.1,0.5
2024-06-12T17:00,25.9,80,945.0,15.2,0.1
2024-06-12T18:00,26.4,75,945.5,14.6,0.0
2024-06-12T19:00,25.0,81,946.0,13.1,0.0
2024-06-12T20:00,24.3,85,946.8,11.0,0.0
2024-06-12T21:00,24.1,88,947.4,9.6,0.0
2024-06-12T22:00,24.1,88,947.6,7.3,0.0
2024-06-12T23:00,23.9,90,947.3,8.7,0.0
2024-06-13T00:00,24.0,89,947.1,11.4,0.0
2024-06-13T01:00,23.6,90,946.4,10.9,0.0
2024-06-13T02:00,23.5,91,945.8,10.5,0.0
2024-06-13T03:00,23.2,93,945.6,9.3,0.0
2024-06-13T04:00,23.3,92,945.8,9.7,0.0
2024-06-13T05:00,23.5,90,946.2,12.2,0.0
2024-06-13T06:00,23.6,92,946.0,12.3,0.0
2024-06-13T07:00,24.9,85,946.5,16.2,0.0
2024-06-13T08:00,26.6,75,947.2,16.5,0.1
2024-06-13T09:00,26.8,75,947.8,15.2,0.2
2024-06-13T10:00,27.8,72,948.0,16.0,0.1
2024-06-13T11:00,26.8,78,948.3,12.4,4.4
2024-06-13T12:00,27.8,74,947.3,15.2,0.2
2024-06-13T13:00,28.2,70,946.2,15.5,1.3
2024-06-13T14:00,28.5,69,945.7,18.4,0.1
2024-06-13T15:00,28.8,70,945.0,16.3,0.9
2024-06-13T16:00,27.1,73,944.4,19.8,0.3
2024-06-13T17:00,26.1,77,944.8,19.0,1.4
2024-06-13T18:00,26.0,77,944.7,17.8,0.1
2024-06-13T19:00,24.4,82,945.0,13.6,0.0
2024-06-13T20:00,23.9,86,945.8,10.1,0.0
2024-06-13T21:00,24.0,88,946.3,7.8,0.0
2024-06-13T22:00,23.9,89,946.5,7.9,0.0
2024-06-13T23:00,23.7,89,946.8,10.1,0.0
2024-06-14T00:00,23.6,89,946.3,9.2,0.0
2024-06-14T01:00,23.6,89,945.8,9.9,0.0
2024-06-14T02:00,23.4,89,945.0,11.4,0.0
2024-06-14T03:00,23.3,90,944.9,11.5,0.0
2024-06-14T04:00,23.2,90,944.8,12.8,0.0
2024-06-14T05:00,22.9,91,944.5,12.4,0.0
2024-06-14T06:00,23.5,88,945.3,11.1,0.0
2024-06-14T07:00,24.4,83,945.9,13.1,0.0
2024-06-14T08:00,26.0,74,946.6,16.8,0.0
2024-06-14T09:00,27.0,70,946.9,17.0,0.0
2024-06-14T10:00,27.0,71,946.8,17.2,0.0
2024-06-14T11:00,26.7,73,946.3,16.4,0.1
2024-06-14T12:00,26.9,74,946.1,17.1,0.5
2024-06-14T13:00,28.9,66,945.6,16.3,0.0
2024-06-14T14:00,26.6,73,944.8,17.9,0.3
2024-06-14T15:00,26.6,73,944.3,18.8,0.2
2024-06-14T16:00,26.2,74,944.2,20.6,0.1
2024-06-14T17:00,26.0,77,944.0,18.9,0.0
2024-06-14T18:00,25.9,73,944.0,16.1,0.0
2024-06-14T19:00,24.8,79,944.8,11.2,0.0
2024-06-14T20:00,24.2,82,945.3,9.4,0.0
2024-06-14T21:00,23.8,85,945.9,8.1,0.0
2024-06-14T22:00,23.4,88,946.5,7.1,0.0
2024-06-14T23:00,23.5,89,946.7,6.8,0.0
2024-06-15T00:00,23.6,88,946.2,8.9,0.0
2024-06-15T01:00,23.4,89,945.3,7.1,0.0
2024-06-15T02:00,23.3,90,944.6,6.6,0.0
2024-06-15T03:00,23.7,87,944.1,9.0,0.0
2024-06-15T04:00,23.8,87,944.0,10.8,0.0
2024-06-15T05:00,23.7,87,944.1,11.5,0.0
2024-06-15T06:00,23.0,89,944.5,10.0,0.0
2024-06-15T07:00,24.1,84,945.2,15.7,0.0
2024-06-15T08:00,25.5,78,945.7,13.4,0.0
2024-06-15T09:00,26.3,75,946.0,13.5,0.4
2024-06-15T10:00,28.0,69,945.9,10.5,0.2
2024-06-15T11:00,28.7,66,945.6,12.9,0.0
2024-06-15T12:00,29.3,63,945.0,11.3,0.0
2024-06-15T13:00,26.3,77,944.7,15.6,1.4
2024-06-15T14:00,28.9,67,944.1,13.9,0.2
2024-06-15T15:00,26.0,79,943.7,15.5,0.5
2024-06-15T16:00,27.7,71,943.2,16.0,0.1
2024-06-15T17:00,27.0,71,943.0,14.8,0.1
2024-06-15T18:00,26.5,75,943.4,11.3,0.3
2024-06-15T19:00,25.2,81,944.0,11.4,0.1
2024-06-15T20:00,24.3,87,945.2,7.2,0.1
2024-06-15T21:00,24.0,88,945.8,8.2,0.0
2024-06-15T22:00,23.6,89,946.2,7.0,0.0
2024-06-15T23:00,23.3,91,946.2,4.9,0.0
2024-06-16T00:00,23.1,92,945.4,8.9,0.0
2024-06-16T01:00,23.0,92,944.7,9.0,0.0
2024-06-16T02:00,22.8,94,944.2,9.5,0.0
2024-06-16T03:00,22.6,95,944.3,9.2,0.0
2024-06-16T04:00,23.1,92,944.7,10.3,0.0
2024-06-16T05:00,23.2,92,945.0,9.3,0.0
2024-06-16T06:00,23.3,89,945.1,8.5,0.0
2024-06-16T07:00,24.6,82,945.7,9.5,0.0
2024-06-16T08:00,26.0,75,946.1,9.0,0.0
2024-06-16T09:00,27.1,70,946.6,8.0,0.0
2024-06-16T10:00,28.0,67,946.6,7.3,0.1
2024-06-16T11:00,29.3,61,946.2,6.4,0.1
2024-06-16T12:00,29.8,60,945.5,6.1,0.2
2024-06-16T13:00,30.5,59,944.7,10.3,0.0
2024-06-16T14:00,27.3,74,944.3,15.9,1.6
2024-06-16T15:00,27.6,72,943.7,14.6,2.0
2024-06-16T16:00,27.4,73,943.6,13.1,0.1
2024-06-16T17:00,25.3,83,943.7,11.3,3.7
2024-06-16T18:00,25.8,82,944.0,12.8,0.2
2024-06-16T19:00,25.0,86,944.6,9.0,0.3
2024-06-16T20:00,24.3,91,945.4,7.2,0.3
2024-06-16T21:00,24.0,93,945.7,9.3,0.0
2024-06-16T22:00,23.7,93,946.3,4.2,0.0
2024-06-16T23:00,23.7,93,946.0,10.7,0.1
2024-06-17T00:00,23.4,95,945.3,8.6,0.3
2024-06-17T01:00,23.4,94,944.7,8.0,0.0
2024-06-17T02:00,23.3,95,944.3,6.8,0.0
2024-06-17T03:00,23.2,95,944.1,7.8,0.0
2024-06-17T04:00,23.0,96,944.2,8.7,0.0
2024-06-17T05:00,22.8,96,944.3,8.4,0.0
2024-06-17T06:00,23.5,91,945.5,8.0,0.0
2024-06-17T07:00,24.4,87,946.2,8.4,0.0
2024-06-17T08:00,25.6,80,946.4,10.1,0.0
2024-06-17T09:00,27.0,73,946.6,10.5,0.0
2024-06-17T10:00,28.5,66,946.7,11.7,0.0
2024-06-17T11:00,29.6,62,946.4,10.7,0.0
2024-06-17T12:00,30.3,59,946.1,10.0,0.0
2024-06-17T13:00,30.6,57,945.5,12.3,0.0
2024-06-17T14:00,27.6,73,945.1,17.1,2.0
2024-06-17T15:00,28.0,76,944.4,11.3,1.7
2024-06-17T16:00,26.6,77,944.1,13.0,1.8
2024-06-17T17:00,26.9,76,944.2,12.6,0.1
2024-06-17T18:00,26.4,77,944.3,16.0,0.0
2024-06-17T19:00,25.2,82,945.3,13.1,0.0
2024-06-17T20:00,24.6,86,946.0,9.5,0.0
2024-06-17T21:00,24.3,88,946.6,6.8,0.0
2024-06-17T22:00,24.4,89,947.3,8.8,0.0
2024-06-17T23:00,24.1,89,947.0,7.8,0.0
2024-06-18T00:00,24.0,90,946.5,8.5,0.0
2024-06-18T01:00,23.9,89,945.7,10.0,0.0
2024-06-18T02:00,23.6,91,945.0,9.7,0.0
2024-06-18T03:00,23.4,92,944.3,10.1,0.1
2024-06-18T04:00,23.2,93,944.1,11.2,0.0
2024-06-18T05:00,23.2,92,944.5,11.6,0.0
2024-06-18T06:00,23.6,90,945.1,10.9,0.0
2024-06-18T07:00,24.7,84,945.6,16.1,0.0
2024-06-18T08:00,26.1,77,946.0,16.3,0.0
2024-06-18T09:00,27.2,72,946.3,16.6,0.3
2024-06-18T10:00,28.0,69,946.7,16.2,0.3
2024-06-18T11:00,29.1,64,946.4,17.9,0.2
2024-06-18T12:00,29.6,63,945.6,17.7,0.1
2024-06-18T13:00,29.6,63,944.6,19.6,0.1
2024-06-18T14:00,28.7,67,944.1,23.2,0.3
2024-06-18T15:00,27.2,76,943.8,21.9,3.7
2024-06-18T16:00,25.3,81,943.7,19.3,14.2
2024-06-18T17:00,25.5,82,943.5,21.1,0.2
2024-06-18T18:00,25.9,78,944.0,19.6,0.0
2024-06-18T19:00,24.7,84,944.1,16.4,0.0
2024-06-18T20:00,24.3,84,944.8,15.9,0.0
2024-06-18T21:00,24.3,86,945.6,13.4,0.0
2024-06-18T22:00,24.2,86,945.9,13.9,0.0
2024-06-18T23:00,23.9,88,945.7,13.8,0.0
2024-06-19T00:00,23.5,89,944.7,15.3,0.0
2024-06-19T01:00,23.2,90,944.1,14.9,0.0
2024-06-19T02:00,23.1,92,943.3,14.9,0.0
2024-06-19T03:00,23.3,92,943.0,14.4,0.0
2024-06-19T04:00,23.7,90,943.2,14.2,0.0
2024-06-19T05:00,23.6,90,943.5,13.2,0.0
2024-06-19T06:00,23.6,87,943.5,14.6,0.0
2024-06-19T07:00,24.5,84,943.8,18.8,0.0
2024-06-19T08:00,25.5,80,944.2,19.2,0.1
2024-06-19T09:00,26.1,77,944.9,20.3,0.1
2024-06-19T10:00,26.6,74,945.0,19.8,0.3
2024-06-19T11:00,26.7,74,944.6,19.2,0.2
2024-06-19T12:00,27.0,72,944.1,20.5,0.1
2024-06-19T13:00,27.7,70,943.5,21.1,0.1
2024-06-19T14:00,27.8,67,942.8,23.2,0.2
2024-06-19T15:00,27.7,69,942.3,22.8,0.4
2024-06-19T16:00,26.9,71,941.7,21.4,0.3
2024-06-19T17:00,25.9,76,941.8,21.2,0.0
2024-06-19T18:00,25.1,80,942.2,18.3,0.0
2024-06-19T19:00,24.3,84,942.4,15.3,0.0
2024-06-19T20:00,23.9,87,943.0,14.6,0.0
2024-06-19T21:00,23.8,88,943.4,15.8,0.0
2024-06-19T22:00,24.0,88,943.6,15.7,0.0
2024-06-19T23:00,23.5,90,943.7,14.8,0.0
2024-06-20T00:00,23.9,88,943.6,14.3,0.0
2024-06-20T01:00,23.5,90,942.8,14.3,0.0
2024-06-20T02:00,23.3,90,942.1,13.5,0.1
2024-06-20T03:00,23.4,89,942.0,12.2,0.0
2024-06-20T04:00,23.4,89,941.7,13.1,0.0
2024-06-20T05:00,23.2,90,942.0,12.3,0.0
2024-06-20T06:00,23.7,90,942.1,12.7,0.0
2024-06-20T07:00,24.3,87,942.9,17.7,0.0
2024-06-20T08:00,25.0,83,943.0,22.5,0.0
2024-06-20T09:00,26.4,76,943.8,23.6,0.0
2024-06-20T10:00,27.3,71,944.2,23.7,0.0
2024-06-20T11:00,28.2,68,944.1,23.5,0.1
2024-06-20T12:00,29.0,67,943.5,23.3,0.2
2024-06-20T13:00,27.4,72,943.0,23.6,0.6
2024-06-20T14:00,27.8,72,942.4,23.1,1.1
2024-06-20T15:00,26.7,76,941.8,23.3,0.5
2024-06-20T16:00,26.7,76,941.4,23.5,0.1
2024-06-20T17:00,26.1,77,941.5,20.9,0.1
2024-06-20T18:00,23.9,91,941.3,7.6,0.6
2024-06-20T19:00,23.9,93,941.3,8.9,0.0
2024-06-20T20:00,23.8,92,942.7,11.1,0.0
2024-06-20T21:00,23.7,93,943.4,12.7,0.0
2024-06-20T22:00,23.7,93,943.9,13.0,0.0
2024-06-20T23:00,23.6,93,943.9,13.6,0.0
2024-06-21T00:00,23.6,92,943.5,14.4,0.0
2024-06-21T01:00,23.6,91,942.9,15.0,0.0
2024-06-21T02:00,23.4,91,942.4,14.2,0.0
2024-06-21T03:00,23.7,89,942.0,13.9,0.0
2024-06-21T04:00,23.6,88,942.0,14.0,0.0
2024-06-21T05:00,23.5,89,942.2,14.3,0.0
2024-06-21T06:00,24.4,86,942.7,19.8,0.0
2024-06-21T07:00,24.9,85,943.4,16.8,0.0
2024-06-21T08:00,25.2,83,943.9,19.2,0.0
2024-06-21T09:00,26.0,80,944.5,20.1,0.0
2024-06-21T10:00,27.3,74,944.6,21.2,0.1
2024-06-21T11:00,27.6,72,944.2,22.7,0.1
2024-06-21T12:00,27.5,73,944.0,23.4,0.1
2024-06-21T13:00,29.3,66,943.5,23.5,0.2
2024-06-21T14:00,29.4,64,943.0,23.8,0.0
2024-06-21T15:00,28.7,67,942.3,22.6,0.1
2024-06-21T16:00,28.4,67,941.9,20.1,0.0
2024-06-21T17:00,27.7,71,941.6,19.4,0.0
2024-06-21T18:00,26.9,72,941.6,17.1,0.0
2024-06-21T19:00,25.5,80,942.1,16.9,0.0
2024-06-21T20:00,24.4,86,943.0,13.8,0.0
2024-06-21T21:00,24.0,89,943.5,14.8,0.0
2024-06-21T22:00,24.2,89,944.3,14.0,0.0
2024-06-21T23:00,24.0,90,943.8,13.7,0.0
2024-06-22T00:00,23.5,90,943.0,13.4,0.0
2024-06-22T01:00,23.6,87,942.5,13.5,0.0
2024-06-22T02:00,23.1,89,941.5,13.7,0.0
2024-06-22T03:00,22.9,90,941.1,12.9,0.0
2024-06-22T04:00,22.8,90,941.0,11.2,0.0
2024-06-22T05:00,22.8,91,941.4,10.9,0.0
2024-06-22T06:00,23.6,87,941.7,10.9,0.0
2024-06-22T07:00,24.2,84,942.3,14.5,0.0
2024-06-22T08:00,25.3,80,943.0,16.8,0.0
2024-06-22T09:00,26.5,75,943.1,16.7,0.1
2024-06-22T10:00,27.4,72,943.5,14.3,0.1
2024-06-22T11:00,28.2,71,943.1,15.2,0.1
2024-06-22T12:00,29.3,67,942.6,15.7,0.1
2024-06-22T13:00,29.7,64,941.8,17.5,0.0
2024-06-22T14:00,29.1,66,940.7,19.6,0.1
2024-06-22T15:00,29.8,64,940.2,17.7,0.0
2024-06-22T16:00,29.4,62,940.1,20.5,0.0
2024-06-22T17:00,27.8,68,940.3,19.3,0.0
2024-06-22T18:00,27.5,67,940.2,15.5,0.0
2024-06-22T19:00,26.2,76,941.1,14.8,0.0
2024-06-22T20:00,25.2,82,941.9,12.3,0.0
2024-06-22T21:00,24.7,84,942.6,11.8,0.0
2024-06-22T22:00,24.6,85,942.9,11.6,0.0
2024-06-22T23:00,24.4,85,942.7,10.6,0.0
2024-06-23T00:00,24.2,86,942.2,10.5,0.0
2024-06-23T01:00,23.7,88,941.5,12.6,0.0
2024-06-23T02:00,23.3,90,940.7,12.9,0.0
2024-06-23T03:00,23.3,91,940.9,9.4,0.0
2024-06-23T04:00,23.2,91,940.7,10.1,0.0
2024-06-23T05:00,23.4,90,940.9,13.0,0.0
2024-06-23T06:00,23.3,89,941.4,6.6,0.0
2024-06-23T07:00,24.4,85,942.0,7.6,0.0
2024-06-23T08:00,26.3,78,942.3,8.0,0.0
2024-06-23T09:00,27.7,73,942.3,9.3,0.0
2024-06-23T10:00,29.0,68,942.4,7.4,0.0
2024-06-23T11:00,29.5,65,942.4,7.6,0.1
2024-06-23T12:00,30.3,62,941.6,8.2,0.0
2024-06-23T13:00,29.2,64,940.3,11.8,0.3
2024-06-23T14:00,28.7,65,939.6,14.1,0.2
2024-06-23T15:00,28.3,66,939.2,15.5,0.4
2024-06-23T16:00,27.9,69,938.9,14.7,0.1
2024-06-23T17:00,25.7,80,939.2,10.9,0.9
2024-06-23T18:00,25.9,80,939.1,14.7,0.4
2024-06-23T19:00,24.8,85,939.7,13.1,0.1
2024-06-23T20:00,24.1,89,940.6,11.0,0.0
2024-06-23T21:00,23.8,89,941.0,9.2,0.0
2024-06-23T22:00,23.8,89,941.1,8.2,0.0
2024-06-23T23:00,23.5,91,941.2,10.0,0.0
2024-06-24T00:00,23.2,93,940.9,8.2,0.0
2024-06-24T01:00,23.3,92,940.5,9.0,0.0
2024-06-24T02:00,23.4,92,939.6,8.9,0.2
2024-06-24T03:00,23.2,92,939.5,9.6,0.0
2024-06-24T04:00,23.3,92,939.3,10.2,0.0
2024-06-24T05:00,23.3,92,939.4,8.7,0.0
2024-06-24T06:00,23.3,91,939.9,5.1,0.0
2024-06-24T07:00,24.2,86,940.6,5.8,0.0
2024-06-24T08:00,25.1,81,940.7,6.4,0.0
2024-06-24T09:00,27.0,71,940.9,5.1,0.0
2024-06-24T10:00,28.0,67,940.8,1.5,0.0
2024-06-24T11:00,29.2,63,940.3,4.0,0.0
2024-06-24T12:00,29.8,60,939.6,5.6,0.3
2024-06-24T13:00,30.8,58,939.0,8.4,0.4
2024-06-24T14:00,28.4,68,938.4,16.2,0.5
2024-06-24T15:00,29.0,72,937.9,10.8,0.7
2024-06-24T16:00,27.0,77,937.6,13.4,3.2
2024-06-24T17:00,27.5,75,937.4,14.2,0.1
2024-06-24T18:00,26.9,74,937.8,14.5,0.0
2024-06-24T19:00,25.5,81,938.4,12.9,0.0
2024-06-24T20:00,24.7,85,939.1,11.7,0.0
2024-06-24T21:00,24.5,87,939.7,10.5,0.0
2024-06-24T22:00,24.3,88,939.7,9.2,0.0
2024-06-24T23:00,24.1,89,939.8,10.2,0.0
2024-06-25T00:00,24.1,89,939.4,10.0,0.0
2024-06-25T01:00,24.0,89,939.0,8.9,0.0
2024-06-25T02:00,23.9,90,938.6,9.2,0.0
2024-06-25T03:00,24.0,89,938.4,7.4,0.0
2024-06-25T04:00,23.9,90,938.1,7.3,0.0
2024-06-25T05:00,24.2,89,938.3,6.9,0.0
2024-06-25T06:00,24.6,85,939.0,8.4,0.0
2024-06-25T07:00,24.9,84,939.3,6.7,0.0
2024-06-25T08:00,25.6,82,939.7,9.9,0.0
2024-06-25T09:00,27.0,75,939.8,10.0,0.0
2024-06-25T10:00,28.6,68,939.8,12.1,0.1
2024-06-25T11:00,28.4,67,939.4,12.9,0.3
2024-06-25T12:00,28.7,69,938.8,12.3,0.2
2024-06-25T13:00,29.4,67,938.2,17.7,0.1
2024-06-25T14:00,28.6,72,937.7,16.8,0.7
2024-06-25T15:00,26.9,78,937.2,22.3,1.0
2024-06-25T16:00,26.6,80,936.7,21.4,1.0
2024-06-25T17:00,26.4,81,936.7,19.4,0.1
2024-06-25T18:00,25.9,80,936.1,10.0,0.4
2024-06-25T19:00,25.5,82,937.3,9.3,0.1
2024-06-25T20:00,25.1,85,938.3,15.5,0.0
2024-06-25T21:00,24.7,87,939.3,17.2,0.0
2024-06-25T22:00,24.3,89,939.4,16.5,0.0
2024-06-25T23:00,24.2,88,939.5,18.4,0.0
2024-06-26T00:00,23.9,88,938.9,18.3,0.0
2024-06-26T01:00,23.7,90,938.2,14.8,0.0
2024-06-26T02:00,23.9,88,937.7,14.4,0.0
2024-06-26T03:00,24.1,88,937.8,13.0,0.0
2024-06-26T04:00,24.1,88,937.9,12.5,0.0
2024-06-26T05:00,24.1,88,937.8,11.8,0.0
2024-06-26T06:00,24.0,88,937.7,12.6,0.0
2024-06-26T07:00,24.6,86,938.0,9.7,0.0
2024-06-26T08:00,25.4,83,938.6,10.7,0.0
2024-06-26T09:00,26.4,81,939.1,14.2,0.0
2024-06-26T10:00,27.6,75,939.5,20.6,0.0
2024-06-26T11:00,28.2,73,939.3,20.9,0.1
2024-06-26T12:00,29.2,70,939.1,24.4,0.5
2024-06-26T13:00,29.7,68,938.6,24.4,0.1
2024-06-26T14:00,29.0,69,937.6,24.8,1.1
2024-06-26T15:00,27.8,73,937.3,26.7,0.8
2024-06-26T16:00,26.4,81,936.8,20.3,0.2
2024-06-26T17:00,25.8,83,937.0,19.8,0.1
2024-06-26T18:00,24.7,92,937.9,13.8,1.6
2024-06-26T19:00,24.4,92,938.7,16.5,0.7
2024-06-26T20:00,24.5,91,939.8,15.0,0.1
2024-06-26T21:00,24.2,92,940.6,14.5,0.0
2024-06-26T22:00,24.1,91,940.5,16.6,0.0
2024-06-26T23:00,23.7,93,940.8,16.6,0.0
2024-06-27T00:00,24.0,91,940.1,15.6,0.0
2024-06-27T01:00,24.0,91,939.8,13.3,0.0
2024-06-27T02:00,24.1,90,939.3,11.9,0.0
2024-06-27T03:00,24.1,91,939.3,10.0,0.0
2024-06-27T04:00,24.0,91,939.2,9.7,0.0
2024-06-27T05:00,24.1,90,939.5,10.6,0.0
2024-06-27T06:00,23.4,88,939.7,8.0,0.0
2024-06-27T07:00,24.1,85,940.2,10.5,0.0
2024-06-27T08:00,24.9,82,940.8,12.1,0.0
2024-06-27T09:00,25.6,80,941.5,18.3,0.0
2024-06-27T10:00,26.9,75,942.0,21.4,0.0
2024-06-27T11:00,27.2,74,942.0,24.4,0.2
2024-06-27T12:00,26.7,76,941.5,24.5,0.4
2024-06-27T13:00,26.9,77,941.0,27.7,0.4
2024-06-27T14:00,27.6,73,940.2,26.8,0.1
2024-06-27T15:00,27.3,74,939.9,28.4,0.1
2024-06-27T16:00,26.5,77,939.6,26.3,0.1
2024-06-27T17:00,25.7,80,939.6,22.0,0.1
2024-06-27T18:00,24.1,87,940.1,15.0,0.4
2024-06-27T19:00,23.9,88,941.3,17.9,0.1
2024-06-27T20:00,23.8,88,941.8,16.2,0.1
2024-06-27T21:00,23.6,89,942.3,16.7,0.0
2024-06-27T22:00,23.6,89,942.8,16.9,0.1
2024-06-27T23:00,23.6,90,942.8,17.4,0.1
2024-06-28T00:00,23.9,89,942.3,18.9,0.1
2024-06-28T01:00,23.7,90,941.4,18.8,0.1
2024-06-28T02:00,23.9,89,941.1,16.4,0.1
2024-06-28T03:00,23.7,90,940.8,16.0,0.1
2024-06-28T04:00,23.8,89,940.7,18.5,0.1
2024-06-28T05:00,23.7,88,940.8,18.8,0.0
2024-06-28T06:00,23.6,92,941.2,18.6,0.6
2024-06-28T07:00,24.4,88,942.0,19.9,0.1
2024-06-28T08:00,24.9,85,942.4,21.4,0.0
2024-06-28T09:00,26.5,77,942.9,26.2,0.0
2024-06-28T10:00,26.9,76,942.7,26.6,0.2
2024-06-28T11:00,27.8,73,942.8,28.8,0.3
2024-06-28T12:00,26.7,80,942.6,25.6,5.5
2024-06-28T13:00,26.9,79,941.8,25.3,1.3
2024-06-28T14:00,27.0,77,941.3,28.2,0.8
2024-06-28T15:00,26.9,77,941.1,26.3,0.4
2024-06-28T16:00,26.0,78,940.6,23.9,1.1
2024-06-28T17:00,25.4,83,940.4,20.9,0.1
2024-06-28T18:00,25.4,82,940.7,17.1,0.0
2024-06-28T19:00,24.5,85,941.1,18.0,0.1
2024-06-28T20:00,24.2,87,942.0,16.5,0.1
2024-06-28T21:00,24.0,89,942.5,14.3,0.3
2024-06-28T22:00,23.8,90,942.8,14.3,0.1
2024-06-28T23:00,23.8,90,942.7,15.5,0.0
2024-06-29T00:00,23.5,89,942.2,14.8,0.0
2024-06-29T01:00,23.4,89,941.9,12.3,0.0
2024-06-29T02:00,23.4,89,941.3,13.2,0.0
2024-06-29T03:00,23.5,89,941.1,13.8,0.1
2024-06-29T04:00,23.3,89,941.6,14.3,0.0
2024-06-29T05:00,23.1,90,941.7,16.3,0.0
2024-06-29T06:00,24.0,86,942.0,14.1,0.0
2024-06-29T07:00,24.7,83,942.8,14.8,0.0
2024-06-29T08:00,25.7,80,943.3,16.4,0.0
2024-06-29T09:00,26.2,78,943.8,17.4,0.0
2024-06-29T10:00,26.7,77,944.2,18.8,0.0
2024-06-29T11:00,27.5,73,944.0,21.9,0.2
2024-06-29T12:00,28.3,71,943.9,23.7,0.3
2024-06-29T13:00,28.1,71,943.6,25.2,0.2
2024-06-29T14:00,28.4,71,942.9,26.1,0.4
2024-06-29T15:00,28.0,70,942.3,27.6,0.4
2024-06-29T16:00,27.2,75,941.9,24.3,0.1
2024-06-29T17:00,26.5,78,942.1,22.2,0.0
2024-06-29T18:00,25.6,81,942.4,15.7,0.0
2024-06-29T19:00,24.8,84,942.9,12.6,0.0
2024-06-29T20:00,24.4,86,943.7,12.3,0.0
2024-06-29T21:00,23.9,89,944.4,11.0,0.0
2024-06-29T22:00,24.3,87,944.6,11.5,0.0
2024-06-29T23:00,24.2,87,944.4,13.5,0.0
2024-06-30T00:00,23.8,88,943.6,12.5,0.0
2024-06-30T01:00,23.7,88,943.0,12.7,0.0
2024-06-30T02:00,23.8,87,942.5,13.8,0.0
2024-06-30T03:00,23.5,88,942.5,12.2,0.0
2024-06-30T04:00,23.5,88,942.5,11.5,0.1
2024-06-30T05:00,23.4,89,942.8,12.8,0.0
2024-06-30T06:00,24.4,89,942.3,16.8,0.1
2024-06-30T07:00,24.7,86,943.3,17.5,0.0
2024-06-30T08:00,25.3,83,943.5,14.3,0.1
2024-06-30T09:00,26.1,80,944.1,19.6,0.0
2024-06-30T10:00,26.5,78,944.6,20.0,0.0
2024-06-30T11:00,27.5,74,944.3,23.7,0.2
2024-06-30T12:00,27.9,74,943.5,24.9,0.2
2024-06-30T13:00,27.3,75,943.1,26.1,1.4
2024-06-30T14:00,26.8,79,942.5,23.9,0.5
2024-06-30T15:00,26.4,80,942.1,23.8,1.5
2024-06-30T16:00,25.9,81,941.9,24.3,0.1
2024-06-30T17:00,25.4,85,942.0,19.1,0.1
2024-06-30T18:00,25.1,84,942.2,14.5,0.1
2024-06-30T19:00,24.5,86,942.9,17.6,0.1
2024-06-30T20:00,23.8,88,943.1,19.2,0.1
2024-06-30T21:00,23.9,89,944.3,16.4,0.1
2024-06-30T22:00,23.8,89,944.2,17.3,0.0
2024-06-30T23:00,23.7,89,944.1,19.3,0.0
2024-07-01T00:00,23.8,88,943.7,20.9,0.0
2024-07-01T01:00,23.8,88,942.8,20.0,0.0
2024-07-01T02:00,23.6,88,941.9,19.2,0.1
2024-07-01T03:00,23.4,89,941.6,18.9,0.0
2024-07-01T04:00,23.5,87,941.4,20.4,0.0
2024-07-01T05:00,23.6,87,941.6,19.6,0.0
2024-07-01T06:00,23.8,88,942.1,19.5,0.0
2024-07-01T07:00,23.9,86,942.6,20.9,0.0
2024-07-01T08:00,24.4,85,943.1,16.9,0.1
2024-07-01T09:00,25.2,82,943.6,22.4,0.0
2024-07-01T10:00,26.5,77,943.7,28.5,0.2
2024-07-01T11:00,27.2,74,943.4,29.7,0.4
2024-07-01T12:00,27.1,74,943.1,32.1,0.4
2024-07-01T13:00,26.6,78,942.3,29.3,0.4
2024-07-01T14:00,26.8,77,941.7,28.3,0.2
2024-07-01T15:00,25.2,82,941.6,24.5,0.6
2024-07-01T16:00,25.1,83,941.1,24.4,0.3
2024-07-01T17:00,24.7,86,941.0,21.5,0.4
2024-07-01T18:00,24.4,85,941.2,19.7,0.2
2024-07-01T19:00,23.6,88,941.3,20.4,0.3
2024-07-01T20:00,23.2,90,942.2,21.5,0.5
2024-07-01T21:00,23.3,89,942.5,22.5,0.2
2024-07-01T22:00,22.5,91,942.9,20.1,0.3
2024-07-01T23:00,22.7,90,942.6,19.8,0.3
2024-07-02T00:00,22.6,91,941.7,23.6,0.4
2024-07-02T01:00,22.5,90,940.8,21.9,0.2
2024-07-02T02:00,22.6,91,940.2,21.1,0.1
2024-07-02T03:00,22.5,93,939.9,19.1,0.6
2024-07-02T04:00,23.0,92,940.0,20.2,1.0
2024-07-02T05:00,23.0,92,940.7,20.5,0.7
2024-07-02T06:00,23.3,90,940.7,22.2,0.2
2024-07-02T07:00,23.6,87,941.0,22.8,0.1
2024-07-02T08:00,24.5,83,941.8,22.4,0.2
2024-07-02T09:00,25.0,84,942.3,23.1,0.6
2024-07-02T10:00,26.3,80,943.0,27.2,0.2
2024-07-02T11:00,27.4,79,943.0,25.4,1.4
2024-07-02T12:00,26.9,78,942.9,23.7,1.9
2024-07-02T13:00,26.2,81,941.8,23.0,1.3
2024-07-02T14:00,26.7,79,941.4,26.9,0.4
2024-07-02T15:00,25.1,86,940.7,20.8,0.9
2024-07-02T16:00,24.8,85,940.3,19.4,0.7
2024-07-02T17:00,25.1,85,940.7,21.6,0.1
2024-07-02T18:00,23.5,90,941.1,17.6,0.4
2024-07-02T19:00,23.6,90,941.2,19.8,0.0
2024-07-02T20:00,23.4,89,941.9,17.9,0.0
2024-07-02T21:00,23.0,89,943.0,20.4,0.0
2024-07-02T22:00,23.1,87,943.2,20.1,0.0
2024-07-02T23:00,22.5,88,942.7,19.9,0.0
2024-07-03T00:00,22.9,88,941.9,20.1,0.0
2024-07-03T01:00,22.9,90,941.2,19.8,0.0
2024-07-03T02:00,23.2,89,940.8,20.0,0.0
2024-07-03T03:00,23.3,87,940.8,18.3,0.0
2024-07-03T04:00,23.2,87,941.2,18.2,0.0
2024-07-03T05:00,22.9,89,941.5,17.2,0.1
2024-07-03T06:00,23.8,87,942.1,15.9,0.0
2024-07-03T07:00,24.0,87,942.8,16.9,0.0
2024-07-03T08:00,24.4,85,943.1,19.5,0.0
2024-07-03T09:00,25.6,81,943.7,22.9,0.0
2024-07-03T10:00,26.2,78,943.7,21.8,0.0
2024-07-03T11:00,26.8,76,944.0,24.0,0.0
2024-07-03T12:00,27.5,73,943.6,25.8,0.1
2024-07-03T13:00,27.4,73,943.1,23.4,0.1
2024-07-03T14:00,27.5,73,942.5,25.3,0.1
2024-07-03T15:00,27.0,76,942.2,24.8,0.0
2024-07-03T16:00,26.1,80,941.8,24.6,0.0
2024-07-03T17:00,25.4,83,941.8,21.3,0.1
2024-07-03T18:00,24.8,85,942.2,18.2,0.1
2024-07-03T19:00,24.6,85,942.8,15.3,0.0
2024-07-03T20:00,24.3,86,943.3,19.1,0.1
2024-07-03T21:00,24.1,86,943.6,18.9,0.0
2024-07-03T22:00,23.8,88,944.3,17.3,0.0
2024-07-03T23:00,23.7,88,944.3,14.7,0.0
2024-07-04T00:00,23.9,87,943.8,16.9,0.0
2024-07-04T01:00,23.9,87,943.0,18.0,0.0
2024-07-04T02:00,23.7,88,942.6,18.1,0.0
2024-07-04T03:00,23.8,87,942.3,19.7,0.0
2024-07-04T04:00,23.6,87,942.4,17.7,0.0
2024-07-04T05:00,23.6,87,943.1,16.3,0.0
2024-07-04T06:00,23.4,90,942.9,17.0,0.1
2024-07-04T07:00,24.2,85,943.6,18.4,0.0
2024-07-04T08:00,24.9,83,944.1,20.1,0.0
2024-07-04T09:00,25.4,81,944.9,19.7,0.0
2024-07-04T10:00,26.0,80,945.1,20.6,0.0
2024-07-04T11:00,26.8,77,945.2,20.6,0.1
2024-07-04T12:00,26.3,79,944.7,20.9,0.1
2024-07-04T13:00,26.7,78,944.3,21.9,0.2
2024-07-04T14:00,26.3,80,943.7,21.2,0.1
2024-07-04T15:00,26.6,77,943.5,22.9,0.1
2024-07-04T16:00,26.2,79,943.0,22.9,0.0
2024-07-04T17:00,25.2,82,942.9,18.5,0.0
2024-07-04T18:00,25.0,85,942.6,15.9,0.2
2024-07-04T19:00,24.5,88,942.9,15.1,0.1
2024-07-04T20:00,24.1,88,943.2,13.9,0.0
2024-07-04T21:00,23.9,89,943.8,14.3,0.0
2024-07-04T22:00,24.0,88,944.1,13.8,0.0
2024-07-04T23:00,23.9,88,943.7,14.1,0.0
2024-07-05T00:00,23.6,90,943.1,10.5,0.0
2024-07-05T01:00,23.8,88,942.4,12.3,0.0
2024-07-05T02:00,23.8,87,941.9,13.6,0.0
2024-07-05T03:00,23.5,89,941.8,13.1,0.0
2024-07-05T04:00,23.7,87,941.8,13.6,0.0
2024-07-05T05:00,23.3,89,942.1,12.7,0.0
2024-07-05T06:00,23.9,90,942.1,16.1,0.1
2024-07-05T07:00,24.1,90,942.4,20.0,0.3
2024-07-05T08:00,24.9,85,943.3,19.2,0.0
2024-07-05T09:00,25.8,80,943.6,18.7,0.1
2024-07-05T10:00,26.4,78,943.4,22.2,0.3
2024-07-05T11:00,28.1,72,943.3,24.5,0.2
2024-07-05T12:00,27.8,72,942.7,24.9,0.3
2024-07-05T13:00,27.7,72,941.8,27.3,0.6
2024-07-05T14:00,27.9,72,941.4,26.9,1.5
2024-07-05T15:00,26.8,75,940.7,27.7,0.6
2024-07-05T16:00,25.8,82,940.2,25.4,0.2
2024-07-05T17:00,25.6,83,939.9,20.3,0.2
2024-07-05T18:00,24.7,84,940.3,15.5,0.1
2024-07-05T19:00,24.3,85,940.7,16.7,0.0
2024-07-05T20:00,23.8,86,941.2,15.5,0.0
2024-07-05T21:00,23.6,86,941.8,14.1,0.0
2024-07-05T22:00,23.5,87,941.8,13.8,0.0
2024-07-05T23:00,23.3,88,941.6,14.8,0.0
2024-07-06T00:00,23.4,87,941.2,17.1,0.0
2024-07-06T01:00,23.2,88,940.5,16.8,0.0
2024-07-06T02:00,23.3,86,940.2,17.9,0.0
2024-07-06T03:00,23.2,86,939.9,15.1,0.1
2024-07-06T04:00,23.2,87,939.8,16.7,0.0
2024-07-06T05:00,23.3,87,939.9,17.3,0.0
2024-07-06T06:00,23.4,89,940.2,16.9,0.2
2024-07-06T07:00,23.9,88,940.7,19.0,0.1
2024-07-06T08:00,25.2,82,941.3,21.3,0.1
2024-07-06T09:00,26.0,78,942.1,23.2,0.2
2024-07-06T10:00,26.6,76,942.1,25.5,0.3
2024-07-06T11:00,27.0,75,942.1,27.2,0.2
2024-07-06T12:00,27.7,71,941.9,30.8,0.2
2024-07-06T13:00,27.0,73,941.2,29.6,0.5
2024-07-06T14:00,26.4,75,940.6,29.4,1.0
2024-07-06T15:00,26.5,77,940.0,29.1,0.5
2024-07-06T16:00,25.8,81,939.8,27.3,0.4
2024-07-06T17:00,25.2,82,939.9,23.6,0.1
2024-07-06T18:00,24.6,84,940.1,19.3,0.1
2024-07-06T19:00,24.1,87,940.8,14.1,0.1
2024-07-06T20:00,23.8,89,941.3,10.8,0.1
2024-07-06T21:00,23.7,89,941.9,11.8,0.1
2024-07-06T22:00,23.4,88,942.4,14.2,0.0
2024-07-06T23:00,23.0,89,942.4,12.0,0.0
2024-07-07T00:00,23.1,89,941.8,13.3,0.0
2024-07-07T01:00,23.0,88,941.2,15.6,0.0
2024-07-07T02:00,23.1,87,940.9,15.5,0.0
2024-07-07T03:00,23.2,87,940.7,14.7,0.0
2024-07-07T04:00,23.1,87,940.7,13.5,0.0
2024-07-07T05:00,22.9,87,940.9,13.7,0.0
2024-07-07T06:00,22.9,92,941.2,11.8,2.0
2024-07-07T07:00,23.2,90,941.7,13.8,0.6
2024-07-07T08:00,23.9,88,942.4,12.6,0.2
2024-07-07T09:00,25.0,82,943.0,18.6,0.5
2024-07-07T10:00,25.0,82,943.3,14.4,0.4
2024-07-07T11:00,26.0,77,943.0,19.9,0.1
2024-07-07T12:00,26.0,78,942.5,18.6,0.1
2024-07-07T13:00,26.0,78,942.2,17.9,0.2
2024-07-07T14:00,25.3,81,941.6,16.8,0.6
2024-07-07T15:00,25.2,83,941.1,16.1,0.8
2024-07-07T16:00,24.8,85,940.8,17.5,0.6
2024-07-07T17:00,24.5,85,941.1,14.6,0.3
2024-07-07T18:00,24.2,84,941.2,14.9,0.0
2024-07-07T19:00,23.7,87,942.0,15.6,0.0
2024-07-07T20:00,23.7,87,942.5,12.4,0.0
2024-07-07T21:00,23.2,89,943.0,10.0,0.0
2024-07-07T22:00,23.2,90,943.5,10.4,0.0
2024-07-07T23:00,23.4,90,943.4,11.2,0.0
2024-07-08T00:00,23.3,90,943.1,12.1,0.0
2024-07-08T01:00,23.0,92,942.1,11.9,0.0
2024-07-08T02:00,23.3,89,941.5,12.2,0.0
2024-07-08T03:00,23.3,88,941.2,13.4,0.0
2024-07-08T04:00,23.3,88,941.2,12.0,0.0
2024-07-08T05:00,23.2,88,941.5,10.4,0.0
2024-07-08T06:00,22.8,88,941.1,13.5,0.1
2024-07-08T07:00,23.3,88,941.6,14.0,0.3
2024-07-08T08:00,24.1,86,942.2,16.9,0.2
2024-07-08T09:00,24.9,84,942.9,14.7,0.6
2024-07-08T10:00,24.7,87,942.9,14.5,1.0
2024-07-08T11:00,25.5,84,943.0,14.8,0.1
2024-07-08T12:00,26.6,78,942.5,13.8,0.1
2024-07-08T13:00,27.1,73,941.8,16.2,0.2
2024-07-08T14:00,26.9,78,941.1,15.5,2.6
2024-07-08T15:00,26.1,76,940.6,19.2,0.4
2024-07-08T16:00,25.0,85,940.4,16.6,1.8
2024-07-08T17:00,24.2,92,940.8,14.6,0.8
2024-07-08T18:00,23.3,94,941.0,5.5,5.9
2024-07-08T19:00,23.2,95,941.3,5.4,3.1
2024-07-08T20:00,23.0,95,941.7,7.9,8.4
2024-07-08T21:00,23.0,94,942.5,8.7,16.9
2024-07-08T22:00,23.0,94,942.3,8.9,11.9
2024-07-08T23:00,22.7,95,942.1,10.5,9.4
2024-07-09T00:00,22.6,95,942.5,5.4,4.7
2024-07-09T01:00,22.7,94,941.8,10.1,1.3
2024-07-09T02:00,22.5,95,941.6,5.9,2.3
2024-07-09T03:00,22.5,94,941.1,10.3,0.6
2024-07-09T04:00,22.3,95,941.0,11.3,0.2
2024-07-09T05:00,22.2,94,941.7,9.8,0.0
2024-07-09T06:00,22.3,94,941.8,11.1,0.7
2024-07-09T07:00,23.1,90,942.6,10.5,0.1
2024-07-09T08:00,23.7,87,943.1,12.9,0.2
2024-07-09T09:00,24.3,85,943.6,9.8,0.1
2024-07-09T10:00,25.0,81,943.9,8.9,0.0
2024-07-09T11:00,26.1,78,943.7,8.7,0.0
2024-07-09T12:00,26.8,75,943.1,11.8,0.0
2024-07-09T13:00,27.3,74,942.8,12.9,0.1
2024-07-09T14:00,27.0,73,941.8,14.0,0.1
2024-07-09T15:00,27.7,71,941.3,14.3,0.1
2024-07-09T16:00,26.7,73,941.0,16.2,0.7
2024-07-09T17:00,24.6,85,941.3,16.9,5.9
2024-07-09T18:00,23.5,84,942.2,17.2,0.0
2024-07-09T19:00,23.3,84,942.8,16.6,0.0
2024-07-09T20:00,22.9,87,943.6,15.5,0.0
2024-07-09T21:00,23.0,87,944.3,15.6,0.0
2024-07-09T22:00,23.0,87,944.5,17.1,0.0
2024-07-09T23:00,23.0,88,944.6,16.8,0.0
2024-07-10T00:00,23.1,87,944.6,16.3,0.0
2024-07-10T01:00,23.0,88,944.3,15.7,0.0
2024-07-10T02:00,22.7,90,943.7,16.5,0.0
2024-07-10T03:00,22.6,91,943.3,15.3,0.0
2024-07-10T04:00,22.7,90,943.4,12.7,0.0
2024-07-10T05:00,23.0,89,943.8,11.1,0.0
2024-07-10T06:00,23.1,89,944.7,9.3,0.0
2024-07-10T07:00,23.9,85,945.5,10.0,0.0
2024-07-10T08:00,24.9,81,946.1,17.1,0.0
2024-07-10T09:00,25.8,76,946.7,19.0,0.1
2024-07-10T10:00,26.5,74,946.8,18.4,0.2
2024-07-10T11:00,27.2,72,946.6,19.5,0.2
2024-07-10T12:00,27.8,69,946.3,18.3,0.0
2024-07-10T13:00,28.2,70,945.7,16.6,0.0
2024-07-10T14:00,27.6,72,944.6,18.7,0.1
2024-07-10T15:00,27.5,70,944.0,20.8,0.1
2024-07-10T16:00,27.0,73,943.8,21.6,0.0
2024-07-10T17:00,26.1,77,944.1,19.5,0.0
2024-07-10T18:00,25.7,76,944.6,15.5,0.0
2024-07-10T19:00,24.6,81,945.3,12.4,0.0
2024-07-10T20:00,23.7,86,946.2,10.2,0.0
2024-07-10T21:00,23.4,88,946.7,10.4,0.0
2024-07-10T22:00,23.3,88,946.9,9.7,0.0
2024-07-10T23:00,23.2,89,946.9,10.1,0.0
2024-07-11T00:00,23.0,89,946.2,11.6,0.0
2024-07-11T01:00,23.0,88,945.4,13.0,0.0
2024-07-11T02:00,22.7,89,944.9,12.2,0.0
2024-07-11T03:00,22.6,89,944.7,13.3,0.0
2024-07-11T04:00,22.7,88,944.5,12.4,0.0
2024-07-11T05:00,22.8,87,944.6,11.4,0.0
2024-07-11T06:00,22.6,87,945.3,13.2,0.0
2024-07-11T07:00,23.2,86,945.8,15.1,0.0
2024-07-11T08:00,24.8,80,946.4,18.5,0.1
2024-07-11T09:00,25.3,79,946.5,17.4,0.1
2024-07-11T10:00,24.3,90,946.5,15.1,2.7
2024-07-11T11:00,24.6,90,946.1,15.8,2.6
2024-07-11T12:00,24.9,86,945.4,18.4,0.8
2024-07-11T13:00,25.0,83,944.7,17.4,0.8
2024-07-11T14:00,26.9,77,944.0,19.5,0.1
2024-07-11T15:00,26.5,78,943.3,20.4,1.2
2024-07-11T16:00,25.4,79,943.0,23.1,2.1
2024-07-11T17:00,25.0,84,942.8,19.9,0.1
2024-07-11T18:00,24.5,84,942.8,22.1,0.2
2024-07-11T19:00,23.8,90,943.6,20.3,0.2
2024-07-11T20:00,23.6,91,944.0,16.7,0.3
2024-07-11T21:00,23.4,93,944.2,15.7,0.4
2024-07-11T22:00,23.2,92,944.4,16.0,0.2
2024-07-11T23:00,23.1,93,944.2,15.8,0.1
2024-07-12T00:00,23.0,94,943.6,13.5,0.0
2024-07-12T01:00,23.2,93,942.8,13.7,0.0
2024-07-12T02:00,23.0,92,942.4,13.4,0.0
2024-07-12T03:00,23.1,91,942.1,13.8,0.0
2024-07-12T04:00,23.0,91,941.9,14.0,0.0
2024-07-12T05:00,22.9,92,942.2,13.9,0.0
2024-07-12T06:00,23.3,91,942.9,13.1,0.0
2024-07-12T07:00,23.9,88,943.1,17.2,0.0
2024-07-12T08:00,24.8,84,944.2,16.4,0.2
2024-07-12T09:00,25.3,81,944.5,19.5,0.3
2024-07-12T10:00,25.4,81,944.3,20.9,0.2
2024-07-12T11:00,26.2,77,944.0,22.9,0.5
2024-07-12T12:00,26.0,81,943.3,24.0,0.9
2024-07-12T13:00,25.5,82,942.7,19.1,1.2
2024-07-12T14:00,25.4,85,941.9,18.6,0.6
2024-07-12T15:00,25.1,85,941.6,19.7,0.3
2024-07-12T16:00,24.8,84,941.3,20.5,0.4
2024-07-12T17:00,24.6,86,941.4,18.1,0.3
2024-07-12T18:00,23.0,94,941.8,12.3,9.3
2024-07-12T19:00,23.1,93,942.4,13.0,4.0
2024-07-12T20:00,23.2,94,943.0,15.0,0.8
2024-07-12T21:00,23.0,93,943.6,13.4,0.7
2024-07-12T22:00,22.9,93,943.5,14.3,1.3
2024-07-12T23:00,23.2,92,943.2,17.9,1.2
2024-07-13T00:00,23.4,91,942.7,19.8,0.1
2024-07-13T01:00,23.3,92,942.1,20.5,0.2
2024-07-13T02:00,23.2,92,941.3,19.5,0.3
2024-07-13T03:00,22.8,91,941.1,17.6,0.8
2024-07-13T04:00,23.0,89,941.3,18.9,0.1
2024-07-13T05:00,22.7,91,941.7,16.9,0.2
2024-07-13T06:00,22.7,91,942.6,14.9,0.0
2024-07-13T07:00,23.2,89,942.9,17.3,0.0
2024-07-13T08:00,24.5,83,943.4,18.8,0.0
2024-07-13T09:00,25.2,80,943.9,19.9,0.0
2024-07-13T10:00,25.8,76,944.1,24.1,0.2
2024-07-13T11:00,26.5,75,943.8,23.5,0.1
2024-07-13T12:00,26.5,76,943.2,24.9,0.5
2024-07-13T13:00,25.3,80,942.5,24.6,0.8
2024-07-13T14:00,25.2,82,941.8,26.6,0.4
2024-07-13T15:00,24.8,82,941.4,27.1,1.6
2024-07-13T16:00,24.8,86,941.0,27.2,2.1
2024-07-13T17:00,24.4,85,940.9,22.7,0.4
2024-07-13T18:00,23.6,91,940.3,22.2,1.8
2024-07-13T19:00,23.4,92,941.1,21.7,1.8
2024-07-13T20:00,23.4,91,941.8,24.1,3.5
2024-07-13T21:00,23.2,92,942.5,21.7,1.1
2024-07-13T22:00,23.0,92,943.0,18.7,1.0
2024-07-13T23:00,22.9,93,942.6,17.2,0.9
2024-07-14T00:00,22.8,93,942.1,17.8,1.7
2024-07-14T01:00,22.7,93,941.0,18.1,2.1
2024-07-14T02:00,22.7,93,940.6,17.6,2.2
2024-07-14T03:00,22.8,92,940.4,15.4,0.8
2024-07-14T04:00,22.8,93,940.4,17.5,0.5
2024-07-14T05:00,22.7,93,940.3,17.6,0.5
2024-07-14T06:00,23.0,95,940.6,8.2,11.3
2024-07-14T07:00,23.0,95,941.2,5.8,12.9
2024-07-14T08:00,23.3,93,941.4,11.9,7.0
2024-07-14T09:00,23.2,92,941.6,16.2,4.0
2024-07-14T10:00,24.3,86,941.8,18.0,1.5
2024-07-14T11:00,23.6,90,941.7,14.4,1.5
2024-07-14T12:00,23.1,93,941.3,16.0,1.9
2024-07-14T13:00,23.1,92,940.4,14.4,1.9
2024-07-14T14:00,24.1,88,939.6,16.9,1.5
2024-07-14T15:00,24.3,85,939.3,19.8,0.2
2024-07-14T16:00,24.0,88,939.1,16.3,0.2
2024-07-14T17:00,23.7,90,939.2,15.1,0.4
2024-07-14T18:00,23.5,94,938.8,9.4,3.6
2024-07-14T19:00,23.3,94,939.6,9.1,4.9
2024-07-14T20:00,23.1,94,940.0,11.0,3.5
2024-07-14T21:00,23.2,94,940.6,11.8,5.1
2024-07-14T22:00,23.0,94,941.0,13.1,3.1
2024-07-14T23:00,22.9,94,941.0,12.5,2.2
2024-07-15T00:00,22.8,94,940.9,8.8,1.4
2024-07-15T01:00,22.7,95,940.2,11.6,0.8
2024-07-15T02:00,22.5,95,939.3,12.6,0.8
2024-07-15T03:00,22.5,94,939.1,11.9,0.5
2024-07-15T04:00,22.7,94,939.1,11.2,0.5
2024-07-15T05:00,22.9,94,939.2,13.1,0.2
2024-07-15T06:00,22.7,93,940.1,10.9,0.0
2024-07-15T07:00,23.5,89,940.7,14.1,0.0
2024-07-15T08:00,23.9,88,941.2,14.9,0.0
2024-07-15T09:00,24.7,85,941.2,14.3,0.0
2024-07-15T10:00,26.1,77,941.5,14.7,0.1
2024-07-15T11:00,26.8,77,941.5,13.7,0.1
2024-07-15T12:00,27.8,72,940.6,15.5,0.0
2024-07-15T13:00,28.7,68,940.0,18.8,0.0
2024-07-15T14:00,27.1,72,939.2,18.4,0.1
2024-07-15T15:00,27.6,72,938.8,18.4,0.1
2024-07-15T16:00,26.9,71,938.7,20.5,0.1
2024-07-15T17:00,25.9,76,938.8,19.1,0.1
2024-07-15T18:00,24.7,81,939.2,13.8,0.0
2024-07-15T19:00,23.8,87,939.8,11.2,0.7
2024-07-15T20:00,23.5,89,940.1,10.2,0.4
2024-07-15T21:00,23.3,92,940.6,8.1,0.0
2024-07-15T22:00,23.2,92,940.8,11.5,0.2
2024-07-15T23:00,23.0,93,940.4,11.4,0.0
2024-07-16T00:00,22.7,94,940.0,11.0,0.0
2024-07-16T01:00,22.7,94,939.7,14.1,0.6
2024-07-16T02:00,22.6,95,938.8,13.7,0.3
2024-07-16T03:00,22.6,95,938.7,11.6,0.3
2024-07-16T04:00,22.8,94,939.2,11.3,0.1
2024-07-16T05:00,22.9,93,939.3,9.9,0.0
2024-07-16T06:00,22.5,94,940.1,6.4,0.0
2024-07-16T07:00,23.1,91,940.2,8.7,0.0
2024-07-16T08:00,24.9,81,941.1,11.5,0.0
2024-07-16T09:00,26.2,76,941.2,11.2,0.0
2024-07-16T10:00,26.9,72,941.5,12.5,0.1
2024-07-16T11:00,27.9,68,941.1,16.0,0.1
2024-07-16T12:00,28.6,66,940.4,17.6,0.1
2024-07-16T13:00,28.8,65,939.2,22.3,0.6
2024-07-16T14:00,27.4,74,938.4,26.0,0.3
2024-07-16T15:00,27.1,75,937.8,26.7,0.0
2024-07-16T16:00,26.3,79,937.8,24.3,0.0
2024-07-16T17:00,25.3,82,938.0,19.7,0.0
2024-07-16T18:00,24.2,81,939.4,16.2,0.0
2024-07-16T19:00,23.6,83,940.0,15.1,0.0
2024-07-16T20:00,23.3,85,940.4,15.6,0.0
2024-07-16T21:00,23.1,85,940.8,16.7,0.0
2024-07-16T22:00,23.0,87,941.1,16.1,0.0
2024-07-16T23:00,23.1,88,941.0,16.6,0.0
2024-07-17T00:00,23.1,90,940.3,18.7,0.0
2024-07-17T01:00,23.4,88,939.8,16.9,0.0
2024-07-17T02:00,23.6,87,939.6,14.8,0.0
2024-07-17T03:00,23.5,88,939.3,14.3,0.0
2024-07-17T04:00,23.5,87,939.3,14.5,0.0
2024-07-17T05:00,23.5,88,940.0,12.4,0.0
2024-07-17T06:00,22.9,90,940.9,8.4,0.1
2024-07-17T07:00,23.3,90,941.4,10.6,0.3
2024-07-17T08:00,24.3,86,942.4,10.0,0.2
2024-07-17T09:00,24.6,85,942.8,12.8,0.2
2024-07-17T10:00,25.5,81,942.8,16.0,0.1
2024-07-17T11:00,26.7,75,942.9,19.3,0.1
2024-07-17T12:00,26.9,77,942.6,20.3,0.2
2024-07-17T13:00,26.6,76,941.8,25.0,0.1
2024-07-17T14:00,26.1,78,941.3,23.5,0.8
2024-07-17T15:00,25.7,81,940.6,23.7,3.4
2024-07-17T16:00,25.1,84,940.5,22.9,0.2
2024-07-17T17:00,24.9,85,940.6,19.5,0.4
2024-07-17T18:00,24.6,86,940.5,13.2,0.6
2024-07-17T19:00,23.9,91,941.3,11.3,0.5
2024-07-17T20:00,23.5,93,942.2,11.1,0.9
2024-07-17T21:00,23.3,93,942.5,12.9,0.9
2024-07-17T22:00,23.3,93,942.9,13.5,1.2
2024-07-17T23:00,23.2,93,942.8,15.2,0.8
2024-07-18T00:00,23.1,93,942.2,13.0,0.5
2024-07-18T01:00,23.0,93,941.5,14.5,0.4
2024-07-18T02:00,23.0,92,940.9,14.2,0.2
2024-07-18T03:00,22.9,92,940.7,14.7,0.1
2024-07-18T04:00,23.0,92,940.6,16.6,0.2
2024-07-18T05:00,23.3,90,940.8,18.0,0.1
2024-07-18T06:00,23.5,92,941.1,14.1,0.1
2024-07-18T07:00,23.9,90,942.3,18.6,0.1
2024-07-18T08:00,25.1,84,942.9,19.1,0.1
2024-07-18T09:00,25.5,82,943.4,21.6,0.1
2024-07-18T10:00,25.4,83,943.4,22.5,0.1
2024-07-18T11:00,25.3,84,943.1,21.1,0.1
2024-07-18T12:00,25.9,80,942.7,25.6,0.1
2024-07-18T13:00,26.7,76,942.4,26.5,0.1
2024-07-18T14:00,25.7,80,941.2,26.7,0.1
2024-07-18T15:00,25.4,82,940.5,24.8,0.7
2024-07-18T16:00,24.9,83,940.3,26.2,0.7
2024-07-18T17:00,24.9,83,940.6,21.9,0.1
2024-07-18T18:00,23.9,90,940.3,17.5,1.0
2024-07-18T19:00,23.8,90,941.1,18.3,0.4
2024-07-18T20:00,23.7,90,941.4,18.7,0.7
2024-07-18T21:00,23.5,90,941.7,18.3,0.1
2024-07-18T22:00,23.3,91,942.4,14.5,0.0
2024-07-18T23:00,23.3,89,942.1,15.8,0.2
2024-07-19T00:00,23.2,91,941.3,17.3,0.1
2024-07-19T01:00,23.4,90,940.3,18.2,0.1
2024-07-19T02:00,23.3,90,939.6,21.1,0.1
2024-07-19T03:00,23.4,89,939.2,22.2,0.0
2024-07-19T04:00,23.5,89,939.4,21.6,0.1
2024-07-19T05:00,23.3,90,939.9,19.7,0.1
2024-07-19T06:00,23.2,92,940.2,13.7,0.7
2024-07-19T07:00,23.5,92,940.5,19.8,0.8
2024-07-19T08:00,23.7,91,940.8,21.1,0.8
2024-07-19T09:00,23.9,91,941.4,21.9,0.6
2024-07-19T10:00,23.6,90,941.6,21.1,0.5
2024-07-19T11:00,24.4,85,941.3,24.6,0.4
2024-07-19T12:00,24.8,83,940.6,24.9,0.4
2024-07-19T13:00,25.1,84,940.1,23.9,0.2
2024-07-19T14:00,24.7,85,939.4,21.3,0.1
2024-07-19T15:00,25.0,83,938.8,23.6,0.1
2024-07-19T16:00,25.0,83,938.3,24.6,0.2
2024-07-19T17:00,24.7,83,938.5,20.8,0.2
2024-07-19T18:00,24.1,86,939.4,13.7,0.1
2024-07-19T19:00,23.6,87,939.7,15.3,0.1
2024-07-19T20:00,23.4,88,940.1,15.4,0.1
2024-07-19T21:00,23.5,88,940.5,12.7,0.0
2024-07-19T22:00,23.6,88,940.7,13.8,0.0
2024-07-19T23:00,23.5,89,940.6,11.4,0.0
2024-07-20T00:00,23.6,89,939.7,12.6,0.0
2024-07-20T01:00,23.6,89,939.2,12.5,0.1
2024-07-20T02:00,23.5,90,938.8,13.8,0.1
2024-07-20T03:00,23.7,90,938.9,14.0,0.0
2024-07-20T04:00,23.7,89,938.8,14.7,0.0
2024-07-20T05:00,23.6,90,939.3,15.7,0.0
2024-07-20T06:00,23.2,91,939.6,22.2,1.4
2024-07-20T07:00,23.3,91,940.7,18.2,3.3
2024-07-20T08:00,23.3,91,941.0,19.0,2.8
2024-07-20T09:00,23.5,91,941.7,16.2,3.7
2024-07-20T10:00,23.8,90,942.1,17.4,2.7
2024-07-20T11:00,24.8,84,941.8,23.6,0.9
2024-07-20T12:00,24.8,86,941.6,21.4,0.3
2024-07-20T13:00,25.1,84,940.9,21.8,0.2
2024-07-20T14:00,25.9,79,940.4,27.0,0.1
2024-07-20T15:00,25.7,79,939.7,27.3,0.1
2024-07-20T16:00,25.4,80,939.6,26.8,0.1
2024-07-20T17:00,24.7,83,939.8,22.9,0.1
2024-07-20T18:00,23.8,84,941.1,19.6,0.1
2024-07-20T19:00,23.0,91,941.4,19.4,0.8
2024-07-20T20:00,22.9,92,942.3,16.0,1.4
2024-07-20T21:00,22.9,92,942.2,16.9,1.6
2024-07-20T22:00,23.1,92,942.0,16.4,1.0
2024-07-20T23:00,23.1,92,941.4,20.0,0.5
2024-07-21T00:00,23.1,92,941.0,19.7,0.5
2024-07-21T01:00,23.0,92,940.3,20.6,0.6
2024-07-21T02:00,22.9,92,939.7,19.1,0.5
2024-07-21T03:00,22.9,92,939.5,18.3,0.2
2024-07-21T04:00,23.1,90,939.7,19.3,0.1
2024-07-21T05:00,23.2,90,939.3,21.3,0.1
2024-07-21T06:00,23.2,90,940.2,14.3,0.1
2024-07-21T07:00,23.6,90,940.8,15.3,0.1
2024-07-21T08:00,24.2,89,941.4,17.9,0.2
2024-07-21T09:00,24.8,85,941.7,20.1,0.1
2024-07-21T10:00,25.3,84,942.0,23.3,0.1
2024-07-21T11:00,26.3,80,942.3,24.7,0.2
2024-07-21T12:00,26.7,78,941.7,27.7,0.1
2024-07-21T13:00,26.1,78,941.2,27.9,0.7
2024-07-21T14:00,26.1,80,940.7,28.0,0.7
2024-07-21T15:00,25.4,84,940.2,26.8,5.3
2024-07-21T16:00,24.9,84,940.0,24.4,0.6
2024-07-21T17:00,24.8,84,940.1,24.8,0.2
2024-07-21T18:00,23.8,86,941.0,17.6,0.1
2024-07-21T19:00,23.5,87,941.3,18.5,0.0
2024-07-21T20:00,23.5,88,941.8,20.4,0.0
2024-07-21T21:00,23.6,88,942.4,18.5,0.1
2024-07-21T22:00,23.7,88,942.5,19.8,0.0
2024-07-21T23:00,23.7,88,942.4,20.1,0.0
2024-07-22T00:00,23.6,89,942.1,21.1,0.1
2024-07-22T01:00,23.5,89,941.2,23.2,0.1
2024-07-22T02:00,23.4,89,940.5,23.9,0.1
2024-07-22T03:00,23.3,89,940.7,23.0,0.2
2024-07-22T04:00,22.8,92,940.5,22.1,0.7
2024-07-22T05:00,22.8,91,941.0,19.6,1.7
2024-07-22T06:00,22.9,93,942.0,14.0,2.0
2024-07-22T07:00,23.1,91,942.5,15.5,2.4
2024-07-22T08:00,23.5,91,943.0,19.6,1.5
2024-07-22T09:00,23.8,92,943.8,22.3,0.7
2024-07-22T10:00,24.1,91,943.7,23.1,0.7
2024-07-22T11:00,24.2,86,943.8,24.4,0.9
2024-07-22T12:00,24.3,90,943.5,26.6,0.8
2024-07-22T13:00,24.2,91,942.8,25.5,0.8
2024-07-22T14:00,24.3,91,942.6,26.3,1.0
2024-07-22T15:00,24.4,87,942.1,26.6,0.5
2024-07-22T16:00,24.4,86,942.0,26.9,0.3
2024-07-22T17:00,24.2,87,941.8,25.0,0.4
2024-07-22T18:00,23.3,91,942.3,18.9,0.5
2024-07-22T19:00,23.2,91,942.7,19.5,1.8
2024-07-22T20:00,23.4,91,943.0,23.0,0.7
2024-07-22T21:00,23.4,91,944.0,21.9,0.4
2024-07-22T22:00,23.6,89,944.4,23.2,1.3
2024-07-22T23:00,23.2,91,944.1,22.9,1.7
2024-07-23T00:00,23.1,91,943.6,24.3,0.2
2024-07-23T01:00,23.3,90,943.5,26.4,0.2
2024-07-23T02:00,23.1,89,942.8,26.5,0.2
2024-07-23T03:00,23.1,90,942.5,26.3,0.6
2024-07-23T04:00,23.1,91,942.2,27.4,0.3
2024-07-23T05:00,23.1,91,942.4,25.9,0.3
2024-07-23T06:00,23.1,93,943.0,18.1,0.6
2024-07-23T07:00,23.3,92,943.6,21.3,1.3
2024-07-23T08:00,23.2,91,943.9,19.8,1.5
2024-07-23T09:00,23.3,92,944.8,21.6,1.8
2024-07-23T10:00,23.1,92,944.9,21.3,1.4
2024-07-23T11:00,23.7,92,944.6,25.3,1.2
2024-07-23T12:00,23.8,90,944.0,23.7,0.6
2024-07-23T13:00,24.0,91,943.5,24.5,0.8
2024-07-23T14:00,24.1,91,943.0,24.9,0.7
2024-07-23T15:00,24.1,90,942.4,27.6,1.1
2024-07-23T16:00,23.9,90,941.6,26.0,1.0
2024-07-23T17:00,23.5,91,941.6,26.3,0.6
2024-07-23T18:00,23.1,91,942.0,20.4,1.7
2024-07-23T19:00,23.0,91,942.9,20.8,2.0
2024-07-23T20:00,23.1,90,943.0,21.7,1.1
2024-07-23T21:00,23.0,92,943.6,21.9,1.0
2024-07-23T22:00,23.1,91,943.8,24.7,1.0
2024-07-23T23:00,22.7,91,943.6,22.4,0.5
2024-07-24T00:00,22.8,92,942.8,23.8,0.9
2024-07-24T01:00,22.8,92,942.2,25.5,1.4
2024-07-24T02:00,22.7,92,941.5,25.5,0.8
2024-07-24T03:00,22.8,92,940.9,27.0,1.0
2024-07-24T04:00,22.6,92,940.7,26.4,1.3
2024-07-24T05:00,22.6,92,940.9,23.1,1.0
2024-07-24T06:00,22.8,91,941.2,21.4,2.5
2024-07-24T07:00,22.9,91,941.3,23.2,1.3
2024-07-24T08:00,23.0,91,941.5,25.1,0.9
2024-07-24T09:00,23.3,91,942.1,23.7,0.8
2024-07-24T10:00,23.9,89,942.3,26.0,0.9
2024-07-24T11:00,23.9,91,941.9,26.5,0.8
2024-07-24T12:00,24.6,86,941.6,29.2,1.3
2024-07-24T13:00,24.6,87,940.9,32.9,1.5
2024-07-24T14:00,24.5,86,940.1,29.7,1.5
2024-07-24T15:00,24.3,88,939.6,28.6,1.1
2024-07-24T16:00,24.4,85,939.2,28.5,0.5
2024-07-24T17:00,23.9,88,939.3,26.9,0.6
2024-07-24T18:00,23.1,91,939.1,22.3,0.6
2024-07-24T19:00,23.3,90,939.4,23.0,0.8
2024-07-24T20:00,23.1,91,940.0,22.3,0.7
2024-07-24T21:00,23.3,90,940.5,22.4,0.4
2024-07-24T22:00,23.1,92,940.9,22.8,1.2
2024-07-24T23:00,23.1,91,940.6,24.7,0.7
2024-07-25T00:00,22.9,92,940.0,22.5,0.9
2024-07-25T01:00,23.0,91,939.3,23.5,0.6
2024-07-25T02:00,22.9,91,938.7,24.3,0.5
2024-07-25T03:00,22.9,92,938.7,22.7,2.1
2024-07-25T04:00,23.0,91,938.6,22.8,2.5
2024-07-25T05:00,22.8,92,939.1,22.5,3.1
2024-07-25T06:00,23.2,91,938.8,22.7,4.2
2024-07-25T07:00,23.2,90,939.5,23.7,4.8
2024-07-25T08:00,23.1,90,939.9,21.4,3.6
2024-07-25T09:00,23.3,90,940.5,21.3,2.7
2024-07-25T10:00,23.5,91,940.4,24.4,4.1
2024-07-25T11:00,23.5,91,940.5,28.7,5.3
2024-07-25T12:00,23.7,90,940.3,29.4,3.6
2024-07-25T13:00,23.5,91,940.2,26.8,3.3
2024-07-25T14:00,23.4,92,939.6,24.6,4.1
2024-07-25T15:00,23.2,90,939.3,25.8,1.8
2024-07-25T16:00,23.1,91,939.1,21.3,1.0
2024-07-25T17:00,22.8,92,939.5,24.5,0.8
2024-07-25T18:00,22.2,92,940.1,15.2,1.6
2024-07-25T19:00,22.1,91,940.7,20.5,1.4
2024-07-25T20:00,22.1,91,941.3,22.0,1.5
2024-07-25T21:00,22.0,91,941.9,23.8,0.8
2024-07-25T22:00,21.9,91,942.3,21.8,0.4
2024-07-25T23:00,21.9,92,941.8,22.3,0.2
2024-07-26T00:00,22.0,92,940.9,22.5,0.3
2024-07-26T01:00,22.0,93,940.4,24.0,1.0
2024-07-26T02:00,22.3,92,940.3,23.4,0.2
2024-07-26T03:00,22.4,92,940.3,23.3,0.3
2024-07-26T04:00,22.3,92,940.3,21.0,0.3
2024-07-26T05:00,22.1,92,940.4,18.0,0.1
2024-07-26T06:00,22.6,92,940.3,21.5,4.5
2024-07-26T07:00,22.9,91,940.8,25.1,3.0
2024-07-26T08:00,22.6,91,941.5,22.1,1.9
2024-07-26T09:00,24.1,85,942.0,25.3,0.4
2024-07-26T10:00,24.4,86,942.3,23.8,0.3
2024-07-26T11:00,24.2,86,942.0,24.0,0.2
2024-07-26T12:00,24.7,84,942.2,23.4,0.0
2024-07-26T13:00,24.6,84,941.8,21.2,0.1
2024-07-26T14:00,25.1,82,941.1,24.5,0.1
2024-07-26T15:00,24.9,85,940.6,25.6,0.1
2024-07-26T16:00,24.3,88,940.4,21.4,0.1
2024-07-26T17:00,24.3,86,940.5,21.9,0.2
2024-07-26T18:00,23.5,88,941.2,24.6,1.4
2024-07-26T19:00,23.0,92,941.4,23.4,0.4
2024-07-26T20:00,23.0,92,941.6,23.0,0.4
2024-07-26T21:00,23.0,92,942.2,23.0,0.3
2024-07-26T22:00,23.1,91,942.6,26.1,0.2
2024-07-26T23:00,23.2,90,942.5,25.8,0.1
2024-07-27T00:00,23.2,90,942.0,26.4,0.1
2024-07-27T01:00,23.2,91,941.4,25.5,0.0
2024-07-27T02:00,23.1,91,940.9,26.2,0.1
2024-07-27T03:00,23.0,91,940.9,24.4,0.1
2024-07-27T04:00,22.9,92,941.1,25.9,0.1
2024-07-27T05:00,22.9,92,941.2,28.1,0.1
2024-07-27T06:00,22.9,94,942.0,24.0,0.6
2024-07-27T07:00,23.1,93,942.7,26.1,1.7
2024-07-27T08:00,23.1,93,943.2,26.9,1.5
2024-07-27T09:00,23.4,91,943.2,27.4,0.8
2024-07-27T10:00,24.3,86,943.0,28.4,0.3
2024-07-27T11:00,25.1,83,943.0,32.8,0.2
2024-07-27T12:00,24.2,87,942.5,28.8,0.1
2024-07-27T13:00,24.4,85,942.3,30.7,0.1
2024-07-27T14:00,24.1,87,941.6,26.8,0.1
2024-07-27T15:00,24.5,84,941.0,29.3,0.0
2024-07-27T16:00,24.7,84,941.0,27.8,0.0
2024-07-27T17:00,24.1,87,940.7,26.5,0.0
2024-07-27T18:00,23.1,92,941.1,19.5,0.8
2024-07-27T19:00,22.9,92,941.6,19.0,1.5
2024-07-27T20:00,22.8,93,941.9,19.2,0.8
2024-07-27T21:00,22.8,93,942.2,18.4,0.7
2024-07-27T22:00,22.8,92,942.4,21.2,0.2
2024-07-27T23:00,22.9,92,941.8,21.0,0.1
2024-07-28T00:00,22.8,92,941.3,22.4,0.1
2024-07-28T01:00,22.7,92,940.6,23.5,0.0
2024-07-28T02:00,22.8,91,940.1,22.7,0.0
2024-07-28T03:00,22.8,91,939.8,22.8,0.3
2024-07-28T04:00,22.7,93,939.7,23.9,0.6
2024-07-28T05:00,22.7,93,940.0,21.5,0.4
2024-07-28T06:00,23.3,93,940.6,21.8,0.3
2024-07-28T07:00,23.6,91,941.1,19.6,0.2
2024-07-28T08:00,23.9,90,940.8,24.4,0.2
2024-07-28T09:00,24.1,89,941.3,24.3,0.2
2024-07-28T10:00,24.3,88,941.6,26.9,0.2
2024-07-28T11:00,24.9,85,941.2,27.7,0.0
2024-07-28T12:00,24.5,85,940.6,24.3,0.1
2024-07-28T13:00,24.4,86,940.0,22.2,0.1
2024-07-28T14:00,24.7,85,939.4,24.4,0.1
2024-07-28T15:00,25.0,84,939.0,24.6,0.4
2024-07-28T16:00,24.4,86,938.4,22.4,0.4
2024-07-28T17:00,24.3,86,938.3,18.8,0.2
2024-07-28T18:00,23.1,93,938.5,12.9,1.4
2024-07-28T19:00,23.0,93,938.6,13.0,3.8
2024-07-28T20:00,22.9,93,938.9,21.3,2.2
2024-07-28T21:00,23.0,92,939.3,18.0,0.1
2024-07-28T22:00,22.9,92,939.4,17.0,0.1
2024-07-28T23:00,22.9,92,939.1,18.9,0.0
2024-07-29T00:00,22.8,91,938.5,19.4,0.1
2024-07-29T01:00,23.1,90,938.0,22.4,0.1
2024-07-29T02:00,23.1,90,937.5,23.5,0.0
2024-07-29T03:00,23.0,91,937.2,23.3,0.7
2024-07-29T04:00,22.8,92,937.4,20.6,0.3
2024-07-29T05:00,22.8,92,937.9,20.4,0.3
2024-07-29T06:00,23.1,93,938.0,22.3,5.3
2024-07-29T07:00,23.3,93,938.8,19.6,1.7
2024-07-29T08:00,23.8,91,939.2,20.9,0.3
2024-07-29T09:00,24.0,88,940.0,21.0,0.4
2024-07-29T10:00,23.8,90,940.2,19.4,0.3
2024-07-29T11:00,24.6,83,939.7,24.1,0.3
2024-07-29T12:00,26.3,80,939.6,25.3,1.1
2024-07-29T13:00,25.7,78,939.1,25.4,0.2
2024-07-29T14:00,25.3,82,938.3,25.3,0.2
2024-07-29T15:00,24.8,85,938.2,22.9,0.1
2024-07-29T16:00,24.8,85,937.8,21.4,0.1
2024-07-29T17:00,24.7,82,938.0,26.0,0.5
2024-07-29T18:00,23.4,94,938.7,15.4,0.6
2024-07-29T19:00,23.3,92,939.4,17.7,0.3
2024-07-29T20:00,22.9,92,940.0,15.8,0.0
2024-07-29T21:00,23.1,92,940.3,12.9,0.0
2024-07-29T22:00,22.9,92,941.1,12.8,0.1
2024-07-29T23:00,22.5,93,940.7,12.1,0.0
2024-07-30T00:00,22.8,92,940.4,14.6,0.1
2024-07-30T01:00,22.8,92,940.3,13.1,0.0
2024-07-30T02:00,22.7,92,940.4,10.8,0.1
2024-07-30T03:00,22.5,92,940.2,12.2,0.1
2024-07-30T04:00,22.4,92,940.3,13.5,0.1
2024-07-30T05:00,22.4,92,940.5,13.4,0.2
2024-07-30T06:00,23.1,89,941.0,12.8,0.0
2024-07-30T07:00,23.7,89,941.9,17.4,0.2
2024-07-30T08:00,24.4,83,942.9,19.4,0.2
2024-07-30T09:00,25.2,81,943.7,19.2,0.2
2024-07-30T10:00,26.1,79,944.0,20.1,0.6
2024-07-30T11:00,26.7,77,943.5,23.5,0.5
2024-07-30T12:00,27.7,72,943.3,23.6,0.3
2024-07-30T13:00,26.9,78,942.9,22.4,3.1
2024-07-30T14:00,26.4,76,942.2,24.4,0.9
2024-07-30T15:00,26.8,76,941.9,26.5,0.4
2024-07-30T16:00,26.0,80,941.7,24.1,0.2
2024-07-30T17:00,25.3,82,941.6,23.7,0.1
2024-07-30T18:00,24.2,85,942.5,15.3,0.1
2024-07-30T19:00,23.8,87,943.0,14.8,0.0
2024-07-30T20:00,23.7,88,943.6,12.5,0.0
2024-07-30T21:00,23.6,88,944.3,13.9,0.0
2024-07-30T22:00,23.6,88,944.9,11.6,0.0
2024-07-30T23:00,23.3,88,944.6,10.6,0.0
2024-07-31T00:00,23.1,89,944.3,9.3,0.0
2024-07-31T01:00,23.0,88,943.8,10.9,0.0
2024-07-31T02:00,22.9,87,943.5,13.5,0.0
2024-07-31T03:00,22.5,89,943.5,13.4,0.0
2024-07-31T04:00,22.5,89,943.3,12.4,0.0
2024-07-31T05:00,22.1,91,943.6,10.9,0.2
2024-07-31T06:00,22.4,94,943.6,14.3,3.2
2024-07-31T07:00,23.0,92,944.4,12.1,4.4
2024-07-31T08:00,23.3,91,945.0,8.9,1.4
2024-07-31T09:00,23.8,90,945.7,10.6,2.0
2024-07-31T10:00,23.7,92,945.8,14.7,2.3
2024-07-31T11:00,24.9,85,946.1,18.5,0.4
2024-07-31T12:00,26.0,80,945.4,22.5,0.2
2024-07-31T13:00,26.3,77,945.0,22.1,0.2
2024-07-31T14:00,25.7,81,944.3,21.5,0.2
2024-07-31T15:00,26.3,78,943.6,24.3,0.2
2024-07-31T16:00,25.6,80,942.9,24.4,0.0
2024-07-31T17:00,24.8,84,942.8,19.5,0.0
2024-07-31T18:00,24.6,84,943.7,15.7,0.0
2024-07-31T19:00,24.0,87,944.0,15.6,0.0
2024-07-31T20:00,23.6,89,944.5,13.9,0.0
2024-07-31T21:00,23.5,89,945.1,12.1,0.0
2024-07-31T22:00,23.4,90,945.7,12.5,0.0
2024-07-31T23:00,23.4,90,945.3,14.0,0.0
2024-08-01T00:00,23.4,90,944.9,13.7,0.0
2024-08-01T01:00,23.3,90,944.1,12.6,0.0
2024-08-01T02:00,23.3,90,943.7,12.1,0.0
2024-08-01T03:00,23.3,88,943.5,13.8,0.0
2024-08-01T04:00,23.0,88,943.4,14.4,0.0
2024-08-01T05:00,22.8,89,943.9,11.8,0.0
2024-08-01T06:00,23.0,89,943.2,16.4,0.1
2024-08-01T07:00,23.5,89,943.9,19.9,0.0
2024-08-01T08:00,24.5,85,944.5,20.0,0.0
2024-08-01T09:00,24.9,84,945.1,18.1,0.2
2024-08-01T10:00,25.9,79,945.4,23.0,0.2
2024-08-01T11:00,26.6,78,945.2,23.1,0.4
2024-08-01T12:00,26.3,77,944.6,25.3,0.1
2024-08-01T13:00,26.5,76,943.7,26.4,0.2
2024-08-01T14:00,25.8,77,943.3,26.8,0.3
2024-08-01T15:00,25.8,79,943.0,26.7,0.3
2024-08-01T16:00,25.0,82,942.8,23.1,0.1
2024-08-01T17:00,24.3,84,943.0,19.0,0.1
2024-08-01T18:00,24.0,86,943.5,17.2,0.0
2024-08-01T19:00,23.7,87,943.7,17.4,0.0
2024-08-01T20:00,23.4,88,944.2,14.5,0.0
2024-08-01T21:00,23.2,88,944.9,13.9,0.0
2024-08-01T22:00,23.1,88,945.1,14.4,0.1
2024-08-01T23:00,23.0,88,944.9,15.1,0.1
2024-08-02T00:00,23.2,87,944.1,19.2,0.0
2024-08-02T01:00,23.1,89,943.7,19.3,0.1
2024-08-02T02:00,23.1,89,943.1,19.4,0.1
2024-08-02T03:00,23.0,88,942.9,20.7,0.1
2024-08-02T04:00,22.9,90,942.9,20.6,0.4
2024-08-02T05:00,22.8,89,943.2,21.8,0.1
2024-08-02T06:00,23.1,90,943.0,20.0,0.2
2024-08-02T07:00,23.4,89,943.4,18.6,0.5
2024-08-02T08:00,24.0,87,944.1,21.8,0.1
2024-08-02T09:00,25.4,81,944.6,24.6,0.1
2024-08-02T10:00,26.1,78,944.6,28.6,0.4
2024-08-02T11:00,26.4,77,944.3,30.1,0.9
2024-08-02T12:00,26.7,75,943.7,29.7,0.4
2024-08-02T13:00,25.8,78,943.4,29.0,1.2
2024-08-02T14:00,25.6,79,942.6,29.7,0.4
2024-08-02T15:00,25.3,82,942.3,28.1,0.5
2024-08-02T16:00,25.1,82,942.2,24.2,0.1
2024-08-02T17:00,24.5,83,942.4,21.1,0.1
2024-08-02T18:00,24.1,85,942.6,18.5,0.2
2024-08-02T19:00,22.9,90,943.3,17.1,0.6
2024-08-02T20:00,22.0,94,944.1,15.7,2.8
2024-08-02T21:00,22.7,90,944.5,20.6,0.3
2024-08-02T22:00,22.7,90,945.0,20.0,0.1
2024-08-02T23:00,22.7,90,944.8,19.7,0.1
2024-08-03T00:00,22.8,89,944.2,20.4,0.1
2024-08-03T01:00,22.7,89,943.3,20.8,0.1
2024-08-03T02:00,22.6,89,942.8,19.8,0.1
2024-08-03T03:00,22.7,90,942.5,22.3,0.1
2024-08-03T04:00,22.8,89,942.6,21.3,0.2
2024-08-03T05:00,22.7,89,942.8,22.2,0.1
2024-08-03T06:00,22.6,92,942.7,16.4,2.4
2024-08-03T07:00,22.9,91,943.4,21.2,0.9
2024-08-03T08:00,23.5,89,944.3,21.8,0.4
2024-08-03T09:00,24.1,86,944.7,23.9,0.3
2024-08-03T10:00,24.7,84,945.2,24.1,0.3
2024-08-03T11:00,25.8,79,944.9,26.9,0.2
2024-08-03T12:00,25.4,78,944.3,27.7,0.5
2024-08-03T13:00,25.7,80,944.0,28.5,0.4
2024-08-03T14:00,25.0,82,943.4,29.6,0.3
2024-08-03T15:00,25.0,79,943.0,28.4,0.3
2024-08-03T16:00,24.1,85,942.7,25.0,0.3
2024-08-03T17:00,24.2,86,943.0,21.6,0.2
2024-08-03T18:00,23.6,87,943.6,24.7,0.4
2024-08-03T19:00,23.1,90,944.1,22.2,0.2
2024-08-03T20:00,22.9,90,944.6,20.8,0.2
2024-08-03T21:00,22.8,90,945.4,21.5,0.1
2024-08-03T22:00,22.8,90,945.5,21.7,0.1
2024-08-03T23:00,22.8,90,945.2,21.5,0.0
2024-08-04T00:00,22.8,90,944.6,23.2,0.1
2024-08-04T01:00,22.8,90,943.9,21.6,0.1
2024-08-04T02:00,22.9,89,943.5,20.3,0.1
2024-08-04T03:00,22.9,90,943.1,20.1,0.6
2024-08-04T04:00,22.8,90,943.0,20.5,0.1
2024-08-04T05:00,22.8,90,943.3,19.8,0.2
2024-08-04T06:00,22.9,93,943.3,17.1,1.4
2024-08-04T07:00,23.1,92,944.2,19.3,1.1
2024-08-04T08:00,23.2,92,945.0,19.7,2.0
2024-08-04T09:00,23.4,92,945.7,19.6,1.5
2024-08-04T10:00,23.7,91,945.6,20.5,1.0
2024-08-04T11:00,23.9,91,945.6,23.5,0.8
2024-08-04T12:00,24.7,84,945.1,26.1,0.7
2024-08-04T13:00,26.0,79,944.3,30.0,0.3
2024-08-04T14:00,24.8,90,943.8,23.2,5.7
2024-08-04T15:00,23.7,91,943.3,22.5,4.1
2024-08-04T16:00,23.5,92,943.2,23.0,1.3
2024-08-04T17:00,23.4,91,943.0,23.6,0.7
2024-08-04T18:00,22.9,92,943.4,18.3,3.8
2024-08-04T19:00,22.8,92,943.9,16.4,2.2
2024-08-04T20:00,22.8,92,944.5,17.3,0.5
2024-08-04T21:00,23.0,91,944.6,19.3,0.1
2024-08-04T22:00,22.9,91,945.2,18.1,0.0
2024-08-04T23:00,22.9,91,945.4,18.0,0.0
2024-08-05T00:00,22.8,91,944.9,18.7,0.0
2024-08-05T01:00,22.8,91,944.7,18.5,0.0
2024-08-05T02:00,22.8,91,944.3,16.6,0.0
2024-08-05T03:00,22.9,90,944.1,17.1,0.0
2024-08-05T04:00,22.8,90,944.0,18.0,0.0
2024-08-05T05:00,22.7,91,944.1,19.0,0.0
2024-08-05T06:00,22.6,93,944.5,17.8,0.7
2024-08-05T07:00,22.9,92,945.0,17.6,0.2
2024-08-05T08:00,23.5,89,945.8,19.3,0.1
2024-08-05T09:00,24.4,84,946.3,21.1,0.1
2024-08-05T10:00,25.3,81,946.8,21.7,0.2
2024-08-05T11:00,26.2,77,946.9,24.8,0.2
2024-08-05T12:00,26.4,76,946.5,25.3,0.3
2024-08-05T13:00,26.8,74,945.8,25.5,0.3
2024-08-05T14:00,26.8,74,944.8,26.5,0.4
2024-08-05T15:00,25.9,76,944.0,26.1,0.3
2024-08-05T16:00,25.2,81,943.8,23.1,0.4
2024-08-05T17:00,25.0,82,944.1,19.6,0.1
2024-08-05T18:00,24.2,83,944.8,16.2,0.0
2024-08-05T19:00,23.7,86,945.2,13.6,0.0
2024-08-05T20:00,23.5,86,946.0,13.2,0.0
2024-08-05T21:00,23.2,88,946.7,11.4,0.0
2024-08-05T22:00,23.2,89,947.1,10.8,0.0
2024-08-05T23:00,23.2,89,946.8,12.4,0.0
2024-08-06T00:00,22.9,90,946.3,11.6,0.0
2024-08-06T01:00,22.9,90,945.6,15.0,0.0
2024-08-06T02:00,22.9,90,945.0,14.4,0.0
2024-08-06T03:00,22.9,90,944.5,14.6,0.0
2024-08-06T04:00,22.7,90,944.5,15.7,0.0
2024-08-06T05:00,22.8,90,944.8,14.6,0.0
2024-08-06T06:00,22.5,90,945.0,14.9,0.0
2024-08-06T07:00,23.0,88,945.6,19.7,0.0
2024-08-06T08:00,24.3,82,946.1,20.5,0.0
2024-08-06T09:00,25.2,77,946.6,19.3,0.0
2024-08-06T10:00,26.5,71,946.6,21.4,0.1
2024-08-06T11:00,27.1,69,946.3,21.3,0.0
2024-08-06T12:00,27.4,68,945.9,24.1,0.1
2024-08-06T13:00,27.0,71,945.4,25.5,0.3
2024-08-06T14:00,27.1,71,944.6,24.4,0.1
2024-08-06T15:00,26.8,73,944.0,24.4,0.1
2024-08-06T16:00,26.1,75,943.5,22.7,0.0
2024-08-06T17:00,25.5,78,943.5,23.3,0.0
2024-08-06T18:00,24.7,82,944.4,15.2,0.0
2024-08-06T19:00,24.0,84,944.8,12.8,0.0
2024-08-06T20:00,23.6,87,945.5,12.1,0.0
2024-08-06T21:00,23.4,88,946.1,12.2,0.0
2024-08-06T22:00,23.4,88,946.7,11.4,0.0
2024-08-06T23:00,23.2,89,946.7,10.9,0.0
2024-08-07T00:00,23.1,89,945.8,12.1,0.1
2024-08-07T01:00,22.8,91,945.2,9.8,0.2
2024-08-07T02:00,22.8,91,944.2,11.4,0.2
2024-08-07T03:00,22.8,92,943.8,12.1,0.0
2024-08-07T04:00,22.9,91,943.9,12.4,0.0
2024-08-07T05:00,22.7,92,944.0,13.4,0.0
2024-08-07T06:00,23.0,88,944.6,13.6,0.0
2024-08-07T07:00,23.8,85,945.6,16.5,0.1
2024-08-07T08:00,24.1,85,946.0,17.9,0.2
2024-08-07T09:00,25.2,82,946.4,18.8,0.2
2024-08-07T10:00,25.5,80,946.4,20.6,0.3
2024-08-07T11:00,27.0,71,946.0,23.8,0.1
2024-08-07T12:00,26.9,73,945.6,23.1,0.3
2024-08-07T13:00,26.7,75,944.8,23.1,0.6
2024-08-07T14:00,26.5,76,944.3,23.1,0.1
2024-08-07T15:00,26.7,73,943.8,23.8,0.1
2024-08-07T16:00,25.7,77,943.9,21.7,0.1
2024-08-07T17:00,25.2,79,944.2,20.9,0.1
2024-08-07T18:00,24.4,81,945.2,14.8,0.0
2024-08-07T19:00,23.8,85,945.9,12.6,0.0
2024-08-07T20:00,23.4,87,946.4,12.4,0.0
2024-08-07T21:00,23.0,89,946.7,12.2,0.0
2024-08-07T22:00,23.1,89,947.0,12.5,0.0
2024-08-07T23:00,23.0,89,946.8,11.3,0.0
2024-08-08T00:00,22.7,91,946.4,12.7,0.0
2024-08-08T01:00,22.7,91,945.7,12.4,0.0
2024-08-08T02:00,22.8,90,945.3,12.0,0.0
2024-08-08T03:00,22.8,90,945.2,13.2,0.0
2024-08-08T04:00,22.8,89,944.9,15.0,0.0
2024-08-08T05:00,22.6,90,945.1,13.6,0.0
2024-08-08T06:00,22.6,92,945.3,12.8,0.3
2024-08-08T07:00,22.9,90,946.1,15.2,0.2
2024-08-08T08:00,24.1,84,946.7,18.6,0.1
2024-08-08T09:00,25.4,78,947.2,18.4,0.2
2024-08-08T10:00,25.8,76,947.5,17.8,0.2
2024-08-08T11:00,27.0,71,947.3,18.8,0.3
2024-08-08T12:00,27.2,70,946.8,21.8,0.4
2024-08-08T13:00,27.1,71,946.0,22.0,0.4
2024-08-08T14:00,26.9,71,945.3,22.3,0.2
2024-08-08T15:00,26.5,75,945.1,20.5,0.4
2024-08-08T16:00,26.0,74,945.1,21.7,0.2
2024-08-08T17:00,24.7,81,945.3,19.4,0.0
2024-08-08T18:00,24.3,81,946.3,15.6,0.0
2024-08-08T19:00,23.4,85,946.3,13.3,0.0
2024-08-08T20:00,22.9,88,947.0,11.2,0.0
2024-08-08T21:00,22.8,89,947.6,9.6,0.0
2024-08-08T22:00,22.6,89,947.8,10.0,0.0
2024-08-08T23:00,22.3,91,947.5,9.2,0.0
2024-08-09T00:00,22.1,92,946.8,8.9,0.0
2024-08-09T01:00,22.2,92,946.5,10.0,0.0
2024-08-09T02:00,22.3,92,946.0,10.4,0.0
2024-08-09T03:00,22.1,93,945.6,8.0,0.0
2024-08-09T04:00,22.3,92,945.7,7.0,0.0
2024-08-09T05:00,22.4,91,945.7,9.9,0.0
2024-08-09T06:00,23.2,89,946.3,9.8,0.2
2024-08-09T07:00,23.8,86,946.7,16.8,0.1
2024-08-09T08:00,24.7,82,947.6,16.9,0.0
2024-08-09T09:00,24.3,85,948.4,18.1,0.0
2024-08-09T10:00,23.6,91,948.4,15.0,1.5
2024-08-09T11:00,23.9,91,948.3,14.6,1.5
2024-08-09T12:00,24.1,89,947.9,18.1,1.6
2024-08-09T13:00,24.3,89,947.2,17.7,0.6
2024-08-09T14:00,24.8,84,946.8,20.1,0.2
2024-08-09T15:00,24.8,83,946.3,19.5,0.1
2024-08-09T16:00,24.5,84,945.9,18.4,0.0
2024-08-09T17:00,24.3,84,946.0,15.1,0.0
2024-08-09T18:00,23.2,89,947.0,13.0,0.3
2024-08-09T19:00,22.9,91,947.3,12.6,0.3
2024-08-09T20:00,22.8,91,947.8,11.5,0.0
2024-08-09T21:00,22.4,93,948.1,10.9,0.0
2024-08-09T22:00,22.2,93,948.0,11.2,0.0
2024-08-09T23:00,22.2,93,948.0,10.8,0.0
2024-08-10T00:00,22.1,94,947.5,8.8,0.0
2024-08-10T01:00,22.1,93,947.2,9.3,0.0
2024-08-10T02:00,21.9,94,946.6,10.2,0.0
2024-08-10T03:00,22.2,93,946.3,10.8,0.0
2024-08-10T04:00,22.3,92,946.3,10.9,0.0
2024-08-10T05:00,22.5,91,946.7,10.9,0.0
2024-08-10T06:00,22.7,92,946.7,10.7,0.0
2024-08-10T07:00,23.4,89,947.3,10.9,0.0
2024-08-10T08:00,24.7,84,948.1,12.5,0.1
2024-08-10T09:00,25.5,80,948.4,14.2,0.0
2024-08-10T10:00,26.6,74,948.5,15.8,0.3
2024-08-10T11:00,27.1,72,948.0,17.0,0.3
2024-08-10T12:00,27.7,71,947.5,16.6,0.3
2024-08-10T13:00,28.6,70,946.6,17.0,0.4
2024-08-10T14:00,27.7,69,945.8,21.4,0.2
2024-08-10T15:00,27.2,71,945.2,22.6,0.1
2024-08-10T16:00,26.6,75,945.1,22.6,0.1
2024-08-10T17:00,25.2,80,945.1,21.2,0.1
2024-08-10T18:00,23.0,93,946.0,15.6,2.0
2024-08-10T19:00,22.9,92,946.3,15.5,0.3
2024-08-10T20:00,22.4,93,946.7,16.6,0.0
2024-08-10T21:00,22.1,94,947.3,15.2,0.0
2024-08-10T22:00,22.1,94,947.6,14.4,0.2
2024-08-10T23:00,22.0,96,947.3,14.1,0.0
2024-08-11T00:00,22.0,95,946.3,12.9,0.0
2024-08-11T01:00,22.1,94,945.8,13.6,0.0
2024-08-11T02:00,22.3,94,945.1,13.0,0.0
2024-08-11T03:00,22.6,93,945.1,14.8,0.0
2024-08-11T04:00,22.6,93,944.9,15.2,0.0
2024-08-11T05:00,22.3,94,945.0,13.4,0.0
2024-08-11T06:00,22.5,92,945.7,14.8,0.0
2024-08-11T07:00,23.2,88,946.0,16.7,0.0
2024-08-11T08:00,24.3,82,947.2,17.9,0.0
2024-08-11T09:00,25.4,76,947.2,20.5,0.0
2024-08-11T10:00,26.3,73,947.3,21.0,0.1
2024-08-11T11:00,26.7,72,946.8,21.9,0.3
2024-08-11T12:00,27.6,67,946.3,21.3,0.1
2024-08-11T13:00,27.1,69,945.8,22.1,0.3
2024-08-11T14:00,27.1,70,944.8,22.8,0.1
2024-08-11T15:00,27.2,70,944.3,22.7,0.1
2024-08-11T16:00,26.1,75,943.9,23.2,0.1
2024-08-11T17:00,25.3,78,943.5,19.8,0.0
2024-08-11T18:00,24.2,83,944.2,15.1,0.0
2024-08-11T19:00,23.6,85,944.4,14.4,0.0
2024-08-11T20:00,23.2,87,944.9,12.6,0.0
2024-08-11T21:00,22.9,89,945.3,12.0,0.0
2024-08-11T22:00,22.7,90,945.7,10.2,0.0
2024-08-11T23:00,22.4,92,945.7,8.0,0.0
2024-08-12T00:00,22.3,92,945.3,7.5,0.0
2024-08-12T01:00,22.2,93,944.9,8.2,0.0
2024-08-12T02:00,21.8,94,944.5,8.3,0.0
2024-08-12T03:00,21.9,94,944.2,8.0,0.0
2024-08-12T04:00,21.7,95,944.2,8.2,0.0
2024-08-12T05:00,21.8,95,944.9,7.6,0.0
2024-08-12T06:00,22.9,90,944.9,10.7,0.0
2024-08-12T07:00,23.6,87,945.6,13.3,0.0
2024-08-12T08:00,24.5,83,946.4,16.0,0.0
2024-08-12T09:00,25.5,78,946.9,15.9,0.1
2024-08-12T10:00,26.5,74,946.9,16.8,0.3
2024-08-12T11:00,27.2,71,946.4,18.0,0.2
2024-08-12T12:00,27.4,70,946.1,18.0,0.3
2024-08-12T13:00,28.2,68,945.7,17.0,0.1
2024-08-12T14:00,28.0,68,944.7,19.1,0.0
2024-08-12T15:00,27.1,72,944.1,19.5,0.2
2024-08-12T16:00,26.9,73,943.8,19.9,0.0
2024-08-12T17:00,25.9,77,943.7,21.6,0.0
2024-08-12T18:00,25.0,80,944.5,13.4,0.0
2024-08-12T19:00,24.1,84,944.6,12.0,0.0
2024-08-12T20:00,23.5,87,945.0,10.4,0.0
2024-08-12T21:00,22.8,91,945.7,7.9,0.0
2024-08-12T22:00,22.5,93,946.4,6.3,0.0
2024-08-12T23:00,22.2,94,946.4,7.6,0.0
2024-08-13T00:00,22.0,95,946.2,7.2,0.0
2024-08-13T01:00,21.7,96,946.1,6.3,0.0
2024-08-13T02:00,21.6,96,945.5,6.4,0.0
2024-08-13T03:00,21.7,95,945.2,6.6,0.0
2024-08-13T04:00,21.7,94,945.1,7.3,0.0
2024-08-13T05:00,21.5,93,945.6,8.1,0.0
2024-08-13T06:00,22.4,88,946.1,7.3,0.0
2024-08-13T07:00,23.3,85,946.8,10.9,0.0
2024-08-13T08:00,24.4,80,947.3,11.5,0.0
2024-08-13T09:00,25.6,75,947.7,10.4,0.1
2024-08-13T10:00,26.5,72,947.8,9.7,0.0
2024-08-13T11:00,27.6,67,947.3,11.4,0.0
2024-08-13T12:00,28.5,63,946.5,12.1,0.0
2024-08-13T13:00,29.5,60,945.6,13.4,0.0
2024-08-13T14:00,29.4,59,944.6,14.4,0.0
2024-08-13T15:00,28.9,63,944.1,15.0,0.0
2024-08-13T16:00,28.6,64,943.8,14.9,0.0
2024-08-13T17:00,27.4,70,943.5,16.7,0.0
2024-08-13T18:00,25.2,81,944.3,9.7,0.3
2024-08-13T19:00,24.6,87,944.7,8.3,0.1
2024-08-13T20:00,24.0,90,945.6,8.1,0.0
2024-08-13T21:00,23.5,92,946.5,7.8,0.0
2024-08-13T22:00,23.1,94,946.8,8.6,0.0
2024-08-13T23:00,22.7,96,946.6,7.9,0.0
2024-08-14T00:00,22.4,96,946.1,7.9,0.0
2024-08-14T01:00,22.1,97,945.6,7.2,0.0
2024-08-14T02:00,21.8,98,944.9,7.3,0.0
2024-08-14T03:00,21.5,98,944.8,7.1,0.0
2024-08-14T04:00,21.3,98,945.0,6.8,0.0
2024-08-14T05:00,21.2,98,945.3,7.1,0.0
2024-08-14T06:00,21.4,96,945.6,7.6,0.0
2024-08-14T07:00,22.3,92,946.4,7.6,0.0
2024-08-14T08:00,23.8,84,947.1,8.8,0.0
2024-08-14T09:00,25.3,77,947.6,7.2,0.0
2024-08-14T10:00,26.2,73,947.6,6.4,0.0
2024-08-14T11:00,26.9,70,947.2,7.0,0.0
2024-08-14T12:00,27.7,68,946.5,8.7,0.0
2024-08-14T13:00,28.8,63,945.4,10.8,0.2
2024-08-14T14:00,28.8,64,944.5,12.9,0.3
2024-08-14T15:00,29.2,62,943.8,13.0,0.1
2024-08-14T16:00,28.6,64,943.6,14.8,0.1
2024-08-14T17:00,26.7,74,944.1,16.7,0.1
2024-08-14T18:00,26.6,75,944.3,13.8,0.0
2024-08-14T19:00,24.9,83,944.9,13.0,0.0
2024-08-14T20:00,24.1,87,945.6,10.0,0.0
2024-08-14T21:00,23.6,90,945.9,8.8,0.0
2024-08-14T22:00,23.2,92,946.3,7.6,0.0
2024-08-14T23:00,22.9,94,946.2,6.9,0.0
2024-08-15T00:00,22.8,93,945.5,8.0,0.0
2024-08-15T01:00,22.4,95,944.9,7.6,0.0
2024-08-15T02:00,22.1,96,944.5,7.9,0.0
2024-08-15T03:00,22.0,95,944.4,7.6,0.0
2024-08-15T04:00,21.5,97,944.2,6.8,0.0
2024-08-15T05:00,21.4,97,944.6,5.1,0.0
2024-08-15T06:00,21.5,97,945.1,5.8,0.1
2024-08-15T07:00,22.0,94,945.5,5.9,0.0
2024-08-15T08:00,23.7,85,946.2,6.3,0.0
2024-08-15T09:00,25.3,78,946.6,7.5,0.0
2024-08-15T10:00,27.1,69,946.9,6.5,0.0
2024-08-15T11:00,28.2,67,946.3,7.9,0.0
2024-08-15T12:00,28.6,64,945.5,10.0,0.0
2024-08-15T13:00,29.8,59,944.7,10.8,0.0
2024-08-15T14:00,30.4,56,943.7,13.3,0.0
2024-08-15T15:00,30.2,57,942.9,13.7,0.0
2024-08-15T16:00,29.2,61,942.9,16.2,0.2
2024-08-15T17:00,26.9,76,943.1,17.3,0.0
2024-08-15T18:00,26.1,78,943.6,13.1,0.0
2024-08-15T19:00,25.2,82,944.1,9.7,0.0
2024-08-15T20:00,24.6,85,944.6,9.9,0.0
2024-08-15T21:00,23.9,89,944.8,8.4,0.0
2024-08-15T22:00,23.3,92,944.9,7.9,0.0
2024-08-15T23:00,22.7,95,944.7,7.3,0.0
2024-08-16T00:00,22.3,97,944.5,7.0,0.0
2024-08-16T01:00,22.0,98,943.8,8.4,0.0
2024-08-16T02:00,21.7,98,943.3,7.8,0.0
2024-08-16T03:00,21.4,99,943.2,7.4,0.0
2024-08-16T04:00,21.2,99,943.1,7.0,0.0
2024-08-16T05:00,21.1,99,943.2,7.2,0.0
2024-08-16T06:00,22.2,93,943.4,7.0,0.0
2024-08-16T07:00,23.1,89,944.2,8.1,0.0
2024-08-16T08:00,24.6,83,944.8,9.7,0.0
2024-08-16T09:00,26.1,75,945.4,9.3,0.0
2024-08-16T10:00,27.2,70,945.5,10.9,0.1
2024-08-16T11:00,28.3,65,945.2,10.2,0.0
2024-08-16T12:00,29.4,61,944.7,11.2,0.1
2024-08-16T13:00,30.3,57,943.6,11.9,0.1
2024-08-16T14:00,29.9,58,942.4,16.2,0.1
2024-08-16T15:00,28.6,66,942.1,17.0,0.1
2024-08-16T16:00,27.4,72,942.0,15.6,0.4
2024-08-16T17:00,26.9,75,942.3,15.5,0.1
2024-08-16T18:00,26.3,75,943.0,10.7,0.0
2024-08-16T19:00,25.3,80,943.6,10.7,0.0
2024-08-16T20:00,24.5,84,944.3,10.2,0.0
2024-08-16T21:00,23.9,88,944.9,8.7,0.0
2024-08-16T22:00,23.5,90,945.4,7.9,0.0
2024-08-16T23:00,23.1,92,945.4,7.2,0.0
2024-08-17T00:00,22.9,93,945.0,6.8,0.0
2024-08-17T01:00,22.5,95,944.4,6.5,0.0
2024-08-17T02:00,22.1,97,944.1,6.9,0.0
2024-08-17T03:00,21.6,98,943.7,7.0,0.0
2024-08-17T04:00,21.4,98,943.8,6.3,0.0
2024-08-17T05:00,21.4,97,944.3,5.6,0.0
2024-08-17T06:00,22.6,91,945.2,1.4,0.1
2024-08-17T07:00,22.8,91,945.2,4.0,0.2
2024-08-17T08:00,23.2,89,945.5,4.6,0.3
2024-08-17T09:00,23.7,87,946.3,3.9,0.1
2024-08-17T10:00,25.5,78,946.9,4.2,0.0
2024-08-17T11:00,25.8,76,946.7,2.6,0.0
2024-08-17T12:00,26.8,71,946.0,1.5,0.0
2024-08-17T13:00,28.1,67,945.2,2.3,0.0
2024-08-17T14:00,28.8,64,944.2,7.0,0.1
2024-08-17T15:00,28.5,66,943.9,8.5,0.1
2024-08-17T16:00,27.6,69,943.6,11.5,0.6
2024-08-17T17:00,25.3,81,943.8,6.1,1.2
2024-08-17T18:00,26.8,76,943.9,4.8,0.1
2024-08-17T19:00,26.0,80,944.4,5.2,0.1
2024-08-17T20:00,25.0,92,945.0,3.1,0.0
2024-08-17T21:00,24.6,91,946.1,2.6,0.0
2024-08-17T22:00,24.5,90,946.7,4.7,0.0
2024-08-17T23:00,24.1,92,946.8,5.4,0.0
2024-08-18T00:00,23.7,95,946.0,5.3,0.0
2024-08-18T01:00,23.4,97,945.9,2.5,0.1
2024-08-18T02:00,23.4,96,945.3,4.0,0.2
2024-08-18T03:00,23.3,97,944.9,3.4,0.2
2024-08-18T04:00,23.4,96,945.0,3.0,0.2
2024-08-18T05:00,23.4,96,944.9,3.1,0.1
2024-08-18T06:00,23.0,95,945.3,5.0,8.0
2024-08-18T07:00,23.1,96,945.8,3.9,6.5
2024-08-18T08:00,23.5,95,946.2,3.6,1.9
2024-08-18T09:00,24.5,89,946.9,5.0,0.2
2024-08-18T10:00,25.7,83,947.2,6.8,0.1
2024-08-18T11:00,27.1,78,947.0,6.4,0.1
2024-08-18T12:00,28.0,75,946.4,5.1,0.1
2024-08-18T13:00,28.3,73,945.6,6.2,0.1
2024-08-18T14:00,27.7,76,944.7,6.3,0.1
2024-08-18T15:00,27.6,76,944.3,4.3,0.1
2024-08-18T16:00,24.9,88,944.6,5.6,11.4
2024-08-18T17:00,24.8,89,943.8,6.5,0.6
2024-08-18T18:00,25.1,85,944.6,2.5,0.9
2024-08-18T19:00,24.7,90,945.2,2.2,0.1
2024-08-18T20:00,24.3,92,946.0,3.7,0.0
2024-08-18T21:00,23.9,94,946.4,2.9,0.0
2024-08-18T22:00,23.8,94,946.9,2.5,0.0
2024-08-18T23:00,24.0,93,946.7,1.1,0.0
2024-08-19T00:00,23.8,94,946.3,1.1,0.0
2024-08-19T01:00,23.0,98,945.7,3.1,0.0
2024-08-19T02:00,22.9,97,945.0,3.6,0.0
2024-08-19T03:00,22.7,98,944.8,2.0,0.0
2024-08-19T04:00,22.8,96,944.6,2.9,0.0
2024-08-19T05:00,22.4,97,944.7,3.6,0.0
2024-08-19T06:00,23.1,95,945.0,3.2,0.1
2024-08-19T07:00,23.7,92,945.3,3.5,0.0
2024-08-19T08:00,24.6,86,946.0,4.7,0.0
2024-08-19T09:00,25.8,81,946.4,3.7,0.0
2024-08-19T10:00,27.2,75,946.8,3.6,0.1
2024-08-19T11:00,28.6,70,946.6,5.0,0.1
2024-08-19T12:00,28.9,71,945.9,5.2,0.0
2024-08-19T13:00,29.4,68,944.8,4.4,0.1
2024-08-19T14:00,29.8,66,943.3,2.2,0.0
2024-08-19T15:00,30.3,65,942.6,5.8,0.1
2024-08-19T16:00,28.4,71,942.2,8.1,2.2
2024-08-19T17:00,26.5,78,943.0,5.4,1.7
2024-08-19T18:00,24.5,91,943.8,5.2,0.8
2024-08-19T19:00,24.4,92,944.6,3.0,0.7
2024-08-19T20:00,24.3,94,945.2,0.7,0.2
2024-08-19T21:00,24.2,93,946.1,1.8,0.3
2024-08-19T22:00,23.8,94,946.5,8.1,0.5
2024-08-19T23:00,23.3,95,946.1,1.8,2.0
2024-08-20T00:00,23.3,95,945.3,2.5,1.4
2024-08-20T01:00,23.0,96,944.7,3.0,0.8
2024-08-20T02:00,22.8,97,943.4,2.9,0.3
2024-08-20T03:00,22.8,96,942.9,3.3,0.1
2024-08-20T04:00,22.8,97,943.0,4.3,0.1
2024-08-20T05:00,22.5,97,943.0,3.5,0.0
2024-08-20T06:00,23.1,96,944.0,5.5,0.0
2024-08-20T07:00,23.6,93,944.4,6.2,0.0
2024-08-20T08:00,24.6,89,945.2,3.3,0.0
2024-08-20T09:00,25.9,84,945.7,1.6,0.0
2024-08-20T10:00,27.3,77,946.0,6.0,0.0
2024-08-20T11:00,28.1,71,945.9,6.9,0.3
2024-08-20T12:00,29.2,66,945.2,6.8,0.0
2024-08-20T13:00,29.0,65,944.5,3.7,0.0
2024-08-20T14:00,29.3,64,943.5,5.4,0.1
2024-08-20T15:00,29.8,63,942.7,8.0,0.0
2024-08-20T16:00,28.0,70,942.8,7.1,0.5
2024-08-20T17:00,26.0,80,943.0,11.9,0.3
2024-08-20T18:00,25.7,86,943.5,7.5,0.2
2024-08-20T19:00,24.6,89,944.3,12.8,0.2
2024-08-20T20:00,23.9,90,944.9,5.4,0.3
2024-08-20T21:00,23.0,94,946.0,7.6,1.6
2024-08-20T22:00,23.2,94,946.9,2.4,1.6
2024-08-20T23:00,23.1,95,947.2,3.1,0.9
2024-08-21T00:00,22.8,95,946.4,6.0,1.0
2024-08-21T01:00,22.6,96,945.6,2.7,0.4
2024-08-21T02:00,22.5,97,944.8,1.0,0.1
2024-08-21T03:00,22.6,95,944.6,0.8,0.0
2024-08-21T04:00,22.1,98,944.3,2.2,0.0
2024-08-21T05:00,22.0,99,944.3,2.3,0.0
2024-08-21T06:00,22.5,96,944.5,3.5,0.0
2024-08-21T07:00,23.7,89,945.3,5.4,0.0
2024-08-21T08:00,25.0,83,945.9,9.3,0.0
2024-08-21T09:00,26.0,79,946.2,8.6,0.1
2024-08-21T10:00,27.1,74,946.0,7.2,0.3
2024-08-21T11:00,28.3,69,945.7,6.5,0.4
2024-08-21T12:00,28.9,68,945.3,4.9,0.1
2024-08-21T13:00,30.3,63,944.2,5.4,0.1
2024-08-21T14:00,29.8,67,943.2,3.1,0.4
2024-08-21T15:00,29.6,69,942.3,1.1,0.1
2024-08-21T16:00,24.7,92,942.5,14.0,8.7
2024-08-21T17:00,25.5,86,942.8,8.8,1.8
2024-08-21T18:00,24.8,88,943.4,6.8,0.6
2024-08-21T19:00,23.9,94,944.0,6.5,3.0
2024-08-21T20:00,23.9,95,944.4,3.8,0.1
2024-08-21T21:00,23.6,96,945.4,6.2,0.6
2024-08-21T22:00,23.4,96,945.8,2.7,0.3
2024-08-21T23:00,22.9,96,945.7,3.8,0.0
2024-08-22T00:00,22.9,96,945.1,4.1,0.0
2024-08-22T01:00,23.1,96,944.8,4.2,0.0
2024-08-22T02:00,22.9,96,944.8,1.8,4.0
2024-08-22T03:00,23.0,96,944.3,2.2,0.1
2024-08-22T04:00,22.7,98,943.7,2.6,0.1
2024-08-22T05:00,22.5,99,943.5,2.0,0.1
2024-08-22T06:00,22.9,98,943.7,1.3,0.0
2024-08-22T07:00,23.5,95,944.4,3.9,0.0
2024-08-22T08:00,24.9,86,945.4,1.6,0.1
2024-08-22T09:00,25.6,82,945.6,1.0,0.1
2024-08-22T10:00,27.3,75,945.6,2.6,0.3
2024-08-22T11:00,27.8,71,945.2,4.2,0.2
2024-08-22T12:00,28.4,70,944.7,5.2,0.1
2024-08-22T13:00,28.9,68,943.9,6.5,0.2
2024-08-22T14:00,28.8,70,942.8,7.8,0.3
2024-08-22T15:00,28.6,72,942.0,8.4,0.1
2024-08-22T16:00,27.2,76,942.0,12.1,1.2
2024-08-22T17:00,24.6,90,942.4,6.3,5.0
2024-08-22T18:00,25.9,82,943.0,3.3,0.6
2024-08-22T19:00,24.8,88,944.0,6.0,1.0
2024-08-22T20:00,23.7,94,944.7,3.8,2.7
2024-08-22T21:00,23.7,95,945.2,6.3,0.1
2024-08-22T22:00,23.6,97,945.7,2.4,0.0
2024-08-22T23:00,24.0,92,946.2,2.3,0.1
2024-08-23T00:00,23.7,96,945.7,3.2,0.2
2024-08-23T01:00,23.3,98,944.9,1.3,0.0
2024-08-23T02:00,23.4,97,944.5,1.4,0.0
2024-08-23T03:00,23.2,98,943.5,2.2,0.0
2024-08-23T04:00,23.0,98,943.2,2.1,0.0
2024-08-23T05:00,23.0,99,943.5,3.6,0.1
2024-08-23T06:00,23.7,94,944.9,2.0,0.0
2024-08-23T07:00,23.7,94,945.5,3.6,0.3
2024-08-23T08:00,24.2,91,945.8,6.0,0.3
2024-08-23T09:00,25.1,84,946.3,11.7,0.0
2024-08-23T10:00,26.1,79,946.7,13.6,0.1
2024-08-23T11:00,26.3,77,946.4,16.6,0.0
2024-08-23T12:00,27.2,74,945.9,17.6,0.1
2024-08-23T13:00,27.9,73,945.0,14.7,0.2
2024-08-23T14:00,26.1,80,944.3,15.3,9.0
2024-08-23T15:00,25.5,86,943.5,14.2,0.8
2024-08-23T16:00,25.7,81,943.4,15.3,1.6
2024-08-23T17:00,25.0,89,943.6,11.2,0.3
2024-08-23T18:00,24.5,90,943.6,10.4,1.4
2024-08-23T19:00,24.1,92,944.3,8.9,0.1
2024-08-23T20:00,23.9,94,944.7,6.6,0.2
2024-08-23T21:00,23.7,92,945.5,10.0,0.2
2024-08-23T22:00,23.5,95,945.4,3.3,0.1
2024-08-23T23:00,23.3,95,945.6,8.9,0.4
2024-08-24T00:00,22.8,96,945.2,10.8,4.1
2024-08-24T01:00,22.8,95,944.6,10.4,3.7
2024-08-24T02:00,22.7,95,943.9,5.0,2.7
2024-08-24T03:00,22.8,95,943.2,7.0,0.5
2024-08-24T04:00,22.8,95,943.4,4.0,1.8
2024-08-24T05:00,22.5,96,943.6,6.2,2.9
2024-08-24T06:00,22.5,94,944.5,10.2,1.5
2024-08-24T07:00,22.8,94,945.3,11.0,0.7
2024-08-24T08:00,23.1,94,946.2,9.5,2.2
2024-08-24T09:00,23.2,94,946.7,9.8,4.0
2024-08-24T10:00,23.3,94,946.6,10.3,4.3
2024-08-24T11:00,23.4,93,946.0,13.3,4.5
2024-08-24T12:00,23.5,92,945.5,14.9,8.6
2024-08-24T13:00,24.1,91,944.9,19.5,2.8
2024-08-24T14:00,23.6,92,944.3,19.5,1.5
2024-08-24T15:00,23.3,92,943.8,20.7,2.8
2024-08-24T16:00,23.3,91,943.7,20.6,2.6
2024-08-24T17:00,23.2,92,944.0,17.2,1.6
2024-08-24T18:00,22.7,92,944.5,18.2,2.5
2024-08-24T19:00,22.5,92,944.8,18.1,1.7
2024-08-24T20:00,22.5,92,945.3,19.9,2.7
2024-08-24T21:00,22.5,92,945.8,21.2,1.1
2024-08-24T22:00,22.5,92,945.9,19.6,0.5
2024-08-24T23:00,22.6,92,946.0,19.7,0.5
2024-08-25T00:00,22.6,92,945.4,18.9,0.9
2024-08-25T01:00,22.5,93,944.7,18.8,1.1
2024-08-25T02:00,22.8,92,943.8,21.4,0.7
2024-08-25T03:00,22.5,93,943.7,19.4,0.4
2024-08-25T04:00,22.3,93,943.5,18.7,0.4
2024-08-25T05:00,22.2,93,943.6,17.3,1.1
2024-08-25T06:00,22.4,92,944.1,21.9,1.5
2024-08-25T07:00,22.7,91,944.6,21.0,2.3
2024-08-25T08:00,22.9,92,944.7,21.1,1.6
2024-08-25T09:00,22.8,91,945.0,22.3,1.4
2024-08-25T10:00,22.9,91,944.9,19.5,1.2
2024-08-25T11:00,24.2,87,944.8,24.4,0.5
2024-08-25T12:00,24.6,87,944.5,27.1,0.6
2024-08-25T13:00,25.3,81,943.8,30.5,0.4
2024-08-25T14:00,24.1,82,943.6,26.1,3.8
2024-08-25T15:00,24.0,85,943.1,25.5,0.4
2024-08-25T16:00,24.1,82,942.9,25.3,0.3
2024-08-25T17:00,23.7,84,942.8,23.4,0.5
2024-08-25T18:00,22.5,92,942.8,21.4,3.3
2024-08-25T19:00,22.2,93,943.1,23.0,0.9
2024-08-25T20:00,22.8,91,943.1,25.1,0.5
2024-08-25T21:00,22.2,94,943.7,19.8,0.3
2024-08-25T22:00,21.7,91,943.9,21.5,0.1
2024-08-25T23:00,21.4,90,943.1,18.4,0.1
2024-08-26T00:00,21.4,91,942.7,18.7,0.0
2024-08-26T01:00,21.3,91,942.4,17.6,0.1
2024-08-26T02:00,21.1,91,941.6,20.1,0.1
2024-08-26T03:00,21.6,88,941.4,21.9,0.0
2024-08-26T04:00,21.7,88,941.4,22.9,0.0
2024-08-26T05:00,21.8,88,941.6,21.6,0.1
2024-08-26T06:00,22.1,89,942.3,20.7,0.5
2024-08-26T07:00,22.6,89,942.7,23.3,0.3
2024-08-26T08:00,23.5,85,943.2,23.8,0.0
2024-08-26T09:00,24.0,84,943.7,23.7,0.0
2024-08-26T10:00,24.3,83,944.3,22.4,0.2
2024-08-26T11:00,24.3,82,943.9,25.3,0.4
2024-08-26T12:00,24.2,82,943.8,23.7,0.5
2024-08-26T13:00,24.2,84,943.3,23.5,0.3
2024-08-26T14:00,24.2,83,942.3,23.0,0.8
2024-08-26T15:00,24.3,83,942.2,23.8,1.2
2024-08-26T16:00,24.3,85,941.9,24.9,0.4
2024-08-26T17:00,23.9,85,942.0,22.8,0.3
2024-08-26T18:00,23.1,87,942.1,20.3,0.2
2024-08-26T19:00,22.7,88,942.8,18.0,0.1
2024-08-26T20:00,22.3,90,943.5,17.9,0.2
2024-08-26T21:00,21.9,90,944.0,15.0,0.1
2024-08-26T22:00,21.9,90,944.2,15.3,0.1
2024-08-26T23:00,21.5,91,943.9,15.6,0.2
2024-08-27T00:00,21.6,91,943.3,15.7,0.1
2024-08-27T01:00,21.8,89,942.8,18.1,0.1
2024-08-27T02:00,21.7,90,942.2,18.2,0.0
2024-08-27T03:00,21.6,91,942.4,17.2,0.1
2024-08-27T04:00,21.5,90,942.4,17.3,0.2
2024-08-27T05:00,21.4,90,942.4,17.8,0.0
2024-08-27T06:00,22.4,88,942.6,15.1,0.2
2024-08-27T07:00,22.8,89,943.3,16.9,0.4
2024-08-27T08:00,23.6,84,943.9,20.7,0.2
2024-08-27T09:00,24.0,84,945.0,21.5,0.3
2024-08-27T10:00,24.7,81,945.3,24.0,0.6
2024-08-27T11:00,25.9,77,945.1,26.5,0.4
2024-08-27T12:00,26.1,76,944.7,26.0,0.5
2024-08-27T13:00,25.9,76,944.3,27.9,1.0
2024-08-27T14:00,24.8,80,943.7,26.3,2.1
2024-08-27T15:00,25.4,79,943.2,26.9,0.5
2024-08-27T16:00,25.0,80,943.4,24.6,0.3
2024-08-27T17:00,24.1,83,943.2,19.4,0.1
2024-08-27T18:00,23.4,86,944.4,16.8,0.2
2024-08-27T19:00,22.8,89,944.8,15.0,0.2
2024-08-27T20:00,22.1,91,945.2,13.6,0.1
2024-08-27T21:00,22.1,90,945.9,13.7,0.1
2024-08-27T22:00,22.2,90,946.5,11.2,0.1
2024-08-27T23:00,22.1,91,946.2,11.5,0.1
2024-08-28T00:00,21.9,91,945.8,10.5,0.0
2024-08-28T01:00,21.6,92,944.8,10.7,0.0
2024-08-28T02:00,21.7,91,944.6,13.0,0.1
2024-08-28T03:00,21.7,90,944.1,14.3,0.0
2024-08-28T04:00,21.5,91,944.0,12.7,0.1
2024-08-28T05:00,21.8,90,943.9,15.4,0.0
2024-08-28T06:00,22.2,88,944.3,17.3,0.0
2024-08-28T07:00,22.7,87,944.8,21.2,0.0
2024-08-28T08:00,23.8,86,945.4,18.7,0.1
2024-08-28T09:00,24.5,84,946.1,26.4,0.3
2024-08-28T10:00,25.2,79,946.2,28.5,0.7
2024-08-28T11:00,25.8,79,945.8,30.3,0.5
2024-08-28T12:00,26.7,75,945.3,30.0,0.4
2024-08-28T13:00,26.5,74,944.6,29.6,0.4
2024-08-28T14:00,26.5,75,943.8,30.5,0.5
2024-08-28T15:00,26.4,74,943.6,28.5,0.3
2024-08-28T16:00,25.4,78,943.1,30.2,0.2
2024-08-28T17:00,24.5,83,943.1,23.5,0.3
2024-08-28T18:00,23.6,83,944.4,17.1,0.1
2024-08-28T19:00,22.8,86,945.0,14.9,0.0
2024-08-28T20:00,22.6,88,945.5,14.4,0.0
2024-08-28T21:00,22.6,88,945.9,13.3,0.0
2024-08-28T22:00,22.6,89,946.1,13.5,0.0
2024-08-28T23:00,22.5,89,945.9,12.1,0.0
2024-08-29T00:00,22.4,90,945.2,14.1,0.0
2024-08-29T01:00,22.3,90,944.1,12.2,0.0
2024-08-29T02:00,22.1,90,943.2,12.1,0.0
2024-08-29T03:00,22.6,88,943.0,14.7,0.0
2024-08-29T04:00,22.7,88,942.9,16.1,0.0
2024-08-29T05:00,22.7,88,943.3,17.1,0.0
2024-08-29T06:00,22.9,90,943.8,13.2,0.0
2024-08-29T07:00,23.3,89,944.3,14.5,0.1
2024-08-29T08:00,24.0,87,945.0,16.6,0.2
2024-08-29T09:00,25.3,81,945.6,22.7,0.1
2024-08-29T10:00,26.3,75,945.8,23.6,0.1
2024-08-29T11:00,27.0,71,945.7,24.5,0.0
2024-08-29T12:00,27.1,71,945.0,23.0,0.2
2024-08-29T13:00,26.8,74,944.3,25.5,0.3
2024-08-29T14:00,27.0,74,943.5,23.0,0.1
2024-08-29T15:00,26.1,76,942.9,21.1,0.2
2024-08-29T16:00,26.0,77,942.4,22.5,0.1
2024-08-29T17:00,25.2,79,942.5,18.9,0.1
2024-08-29T18:00,24.1,83,943.6,12.8,0.0
2024-08-29T19:00,23.4,87,943.8,11.4,0.0
2024-08-29T20:00,23.1,88,944.9,10.0,0.0
2024-08-29T21:00,23.0,89,945.5,9.4,0.0
2024-08-29T22:00,22.7,91,945.7,7.1,0.0
2024-08-29T23:00,22.9,90,945.2,10.2,0.0
2024-08-30T00:00,22.7,90,944.5,13.2,0.0
2024-08-30T01:00,22.3,93,943.6,13.2,0.0
2024-08-30T02:00,22.8,90,943.4,13.9,0.0
2024-08-30T03:00,22.9,89,943.2,11.9,0.0
2024-08-30T04:00,22.6,91,943.1,11.1,0.0
2024-08-30T05:00,22.5,91,943.3,12.2,0.0
2024-08-30T06:00,23.3,89,943.9,7.6,0.0
2024-08-30T07:00,23.7,87,944.8,9.3,0.0
2024-08-30T08:00,24.4,85,945.9,12.5,0.0
2024-08-30T09:00,25.1,82,946.6,13.8,0.1
2024-08-30T10:00,26.1,78,946.9,17.4,0.4
2024-08-30T11:00,27.0,74,946.6,19.3,0.3
2024-08-30T12:00,27.1,73,946.2,20.7,0.2
2024-08-30T13:00,27.0,70,945.5,20.1,0.3
2024-08-30T14:00,26.3,79,944.4,18.9,0.6
2024-08-30T15:00,26.9,75,943.7,20.2,0.2
2024-08-30T16:00,26.4,76,943.4,20.8,0.1
2024-08-30T17:00,25.4,78,943.8,16.5,0.0
2024-08-30T18:00,24.6,80,944.7,15.3,0.0
2024-08-30T19:00,23.5,85,945.4,12.0,0.0
2024-08-30T20:00,23.1,87,945.7,12.8,0.0
2024-08-30T21:00,22.7,90,946.5,12.6,0.0
2024-08-30T22:00,22.8,90,946.9,12.0,0.0
2024-08-30T23:00,22.4,93,947.1,9.5,0.0
2024-08-31T00:00,22.4,93,946.7,10.0,0.0
2024-08-31T01:00,22.4,93,946.1,9.0,0.0
2024-08-31T02:00,22.6,92,945.5,6.6,0.0
2024-08-31T03:00,22.5,93,944.8,8.8,0.0
2024-08-31T04:00,22.6,93,944.5,7.9,0.0
2024-08-31T05:00,22.7,92,944.9,8.7,0.0
2024-08-31T06:00,22.6,91,945.2,10.8,0.0
2024-08-31T07:00,22.9,90,945.8,13.6,0.0
2024-08-31T08:00,24.3,83,946.3,15.8,0.1
2024-08-31T09:00,25.0,80,947.1,14.1,0.2
2024-08-31T10:00,25.5,80,947.4,12.2,0.2
2024-08-31T11:00,25.3,77,947.3,15.8,1.0
2024-08-31T12:00,24.1,87,946.8,5.0,2.3
2024-08-31T13:00,25.6,81,946.3,12.3,0.5
2024-08-31T14:00,23.7,87,945.4,11.2,4.6
2024-08-31T15:00,24.2,88,944.8,13.0,0.6
2024-08-31T16:00,25.3,82,944.5,17.6,0.2
2024-08-31T17:00,24.7,83,944.8,16.2,0.0
2024-08-31T18:00,24.7,81,944.6,14.4,0.0
2024-08-31T19:00,23.7,85,945.3,13.4,0.0
2024-08-31T20:00,23.0,89,945.9,12.0,0.0
2024-08-31T21:00,22.5,93,946.8,9.7,0.0
2024-08-31T22:00,22.6,92,947.2,10.2,0.0
2024-08-31T23:00,22.2,94,946.7,10.9,0.0
2024-09-01T00:00,21.6,97,946.0,9.5,0.0
2024-09-01T01:00,21.6,96,945.4,9.4,0.0
2024-09-01T02:00,21.6,96,944.9,9.0,0.0
2024-09-01T03:00,22.0,94,945.0,10.4,0.0
2024-09-01T04:00,22.4,93,945.1,11.2,0.0
2024-09-01T05:00,22.6,92,945.1,10.5,0.0
2024-09-01T06:00,22.7,89,945.4,11.6,0.0
2024-09-01T07:00,22.8,88,946.0,13.4,0.0
2024-09-01T08:00,23.2,87,946.5,16.1,0.0
2024-09-01T09:00,24.1,82,947.2,17.4,0.0
2024-09-01T10:00,23.8,84,947.1,15.5,0.0
2024-09-01T11:00,24.6,80,946.8,16.4,0.1
2024-09-01T12:00,25.2,78,946.2,17.9,0.0
2024-09-01T13:00,25.6,74,945.1,19.5,0.1
2024-09-01T14:00,24.6,80,944.1,19.6,0.3
2024-09-01T15:00,24.7,81,943.4,22.3,0.3
2024-09-01T16:00,23.7,87,943.2,18.4,0.5
2024-09-01T17:00,23.0,93,943.1,18.0,0.8
2024-09-01T18:00,23.2,91,944.3,14.4,0.0
2024-09-01T19:00,22.8,92,944.4,15.5,0.0
2024-09-01T20:00,22.6,93,944.8,17.0,0.0
2024-09-01T21:00,22.5,95,945.5,15.5,0.2
2024-09-01T22:00,22.5,95,945.6,15.5,0.0
2024-09-01T23:00,22.4,96,945.5,16.2,0.0
2024-09-02T00:00,22.2,96,945.0,16.6,0.0
2024-09-02T01:00,22.3,96,944.6,16.2,0.0
2024-09-02T02:00,22.4,96,944.0,15.8,0.0
2024-09-02T03:00,22.3,96,943.8,14.8,0.0
2024-09-02T04:00,22.6,94,943.7,14.4,0.0
2024-09-02T05:00,22.7,94,944.0,15.8,0.1
2024-09-02T06:00,22.3,94,943.7,17.5,4.1
2024-09-02T07:00,22.3,93,944.1,17.3,3.1
2024-09-02T08:00,22.4,94,944.6,14.0,2.2
2024-09-02T09:00,22.7,94,945.0,17.2,1.4
2024-09-02T10:00,23.0,94,945.4,15.5,2.7
2024-09-02T11:00,23.4,91,945.3,18.1,2.6
2024-09-02T12:00,23.8,90,944.7,16.6,2.8
2024-09-02T13:00,23.2,93,943.7,15.6,2.6
2024-09-02T14:00,23.3,93,942.5,15.9,3.8
2024-09-02T15:00,23.3,88,941.9,18.8,3.0
2024-09-02T16:00,23.3,89,941.8,16.2,2.3
2024-09-02T17:00,22.9,93,941.8,18.7,1.3
2024-09-02T18:00,22.4,94,942.5,13.8,6.8
2024-09-02T19:00,22.4,94,943.3,11.8,4.3
2024-09-02T20:00,22.3,94,943.8,12.8,2.8
2024-09-02T21:00,22.4,93,944.6,15.2,1.9
2024-09-02T22:00,22.3,93,945.1,15.0,1.4
2024-09-02T23:00,22.3,92,945.0,15.2,0.2
2024-09-03T00:00,22.4,93,944.3,15.7,0.0
2024-09-03T01:00,22.3,93,943.6,16.6,0.0
2024-09-03T02:00,22.2,93,943.1,14.8,0.0
2024-09-03T03:00,22.2,93,942.9,16.6,0.0
2024-09-03T04:00,21.9,92,943.0,16.4,0.0
2024-09-03T05:00,22.1,92,943.2,15.8,0.0
2024-09-03T06:00,22.0,94,943.9,15.9,2.1
2024-09-03T07:00,22.3,94,944.6,14.9,2.0
2024-09-03T08:00,22.7,93,945.4,15.7,2.9
2024-09-03T09:00,23.1,93,946.1,17.5,1.7
2024-09-03T10:00,23.9,90,946.4,17.7,0.7
2024-09-03T11:00,25.3,82,945.9,19.1,0.1
2024-09-03T12:00,26.4,76,946.1,20.5,0.2
2024-09-03T13:00,25.5,78,945.2,18.0,0.1
2024-09-03T14:00,25.7,77,944.5,19.2,0.0
2024-09-03T15:00,25.9,76,944.1,20.8,0.2
2024-09-03T16:00,25.8,77,944.0,21.0,0.2
2024-09-03T17:00,25.0,80,944.1,21.3,0.1
2024-09-03T18:00,24.2,85,944.7,15.1,0.0
2024-09-03T19:00,23.6,87,945.4,13.1,0.0
2024-09-03T20:00,23.5,88,946.2,12.8,0.0
2024-09-03T21:00,23.4,89,946.9,11.8,0.0
2024-09-03T22:00,23.4,89,947.6,11.3,0.0
2024-09-03T23:00,23.2,89,947.2,14.1,0.1
2024-09-04T00:00,23.0,90,946.6,14.7,0.1
2024-09-04T01:00,23.0,90,946.3,13.7,0.0
2024-09-04T02:00,22.9,90,945.6,15.5,0.0
2024-09-04T03:00,22.7,90,945.6,15.3,0.0
2024-09-04T04:00,22.7,90,945.9,15.4,0.0
2024-09-04T05:00,22.7,90,946.1,14.9,0.0
2024-09-04T06:00,22.6,92,946.2,15.5,0.0
2024-09-04T07:00,22.9,91,946.8,16.7,0.0
2024-09-04T08:00,23.6,88,947.1,23.1,0.0
2024-09-04T09:00,24.7,82,947.3,22.1,0.1
2024-09-04T10:00,25.9,76,947.5,23.8,0.2
2024-09-04T11:00,26.3,73,947.0,22.5,0.0
2024-09-04T12:00,26.6,72,946.5,22.8,0.3
2024-09-04T13:00,26.6,71,945.9,23.4,0.1
2024-09-04T14:00,25.6,77,944.9,23.0,0.0
2024-09-04T15:00,25.8,77,944.1,23.8,0.1
2024-09-04T16:00,25.2,80,943.6,23.8,0.1
2024-09-04T17:00,24.7,83,943.9,19.8,0.1
2024-09-04T18:00,24.1,86,944.5,15.5,0.1
2024-09-04T19:00,23.6,88,945.0,13.6,0.0
2024-09-04T20:00,23.2,89,945.7,10.3,0.0
2024-09-04T21:00,23.1,90,946.4,11.1,0.0
2024-09-04T22:00,22.8,91,946.5,10.9,0.1
2024-09-04T23:00,22.8,91,946.0,12.0,0.1
2024-09-05T00:00,23.0,91,945.4,12.1,0.0
2024-09-05T01:00,23.0,91,944.6,12.5,0.0
2024-09-05T02:00,22.8,91,943.9,13.4,0.0
2024-09-05T03:00,22.7,91,943.7,15.0,0.0
2024-09-05T04:00,22.9,90,943.8,14.5,0.0
2024-09-05T05:00,22.8,91,943.9,13.4,0.0
2024-09-05T06:00,22.6,94,944.6,11.1,10.2
2024-09-05T07:00,22.8,93,945.2,13.9,2.8
2024-09-05T08:00,23.3,92,945.9,18.1,0.8
2024-09-05T09:00,23.9,87,946.4,21.4,0.5
2024-09-05T10:00,25.1,81,946.7,21.3,0.1
2024-09-05T11:00,26.9,74,946.3,18.6,0.1
2024-09-05T12:00,27.5,71,945.5,20.9,0.0
2024-09-05T13:00,27.2,74,944.6,21.2,0.1
2024-09-05T14:00,26.0,78,943.5,22.1,0.4
2024-09-05T15:00,25.8,76,943.0,23.3,0.3
2024-09-05T16:00,25.6,77,942.6,22.0,0.5
2024-09-05T17:00,24.5,83,942.8,20.6,0.2
2024-09-05T18:00,23.4,88,943.6,15.8,1.1
2024-09-05T19:00,23.2,91,943.9,14.3,0.7
2024-09-05T20:00,23.2,91,944.8,14.8,0.0
2024-09-05T21:00,23.1,91,945.6,14.9,0.0
2024-09-05T22:00,22.9,92,945.9,14.9,0.0
2024-09-05T23:00,22.9,92,945.7,13.9,0.0
2024-09-06T00:00,22.7,92,945.1,14.6,0.0
2024-09-06T01:00,22.7,92,944.9,14.2,0.0
2024-09-06T02:00,22.5,92,944.3,14.2,0.0
2024-09-06T03:00,22.5,92,943.8,15.5,0.0
2024-09-06T04:00,22.7,91,943.7,16.3,0.0
2024-09-06T05:00,22.6,91,944.0,15.8,0.0
2024-09-06T06:00,22.6,91,944.5,13.6,0.0
2024-09-06T07:00,23.2,88,945.5,15.9,0.0
2024-09-06T08:00,23.6,87,946.4,18.9,0.1
2024-09-06T09:00,24.1,84,947.1,18.8,0.1
2024-09-06T10:00,25.1,79,947.1,18.8,0.1
2024-09-06T11:00,25.7,77,947.2,19.8,0.1
2024-09-06T12:00,26.3,74,946.5,19.7,0.2
2024-09-06T13:00,26.4,74,945.5,21.7,0.4
2024-09-06T14:00,25.6,78,944.3,23.2,0.1
2024-09-06T15:00,26.2,73,943.8,23.8,0.1
2024-09-06T16:00,25.5,78,943.6,24.9,0.4
2024-09-06T17:00,24.7,82,944.0,21.3,0.1
2024-09-06T18:00,23.9,86,945.2,16.9,0.0
2024-09-06T19:00,23.4,88,946.0,15.5,0.0
2024-09-06T20:00,23.1,90,946.6,14.0,0.0
2024-09-06T21:00,22.5,92,947.4,13.0,0.0
2024-09-06T22:00,22.1,93,947.6,11.9,0.0
2024-09-06T23:00,21.9,94,947.4,11.3,0.0
2024-09-07T00:00,21.8,93,946.6,11.8,0.0
2024-09-07T01:00,22.1,91,946.0,12.3,0.0
2024-09-07T02:00,21.7,93,945.2,12.4,0.0
2024-09-07T03:00,22.0,92,944.8,13.1,0.0
2024-09-07T04:00,22.4,91,944.9,13.9,0.0
2024-09-07T05:00,21.8,94,944.8,12.5,0.0
2024-09-07T06:00,22.8,89,945.3,12.3,0.0
2024-09-07T07:00,23.3,88,946.0,14.1,0.0
2024-09-07T08:00,24.2,85,946.9,16.7,0.0
2024-09-07T09:00,25.4,79,947.5,17.6,0.1
2024-09-07T10:00,26.5,72,947.8,19.5,0.2
2024-09-07T11:00,27.3,70,947.6,17.7,0.2
2024-09-07T12:00,27.3,72,947.0,18.7,0.1
2024-09-07T13:00,27.8,70,945.9,19.9,0.1
2024-09-07T14:00,27.1,73,944.7,22.0,0.0
2024-09-07T15:00,26.2,74,944.4,23.6,0.1
2024-09-07T16:00,25.6,77,944.2,21.0,0.1
2024-09-07T17:00,25.1,79,945.0,20.5,0.0
2024-09-07T18:00,24.5,82,945.7,14.8,0.0
2024-09-07T19:00,23.5,87,946.2,12.0,0.0
2024-09-07T20:00,23.5,86,947.5,9.8,0.0
2024-09-07T21:00,23.0,89,948.0,10.1,0.0
2024-09-07T22:00,22.6,91,948.3,7.7,0.0
2024-09-07T23:00,22.2,93,947.8,8.0,0.0
2024-09-08T00:00,22.2,93,947.0,10.5,0.0
2024-09-08T01:00,22.4,91,946.3,11.4,0.0
2024-09-08T02:00,22.5,91,945.7,10.7,0.0
2024-09-08T03:00,22.6,91,945.6,10.6,0.0
2024-09-08T04:00,22.7,90,945.8,12.0,0.0
2024-09-08T05:00,22.7,90,946.0,12.0,0.0
2024-09-08T06:00,22.8,90,946.3,10.9,0.0
2024-09-08T07:00,23.2,88,946.6,13.8,0.0
2024-09-08T08:00,24.4,82,947.5,16.9,0.0
2024-09-08T09:00,25.6,76,948.0,17.4,0.1
2024-09-08T10:00,26.2,73,947.8,15.8,0.2
2024-09-08T11:00,27.5,68,947.4,18.0,0.1
2024-09-08T12:00,27.1,72,947.3,16.2,0.5
2024-09-08T13:00,28.2,70,946.0,15.8,0.0
2024-09-08T14:00,26.9,70,944.8,19.1,0.8
2024-09-08T15:00,26.9,71,944.5,18.7,0.1
2024-09-08T16:00,26.7,71,944.4,19.8,0.0
2024-09-08T17:00,25.5,78,944.6,18.9,0.0
2024-09-08T18:00,24.6,80,945.2,13.4,0.0
2024-09-08T19:00,23.8,84,945.5,13.1,0.0
2024-09-08T20:00,23.0,88,946.2,10.5,0.0
2024-09-08T21:00,22.8,90,946.7,9.4,0.0
2024-09-08T22:00,22.4,92,946.7,9.2,0.0
2024-09-08T23:00,22.2,93,946.2,10.5,0.0
2024-09-09T00:00,22.0,93,945.5,11.2,0.0
2024-09-09T01:00,22.0,94,944.6,11.5,0.0
2024-09-09T02:00,22.0,94,944.2,11.2,0.0
2024-09-09T03:00,21.9,94,944.1,10.9,0.0
2024-09-09T04:00,21.9,94,944.1,10.5,0.0
2024-09-09T05:00,21.8,94,944.2,9.0,0.0
2024-09-09T06:00,22.3,91,944.0,12.3,0.0
2024-09-09T07:00,22.9,88,944.2,13.7,0.0
2024-09-09T08:00,24.3,82,945.1,16.2,0.1
2024-09-09T09:00,24.6,81,945.5,13.7,0.0
2024-09-09T10:00,26.5,75,945.4,14.4,0.1
2024-09-09T11:00,27.1,73,945.2,16.2,0.3
2024-09-09T12:00,28.2,70,944.8,13.4,0.1
2024-09-09T13:00,27.1,69,943.4,19.8,1.2
2024-09-09T14:00,27.1,74,942.9,16.8,0.3
2024-09-09T15:00,26.1,77,942.2,16.4,0.3
2024-09-09T16:00,25.3,79,941.8,19.9,0.4
2024-09-09T17:00,24.6,83,942.1,17.3,0.1
2024-09-09T18:00,24.4,83,942.9,15.4,0.0
2024-09-09T19:00,23.6,87,943.5,12.7,0.0
2024-09-09T20:00,23.1,89,943.7,10.1,0.0
2024-09-09T21:00,22.9,90,944.2,10.5,0.0
2024-09-09T22:00,22.7,91,944.1,10.6,0.0
2024-09-09T23:00,22.6,92,943.6,11.3,0.0
2024-09-10T00:00,22.8,90,943.1,13.1,0.0
2024-09-10T01:00,22.7,91,942.8,13.0,0.0
2024-09-10T02:00,22.6,92,942.2,12.4,0.0
2024-09-10T03:00,22.8,90,942.4,10.4,0.0
2024-09-10T04:00,22.7,91,942.1,12.3,0.0
2024-09-10T05:00,22.4,92,942.6,9.7,0.0
2024-09-10T06:00,23.0,88,943.3,11.0,0.0
2024-09-10T07:00,23.2,88,943.5,11.0,0.0
2024-09-10T08:00,24.3,84,944.3,14.6,0.2
2024-09-10T09:00,25.2,81,944.7,14.9,0.3
2024-09-10T10:00,25.8,78,944.9,13.8,0.1
2024-09-10T11:00,26.9,74,944.9,14.1,0.1
2024-09-10T12:00,27.2,73,943.9,14.8,0.0
2024-09-10T13:00,27.7,71,943.0,15.6,0.0
2024-09-10T14:00,25.4,81,942.0,17.7,8.6
2024-09-10T15:00,25.1,83,941.7,15.3,3.6
2024-09-10T16:00,24.7,86,941.9,17.0,5.1
2024-09-10T17:00,23.9,88,942.2,16.6,0.7
2024-09-10T18:00,24.0,83,942.5,14.9,0.0
2024-09-10T19:00,23.3,86,943.2,14.5,0.0
2024-09-10T20:00,22.8,90,943.7,14.2,0.0
2024-09-10T21:00,22.6,90,944.2,13.3,0.0
2024-09-10T22:00,22.5,91,944.7,11.5,0.0
2024-09-10T23:00,22.5,91,944.4,10.6,0.0
2024-09-11T00:00,22.5,91,944.3,9.8,0.0
2024-09-11T01:00,22.2,93,943.8,8.6,0.0
2024-09-11T02:00,22.3,92,943.1,9.5,0.0
2024-09-11T03:00,22.2,92,942.8,10.0,0.0
2024-09-11T04:00,22.3,91,943.2,9.4,0.0
2024-09-11T05:00,22.4,90,943.4,9.1,0.0
2024-09-11T06:00,22.2,92,943.3,7.6,0.0
2024-09-11T07:00,23.1,87,944.1,11.3,0.0
2024-09-11T08:00,23.6,85,945.0,14.1,0.2
2024-09-11T09:00,24.6,82,945.3,16.6,0.2
2024-09-11T10:00,26.3,73,945.0,18.5,0.1
2024-09-11T11:00,27.2,69,944.9,18.9,0.1
2024-09-11T12:00,27.8,68,944.7,17.9,0.1
2024-09-11T13:00,26.2,73,944.0,19.5,0.5
2024-09-11T14:00,26.7,74,943.5,16.4,0.2
2024-09-11T15:00,26.5,71,943.4,19.9,0.4
2024-09-11T16:00,25.6,76,943.4,19.7,0.4
2024-09-11T17:00,24.7,80,943.3,18.5,0.1
2024-09-11T18:00,24.1,83,944.2,14.5,0.0
2024-09-11T19:00,23.3,86,944.7,12.3,0.0
2024-09-11T20:00,22.8,89,945.2,11.3,0.0
2024-09-11T21:00,22.7,90,946.2,10.8,0.0
2024-09-11T22:00,22.7,90,946.4,12.4,0.0
2024-09-11T23:00,22.6,89,946.1,12.7,0.0
2024-09-12T00:00,22.2,91,945.3,11.5,0.0
2024-09-12T01:00,22.2,92,944.9,11.2,0.0
2024-09-12T02:00,22.7,89,944.6,12.3,0.0
2024-09-12T03:00,22.7,89,944.3,13.1,0.0
2024-09-12T04:00,22.6,88,944.7,13.9,0.0
2024-09-12T05:00,22.4,89,944.9,15.4,0.0
2024-09-12T06:00,22.5,88,945.5,15.0,0.0
2024-09-12T07:00,23.0,86,946.0,16.8,0.0
2024-09-12T08:00,23.6,85,946.8,19.5,0.0
2024-09-12T09:00,24.6,79,947.3,20.9,0.0
2024-09-12T10:00,25.9,73,947.5,20.6,0.0
2024-09-12T11:00,27.2,67,947.1,20.9,0.0
2024-09-12T12:00,27.5,65,946.6,22.0,0.0
2024-09-12T13:00,27.1,67,945.9,23.3,0.1
2024-09-12T14:00,26.9,68,945.6,23.6,0.2
2024-09-12T15:00,26.7,68,945.4,21.2,0.0
2024-09-12T16:00,25.9,71,945.4,20.3,0.0
2024-09-12T17:00,25.0,74,945.4,19.0,0.0
2024-09-12T18:00,24.0,78,946.1,13.9,0.0
2024-09-12T19:00,23.0,83,946.5,12.5,0.0
2024-09-12T20:00,22.3,88,947.1,11.9,0.0
2024-09-12T21:00,22.3,89,947.5,12.4,0.0
2024-09-12T22:00,22.2,90,947.5,11.7,0.0
2024-09-12T23:00,21.8,92,947.0,12.0,0.0
2024-09-13T00:00,21.7,93,946.4,12.9,0.0
2024-09-13T01:00,21.8,91,945.8,13.7,0.0
2024-09-13T02:00,21.7,92,945.1,12.7,0.0
2024-09-13T03:00,22.0,91,945.2,13.3,0.0
2024-09-13T04:00,22.0,91,945.2,13.2,0.0
2024-09-13T05:00,21.9,90,945.6,13.9,0.0
2024-09-13T06:00,22.0,90,945.9,10.2,0.0
2024-09-13T07:00,22.7,86,946.7,13.7,0.1
2024-09-13T08:00,23.3,84,947.7,16.3,0.0
2024-09-13T09:00,24.4,77,948.3,18.1,0.0
2024-09-13T10:00,25.3,72,948.4,18.5,0.0
2024-09-13T11:00,26.3,68,947.9,20.2,0.1
2024-09-13T12:00,26.8,66,947.6,19.6,0.1
2024-09-13T13:00,27.1,63,946.8,20.4,0.0
2024-09-13T14:00,27.1,64,946.1,21.2,0.0
2024-09-13T15:00,27.0,65,945.5,20.2,0.0
2024-09-13T16:00,25.7,71,945.1,19.9,0.0
2024-09-13T17:00,24.5,76,945.1,19.2,0.0
2024-09-13T18:00,23.8,79,945.7,13.5,0.0
2024-09-13T19:00,22.7,85,946.0,12.9,0.0
2024-09-13T20:00,21.9,90,946.3,12.1,0.0
2024-09-13T21:00,21.9,90,946.9,11.5,0.0
2024-09-13T22:00,21.5,91,947.0,9.7,0.0
2024-09-13T23:00,21.2,93,946.5,8.9,0.0
2024-09-14T00:00,21.1,94,946.1,9.3,0.0
2024-09-14T01:00,21.0,94,945.6,9.2,0.0
2024-09-14T02:00,20.9,94,945.2,8.4,0.0
2024-09-14T03:00,20.6,95,945.1,7.9,0.0
2024-09-14T04:00,21.2,92,944.9,8.0,0.0
2024-09-14T05:00,21.5,90,945.6,9.2,0.0
2024-09-14T06:00,21.4,92,945.5,9.1,0.1
2024-09-14T07:00,22.4,86,946.4,11.9,0.0
2024-09-14T08:00,23.3,82,947.3,14.4,0.1
2024-09-14T09:00,24.6,76,947.7,18.7,0.1
2024-09-14T10:00,25.5,74,947.9,18.0,0.1
2024-09-14T11:00,26.2,70,947.6,19.1,0.1
2024-09-14T12:00,27.1,64,947.1,19.8,0.1
2024-09-14T13:00,26.7,67,946.1,21.2,0.1
2024-09-14T14:00,26.5,68,945.4,22.8,0.2
2024-09-14T15:00,26.2,68,945.0,21.2,0.0
2024-09-14T16:00,25.7,70,944.9,20.2,0.0
2024-09-14T17:00,24.5,76,945.1,15.8,0.0
2024-09-14T18:00,23.9,77,945.3,15.6,0.0
2024-09-14T19:00,22.8,83,945.5,13.0,0.0
2024-09-14T20:00,22.1,88,946.1,11.7,0.0
2024-09-14T21:00,22.0,89,946.8,12.0,0.0
2024-09-14T22:00,21.8,90,946.8,11.8,0.0
2024-09-14T23:00,21.8,90,946.9,12.0,0.0
2024-09-15T00:00,21.7,90,946.4,13.7,0.0
2024-09-15T01:00,21.6,91,945.7,14.1,0.0
2024-09-15T02:00,21.3,92,945.2,11.9,0.0
2024-09-15T03:00,21.1,93,945.2,10.7,0.0
2024-09-15T04:00,21.0,93,945.1,9.4,0.0
2024-09-15T05:00,20.6,94,945.5,7.8,0.0
2024-09-15T06:00,21.8,91,946.0,8.9,0.6
2024-09-15T07:00,22.0,90,946.7,11.3,0.2
2024-09-15T08:00,22.9,86,947.6,14.0,0.1
2024-09-15T09:00,24.2,82,947.9,13.8,0.0
2024-09-15T10:00,25.8,74,948.0,15.9,0.0
2024-09-15T11:00,26.6,69,947.9,18.7,0.1
2024-09-15T12:00,26.8,67,947.2,19.1,0.0
2024-09-15T13:00,26.8,68,946.2,19.5,0.1
2024-09-15T14:00,26.8,64,945.6,21.3,0.2
2024-09-15T15:00,26.0,72,945.1,21.7,0.2
2024-09-15T16:00,25.7,72,945.2,18.9,0.1
2024-09-15T17:00,24.8,74,945.6,17.4,0.0
2024-09-15T18:00,23.6,78,946.0,14.5,0.0
2024-09-15T19:00,22.4,86,946.7,12.2,0.0
2024-09-15T20:00,21.7,90,947.1,9.7,0.0
2024-09-15T21:00,21.1,94,947.6,8.3,0.0
2024-09-15T22:00,20.7,96,947.6,7.5,0.0
2024-09-15T23:00,20.6,96,947.2,9.2,0.0
2024-09-16T00:00,20.6,96,946.6,10.5,0.0
2024-09-16T01:00,20.7,95,946.1,11.1,0.0
2024-09-16T02:00,20.4,97,945.6,9.5,0.0
2024-09-16T03:00,20.4,97,945.7,10.0,0.0
2024-09-16T04:00,20.6,95,946.1,10.0,0.0
2024-09-16T05:00,20.1,96,946.4,8.3,0.0
2024-09-16T06:00,20.0,97,946.7,7.4,0.0
2024-09-16T07:00,21.2,92,947.6,10.0,0.0
2024-09-16T08:00,22.9,84,948.7,11.2,0.0
2024-09-16T09:00,24.8,74,949.1,10.6,0.0
2024-09-16T10:00,26.1,68,949.2,10.2,0.1
2024-09-16T11:00,27.1,63,949.0,10.0,0.1
2024-09-16T12:00,27.9,60,948.1,11.9,0.2
2024-09-16T13:00,28.3,58,946.9,13.9,0.2
2024-09-16T14:00,28.2,58,946.4,15.8,0.1
2024-09-16T15:00,27.7,59,946.0,16.4,0.0
2024-09-16T16:00,26.9,63,946.0,16.5,0.0
2024-09-16T17:00,25.7,70,946.2,15.9,0.0
2024-09-16T18:00,24.4,76,946.5,12.7,0.0
2024-09-16T19:00,23.9,79,947.0,12.4,0.0
2024-09-16T20:00,23.2,83,947.5,10.8,0.0
2024-09-16T21:00,22.9,86,948.2,9.7,0.0
2024-09-16T22:00,22.8,86,948.4,10.1,0.0
2024-09-16T23:00,22.5,88,948.2,10.2,0.0
2024-09-17T00:00,22.3,89,947.7,10.4,0.1
2024-09-17T01:00,22.1,90,947.2,10.7,0.1
2024-09-17T02:00,21.4,93,946.6,9.1,0.0
2024-09-17T03:00,20.8,95,946.4,8.0,0.0
2024-09-17T04:00,20.3,97,946.6,7.5,0.0
2024-09-17T05:00,20.0,97,947.0,8.6,0.0
2024-09-17T06:00,21.3,89,947.8,9.0,0.0
2024-09-17T07:00,21.7,86,948.3,9.4,0.0
2024-09-17T08:00,23.0,83,948.9,11.0,0.0
2024-09-17T09:00,24.7,72,949.3,13.0,0.0
2024-09-17T10:00,26.1,64,949.2,11.0,0.0
2024-09-17T11:00,27.0,59,948.7,11.8,0.1
2024-09-17T12:00,27.6,54,948.0,12.6,0.1
2024-09-17T13:00,27.8,53,947.1,13.4,0.1
2024-09-17T14:00,27.0,56,946.4,16.2,0.4
2024-09-17T15:00,26.3,65,945.6,14.4,0.1
2024-09-17T16:00,25.6,63,945.5,15.0,0.2
2024-09-17T17:00,24.4,73,945.5,14.6,0.1
2024-09-17T18:00,23.6,78,945.9,14.2,0.0
2024-09-17T19:00,22.5,81,946.3,13.0,0.0
2024-09-17T20:00,21.7,85,946.7,11.5,0.0
2024-09-17T21:00,21.3,88,947.2,10.5,0.0
2024-09-17T22:00,20.9,91,947.2,10.1,0.0
2024-09-17T23:00,20.6,93,946.6,10.7,0.0
2024-09-18T00:00,20.3,94,946.2,10.0,0.0
2024-09-18T01:00,20.0,95,945.6,8.9,0.0
2024-09-18T02:00,19.8,95,944.8,8.2,0.0
2024-09-18T03:00,19.6,96,944.8,8.3,0.0
2024-09-18T04:00,19.4,98,944.7,8.3,0.0
2024-09-18T05:00,19.4,98,945.2,9.0,0.0
2024-09-18T06:00,19.1,98,945.6,9.7,0.0
2024-09-18T07:00,20.2,94,946.4,8.8,0.0
2024-09-18T08:00,22.0,85,947.2,7.3,0.0
2024-09-18T09:00,24.1,74,947.5,8.6,0.0
2024-09-18T10:00,25.9,64,947.4,9.8,0.0
2024-09-18T11:00,27.3,56,946.9,9.9,0.0
2024-09-18T12:00,28.2,50,946.2,11.3,0.0
2024-09-18T13:00,28.6,48,945.3,13.4,0.0
2024-09-18T14:00,28.3,49,944.6,14.0,0.0
2024-09-18T15:00,27.8,51,944.1,12.9,0.0
2024-09-18T16:00,27.1,55,944.1,14.1,0.0
2024-09-18T17:00,25.9,62,944.1,12.4,0.0
2024-09-18T18:00,24.4,72,944.4,11.3,0.0
2024-09-18T19:00,23.3,78,945.0,11.7,0.0
2024-09-18T20:00,22.4,83,945.2,10.8,0.0
2024-09-18T21:00,21.6,88,946.0,9.1,0.0
2024-09-18T22:00,21.0,92,946.2,7.2,0.0
2024-09-18T23:00,20.5,94,946.2,7.2,0.0
2024-09-19T00:00,20.2,95,945.9,7.9,0.0
2024-09-19T01:00,19.9,96,945.4,6.6,0.0
2024-09-19T02:00,19.8,97,945.0,8.4,0.0
2024-09-19T03:00,19.7,99,944.7,9.2,0.0
2024-09-19T04:00,19.5,99,944.9,8.4,0.0
2024-09-19T05:00,19.3,98,945.4,8.7,0.0
2024-09-19T06:00,21.4,89,946.3,7.1,0.0
2024-09-19T07:00,22.0,85,947.0,6.5,0.0
2024-09-19T08:00,23.5,79,947.6,4.7,0.0
2024-09-19T09:00,25.2,73,947.9,4.2,0.0
2024-09-19T10:00,26.7,67,947.9,3.2,0.0
2024-09-19T11:00,27.8,60,947.6,2.6,0.0
2024-09-19T12:00,28.5,55,946.7,4.3,0.0
2024-09-19T13:00,29.0,53,945.7,6.1,0.0
2024-09-19T14:00,29.0,52,944.9,7.9,0.0
2024-09-19T15:00,28.3,53,944.7,13.5,0.0
2024-09-19T16:00,26.7,63,944.7,15.3,0.0
2024-09-19T17:00,26.4,66,944.7,12.1,0.0
2024-09-19T18:00,24.7,75,945.1,10.5,0.0
2024-09-19T19:00,23.9,80,945.6,11.9,0.0
2024-09-19T20:00,22.9,87,946.4,12.0,0.0
2024-09-19T21:00,22.4,90,947.1,7.6,0.0
2024-09-19T22:00,21.9,93,947.1,6.2,0.0
2024-09-19T23:00,21.5,96,946.9,6.3,0.0
2024-09-20T00:00,21.2,97,946.3,7.1,0.0
2024-09-20T01:00,20.9,98,945.7,9.0,0.0
2024-09-20T02:00,20.7,98,945.3,7.4,0.0
2024-09-20T03:00,20.8,97,945.1,8.0,0.0
2024-09-20T04:00,20.7,97,945.3,6.3,0.0
2024-09-20T05:00,20.7,97,945.7,6.8,0.0
2024-09-20T06:00,21.7,96,946.2,8.9,2.2
2024-09-20T07:00,22.1,96,946.8,4.7,0.9
2024-09-20T08:00,22.9,91,947.4,5.8,0.3
2024-09-20T09:00,23.8,86,947.9,6.6,0.1
2024-09-20T10:00,24.7,82,948.0,8.1,0.0
2024-09-20T11:00,25.8,76,947.9,9.7,0.0
2024-09-20T12:00,27.0,70,947.2,11.7,0.0
2024-09-20T13:00,27.6,68,946.2,12.4,0.0
2024-09-20T14:00,28.1,65,945.3,14.9,0.0
2024-09-20T15:00,27.2,67,944.7,14.1,0.4
2024-09-20T16:00,26.6,68,944.7,13.7,0.3
2024-09-20T17:00,25.7,74,945.0,13.4,0.1
2024-09-20T18:00,24.1,81,945.5,12.6,0.1
2024-09-20T19:00,23.7,84,946.2,7.6,0.0
2024-09-20T20:00,23.5,87,946.8,6.5,0.0
2024-09-20T21:00,23.6,88,947.5,6.8,0.0
2024-09-20T22:00,23.1,91,947.7,5.4,0.0
2024-09-20T23:00,22.8,93,947.6,5.8,0.0
2024-09-21T00:00,22.8,93,947.1,7.9,0.0
2024-09-21T01:00,22.6,93,946.6,7.3,0.0
2024-09-21T02:00,22.7,92,946.4,6.8,0.0
2024-09-21T03:00,22.6,93,946.0,8.7,0.2
2024-09-21T04:00,22.4,94,946.1,4.6,0.3
2024-09-21T05:00,22.3,95,946.1,8.2,0.2
2024-09-21T06:00,22.5,92,947.1,7.3,0.0
2024-09-21T07:00,22.8,90,947.7,8.9,0.0
2024-09-21T08:00,23.5,86,948.2,9.6,0.0
2024-09-21T09:00,24.5,80,948.8,9.1,0.0
2024-09-21T10:00,26.0,73,949.0,8.1,0.1
2024-09-21T11:00,27.5,69,948.6,8.0,0.0
2024-09-21T12:00,28.5,65,947.9,6.9,0.0
2024-09-21T13:00,29.5,60,946.7,7.0,0.0
2024-09-21T14:00,26.4,72,945.7,17.3,0.7
2024-09-21T15:00,27.6,68,945.1,14.2,0.2
2024-09-21T16:00,26.6,69,945.0,14.8,0.5
2024-09-21T17:00,25.3,79,945.5,13.8,0.1
2024-09-21T18:00,23.4,92,946.1,8.2,3.7
2024-09-21T19:00,23.5,90,946.8,10.5,1.2
2024-09-21T20:00,23.4,91,947.6,10.8,0.0
2024-09-21T21:00,23.2,92,948.3,9.7,0.0
2024-09-21T22:00,22.7,94,948.2,7.6,0.0
2024-09-21T23:00,22.3,95,947.7,7.9,0.0
2024-09-22T00:00,22.1,95,947.4,7.6,0.0
2024-09-22T01:00,22.0,96,946.9,7.2,0.0
2024-09-22T02:00,21.8,96,946.2,7.9,0.0
2024-09-22T03:00,21.6,96,945.8,9.0,0.0
2024-09-22T04:00,21.5,95,946.0,9.0,0.0
2024-09-22T05:00,21.3,95,946.4,8.8,0.0
2024-09-22T06:00,21.6,94,946.7,9.4,0.0
2024-09-22T07:00,22.5,89,947.5,11.8,0.0
2024-09-22T08:00,23.9,81,948.2,12.2,0.0
2024-09-22T09:00,25.6,73,948.5,10.7,0.0
2024-09-22T10:00,26.8,67,948.4,9.0,0.1
2024-09-22T11:00,27.9,63,948.0,7.9,0.3
2024-09-22T12:00,28.3,64,946.9,7.6,0.0
2024-09-22T13:00,29.6,59,945.3,6.3,0.0
2024-09-22T14:00,27.8,66,944.2,13.8,0.5
2024-09-22T15:00,27.8,69,944.0,8.7,3.7
2024-09-22T16:00,25.1,80,944.4,13.5,3.3
2024-09-22T17:00,23.7,90,945.1,5.8,4.3
2024-09-22T18:00,24.4,84,944.8,11.2,0.7
2024-09-22T19:00,23.9,89,945.3,7.9,0.1
2024-09-22T20:00,23.6,91,946.0,8.0,0.0
2024-09-22T21:00,23.0,94,946.6,6.9,0.0
2024-09-22T22:00,22.8,96,946.7,6.9,0.0
2024-09-22T23:00,22.7,96,946.3,7.6,0.0
2024-09-23T00:00,22.6,96,945.8,7.2,0.0
2024-09-23T01:00,22.8,96,945.2,8.3,0.0
2024-09-23T02:00,22.8,96,944.7,9.8,0.0
2024-09-23T03:00,22.7,96,944.6,8.8,0.0
2024-09-23T04:00,22.8,96,945.1,8.5,0.0
2024-09-23T05:00,22.8,96,945.4,8.0,0.0
2024-09-23T06:00,22.8,95,946.0,8.6,0.0
2024-09-23T07:00,23.3,92,946.7,9.5,0.0
2024-09-23T08:00,24.3,86,947.3,8.7,0.0
2024-09-23T09:00,25.5,81,947.6,6.9,0.1
2024-09-23T10:00,26.6,78,947.4,6.6,0.2
2024-09-23T11:00,28.6,70,946.8,5.9,0.2
2024-09-23T12:00,27.9,71,945.4,5.1,0.1
2024-09-23T13:00,25.4,85,944.8,10.2,9.3
2024-09-23T14:00,25.6,86,944.1,7.9,7.5
2024-09-23T15:00,26.2,82,943.5,6.8,0.6
2024-09-23T16:00,25.4,84,943.2,14.2,3.9
2024-09-23T17:00,24.2,89,943.7,10.1,0.1
2024-09-23T18:00,23.6,93,944.4,8.2,3.0
2024-09-23T19:00,22.9,94,944.9,3.7,3.7
2024-09-23T20:00,22.6,96,945.4,5.8,1.4
2024-09-23T21:00,22.4,93,945.9,4.3,3.4
2024-09-23T22:00,22.2,96,946.2,2.5,0.0
2024-09-23T23:00,22.2,97,945.5,3.7,0.0
2024-09-24T00:00,22.1,97,944.7,4.8,0.0
2024-09-24T01:00,22.4,97,944.4,6.9,0.0
2024-09-24T02:00,22.3,97,943.8,5.8,0.0
2024-09-24T03:00,22.1,97,943.5,7.0,0.7
2024-09-24T04:00,21.7,97,943.6,8.2,2.5
2024-09-24T05:00,21.8,97,943.9,5.9,0.3
2024-09-24T06:00,22.5,97,943.9,6.5,0.3
2024-09-24T07:00,23.2,93,944.9,8.9,0.1
2024-09-24T08:00,24.2,88,945.5,6.8,0.1
2024-09-24T09:00,24.5,89,945.9,6.5,0.1
2024-09-24T10:00,25.0,87,945.4,3.3,0.0
2024-09-24T11:00,26.8,78,944.6,4.6,0.3
2024-09-24T12:00,28.4,73,943.7,4.0,0.2
2024-09-24T13:00,28.8,74,942.6,4.0,0.1
2024-09-24T14:00,29.5,68,941.0,6.1,0.3
2024-09-24T15:00,27.0,77,940.4,6.7,3.4
2024-09-24T16:00,26.2,82,940.9,6.1,3.5
2024-09-24T17:00,24.6,91,941.5,5.1,2.6
2024-09-24T18:00,23.7,95,942.5,8.4,2.5
2024-09-24T19:00,23.5,94,943.1,6.0,0.9
2024-09-24T20:00,23.4,94,943.9,5.8,0.2
2024-09-24T21:00,23.2,95,944.8,2.5,0.9
2024-09-24T22:00,23.1,96,944.7,2.3,0.3
2024-09-24T23:00,22.9,96,944.2,3.3,0.4
2024-09-25T00:00,23.0,96,943.5,7.2,0.0
2024-09-25T01:00,22.6,96,942.9,6.5,0.0
2024-09-25T02:00,22.4,97,942.3,6.6,0.0
2024-09-25T03:00,22.5,97,942.1,7.0,0.0
2024-09-25T04:00,22.4,97,942.1,5.0,0.0
2024-09-25T05:00,22.5,97,942.5,4.7,0.0
2024-09-25T06:00,22.7,96,943.2,10.8,2.5
2024-09-25T07:00,22.7,96,943.6,7.0,3.9
2024-09-25T08:00,23.2,94,944.3,4.9,0.6
2024-09-25T09:00,23.6,92,944.8,4.5,0.4
2024-09-25T10:00,24.7,86,945.0,6.0,0.2
2024-09-25T11:00,25.3,86,944.6,5.1,0.3
2024-09-25T12:00,25.2,88,943.3,4.2,0.3
2024-09-25T13:00,27.0,79,942.4,5.3,0.3
2024-09-25T14:00,27.6,74,941.1,5.0,0.2
2024-09-25T15:00,25.2,82,941.1,14.0,17.5
2024-09-25T16:00,24.0,93,940.7,10.7,5.2
2024-09-25T17:00,23.6,94,941.4,9.9,2.2
2024-09-25T18:00,23.5,93,942.2,9.6,1.8
2024-09-25T19:00,23.4,94,942.7,6.3,0.7
2024-09-25T20:00,23.3,94,943.2,8.0,0.8
2024-09-25T21:00,23.0,94,943.9,9.1,0.7
2024-09-25T22:00,22.7,94,943.9,7.9,0.6
2024-09-25T23:00,22.6,94,943.5,8.5,0.9
2024-09-26T00:00,22.5,94,942.9,8.8,1.5
2024-09-26T01:00,22.5,94,942.3,9.4,0.6
2024-09-26T02:00,22.5,94,941.7,9.4,1.1
2024-09-26T03:00,22.6,95,941.2,9.9,1.3
2024-09-26T04:00,22.5,95,941.4,10.6,1.1
2024-09-26T05:00,22.3,93,941.8,12.1,0.8
2024-09-26T06:00,22.7,95,941.6,7.2,0.4
2024-09-26T07:00,22.9,95,942.1,7.7,0.2
2024-09-26T08:00,24.0,89,943.2,9.8,0.1
2024-09-26T09:00,24.5,86,943.4,10.3,0.1
2024-09-26T10:00,25.4,81,944.0,13.6,0.2
2024-09-26T11:00,25.2,81,943.5,13.8,0.3
2024-09-26T12:00,25.1,80,942.8,17.0,0.1
2024-09-26T13:00,24.5,82,941.9,20.4,0.4
2024-09-26T14:00,23.4,91,940.8,17.4,2.4
2024-09-26T15:00,23.5,89,940.2,15.3,1.1
2024-09-26T16:00,24.1,86,940.4,19.8,0.2
2024-09-26T17:00,22.8,91,940.6,22.7,0.7
2024-09-26T18:00,22.9,90,941.6,19.5,0.6
2024-09-26T19:00,22.3,91,942.5,18.1,0.1
2024-09-26T20:00,22.2,90,943.2,20.4,0.0
2024-09-26T21:00,22.0,90,943.7,20.5,0.0
2024-09-26T22:00,21.7,90,943.7,18.6,0.0
2024-09-26T23:00,21.8,91,943.3,18.1,0.0
2024-09-27T00:00,22.2,92,943.0,18.1,0.0
2024-09-27T01:00,22.6,91,942.4,16.8,0.0
2024-09-27T02:00,22.7,90,941.8,15.2,0.0
2024-09-27T03:00,22.9,89,941.5,15.4,0.0
2024-09-27T04:00,23.0,88,941.6,19.3,0.0
2024-09-27T05:00,22.8,89,942.1,18.7,0.1
2024-09-27T06:00,22.6,93,942.6,14.3,1.1
2024-09-27T07:00,22.8,91,943.5,17.3,0.3
2024-09-27T08:00,23.1,90,944.3,18.2,0.0
2024-09-27T09:00,24.0,86,945.0,19.2,0.0
2024-09-27T10:00,24.5,84,945.6,19.2,0.0
2024-09-27T11:00,25.5,79,945.7,26.9,0.0
2024-09-27T12:00,25.3,80,945.1,25.2,0.1
2024-09-27T13:00,24.9,82,944.4,22.8,0.2
2024-09-27T14:00,25.3,78,943.5,25.1,0.2
2024-09-27T15:00,25.6,78,943.1,26.5,0.2
2024-09-27T16:00,24.9,81,943.2,23.4,0.1
2024-09-27T17:00,24.0,85,943.3,20.5,0.1
2024-09-27T18:00,23.6,88,943.9,19.3,0.2
2024-09-27T19:00,23.1,89,944.7,18.3,0.1
2024-09-27T20:00,22.8,89,945.4,19.2,0.0
2024-09-27T21:00,22.6,90,946.3,20.4,0.0
2024-09-27T22:00,22.4,89,946.1,20.5,0.0
2024-09-27T23:00,22.2,91,946.2,19.0,0.0
2024-09-28T00:00,22.3,92,945.9,16.8,0.0
2024-09-28T01:00,22.2,92,945.1,16.2,0.0
2024-09-28T02:00,22.4,92,944.5,15.6,0.0
2024-09-28T03:00,22.4,92,944.2,15.0,0.0
2024-09-28T04:00,22.7,90,944.5,16.1,0.0
2024-09-28T05:00,22.7,90,945.1,15.4,0.0
2024-09-28T06:00,22.5,95,945.6,9.1,0.1
2024-09-28T07:00,23.3,91,946.5,13.5,0.0
2024-09-28T08:00,24.2,86,947.3,17.8,0.0
2024-09-28T09:00,25.1,81,948.2,19.8,0.1
2024-09-28T10:00,26.3,75,948.4,19.9,0.1
2024-09-28T11:00,27.1,71,948.2,19.2,0.0
2024-09-28T12:00,27.2,70,947.6,19.0,0.1
2024-09-28T13:00,27.5,70,947.0,20.2,0.1
2024-09-28T14:00,27.3,71,946.4,19.0,0.2
2024-09-28T15:00,26.9,73,945.8,19.7,0.2
2024-09-28T16:00,26.3,75,945.6,20.2,0.0
2024-09-28T17:00,25.2,79,945.9,18.2,0.0
2024-09-28T18:00,24.0,84,946.8,14.1,0.0
2024-09-28T19:00,23.3,88,947.6,12.1,0.0
2024-09-28T20:00,23.1,89,948.3,10.7,0.0
2024-09-28T21:00,22.9,90,949.0,10.0,0.0
2024-09-28T22:00,22.8,90,949.2,9.9,0.0
2024-09-28T23:00,22.3,93,949.0,9.7,0.0
2024-09-29T00:00,22.1,93,948.4,9.6,0.0
2024-09-29T01:00,21.8,94,948.0,9.3,0.0
2024-09-29T02:00,21.7,95,947.6,9.1,0.0
2024-09-29T03:00,21.6,95,947.4,8.4,0.0
2024-09-29T04:00,21.6,96,947.4,7.4,0.0
2024-09-29T05:00,21.6,96,947.9,7.1,0.0
2024-09-29T06:00,22.8,89,948.6,10.5,0.0
2024-09-29T07:00,23.3,87,949.2,11.3,0.0
2024-09-29T08:00,24.6,81,949.9,12.8,0.0
2024-09-29T09:00,25.6,76,950.4,12.1,0.0
2024-09-29T10:00,26.4,74,950.6,11.7,0.1
2024-09-29T11:00,27.2,70,950.1,11.7,0.1
2024-09-29T12:00,28.2,66,949.3,12.5,0.3
2024-09-29T13:00,27.9,67,948.3,15.5,0.2
2024-09-29T14:00,27.6,70,947.5,15.1,0.7
2024-09-29T15:00,26.8,75,947.2,14.8,0.3
2024-09-29T16:00,26.9,77,947.2,14.2,0.0
2024-09-29T17:00,25.5,80,947.4,15.5,0.3
2024-09-29T18:00,25.0,81,947.7,12.2,0.0
2024-09-29T19:00,24.0,87,948.7,10.2,0.0
2024-09-29T20:00,23.4,90,949.9,8.8,0.0
2024-09-29T21:00,22.9,93,950.3,6.2,0.0
2024-09-29T22:00,22.3,96,950.2,4.1,0.0
2024-09-29T23:00,21.9,97,949.7,4.1,0.0
2024-09-30T00:00,21.5,98,949.1,3.6,0.0
2024-09-30T01:00,21.4,98,948.5,4.2,0.0
2024-09-30T02:00,21.1,99,948.1,4.9,0.0
2024-09-30T03:00,20.8,100,948.1,4.1,0.0
2024-09-30T04:00,20.9,99,948.3,4.5,0.0
2024-09-30T05:00,20.9,99,949.0,5.5,0.0
2024-09-30T06:00,21.0,98,949.2,6.6,0.0
2024-09-30T07:00,21.6,96,950.3,4.5,0.0
2024-09-30T08:00,23.2,89,951.4,4.3,0.0
2024-09-30T09:00,25.2,78,951.7,6.1,0.0
2024-09-30T10:00,26.6,76,951.6,4.5,0.0
2024-09-30T11:00,27.9,69,951.0,3.6,0.0
2024-09-30T12:00,28.8,65,949.8,4.3,0.0
2024-09-30T13:00,29.4,62,948.6,5.6,0.0
2024-09-30T14:00,29.8,60,947.5,5.1,0.0
2024-09-30T15:00,29.7,59,946.7,4.7,0.0
2024-09-30T16:00,29.7,57,946.5,2.8,0.0
2024-09-30T17:00,29.0,74,946.7,2.3,0.0
2024-09-30T18:00,28.7,58,946.9,4.1,0.0
2024-09-30T19:00,26.0,73,947.5,8.6,0.0
2024-09-30T20:00,24.6,81,948.5,7.0,0.0
2024-09-30T21:00,23.9,86,949.1,7.0,0.0
2024-09-30T22:00,23.1,92,949.2,4.8,0.0
2024-09-30T23:00,22.3,96,948.9,4.7,0.0
2024-10-01T00:00,22.4,97,948.4,5.1,0.0
2024-10-01T01:00,22.2,99,947.6,5.6,0.0
2024-10-01T02:00,22.1,100,947.2,5.3,0.0
2024-10-01T03:00,22.1,99,947.0,4.8,0.0
2024-10-01T04:00,22.0,98,946.9,4.4,0.0
2024-10-01T05:00,22.1,97,947.4,3.3,0.0
2024-10-01T06:00,22.4,96,947.7,1.7,0.0
2024-10-01T07:00,22.9,94,948.3,1.8,0.0
2024-10-01T08:00,24.3,87,949.1,4.3,0.0
2024-10-01T09:00,26.1,81,949.4,6.7,0.0
2024-10-01T10:00,27.3,77,949.4,6.2,0.0
2024-10-01T11:00,28.6,69,948.6,5.6,0.0
2024-10-01T12:00,29.6,64,947.5,5.1,0.0
2024-10-01T13:00,30.1,61,946.7,4.0,0.0
2024-10-01T14:00,30.4,59,945.8,3.4,0.0
2024-10-01T15:00,30.4,59,945.5,0.9,0.0
2024-10-01T16:00,30.0,60,945.3,3.4,0.0
2024-10-01T17:00,29.2,66,945.6,2.8,0.0
2024-10-01T18:00,26.9,75,946.1,8.7,0.0
2024-10-01T19:00,26.0,79,947.1,9.1,0.0
2024-10-01T20:00,25.5,84,947.8,10.1,0.0
2024-10-01T21:00,24.7,90,948.2,8.0,0.0
2024-10-01T22:00,24.1,93,948.2,6.3,0.0
2024-10-01T23:00,23.8,94,948.3,5.5,0.0
2024-10-02T00:00,23.4,96,947.7,4.9,0.0
2024-10-02T01:00,23.0,98,947.4,4.3,0.0
2024-10-02T02:00,22.6,99,946.7,3.0,0.0
2024-10-02T03:00,22.5,99,946.5,5.1,0.0
2024-10-02T04:00,22.5,100,946.4,5.4,0.0
2024-10-02T05:00,22.6,100,946.9,6.2,0.0
2024-10-02T06:00,23.0,98,947.7,6.7,0.0
2024-10-02T07:00,23.5,97,948.2,6.1,0.0
2024-10-02T08:00,24.9,90,949.0,3.6,0.0
2024-10-02T09:00,27.0,78,949.7,2.7,0.0
2024-10-02T10:00,28.4,73,949.8,2.0,0.1
2024-10-02T11:00,29.3,69,949.4,3.1,0.1
2024-10-02T12:00,29.9,66,948.4,5.2,0.0
2024-10-02T13:00,30.6,63,947.4,7.9,0.0
2024-10-02T14:00,26.9,77,946.9,14.9,2.3
2024-10-02T15:00,27.0,77,946.8,13.2,0.0
2024-10-02T16:00,26.2,79,946.5,11.5,0.0
2024-10-02T17:00,25.7,84,947.0,11.9,0.0
2024-10-02T18:00,25.0,86,947.3,9.9,0.0
2024-10-02T19:00,24.3,90,948.3,6.3,0.0
2024-10-02T20:00,23.8,92,949.0,7.9,0.0
2024-10-02T21:00,23.2,95,949.7,4.2,0.0
2024-10-02T22:00,23.1,95,949.6,6.1,0.0
2024-10-02T23:00,22.8,96,948.9,7.6,0.0
2024-10-03T00:00,22.5,96,948.1,7.8,0.0
2024-10-03T01:00,22.2,97,947.7,7.0,0.0
2024-10-03T02:00,22.1,97,947.1,6.6,0.0
2024-10-03T03:00,21.9,97,946.9,6.6,0.0
2024-10-03T04:00,21.9,97,947.0,7.8,0.0
2024-10-03T05:00,21.8,98,947.3,8.3,0.0
2024-10-03T06:00,22.2,95,948.2,7.7,0.0
2024-10-03T07:00,23.3,91,949.3,9.5,0.0
2024-10-03T08:00,24.9,83,950.0,10.9,0.0
2024-10-03T09:00,26.3,76,950.5,10.3,0.0
2024-10-03T10:00,27.4,71,950.3,9.3,0.0
2024-10-03T11:00,28.3,69,949.5,9.6,0.0
2024-10-03T12:00,29.0,66,948.5,9.7,0.1
2024-10-03T13:00,29.8,62,947.5,11.1,0.1
2024-10-03T14:00,28.2,68,946.7,15.1,0.6
2024-10-03T15:00,27.5,73,946.1,16.2,0.5
2024-10-03T16:00,25.9,79,946.1,16.2,1.1
2024-10-03T17:00,24.7,85,946.4,13.7,0.5
2024-10-03T18:00,25.0,84,947.1,10.8,0.0
2024-10-03T19:00,24.3,88,947.9,9.8,0.0
2024-10-03T20:00,23.8,90,948.5,9.2,0.0
2024-10-03T21:00,23.0,94,948.9,7.4,0.0
2024-10-03T22:00,22.6,96,948.8,6.0,0.0
2024-10-03T23:00,22.2,97,948.4,6.1,0.0
2024-10-04T00:00,21.9,97,948.1,6.9,0.0
2024-10-04T01:00,21.7,98,947.4,7.0,0.0
2024-10-04T02:00,21.3,98,946.7,8.0,0.0
2024-10-04T03:00,21.1,98,946.6,8.6,0.0
2024-10-04T04:00,21.0,98,946.9,8.5,0.0
2024-10-04T05:00,21.0,98,947.6,7.3,0.0
2024-10-04T06:00,21.0,99,947.6,8.0,0.0
2024-10-04T07:00,22.1,95,948.8,7.7,0.0
2024-10-04T08:00,24.0,86,949.7,9.6,0.0
2024-10-04T09:00,25.6,78,950.3,9.9,0.0
2024-10-04T10:00,27.0,71,950.3,9.3,0.0
2024-10-04T11:00,28.1,68,949.7,9.0,0.0
2024-10-04T12:00,28.8,66,948.7,9.0,0.0
2024-10-04T13:00,27.0,72,948.0,15.3,0.9
2024-10-04T14:00,26.9,72,947.0,14.2,0.0
2024-10-04T15:00,27.6,69,946.5,15.1,0.0
2024-10-04T16:00,26.8,72,946.3,16.1,0.1
2024-10-04T17:00,25.9,76,946.5,13.4,0.0
2024-10-04T18:00,25.0,80,946.8,11.3,0.0
2024-10-04T19:00,23.9,85,947.4,9.7,0.0
2024-10-04T20:00,23.0,90,948.2,7.0,0.0
2024-10-04T21:00,22.3,94,948.8,5.9,0.0
2024-10-04T22:00,21.9,96,948.9,5.9,0.0
2024-10-04T23:00,21.5,97,948.6,5.5,0.0
2024-10-05T00:00,20.9,98,948.2,5.4,0.0
2024-10-05T01:00,20.8,98,947.9,6.2,0.0
2024-10-05T02:00,20.9,100,947.6,7.3,0.0
2024-10-05T03:00,20.9,99,947.4,6.7,0.0
2024-10-05T04:00,20.8,98,947.4,6.3,0.0
2024-10-05T05:00,20.8,98,947.7,5.2,0.0
2024-10-05T06:00,21.2,94,948.6,5.2,0.0
2024-10-05T07:00,21.4,93,949.3,4.9,0.0
2024-10-05T08:00,22.6,87,950.1,3.6,0.0
2024-10-05T09:00,24.4,78,950.8,2.7,0.0
2024-10-05T10:00,25.8,74,950.7,2.3,0.0
2024-10-05T11:00,27.3,67,950.0,2.4,0.0
2024-10-05T12:00,28.4,62,948.9,3.3,0.0
2024-10-05T13:00,29.1,57,947.8,4.8,0.0
2024-10-05T14:00,29.4,54,946.9,5.9,0.0
2024-10-05T15:00,29.4,53,946.5,7.6,0.0
2024-10-05T16:00,28.8,55,946.6,8.1,0.0
2024-10-05T17:00,27.5,65,946.7,7.4,0.0
2024-10-05T18:00,25.4,70,946.9,6.6,0.0
2024-10-05T19:00,23.9,83,947.9,13.1,0.0
2024-10-05T20:00,22.9,88,948.5,7.2,0.0
2024-10-05T21:00,22.3,92,949.2,5.2,0.0
2024-10-05T22:00,21.8,95,949.3,4.9,0.0
2024-10-05T23:00,21.4,96,949.1,4.3,0.0
2024-10-06T00:00,21.1,97,948.9,3.8,0.0
2024-10-06T01:00,21.0,97,948.4,3.4,0.0
2024-10-06T02:00,20.9,98,947.8,3.9,0.0
2024-10-06T03:00,20.9,99,947.5,4.0,0.0
2024-10-06T04:00,21.2,98,947.5,4.5,0.0
2024-10-06T05:00,21.2,98,947.7,3.6,0.0
2024-10-06T06:00,21.4,96,948.8,1.1,0.0
2024-10-06T07:00,21.9,93,949.6,3.6,0.0
2024-10-06T08:00,23.4,88,950.1,5.2,0.0
2024-10-06T09:00,25.3,80,950.6,9.1,0.0
2024-10-06T10:00,26.9,72,950.7,10.5,0.0
2024-10-06T11:00,28.0,68,950.1,10.0,0.0
2024-10-06T12:00,29.0,65,949.4,12.6,0.0
2024-10-06T13:00,29.5,60,948.4,14.5,0.0
2024-10-06T14:00,29.2,59,947.3,16.0,0.1
2024-10-06T15:00,28.2,63,947.0,17.5,0.1
2024-10-06T16:00,27.2,70,947.0,13.0,0.8
2024-10-06T17:00,26.7,75,947.5,9.0,0.3
2024-10-06T18:00,25.5,77,947.5,8.5,0.0
2024-10-06T19:00,24.2,83,948.2,5.4,0.0
2024-10-06T20:00,23.7,85,948.9,5.4,0.0
2024-10-06T21:00,23.2,87,949.5,5.8,0.0
2024-10-06T22:00,22.8,89,949.4,5.3,0.0
2024-10-06T23:00,22.3,91,949.4,5.2,0.0
2024-10-07T00:00,21.9,93,949.0,6.5,0.0
2024-10-07T01:00,22.3,90,948.9,5.2,0.0
2024-10-07T02:00,22.7,88,948.6,3.4,0.0
2024-10-07T03:00,22.4,89,948.5,2.6,0.0
2024-10-07T04:00,21.3,94,948.4,5.0,0.0
2024-10-07T05:00,20.7,97,948.7,6.0,0.0
2024-10-07T06:00,21.5,96,949.5,4.2,0.0
2024-10-07T07:00,23.0,91,950.4,5.8,0.0
2024-10-07T08:00,24.8,84,951.5,8.7,0.0
2024-10-07T09:00,26.5,76,951.9,11.2,0.0
2024-10-07T10:00,28.1,67,952.0,14.8,0.0
2024-10-07T11:00,29.2,59,951.1,17.1,0.0
2024-10-07T12:00,30.0,55,950.2,16.2,0.0
2024-10-07T13:00,30.3,52,949.2,15.5,0.0
2024-10-07T14:00,30.5,51,948.1,14.9,0.0
2024-10-07T15:00,30.2,51,947.6,13.3,0.0
2024-10-07T16:00,29.6,55,947.5,11.1,0.0
2024-10-07T17:00,28.4,61,947.7,8.7,0.0
2024-10-07T18:00,27.1,63,947.6,7.2,0.0
2024-10-07T19:00,25.2,76,948.2,8.1,0.0
2024-10-07T20:00,24.5,77,949.2,7.2,0.0
2024-10-07T21:00,24.3,77,949.9,5.8,0.0
2024-10-07T22:00,23.7,81,950.3,5.3,0.0
2024-10-07T23:00,22.9,88,949.9,6.6,0.0
2024-10-08T00:00,22.5,90,949.6,6.6,0.0
2024-10-08T01:00,22.5,90,949.3,5.8,0.0
2024-10-08T02:00,22.0,91,948.9,5.4,0.0
2024-10-08T03:00,21.8,92,948.8,5.5,0.0
2024-10-08T04:00,22.2,90,949.1,3.2,0.0
2024-10-08T05:00,20.6,96,948.9,6.0,0.0
2024-10-08T06:00,21.3,95,950.0,5.2,0.0
2024-10-08T07:00,22.9,90,951.3,2.5,0.0
2024-10-08T08:00,24.4,84,952.1,2.9,0.0
2024-10-08T09:00,26.1,78,952.4,4.6,0.0
2024-10-08T10:00,27.9,69,952.3,8.1,0.0
2024-10-08T11:00,29.3,60,951.4,10.8,0.0
2024-10-08T12:00,29.9,55,950.2,12.3,0.0
2024-10-08T13:00,30.3,55,949.1,12.1,0.0
2024-10-08T14:00,30.4,53,948.2,11.2,0.0
2024-10-08T15:00,30.0,54,947.5,11.0,0.0
2024-10-08T16:00,29.8,56,947.3,8.6,0.0
2024-10-08T17:00,27.0,64,947.9,11.6,0.2
2024-10-08T18:00,26.1,70,948.5,5.8,0.2
2024-10-08T19:00,25.3,76,948.9,6.0,0.0
2024-10-08T20:00,24.3,82,949.3,5.2,0.0
2024-10-08T21:00,24.2,81,949.5,5.1,0.0
2024-10-08T22:00,23.6,85,949.5,5.1,0.0
2024-10-08T23:00,23.4,85,949.2,5.4,0.0
2024-10-09T00:00,23.5,82,948.7,6.7,0.0
2024-10-09T01:00,23.2,82,948.2,7.2,0.0
2024-10-09T02:00,23.1,84,947.7,6.3,0.0
2024-10-09T03:00,22.6,87,947.5,5.4,0.0
2024-10-09T04:00,22.3,90,947.4,5.0,0.0
2024-10-09T05:00,22.0,93,947.6,3.6,0.0
2024-10-09T06:00,22.7,92,948.4,9.3,0.3
2024-10-09T07:00,23.0,91,949.2,10.9,0.1
2024-10-09T08:00,23.8,87,949.7,12.7,0.1
2024-10-09T09:00,25.2,79,950.1,13.0,0.0
2024-10-09T10:00,26.3,73,950.0,12.7,0.0
2024-10-09T11:00,26.8,70,949.3,11.4,0.0
2024-10-09T12:00,27.7,66,948.1,11.9,0.0
2024-10-09T13:00,27.8,65,947.3,10.3,0.0
2024-10-09T14:00,27.7,65,946.1,8.6,0.0
2024-10-09T15:00,26.7,69,945.1,3.7,0.1
2024-10-09T16:00,26.1,73,945.4,1.8,0.1
2024-10-09T17:00,23.9,83,946.2,6.4,2.2
2024-10-09T18:00,24.7,78,947.1,6.8,0.0
2024-10-09T19:00,24.0,84,947.7,6.5,0.1
2024-10-09T20:00,23.6,87,948.0,2.1,0.0
2024-10-09T21:00,23.5,89,948.3,4.3,0.1
2024-10-09T22:00,23.0,91,948.3,3.1,0.0
2024-10-09T23:00,22.8,90,947.7,5.8,0.0
2024-10-10T00:00,22.2,94,947.1,5.0,0.0
2024-10-10T01:00,22.1,95,946.3,6.9,0.0
2024-10-10T02:00,21.9,96,945.9,6.3,0.0
2024-10-10T03:00,21.7,97,945.6,6.9,0.0
2024-10-10T04:00,21.4,98,945.5,7.8,0.0
2024-10-10T05:00,21.1,98,945.8,8.8,0.0
2024-10-10T06:00,21.9,93,946.8,13.5,0.0
2024-10-10T07:00,22.7,89,947.7,14.8,0.0
2024-10-10T08:00,23.8,83,948.1,19.9,0.0
2024-10-10T09:00,25.5,74,948.3,23.2,0.0
2024-10-10T10:00,26.1,71,948.0,21.9,0.0
2024-10-10T11:00,27.3,66,947.7,21.7,0.1
2024-10-10T12:00,28.0,65,946.6,18.5,0.1
2024-10-10T13:00,28.4,64,945.3,15.2,0.0
2024-10-10T14:00,29.0,62,944.1,14.3,0.0
2024-10-10T15:00,26.0,73,944.1,15.7,0.8
2024-10-10T16:00,26.1,75,944.0,7.4,0.1
2024-10-10T17:00,25.6,77,944.6,4.4,0.2
2024-10-10T18:00,24.2,88,945.2,3.3,0.1
2024-10-10T19:00,23.1,92,946.2,12.0,0.2
2024-10-10T20:00,21.7,95,947.4,9.0,2.3
2024-10-10T21:00,22.1,96,947.5,8.0,0.2
2024-10-10T22:00,22.1,98,947.3,8.9,0.1
2024-10-10T23:00,22.0,98,947.1,9.1,0.0
2024-10-11T00:00,21.8,98,946.3,10.3,0.0
2024-10-11T01:00,21.6,96,945.5,10.7,0.0
2024-10-11T02:00,21.4,95,944.9,11.1,0.0
2024-10-11T03:00,21.4,95,944.8,11.9,0.0
2024-10-11T04:00,21.4,95,945.2,11.2,0.0
2024-10-11T05:00,21.3,96,945.2,12.3,0.0
2024-10-11T06:00,21.4,98,945.7,11.2,0.0
2024-10-11T07:00,22.3,94,946.8,14.3,0.0
2024-10-11T08:00,24.0,84,947.7,17.9,0.1
2024-10-11T09:00,25.6,76,948.0,21.5,0.0
2024-10-11T10:00,26.9,69,948.1,20.5,0.0
2024-10-11T11:00,27.2,68,947.2,20.6,0.1
2024-10-11T12:00,28.3,64,946.1,18.8,0.1
2024-10-11T13:00,29.3,62,945.1,17.7,0.1
2024-10-11T14:00,29.4,61,944.0,14.3,0.1
2024-10-11T15:00,24.9,82,943.5,12.0,2.1
2024-10-11T16:00,25.9,79,944.1,3.9,0.1
2024-10-11T17:00,24.8,84,944.7,7.2,1.6
2024-10-11T18:00,25.7,79,944.8,5.7,0.1
2024-10-11T19:00,24.6,83,946.0,4.0,0.2
2024-10-11T20:00,23.8,90,947.0,5.3,2.6
2024-10-11T21:00,23.3,92,947.6,3.7,0.5
2024-10-11T22:00,22.7,95,947.5,5.5,0.5
2024-10-11T23:00,22.0,97,947.4,3.3,0.0
2024-10-12T00:00,21.9,97,947.0,5.4,0.1
2024-10-12T01:00,21.8,97,946.5,4.9,0.0
2024-10-12T02:00,21.3,98,945.6,4.7,0.0
2024-10-12T03:00,21.3,98,945.6,5.3,0.0
2024-10-12T04:00,21.4,99,945.9,6.5,0.0
2024-10-12T05:00,21.4,98,946.2,7.4,0.0
2024-10-12T06:00,21.5,98,946.9,6.8,0.0
2024-10-12T07:00,22.2,94,948.0,9.2,0.0
2024-10-12T08:00,23.7,85,948.8,11.7,0.0
2024-10-12T09:00,25.0,80,949.3,14.1,0.1
2024-10-12T10:00,26.7,71,949.1,15.7,0.2
2024-10-12T11:00,28.1,66,948.5,14.9,0.1
2024-10-12T12:00,29.0,64,947.3,13.5,0.1
2024-10-12T13:00,29.6,64,946.4,14.1,0.1
2024-10-12T14:00,29.8,62,945.2,14.7,0.1
2024-10-12T15:00,26.8,75,944.8,13.1,2.0
2024-10-12T16:00,26.7,77,944.9,5.1,0.2
2024-10-12T17:00,26.4,78,945.9,2.9,0.2
2024-10-12T18:00,24.4,91,946.6,6.8,0.0
2024-10-12T19:00,23.7,95,946.7,5.6,0.0
2024-10-12T20:00,24.1,92,947.9,2.6,0.1
2024-10-12T21:00,22.9,97,948.7,3.9,0.6
2024-10-12T22:00,22.5,96,949.1,12.3,0.9
2024-10-12T23:00,22.0,96,948.3,7.2,1.0
2024-10-13T00:00,21.5,98,948.0,5.0,0.0
2024-10-13T01:00,21.4,98,947.6,4.4,0.0
2024-10-13T02:00,21.5,98,947.0,6.0,0.0
2024-10-13T03:00,21.4,97,946.8,5.8,0.0
2024-10-13T04:00,21.7,97,946.8,4.7,0.0
2024-10-13T05:00,21.3,97,947.0,4.8,0.0
2024-10-13T06:00,21.4,98,948.1,3.7,0.0
2024-10-13T07:00,22.4,93,949.2,6.0,0.0
2024-10-13T08:00,24.0,85,950.0,10.0,0.0
2024-10-13T09:00,25.2,79,950.3,11.5,0.0
2024-10-13T10:00,26.8,71,950.0,16.0,0.1
2024-10-13T11:00,28.1,67,949.3,11.3,0.0
2024-10-13T12:00,29.0,63,948.2,10.9,0.2
2024-10-13T13:00,29.6,63,947.5,8.6,0.0
2024-10-13T14:00,29.9,62,946.4,8.8,0.0
2024-10-13T15:00,29.8,63,945.5,7.7,0.0
2024-10-13T16:00,26.0,80,945.8,7.7,5.0
2024-10-13T17:00,26.0,82,945.9,7.4,0.0
2024-10-13T18:00,24.5,89,946.7,5.4,0.1
2024-10-13T19:00,23.2,93,948.0,3.9,0.1
2024-10-13T20:00,22.6,94,948.8,2.0,0.0
2024-10-13T21:00,22.2,95,948.9,2.9,0.4
2024-10-13T22:00,21.8,96,949.7,9.7,0.0
2024-10-13T23:00,21.3,98,949.5,4.0,0.1
2024-10-14T00:00,21.4,98,948.9,7.3,0.0
2024-10-14T01:00,20.9,99,948.8,4.8,0.3
2024-10-14T02:00,21.0,98,947.8,5.2,1.6
2024-10-14T03:00,20.6,98,947.2,4.5,0.0
2024-10-14T04:00,20.9,95,947.5,2.8,0.0
2024-10-14T05:00,20.8,96,947.8,1.2,0.0
2024-10-14T06:00,21.1,97,949.5,5.4,0.2
2024-10-14T07:00,21.5,94,949.8,7.4,0.2
2024-10-14T08:00,23.0,86,950.4,9.3,0.0
2024-10-14T09:00,25.3,79,950.6,12.4,0.0
2024-10-14T10:00,27.4,69,950.4,14.0,0.0
2024-10-14T11:00,28.2,66,949.7,15.4,0.0
2024-10-14T12:00,28.7,64,948.6,14.3,0.0
2024-10-14T13:00,29.1,64,947.8,14.4,0.0
2024-10-14T14:00,29.2,62,947.2,12.8,0.0
2024-10-14T15:00,29.1,63,946.3,11.1,0.0
2024-10-14T16:00,28.7,66,946.0,9.2,0.0
2024-10-14T17:00,27.4,81,946.2,2.2,0.5
2024-10-14T18:00,24.4,84,947.8,12.4,0.9
2024-10-14T19:00,23.0,91,948.3,4.4,1.3
2024-10-14T20:00,23.1,90,949.4,1.3,0.1
2024-10-14T21:00,21.8,96,949.6,2.5,0.0
2024-10-14T22:00,21.9,96,949.9,3.5,0.0
2024-10-14T23:00,21.5,95,950.1,10.8,1.9
2024-10-15T00:00,21.2,96,949.1,3.1,0.2
2024-10-15T01:00,20.7,98,948.1,2.7,0.0
2024-10-15T02:00,20.6,98,947.6,2.5,0.0
2024-10-15T03:00,20.2,99,947.4,3.8,0.0
2024-10-15T04:00,20.5,98,947.9,4.7,0.0
2024-10-15T05:00,21.0,97,948.3,7.9,0.1
2024-10-15T06:00,20.8,95,948.6,8.7,0.1
2024-10-15T07:00,21.3,94,949.7,9.5,0.4
2024-10-15T08:00,22.0,90,950.2,7.9,0.1
2024-10-15T09:00,22.9,87,950.6,6.5,0.0
2024-10-15T10:00,25.4,77,951.0,8.6,0.0
2024-10-15T11:00,26.8,71,950.2,10.1,0.0
2024-10-15T12:00,27.8,67,949.1,11.5,0.0
2024-10-15T13:00,28.6,64,948.5,12.3,0.1
2024-10-15T14:00,28.9,62,947.3,11.8,0.0
2024-10-15T15:00,28.4,66,946.9,9.9,0.2
2024-10-15T16:00,28.1,67,946.8,6.7,0.0
2024-10-15T17:00,27.1,75,947.2,1.5,0.0
2024-10-15T18:00,24.3,86,947.8,10.3,0.3
2024-10-15T19:00,23.7,89,948.2,3.2,0.1
2024-10-15T20:00,22.8,94,948.8,4.7,0.1
2024-10-15T21:00,22.7,94,949.1,3.3,0.0
2024-10-15T22:00,22.2,96,948.8,3.5,0.0
2024-10-15T23:00,22.2,96,949.2,4.8,0.0
2024-10-16T00:00,22.1,96,948.8,4.7,0.0
2024-10-16T01:00,22.4,95,948.4,5.6,0.2
2024-10-16T02:00,21.6,96,948.3,9.0,2.3
2024-10-16T03:00,21.7,94,947.8,5.5,0.5
2024-10-16T04:00,21.4,97,947.2,4.2,0.3
2024-10-16T05:00,21.2,98,947.3,3.7,0.0
2024-10-16T06:00,21.7,97,948.4,7.5,2.9
2024-10-16T07:00,21.9,96,948.8,7.9,2.3
2024-10-16T08:00,22.5,92,949.4,9.0,0.3
2024-10-16T09:00,24.2,85,950.0,9.2,0.0
2024-10-16T10:00,26.0,78,949.9,11.9,0.0
2024-10-16T11:00,27.7,69,949.2,13.6,0.1
2024-10-16T12:00,29.1,63,948.1,13.7,0.1
2024-10-16T13:00,29.4,62,947.0,12.1,0.1
2024-10-16T14:00,29.8,61,946.0,12.4,0.0
2024-10-16T15:00,28.8,62,945.4,12.7,0.4
2024-10-16T16:00,27.6,70,945.7,7.5,0.1
2024-10-16T17:00,24.8,81,947.7,13.1,2.5
2024-10-16T18:00,24.7,82,946.7,6.5,0.1
2024-10-16T19:00,23.4,91,947.0,3.8,0.0
2024-10-16T20:00,23.7,89,948.1,2.6,0.0
2024-10-16T21:00,23.4,90,948.6,2.3,0.0
2024-10-16T22:00,23.2,92,948.3,2.0,0.0
2024-10-16T23:00,22.4,94,948.5,7.1,2.3
2024-10-17T00:00,22.6,92,947.7,2.3,0.4
2024-10-17T01:00,22.2,94,947.1,4.1,0.1
2024-10-17T02:00,22.3,92,946.6,2.7,0.0
2024-10-17T03:00,22.2,93,946.8,6.5,0.1
2024-10-17T04:00,22.2,94,946.5,3.2,0.1
2024-10-17T05:00,22.0,93,946.6,4.0,0.0
2024-10-17T06:00,22.8,92,947.7,7.4,1.9
2024-10-17T07:00,22.8,92,948.3,7.8,0.2
2024-10-17T08:00,23.1,92,948.9,7.5,0.0
2024-10-17T09:00,24.0,89,949.6,7.0,0.0
2024-10-17T10:00,24.7,84,949.9,11.5,0.0
2024-10-17T11:00,24.9,84,949.1,10.7,0.2
2024-10-17T12:00,25.2,83,948.1,11.0,0.1
2024-10-17T13:00,26.1,79,946.9,11.6,0.0
2024-10-17T14:00,27.8,68,945.7,14.0,0.1
2024-10-17T15:00,27.6,69,944.8,9.6,0.1
2024-10-17T16:00,27.4,70,945.0,8.4,0.1
2024-10-17T17:00,26.5,75,946.0,10.4,0.1
2024-10-17T18:00,24.3,83,945.9,9.7,0.0
2024-10-17T19:00,23.6,87,946.4,6.1,0.1
2024-10-17T20:00,23.3,90,947.1,6.3,0.0
2024-10-17T21:00,23.5,89,947.8,8.7,0.0
2024-10-17T22:00,22.7,94,948.0,4.2,1.9
2024-10-17T23:00,22.8,94,947.5,7.9,0.0
2024-10-18T00:00,22.5,94,947.4,11.3,0.0
2024-10-18T01:00,22.5,93,946.6,9.5,0.0
2024-10-18T02:00,22.1,96,945.9,7.4,0.0
2024-10-18T03:00,21.7,98,945.3,9.4,0.0
2024-10-18T04:00,21.6,98,945.7,8.0,0.0
2024-10-18T05:00,21.7,98,946.4,6.3,0.0
2024-10-18T06:00,22.4,96,946.7,12.2,0.0
2024-10-18T07:00,23.3,91,947.8,14.4,0.0
2024-10-18T08:00,24.5,85,948.5,19.7,0.0
2024-10-18T09:00,26.0,77,949.1,20.8,0.1
2024-10-18T10:00,27.2,72,949.1,19.6,0.1
2024-10-18T11:00,27.8,69,948.4,18.6,0.1
2024-10-18T12:00,28.9,66,947.4,18.0,0.1
2024-10-18T13:00,29.0,68,946.3,17.1,0.0
2024-10-18T14:00,29.1,65,945.5,16.9,0.4
2024-10-18T15:00,27.3,74,945.3,5.4,0.9
2024-10-18T16:00,26.7,76,945.9,9.0,2.3
2024-10-18T17:00,24.1,85,946.5,2.6,5.3
2024-10-18T18:00,25.6,83,946.2,2.3,0.0
2024-10-18T19:00,24.4,89,947.1,2.6,0.0
2024-10-18T20:00,23.5,92,947.8,4.6,0.6
2024-10-18T21:00,22.7,95,948.9,9.8,2.2
2024-10-18T22:00,21.8,99,949.5,4.9,5.2
2024-10-18T23:00,21.7,99,949.6,6.2,0.1
2024-10-19T00:00,21.7,99,948.8,6.5,0.0
2024-10-19T01:00,21.3,100,948.3,4.1,0.0
2024-10-19T02:00,21.4,99,947.9,6.3,0.0
2024-10-19T03:00,21.4,100,947.8,6.7,0.0
2024-10-19T04:00,21.6,98,947.9,8.9,0.0
2024-10-19T05:00,21.7,98,948.0,5.6,0.0
2024-10-19T06:00,22.3,96,948.6,8.7,0.0
2024-10-19T07:00,22.8,92,949.4,9.8,0.0
2024-10-19T08:00,24.2,85,949.9,11.2,0.0
2024-10-19T09:00,25.6,79,950.5,10.1,0.1
2024-10-19T10:00,26.8,74,950.8,8.8,0.1
2024-10-19T11:00,27.9,71,950.2,8.6,0.2
2024-10-19T12:00,28.9,68,949.2,6.1,0.1
2024-10-19T13:00,29.7,63,947.9,7.6,0.0
2024-10-19T14:00,28.5,67,946.8,9.2,0.3
2024-10-19T15:00,25.3,81,947.3,8.1,6.1
2024-10-19T16:00,23.1,92,947.3,11.0,5.3
2024-10-19T17:00,23.5,90,948.2,7.1,0.0
2024-10-19T18:00,23.2,93,948.4,3.7,0.5
2024-10-19T19:00,22.7,96,949.1,1.8,0.1
2024-10-19T20:00,22.5,97,949.9,2.2,1.0
2024-10-19T21:00,22.0,98,951.0,3.9,5.3
2024-10-19T22:00,22.0,96,950.9,0.5,0.8
2024-10-19T23:00,21.6,98,951.4,7.2,2.1
2024-10-20T00:00,21.5,98,949.8,3.1,0.2
2024-10-20T01:00,21.4,98,949.4,2.3,0.3
2024-10-20T02:00,21.2,98,948.9,4.4,0.1
2024-10-20T03:00,21.1,99,948.9,4.5,0.0
2024-10-20T04:00,21.2,98,949.1,5.5,0.0
2024-10-20T05:00,21.4,97,949.6,3.6,0.0
2024-10-20T06:00,21.3,98,950.1,2.9,0.0
2024-10-20T07:00,22.1,93,950.8,5.8,0.0
2024-10-20T08:00,23.4,85,951.3,9.9,0.0
2024-10-20T09:00,24.8,79,952.0,10.6,0.0
2024-10-20T10:00,25.9,74,952.1,10.8,0.0
2024-10-20T11:00,27.0,72,951.4,10.6,0.0
2024-10-20T12:00,28.2,68,950.4,9.2,0.1
2024-10-20T13:00,27.9,68,949.3,7.3,0.0
2024-10-20T14:00,27.7,69,948.4,4.6,0.1
2024-10-20T15:00,28.0,69,948.1,4.2,0.1
2024-10-20T16:00,23.4,89,948.4,12.5,6.0
2024-10-20T17:00,22.6,91,948.1,5.7,0.3
2024-10-20T18:00,23.6,91,948.6,6.6,0.0
2024-10-20T19:00,22.8,95,949.4,3.6,0.0
2024-10-20T20:00,23.1,92,950.5,2.2,0.0
2024-10-20T21:00,22.2,97,951.0,3.1,0.2
2024-10-20T22:00,22.2,95,951.1,4.1,0.0
2024-10-20T23:00,21.7,97,951.0,3.8,0.0
2024-10-21T00:00,21.4,98,950.6,3.5,0.0
2024-10-21T01:00,21.4,99,950.1,7.9,0.0
2024-10-21T02:00,21.6,98,949.8,7.7,0.1
2024-10-21T03:00,21.3,98,950.0,9.2,0.1
2024-10-21T04:00,21.1,98,950.1,10.5,0.1
2024-10-21T05:00,21.1,97,950.2,9.6,0.1
2024-10-21T06:00,20.7,98,950.3,7.2,0.0
2024-10-21T07:00,21.5,93,950.8,9.4,0.0
2024-10-21T08:00,23.1,85,951.6,10.8,0.0
2024-10-21T09:00,24.2,81,952.0,10.7,0.0
2024-10-21T10:00,25.7,74,952.1,11.9,0.0
2024-10-21T11:00,26.8,71,951.8,10.4,0.0
2024-10-21T12:00,27.1,70,950.7,11.5,0.1
2024-10-21T13:00,26.8,70,949.9,10.2,1.5
2024-10-21T14:00,27.2,70,948.9,8.8,0.1
2024-10-21T15:00,27.1,71,947.8,5.3,0.0
2024-10-21T16:00,27.2,69,947.6,2.5,0.1
2024-10-21T17:00,26.2,79,947.6,1.5,0.2
2024-10-21T18:00,24.2,87,948.1,8.0,0.0
2024-10-21T19:00,23.9,88,948.9,6.4,0.0
2024-10-21T20:00,23.5,89,949.7,3.1,0.0
2024-10-21T21:00,22.4,94,950.6,6.6,3.2
2024-10-21T22:00,22.1,97,951.0,4.8,0.6
2024-10-21T23:00,22.1,95,951.2,6.7,0.2
2024-10-22T00:00,21.6,95,950.9,9.2,0.1
2024-10-22T01:00,21.4,95,949.7,5.1,0.0
2024-10-22T02:00,20.6,98,949.4,4.1,0.0
2024-10-22T03:00,20.3,99,948.9,3.6,0.0
2024-10-22T04:00,19.8,100,949.1,4.2,0.0
2024-10-22T05:00,20.0,100,949.5,3.4,0.0
2024-10-22T06:00,21.9,94,950.6,7.9,0.0
2024-10-22T07:00,22.4,91,951.3,7.3,0.0
2024-10-22T08:00,23.7,84,952.1,4.8,0.0
2024-10-22T09:00,25.1,78,952.3,6.8,0.1
2024-10-22T10:00,26.1,74,951.8,7.6,0.1
2024-10-22T11:00,26.7,71,951.3,7.1,0.0
2024-10-22T12:00,27.6,67,950.3,7.6,0.0
2024-10-22T13:00,28.3,63,949.4,7.1,0.0
2024-10-22T14:00,28.0,64,948.8,7.0,0.1
2024-10-22T15:00,28.3,63,948.1,6.2,0.0
2024-10-22T16:00,28.2,64,947.8,4.2,0.0
2024-10-22T17:00,27.3,76,948.0,2.6,0.0
2024-10-22T18:00,25.2,83,948.4,4.3,0.0
2024-10-22T19:00,24.3,87,949.1,5.2,0.0
2024-10-22T20:00,23.6,91,950.1,4.3,0.0
2024-10-22T21:00,23.2,93,950.4,5.1,0.0
2024-10-22T22:00,22.6,96,950.5,4.9,0.0
2024-10-22T23:00,22.2,96,950.5,5.8,0.0
2024-10-23T00:00,21.8,95,950.1,6.0,0.0
2024-10-23T01:00,21.5,93,949.7,4.7,0.0
2024-10-23T02:00,21.2,93,949.2,3.8,0.0
2024-10-23T03:00,21.1,94,948.8,2.7,0.0
2024-10-23T04:00,20.3,97,948.9,3.8,0.0
2024-10-23T05:00,19.6,99,949.2,4.2,0.0
2024-10-23T06:00,20.1,99,950.1,3.2,0.0
2024-10-23T07:00,21.2,94,950.9,5.1,0.0
2024-10-23T08:00,22.9,85,951.9,6.9,0.0
2024-10-23T09:00,24.4,80,952.3,10.3,0.0
2024-10-23T10:00,25.8,73,952.1,11.4,0.0
2024-10-23T11:00,27.3,66,951.0,10.6,0.0
2024-10-23T12:00,28.2,63,949.9,8.4,0.0
2024-10-23T13:00,28.7,63,948.9,8.1,0.0
2024-10-23T14:00,28.8,62,948.1,9.1,0.0
2024-10-23T15:00,28.4,63,947.7,10.7,0.0
2024-10-23T16:00,28.0,64,947.5,9.0,0.0
2024-10-23T17:00,27.1,73,947.8,4.1,0.0
2024-10-23T18:00,25.8,72,947.9,7.6,0.0
2024-10-23T19:00,24.6,80,948.5,5.9,0.0
2024-10-23T20:00,23.9,83,949.2,5.6,0.0
2024-10-23T21:00,23.6,85,949.8,7.7,0.0
2024-10-23T22:00,23.2,86,950.0,6.1,0.0
2024-10-23T23:00,22.5,90,949.7,5.8,0.0
2024-10-24T00:00,21.9,92,949.3,6.5,0.0
2024-10-24T01:00,22.2,90,949.0,5.1,0.0
2024-10-24T02:00,20.8,96,948.1,6.6,0.0
2024-10-24T03:00,20.3,98,948.2,6.3,0.0
2024-10-24T04:00,19.8,99,948.1,6.3,0.0
2024-10-24T05:00,19.5,100,948.2,6.3,0.0
2024-10-24T06:00,20.3,98,949.5,4.2,0.0
2024-10-24T07:00,21.5,94,950.5,4.9,0.0
2024-10-24T08:00,23.2,87,951.4,5.4,0.0
2024-10-24T09:00,25.0,78,952.1,6.9,0.0
2024-10-24T10:00,26.7,69,952.1,8.2,0.0
2024-10-24T11:00,27.8,63,951.2,8.1,0.0
2024-10-24T12:00,28.4,58,950.2,8.2,0.0
2024-10-24T13:00,28.7,54,949.2,9.3,0.0
2024-10-24T14:00,28.7,52,948.5,9.3,0.0
2024-10-24T15:00,28.3,51,948.0,9.0,0.0
2024-10-24T16:00,27.7,54,947.9,7.9,0.0
2024-10-24T17:00,26.2,71,947.7,4.0,0.0
2024-10-24T18:00,24.5,68,947.5,7.7,0.0
2024-10-24T19:00,23.3,71,947.8,8.6,0.0
2024-10-24T20:00,21.7,80,948.4,9.1,0.0
2024-10-24T21:00,23.4,68,949.5,4.5,0.0
2024-10-24T22:00,21.4,78,949.6,4.0,0.0
2024-10-24T23:00,20.5,81,949.2,5.7,0.0
2024-10-25T00:00,20.8,78,949.1,3.7,0.0
2024-10-25T01:00,20.8,76,948.6,4.9,0.0
2024-10-25T02:00,21.1,73,948.2,4.4,0.0
2024-10-25T03:00,22.2,67,948.4,1.0,0.0
2024-10-25T04:00,21.6,70,948.3,1.5,0.0
2024-10-25T05:00,21.1,73,948.4,2.3,0.0
2024-10-25T06:00,19.7,79,949.2,3.3,0.0
2024-10-25T07:00,20.9,77,950.1,1.7,0.0
2024-10-25T08:00,22.6,75,950.9,0.9,0.0
2024-10-25T09:00,24.7,68,951.6,1.8,0.0
2024-10-25T10:00,26.4,60,951.7,4.5,0.0
2024-10-25T11:00,27.6,51,950.9,7.4,0.0
2024-10-25T12:00,28.3,46,950.0,6.5,0.0
2024-10-25T13:00,29.0,44,949.0,6.7,0.0
2024-10-25T14:00,28.8,44,948.2,8.5,0.0
2024-10-25T15:00,28.6,45,947.6,7.9,0.0
2024-10-25T16:00,28.2,49,947.6,5.0,0.0
2024-10-25T17:00,27.1,61,947.7,3.4,0.0
2024-10-25T18:00,23.3,66,947.7,10.2,0.0
2024-10-25T19:00,23.5,59,948.9,7.6,0.0
2024-10-25T20:00,24.1,53,950.2,5.6,0.0
2024-10-25T21:00,21.9,65,950.0,6.0,0.0
2024-10-25T22:00,23.1,58,950.6,3.2,0.0
2024-10-25T23:00,21.3,65,950.1,4.0,0.0
2024-10-26T00:00,21.3,62,949.7,3.6,0.0
2024-10-26T01:00,21.8,58,949.5,1.6,0.0
2024-10-26T02:00,21.1,61,948.7,2.7,0.0
2024-10-26T03:00,20.6,63,948.5,0.6,0.0
2024-10-26T04:00,20.0,66,948.2,1.3,0.0
2024-10-26T05:00,19.7,68,948.5,1.5,0.0
2024-10-26T06:00,18.7,77,949.6,2.4,0.0
2024-10-26T07:00,20.0,77,950.5,1.7,0.0
2024-10-26T08:00,22.0,73,951.4,1.7,0.0
2024-10-26T09:00,23.9,70,951.9,3.5,0.0
2024-10-26T10:00,25.8,65,952.0,5.7,0.0
2024-10-26T11:00,27.4,57,951.2,7.9,0.0
2024-10-26T12:00,28.4,52,950.1,9.7,0.0
2024-10-26T13:00,28.9,49,949.0,10.3,0.0
2024-10-26T14:00,29.1,47,947.9,10.6,0.0
2024-10-26T15:00,29.0,45,947.5,11.7,0.0
2024-10-26T16:00,28.2,52,947.7,10.4,0.0
2024-10-26T17:00,26.2,64,947.9,6.1,0.0
2024-10-26T18:00,23.4,71,947.5,10.5,0.0
2024-10-26T19:00,25.7,57,948.8,6.0,0.0
2024-10-26T20:00,25.2,58,949.7,3.1,0.0
2024-10-26T21:00,24.0,63,949.8,1.7,0.0
2024-10-26T22:00,20.5,81,949.0,5.7,0.0
2024-10-26T23:00,19.7,84,948.6,7.1,0.0
2024-10-27T00:00,19.6,84,948.3,6.3,0.0
2024-10-27T01:00,19.2,85,947.8,5.5,0.0
2024-10-27T02:00,18.4,88,947.1,6.6,0.0
2024-10-27T03:00,18.4,87,947.0,6.1,0.0
2024-10-27T04:00,18.4,86,946.8,5.6,0.0
2024-10-27T05:00,18.1,87,947.1,6.3,0.0
2024-10-27T06:00,18.1,88,948.2,6.5,0.0
2024-10-27T07:00,20.6,79,949.4,5.0,0.0
2024-10-27T08:00,23.4,73,950.4,2.9,0.0
2024-10-27T09:00,25.9,61,951.0,1.7,0.0
2024-10-27T10:00,27.7,52,951.0,2.6,0.0
2024-10-27T11:00,28.9,47,950.0,5.6,0.0
2024-10-27T12:00,29.6,44,949.0,8.3,0.0
2024-10-27T13:00,30.3,42,947.9,9.2,0.0
2024-10-27T14:00,30.5,40,946.8,11.7,0.0
2024-10-27T15:00,30.3,40,946.3,12.0,0.0
2024-10-27T16:00,29.3,48,946.1,9.8,0.0
2024-10-27T17:00,27.2,56,946.0,8.1,0.0
2024-10-27T18:00,25.1,63,946.2,8.0,0.0
2024-10-27T19:00,23.0,74,946.7,6.5,0.0
2024-10-27T20:00,22.4,78,947.1,7.0,0.0
2024-10-27T21:00,24.0,67,947.9,4.3,0.0
2024-10-27T22:00,23.9,67,948.0,2.4,0.0
2024-10-27T23:00,22.9,71,947.4,2.5,0.0
2024-10-28T00:00,22.3,74,946.6,1.8,0.0
2024-10-28T01:00,20.2,84,945.6,4.5,0.0
2024-10-28T02:00,19.2,89,945.1,5.3,0.0
2024-10-28T03:00,18.9,90,944.9,4.9,0.0
2024-10-28T04:00,19.0,89,945.3,5.3,0.0
2024-10-28T05:00,18.9,89,945.6,5.3,0.0
2024-10-28T06:00,19.9,88,946.6,3.9,0.0
2024-10-28T07:00,21.9,82,947.8,3.5,0.0
2024-10-28T08:00,24.5,75,948.9,2.9,0.0
2024-10-28T09:00,26.3,67,949.4,3.9,0.0
2024-10-28T10:00,27.9,60,949.6,4.0,0.0
2024-10-28T11:00,29.2,51,948.5,6.2,0.0
2024-10-28T12:00,30.0,46,947.3,6.9,0.0
2024-10-28T13:00,30.4,43,946.1,7.1,0.0
2024-10-28T14:00,30.7,40,945.3,7.3,0.0
2024-10-28T15:00,30.5,40,945.0,8.0,0.0
2024-10-28T16:00,29.8,45,945.1,4.6,0.0
2024-10-28T17:00,28.1,59,945.4,4.5,0.0
2024-10-28T18:00,23.9,59,945.3,11.1,0.0
2024-10-28T19:00,22.2,56,946.0,9.4,0.0
2024-10-28T20:00,22.2,69,947.0,6.6,0.0
2024-10-28T21:00,21.9,81,947.4,7.7,0.0
2024-10-28T22:00,20.8,87,947.7,6.0,0.0
2024-10-28T23:00,20.9,86,947.2,4.7,0.0
2024-10-29T00:00,20.9,87,946.8,5.2,0.0
2024-10-29T01:00,20.1,90,946.0,4.8,0.0
2024-10-29T02:00,19.7,90,945.6,6.5,0.0
2024-10-29T03:00,19.6,91,945.5,6.1,0.0
2024-10-29T04:00,18.8,96,945.7,5.5,0.0
2024-10-29T05:00,18.2,100,946.0,3.8,0.0
2024-10-29T06:00,18.6,98,947.2,3.4,0.0
2024-10-29T07:00,20.3,94,948.5,2.7,0.0
2024-10-29T08:00,23.2,85,949.7,0.9,0.0
2024-10-29T09:00,25.9,68,950.7,4.0,0.0
2024-10-29T10:00,28.1,55,950.7,6.2,0.0
2024-10-29T11:00,29.2,48,950.0,11.4,0.0
2024-10-29T12:00,30.2,41,948.9,12.9,0.0
2024-10-29T13:00,30.7,39,948.0,12.3,0.0
2024-10-29T14:00,30.6,38,947.2,10.6,0.0
2024-10-29T15:00,30.3,38,946.8,10.1,0.0
2024-10-29T16:00,29.3,46,946.6,8.1,0.0
2024-10-29T17:00,27.4,67,946.5,5.3,0.0
2024-10-29T18:00,27.1,50,947.3,5.3,0.0
2024-10-29T19:00,23.6,66,947.5,7.7,0.0
2024-10-29T20:00,24.1,65,948.6,7.4,0.0
2024-10-29T21:00,22.5,81,948.7,5.6,0.0
2024-10-29T22:00,21.5,86,948.6,4.2,0.0
2024-10-29T23:00,21.4,85,948.5,4.9,0.0
2024-10-30T00:00,20.8,89,947.8,4.5,0.0
2024-10-30T01:00,20.0,93,947.1,5.7,0.0
2024-10-30T02:00,19.6,93,946.8,5.4,0.0
2024-10-30T03:00,19.4,93,946.7,4.8,0.0
2024-10-30T04:00,19.5,92,946.8,4.3,0.0
2024-10-30T05:00,19.0,95,947.2,4.2,0.0
2024-10-30T06:00,19.7,98,948.2,2.7,0.0
2024-10-30T07:00,20.6,96,949.3,1.0,0.0
2024-10-30T08:00,21.9,91,950.1,1.9,0.0
2024-10-30T09:00,24.4,76,951.0,3.1,0.0
2024-10-30T10:00,26.6,64,951.4,4.5,0.0
2024-10-30T11:00,28.2,56,950.7,6.8,0.0
2024-10-30T12:00,29.0,50,949.7,7.8,0.0
2024-10-30T13:00,29.5,47,949.0,7.1,0.0
2024-10-30T14:00,29.6,46,948.3,6.9,0.2
2024-10-30T15:00,29.3,47,948.1,8.4,0.1
2024-10-30T16:00,28.6,50,948.1,9.7,0.0
2024-10-30T17:00,27.1,58,948.3,7.3,0.0
2024-10-30T18:00,24.9,70,948.4,8.8,0.0
2024-10-30T19:00,24.2,71,949.0,8.2,0.0
2024-10-30T20:00,24.5,67,949.9,5.9,0.0
2024-10-30T21:00,25.1,62,950.6,3.9,0.0
2024-10-30T22:00,24.6,65,950.6,4.5,0.0
2024-10-30T23:00,23.5,70,950.1,4.4,0.0
2024-10-31T00:00,23.8,67,949.9,3.4,0.0
2024-10-31T01:00,23.6,67,949.4,2.1,0.0
2024-10-31T02:00,20.6,85,948.5,6.1,0.0
2024-10-31T03:00,21.7,78,948.7,3.4,0.0
2024-10-31T04:00,21.6,78,948.8,1.8,0.0
2024-10-31T05:00,21.6,78,949.2,2.2,0.0
2024-10-31T06:00,20.8,86,949.4,4.4,0.0
2024-10-31T07:00,22.2,82,950.7,7.8,0.0
2024-10-31T08:00,24.1,75,951.5,8.3,0.0
2024-10-31T09:00,26.1,68,952.2,11.5,0.0
2024-10-31T10:00,27.8,62,952.5,13.9,0.0
2024-10-31T11:00,29.2,56,951.7,14.8,0.0
2024-10-31T12:00,30.0,53,950.6,14.2,0.0
2024-10-31T13:00,30.4,51,949.7,13.2,0.0
2024-10-31T14:00,30.5,51,948.8,13.0,0.0
2024-10-31T15:00,30.1,53,948.3,11.4,0.0
2024-10-31T16:00,28.4,59,948.5,10.8,0.3
2024-10-31T17:00,27.2,72,948.6,2.5,0.0
2024-10-31T18:00,26.4,62,948.7,6.5,0.0
2024-10-31T19:00,25.7,66,949.3,5.5,0.0
2024-10-31T20:00,25.2,70,949.9,3.8,0.0
2024-10-31T21:00,25.6,67,950.6,2.4,0.0
2024-10-31T22:00,25.1,68,950.8,1.2,0.0
2024-10-31T23:00,23.5,76,950.4,4.1,0.0
2024-11-01T00:00,22.4,83,949.9,4.9,0.0
2024-11-01T01:00,21.5,89,949.2,3.2,0.0
2024-11-01T02:00,21.2,91,949.0,5.8,0.0
2024-11-01T03:00,21.9,85,949.1,1.7,0.0
2024-11-01T04:00,20.7,92,949.3,3.8,0.0
2024-11-01T05:00,20.7,92,950.0,4.7,0.0
2024-11-01T06:00,21.0,95,950.6,5.7,0.0
2024-11-01T07:00,22.5,89,951.9,3.4,0.0
2024-11-01T08:00,24.1,84,953.0,5.8,0.0
2024-11-01T09:00,25.9,76,953.6,9.1,0.0
2024-11-01T10:00,27.7,68,953.8,12.3,0.0
2024-11-01T11:00,28.8,63,953.3,14.2,0.0
2024-11-01T12:00,29.6,57,952.1,14.3,0.0
2024-11-01T13:00,30.0,55,951.0,13.9,0.0
2024-11-01T14:00,30.0,55,950.2,12.7,0.0
2024-11-01T15:00,29.6,58,949.7,11.7,0.0
2024-11-01T16:00,29.2,57,949.9,10.5,0.0
2024-11-01T17:00,27.6,64,950.2,8.3,0.1
2024-11-01T18:00,26.6,65,950.0,6.8,0.0
2024-11-01T19:00,27.5,57,951.2,4.4,0.0
2024-11-01T20:00,24.6,74,951.5,7.1,0.0
2024-11-01T21:00,24.1,76,952.1,7.0,0.0
2024-11-01T22:00,24.0,72,952.2,5.8,0.0
2024-11-01T23:00,23.8,75,951.9,7.0,0.0
2024-11-02T00:00,24.0,70,951.8,3.4,0.0
2024-11-02T01:00,22.2,78,951.0,6.0,0.0
2024-11-02T02:00,22.6,72,950.7,3.9,0.0
2024-11-02T03:00,22.3,73,950.3,1.3,0.0
2024-11-02T04:00,21.8,75,950.3,1.1,0.0
2024-11-02T05:00,21.5,77,950.5,1.7,0.0
2024-11-02T06:00,20.1,93,951.4,4.5,0.0
2024-11-02T07:00,21.4,93,952.2,5.6,0.0
2024-11-02T08:00,23.6,86,953.2,7.6,0.0
2024-11-02T09:00,25.8,75,954.0,11.2,0.0
2024-11-02T10:00,27.4,64,954.2,13.9,0.0
2024-11-02T11:00,28.8,54,953.7,13.9,0.0
2024-11-02T12:00,29.7,48,952.4,13.4,0.0
2024-11-02T13:00,30.1,45,951.4,11.6,0.0
2024-11-02T14:00,30.1,43,950.6,9.6,0.0
2024-11-02T15:00,29.8,44,950.1,9.2,0.0
2024-11-02T16:00,29.2,45,950.0,8.0,0.0
2024-11-02T17:00,27.0,68,949.9,5.0,0.0
2024-11-02T18:00,26.0,55,949.6,7.7,0.0
2024-11-02T19:00,23.9,61,949.6,9.1,0.0
2024-11-02T20:00,24.8,54,950.6,7.7,0.0
2024-11-02T21:00,22.1,67,950.7,10.4,0.0
2024-11-02T22:00,21.2,71,951.0,9.6,0.0
2024-11-02T23:00,20.9,72,951.1,9.3,0.0
2024-11-03T00:00,23.7,57,951.4,5.2,0.0
2024-11-03T01:00,23.1,60,950.8,1.2,0.0
2024-11-03T02:00,22.3,63,950.3,2.6,0.0
2024-11-03T03:00,21.3,66,949.8,3.5,0.0
2024-11-03T04:00,20.8,68,949.9,3.6,0.0
2024-11-03T05:00,20.4,69,950.2,4.7,0.0
2024-11-03T06:00,18.6,83,950.9,4.7,0.0
2024-11-03T07:00,20.4,79,952.0,6.0,0.0
2024-11-03T08:00,23.1,74,953.0,5.1,0.0
2024-11-03T09:00,25.4,69,953.9,9.0,0.0
2024-11-03T10:00,27.4,63,954.0,12.1,0.0
2024-11-03T11:00,28.9,52,953.1,13.9,0.0
2024-11-03T12:00,29.7,47,952.0,13.5,0.0
2024-11-03T13:00,30.2,44,951.0,11.9,0.0
2024-11-03T14:00,30.2,43,950.1,11.1,0.0
2024-11-03T15:00,30.0,42,949.4,9.9,0.0
2024-11-03T16:00,29.6,43,949.5,8.6,0.0
2024-11-03T17:00,27.5,54,949.6,6.0,0.0
2024-11-03T18:00,24.3,63,949.8,9.4,0.0
2024-11-03T19:00,24.8,55,950.6,2.7,0.0
2024-11-03T20:00,23.2,64,950.8,3.9,0.0
2024-11-03T21:00,24.0,63,951.4,2.2,0.0
2024-11-03T22:00,22.3,70,951.4,7.4,0.0
2024-11-03T23:00,20.9,76,951.1,8.0,0.0
2024-11-04T00:00,22.7,65,951.0,6.1,0.0
2024-11-04T01:00,22.0,68,950.3,6.3,0.0
2024-11-04T02:00,21.3,70,949.5,6.4,0.0
2024-11-04T03:00,22.4,63,949.5,4.0,0.0
2024-11-04T04:00,21.4,67,949.5,3.6,0.0
2024-11-04T05:00,18.6,82,949.3,6.8,0.0
2024-11-04T06:00,20.1,76,950.4,1.5,0.0
2024-11-04T07:00,20.3,77,951.1,2.5,0.0
2024-11-04T08:00,22.5,70,951.9,5.6,0.0
2024-11-04T09:00,25.1,59,952.6,9.2,0.0
2024-11-04T10:00,27.4,51,952.7,10.5,0.0
2024-11-04T11:00,28.9,43,951.8,13.7,0.0
2024-11-04T12:00,29.7,40,950.9,13.9,0.0
2024-11-04T13:00,30.1,39,950.1,12.4,0.0
2024-11-04T14:00,29.9,38,949.1,12.7,0.0
2024-11-04T15:00,29.0,42,948.7,14.3,0.0
2024-11-04T16:00,28.4,47,948.4,10.1,0.0
2024-11-04T17:00,26.9,54,948.5,6.1,0.0
2024-11-04T18:00,24.5,64,948.5,9.0,0.0
2024-11-04T19:00,25.8,56,949.5,5.2,0.0
2024-11-04T20:00,24.6,62,949.8,2.8,0.0
2024-11-04T21:00,23.4,69,950.4,3.4,0.0
2024-11-04T22:00,22.4,77,950.4,1.8,0.0
2024-11-04T23:00,22.0,78,950.4,4.0,0.0
2024-11-05T00:00,22.0,74,950.1,4.6,0.0
2024-11-05T01:00,23.2,64,950.3,3.3,0.0
2024-11-05T02:00,21.6,72,949.5,2.4,0.0
2024-11-05T03:00,19.5,86,949.3,6.1,0.0
2024-11-05T04:00,19.0,88,949.2,5.7,0.0
2024-11-05T05:00,20.2,79,949.9,1.8,0.0
2024-11-05T06:00,19.4,84,951.0,4.4,0.0
2024-11-05T07:00,20.4,81,951.9,4.4,0.0
2024-11-05T08:00,22.7,72,952.6,5.2,0.0
2024-11-05T09:00,25.2,61,953.3,8.8,0.0
2024-11-05T10:00,27.5,50,953.3,11.8,0.0
2024-11-05T11:00,28.7,43,952.5,14.3,0.0
2024-11-05T12:00,29.4,40,951.3,13.9,0.0
2024-11-05T13:00,29.7,39,950.4,12.6,0.0
2024-11-05T14:00,29.7,39,949.7,11.1,0.0
2024-11-05T15:00,29.4,39,949.3,11.0,0.0
2024-11-05T16:00,28.7,39,949.4,12.0,0.0
2024-11-05T17:00,26.9,45,949.6,7.9,0.0
2024-11-05T18:00,24.2,53,949.5,8.7,0.0
2024-11-05T19:00,26.7,42,950.6,3.2,0.0
2024-11-05T20:00,25.5,46,951.2,3.9,0.0
2024-11-05T21:00,24.6,49,951.5,2.4,0.0
2024-11-05T22:00,21.9,62,951.5,3.6,0.0
2024-11-05T23:00,21.4,68,951.1,4.8,0.0
2024-11-06T00:00,20.2,76,950.6,6.4,0.0
2024-11-06T01:00,20.0,76,950.5,6.9,0.0
2024-11-06T02:00,20.0,75,950.1,3.1,0.0
2024-11-06T03:00,18.9,79,949.9,3.9,0.0
2024-11-06T04:00,18.9,79,950.1,3.6,0.0
2024-11-06T05:00,18.3,81,950.1,3.8,0.0
2024-11-06T06:00,17.9,86,951.3,4.0,0.0
2024-11-06T07:00,19.3,81,952.4,2.7,0.0
2024-11-06T08:00,21.8,69,953.6,0.3,0.0
2024-11-06T09:00,24.5,59,954.3,3.7,0.0
2024-11-06T10:00,26.8,52,954.1,7.0,0.0
2024-11-06T11:00,28.7,43,953.5,11.5,0.0
2024-11-06T12:00,29.6,40,952.3,11.1,0.0
2024-11-06T13:00,30.0,39,951.4,9.6,0.0
2024-11-06T14:00,30.0,40,950.7,7.6,0.0
2024-11-06T15:00,30.0,41,950.1,4.5,0.0
2024-11-06T16:00,30.2,40,949.9,2.6,0.0
2024-11-06T17:00,27.9,55,949.7,5.2,0.0
2024-11-06T18:00,25.0,61,949.8,4.4,0.0
2024-11-06T19:00,23.0,67,950.5,7.3,0.0
2024-11-06T20:00,22.2,64,951.0,9.5,0.0
2024-11-06T21:00,23.6,52,951.7,8.3,0.0
2024-11-06T22:00,22.4,58,951.5,8.8,0.0
2024-11-06T23:00,21.3,64,951.1,8.4,0.0
2024-11-07T00:00,19.6,73,950.8,9.5,0.0
2024-11-07T01:00,19.0,75,950.4,8.7,0.0
2024-11-07T02:00,21.0,64,950.4,5.2,0.0
2024-11-07T03:00,20.6,65,950.2,2.2,0.0
2024-11-07T04:00,20.2,66,950.3,2.3,0.0
2024-11-07T05:00,19.9,67,950.7,1.9,0.0
2024-11-07T06:00,19.8,66,951.4,3.5,0.0
2024-11-07T07:00,20.0,68,952.3,3.0,0.0
2024-11-07T08:00,22.2,65,953.4,2.8,0.0
2024-11-07T09:00,24.6,59,953.9,6.2,0.0
2024-11-07T10:00,26.8,53,953.7,9.2,0.0
2024-11-07T11:00,28.4,44,953.0,11.3,0.0
2024-11-07T12:00,29.4,40,951.7,10.3,0.0
2024-11-07T13:00,30.0,37,950.9,10.8,0.0
2024-11-07T14:00,29.9,36,950.2,10.8,0.0
2024-11-07T15:00,29.6,37,949.9,8.9,0.0
2024-11-07T16:00,29.1,38,949.9,7.2,0.0
2024-11-07T17:00,26.8,50,949.7,5.1,0.0
2024-11-07T18:00,27.1,39,950.1,7.4,0.0
2024-11-07T19:00,25.7,43,950.5,7.2,0.0
2024-11-07T20:00,22.2,59,950.8,11.1,0.0
2024-11-07T21:00,21.5,62,951.4,8.6,0.0
2024-11-07T22:00,20.8,65,951.7,8.6,0.0
2024-11-07T23:00,20.7,65,951.4,8.0,0.0
2024-11-08T00:00,23.0,54,951.3,6.2,0.0
2024-11-08T01:00,22.4,57,950.7,3.6,0.0
2024-11-08T02:00,21.4,61,950.1,3.5,0.0
2024-11-08T03:00,19.5,70,949.8,5.2,0.0
2024-11-08T04:00,20.1,67,949.9,0.8,0.0
2024-11-08T05:00,20.0,68,950.1,1.4,0.0
2024-11-08T06:00,19.1,75,951.0,6.1,0.0
2024-11-08T07:00,19.7,76,952.0,5.4,0.0
2024-11-08T08:00,22.3,69,953.1,4.7,0.0
2024-11-08T09:00,25.0,60,953.5,9.2,0.0
2024-11-08T10:00,27.2,49,953.2,14.2,0.0
2024-11-08T11:00,28.5,42,952.4,16.2,0.0
2024-11-08T12:00,29.3,38,951.3,16.6,0.0
2024-11-08T13:00,29.6,35,950.5,16.3,0.0
2024-11-08T14:00,29.6,36,949.6,14.0,0.0
2024-11-08T15:00,29.5,36,949.4,11.5,0.0
2024-11-08T16:00,29.0,37,949.5,10.4,0.0
2024-11-08T17:00,27.0,43,949.6,7.5,0.0
2024-11-08T18:00,24.6,47,949.6,7.6,0.0
2024-11-08T19:00,24.6,46,950.2,7.3,0.0
2024-11-08T20:00,23.5,50,950.9,8.6,0.0
2024-11-08T21:00,21.9,58,951.5,8.4,0.0
2024-11-08T22:00,20.9,62,951.3,7.7,0.0
2024-11-08T23:00,21.8,58,951.3,7.9,0.0
2024-11-09T00:00,22.5,55,951.0,7.4,0.0
2024-11-09T01:00,20.5,66,950.3,7.2,0.0
2024-11-09T02:00,21.3,60,950.2,3.4,0.0
2024-11-09T03:00,19.0,73,949.7,5.5,0.0
2024-11-09T04:00,18.5,76,949.7,2.1,0.0
2024-11-09T05:00,18.4,76,949.9,2.7,0.0
2024-11-09T06:00,19.9,70,951.2,5.0,0.0
2024-11-09T07:00,20.2,72,952.2,2.3,0.0
2024-11-09T08:00,22.3,67,953.3,2.2,0.0
2024-11-09T09:00,24.7,59,953.7,6.0,0.0
2024-11-09T10:00,27.1,47,953.6,11.1,0.0
2024-11-09T11:00,28.4,39,952.9,14.8,0.0
2024-11-09T12:00,29.1,37,951.8,14.2,0.0
2024-11-09T13:00,29.6,35,950.6,12.4,0.0
2024-11-09T14:00,29.7,34,950.0,9.2,0.0
2024-11-09T15:00,29.6,34,949.5,6.8,0.0
2024-11-09T16:00,29.1,36,949.5,5.9,0.0
2024-11-09T17:00,26.6,54,949.5,6.0,0.0
2024-11-09T18:00,24.5,45,949.4,7.6,0.0
2024-11-09T19:00,22.9,53,949.8,10.3,0.0
2024-11-09T20:00,23.3,49,950.5,8.9,0.0
2024-11-09T21:00,21.5,57,950.8,9.0,0.0
2024-11-09T22:00,21.5,55,951.1,7.3,0.0
2024-11-09T23:00,23.6,47,951.4,5.7,0.0
2024-11-10T00:00,20.1,63,950.4,8.2,0.0
2024-11-10T01:00,21.9,54,950.4,3.7,0.0
2024-11-10T02:00,21.6,55,950.1,3.4,0.0
2024-11-10T03:00,20.7,58,950.0,3.1,0.0
2024-11-10T04:00,20.3,60,950.2,1.0,0.0
2024-11-10T05:00,19.9,62,950.5,0.5,0.0
2024-11-10T06:00,19.5,65,951.2,3.7,0.0
2024-11-10T07:00,19.7,66,952.2,2.9,0.0
2024-11-10T08:00,21.8,63,953.5,2.5,0.0
2024-11-10T09:00,24.2,57,954.2,5.6,0.0
2024-11-10T10:00,26.5,51,954.0,9.6,0.0
2024-11-10T11:00,28.0,45,953.1,12.0,0.0
2024-11-10T12:00,29.0,41,951.9,10.6,0.0
2024-11-10T13:00,29.4,39,950.9,8.9,0.0
2024-11-10T14:00,29.3,37,950.3,9.5,0.0
2024-11-10T15:00,28.7,37,950.0,10.6,0.0
2024-11-10T16:00,28.0,37,950.2,7.7,0.0
2024-11-10T17:00,26.3,58,950.0,4.5,0.0
2024-11-10T18:00,25.7,46,950.0,5.8,0.0
2024-11-10T19:00,26.0,43,950.7,1.7,0.0
2024-11-10T20:00,25.3,45,951.2,4.8,0.0
2024-11-10T21:00,21.3,61,951.0,7.0,0.0
2024-11-10T22:00,20.1,68,950.7,10.3,0.0
2024-11-10T23:00,19.5,71,950.5,8.7,0.0
2024-11-11T00:00,21.4,62,950.8,5.9,0.0
2024-11-11T01:00,20.4,65,950.5,5.0,0.0
2024-11-11T02:00,19.5,68,949.9,1.9,0.0
2024-11-11T03:00,18.5,72,949.6,4.2,0.0
2024-11-11T04:00,20.0,62,950.1,2.9,0.0
2024-11-11T05:00,19.9,63,950.5,2.7,0.0
2024-11-11T06:00,18.5,74,951.3,6.8,0.0
2024-11-11T07:00,19.6,72,952.3,4.7,0.0
2024-11-11T08:00,21.9,66,953.0,4.7,0.0
2024-11-11T09:00,24.4,59,953.5,6.5,0.0
2024-11-11T10:00,26.7,43,953.4,14.9,0.0
2024-11-11T11:00,27.6,40,952.5,17.5,0.0
2024-11-11T12:00,28.3,41,951.1,14.8,0.0
2024-11-11T13:00,28.9,38,950.0,13.9,0.0
2024-11-11T14:00,29.1,36,949.2,13.6,0.0
2024-11-11T15:00,29.1,35,948.8,12.1,0.0
2024-11-11T16:00,28.5,35,948.8,12.0,0.0
2024-11-11T17:00,26.8,41,948.9,8.6,0.0
2024-11-11T18:00,24.3,44,949.2,7.7,0.0
2024-11-11T19:00,22.1,56,949.8,9.6,0.0
2024-11-11T20:00,21.6,56,950.6,8.0,0.0
2024-11-11T21:00,22.0,55,951.1,8.5,0.0
2024-11-11T22:00,21.8,56,951.2,8.9,0.0
2024-11-11T23:00,21.0,60,950.6,7.4,0.0
2024-11-12T00:00,19.7,66,949.9,7.1,0.0
2024-11-12T01:00,20.2,63,949.4,7.8,0.0
2024-11-12T02:00,17.9,75,949.0,9.6,0.0
2024-11-12T03:00,17.4,77,948.9,7.5,0.0
2024-11-12T04:00,16.9,80,948.9,7.9,0.0
2024-11-12T05:00,16.7,81,949.0,7.7,0.0
2024-11-12T06:00,16.4,84,950.1,7.8,0.0
2024-11-12T07:00,18.8,75,951.4,6.4,0.0
2024-11-12T08:00,21.2,67,952.5,6.6,0.0
2024-11-12T09:00,23.5,59,953.0,9.6,0.0
2024-11-12T10:00,25.9,49,952.9,14.7,0.0
2024-11-12T11:00,27.5,40,952.1,16.2,0.0
2024-11-12T12:00,28.4,38,951.2,13.9,0.0
2024-11-12T13:00,29.0,36,950.1,12.1,0.0
2024-11-12T14:00,29.3,35,949.2,10.2,0.0
2024-11-12T15:00,29.2,34,948.9,8.5,0.0
2024-11-12T16:00,28.7,35,948.8,8.2,0.0
2024-11-12T17:00,26.0,49,948.6,6.0,0.0
2024-11-12T18:00,26.7,38,948.8,7.5,0.0
2024-11-12T19:00,25.8,40,949.5,6.8,0.0
2024-11-12T20:00,24.4,43,950.3,4.6,0.0
2024-11-12T21:00,23.2,47,950.4,4.8,0.0
2024-11-12T22:00,22.0,53,950.2,8.2,0.0
2024-11-12T23:00,21.1,58,949.7,7.4,0.0
2024-11-13T00:00,20.5,61,949.0,6.9,0.0
2024-11-13T01:00,20.0,64,948.4,6.2,0.0
2024-11-13T02:00,19.4,67,947.7,3.8,0.0
2024-11-13T03:00,18.9,71,947.5,3.1,0.0
2024-11-13T04:00,18.7,72,947.8,2.8,0.0
2024-11-13T05:00,18.5,72,948.3,3.2,0.0
2024-11-13T06:00,17.8,77,949.1,3.3,0.0
2024-11-13T07:00,18.7,72,950.1,4.7,0.0
2024-11-13T08:00,21.2,60,951.4,3.6,0.0
2024-11-13T09:00,23.8,50,952.0,6.6,0.0
2024-11-13T10:00,26.3,44,951.9,10.2,0.0
2024-11-13T11:00,28.0,40,951.2,13.0,0.0
2024-11-13T12:00,29.2,38,950.0,13.0,0.0
2024-11-13T13:00,29.9,37,948.9,12.4,0.0
2024-11-13T14:00,30.2,37,948.0,11.9,0.0
2024-11-13T15:00,29.9,38,947.6,11.2,0.0
2024-11-13T16:00,29.3,39,947.6,10.6,0.0
2024-11-13T17:00,28.1,42,948.0,10.0,0.0
2024-11-13T18:00,27.0,44,948.2,7.2,0.0
2024-11-13T19:00,26.2,48,948.8,5.2,0.0
2024-11-13T20:00,25.5,52,949.5,7.4,0.0
2024-11-13T21:00,24.2,57,949.8,3.6,0.0
2024-11-13T22:00,23.0,61,949.8,6.6,0.0
2024-11-13T23:00,21.9,67,949.6,7.3,0.0
2024-11-14T00:00,21.3,69,949.3,7.4,0.0
2024-11-14T01:00,20.9,69,948.9,5.7,0.0
2024-11-14T02:00,20.3,70,948.2,3.7,0.0
2024-11-14T03:00,19.8,72,948.0,2.8,0.0
2024-11-14T04:00,19.6,73,948.3,1.5,0.0
2024-11-14T05:00,19.2,75,948.7,2.3,0.0
2024-11-14T06:00,18.9,75,949.7,1.1,0.0
2024-11-14T07:00,19.8,70,951.0,3.8,0.0
2024-11-14T08:00,22.1,60,952.1,4.0,0.0
2024-11-14T09:00,24.7,51,953.0,7.0,0.0
2024-11-14T10:00,27.1,48,953.0,8.7,0.0
2024-11-14T11:00,29.1,47,952.2,9.4,0.0
2024-11-14T12:00,31.0,41,951.0,8.6,0.0
2024-11-14T13:00,31.7,37,949.8,7.8,0.0
2024-11-14T14:00,32.1,35,949.0,8.3,0.0
2024-11-14T15:00,31.0,41,948.4,10.8,0.0
2024-11-14T16:00,29.8,45,948.5,13.7,0.0
2024-11-14T17:00,28.8,47,948.7,13.4,0.0
2024-11-14T18:00,28.8,49,949.7,7.4,0.0
2024-11-14T19:00,27.7,54,950.6,7.4,0.0
2024-11-14T20:00,26.7,59,951.1,8.6,0.0
2024-11-14T21:00,26.6,60,951.6,8.0,0.0
2024-11-14T22:00,26.8,59,951.9,7.6,0.0
2024-11-14T23:00,25.8,63,951.9,5.3,0.0
2024-11-15T00:00,24.8,67,951.3,5.4,0.0
2024-11-15T01:00,23.9,70,950.6,5.1,0.0
2024-11-15T02:00,23.5,72,950.1,3.5,0.0
2024-11-15T03:00,23.0,75,949.7,3.6,0.0
2024-11-15T04:00,22.5,77,949.6,5.2,0.0
2024-11-15T05:00,22.3,78,949.9,7.1,0.0
2024-11-15T06:00,21.5,82,950.8,5.2,0.0
2024-11-15T07:00,21.8,82,951.9,4.0,0.0
2024-11-15T08:00,23.6,75,952.8,5.1,0.0
2024-11-15T09:00,25.9,62,953.6,7.9,0.0
2024-11-15T10:00,27.9,52,953.7,9.6,0.0
2024-11-15T11:00,29.4,46,952.9,10.2,0.0
2024-11-15T12:00,30.4,42,951.5,7.4,0.2
2024-11-15T13:00,31.3,39,950.3,5.5,0.5
2024-11-15T14:00,30.7,42,949.4,6.1,0.2
2024-11-15T15:00,30.4,43,948.8,5.3,0.1
2024-11-15T16:00,29.9,44,948.7,4.7,0.1
2024-11-15T17:00,29.0,48,949.3,4.7,0.0
2024-11-15T18:00,25.5,73,949.9,3.4,0.0
2024-11-15T19:00,25.4,76,950.6,4.5,0.0
2024-11-15T20:00,24.7,82,951.3,1.2,0.0
2024-11-15T21:00,24.2,83,951.6,1.2,0.0
2024-11-15T22:00,23.9,84,951.9,2.6,0.0
2024-11-15T23:00,23.9,83,951.4,1.3,0.0
2024-11-16T00:00,23.6,85,950.9,0.8,0.0
2024-11-16T01:00,23.4,85,950.2,0.6,0.0
2024-11-16T02:00,23.5,82,949.7,0.4,0.0
2024-11-16T03:00,23.4,81,949.8,1.5,0.0
2024-11-16T04:00,23.1,81,949.7,2.7,0.1
2024-11-16T05:00,23.0,80,950.1,3.5,0.0
2024-11-16T06:00,22.4,86,950.4,2.8,0.0
2024-11-16T07:00,22.8,83,951.4,5.4,0.0
2024-11-16T08:00,24.5,75,952.0,7.2,0.0
2024-11-16T09:00,26.5,60,952.7,10.1,0.0
2024-11-16T10:00,28.4,51,952.5,10.6,0.0
2024-11-16T11:00,30.3,43,951.6,10.6,0.0
2024-11-16T12:00,30.9,42,950.4,11.3,0.0
2024-11-16T13:00,30.4,43,949.6,9.6,0.0
2024-11-16T14:00,31.2,40,948.8,7.9,0.0
2024-11-16T15:00,31.2,39,948.1,8.2,0.0
2024-11-16T16:00,30.4,41,948.0,9.4,0.0
2024-11-16T17:00,29.3,44,948.3,9.2,0.0
2024-11-16T18:00,27.9,50,948.7,7.4,0.0
2024-11-16T19:00,27.2,54,949.5,4.9,0.0
2024-11-16T20:00,26.4,58,950.2,4.2,0.0
2024-11-16T21:00,25.5,65,950.3,2.5,0.0
2024-11-16T22:00,24.8,68,950.5,3.5,0.0
2024-11-16T23:00,24.0,74,950.4,3.1,0.0
2024-11-17T00:00,23.9,71,950.2,4.2,0.0
2024-11-17T01:00,23.4,70,949.6,4.9,0.0
2024-11-17T02:00,23.4,68,949.1,5.1,0.0
2024-11-17T03:00,23.0,68,949.0,6.3,0.0
2024-11-17T04:00,22.6,69,949.1,6.4,0.0
2024-11-17T05:00,22.3,70,949.4,6.5,0.0
2024-11-17T06:00,22.2,71,950.0,7.8,0.0
2024-11-17T07:00,21.8,73,950.8,7.6,0.0
2024-11-17T08:00,23.1,66,951.8,8.3,0.0
2024-11-17T09:00,25.3,54,952.5,10.6,0.0
2024-11-17T10:00,27.4,45,952.6,12.8,0.0
2024-11-17T11:00,28.9,40,952.0,13.5,0.0
2024-11-17T12:00,29.8,38,951.0,12.8,0.0
2024-11-17T13:00,30.4,37,950.0,12.1,0.0
2024-11-17T14:00,30.9,35,949.2,9.8,0.0
2024-11-17T15:00,30.5,36,948.9,9.2,0.0
2024-11-17T16:00,30.0,37,948.7,10.8,0.0
2024-11-17T17:00,29.1,38,948.7,9.1,0.0
2024-11-17T18:00,27.3,44,949.1,6.7,0.0
2024-11-17T19:00,26.0,52,949.5,3.7,0.0
2024-11-17T20:00,25.1,54,950.2,3.9,0.0
2024-11-17T21:00,24.1,57,951.2,6.8,0.0
2024-11-17T22:00,23.4,60,951.5,8.3,0.0
2024-11-17T23:00,22.9,58,951.2,8.3,0.0
2024-11-18T00:00,22.1,59,950.6,6.5,0.0
2024-11-18T01:00,21.3,62,949.9,4.7,0.0
2024-11-18T02:00,20.5,65,949.7,4.1,0.0
2024-11-18T03:00,19.6,72,949.5,3.0,0.0
2024-11-18T04:00,19.0,75,949.5,2.1,0.0
2024-11-18T05:00,18.6,74,949.8,4.0,0.0
2024-11-18T06:00,17.8,80,950.3,4.0,0.0
2024-11-18T07:00,18.6,74,951.3,5.8,0.0
2024-11-18T08:00,20.7,64,952.4,5.2,0.0
2024-11-18T09:00,23.2,53,953.2,7.5,0.0
2024-11-18T10:00,25.7,43,953.3,11.1,0.0
2024-11-18T11:00,27.1,37,952.5,12.6,0.0
2024-11-18T12:00,28.0,34,951.6,12.1,0.0
2024-11-18T13:00,28.6,32,950.6,11.0,0.0
2024-11-18T14:00,28.9,32,949.9,10.7,0.0
2024-11-18T15:00,28.9,32,949.6,10.4,0.0
2024-11-18T16:00,28.4,31,949.3,10.0,0.0
2024-11-18T17:00,27.2,34,949.5,9.0,0.0
2024-11-18T18:00,25.9,36,949.5,8.4,0.0
2024-11-18T19:00,24.8,40,950.3,8.6,0.0
2024-11-18T20:00,23.3,46,951.2,8.7,0.0
2024-11-18T21:00,22.2,50,951.8,8.6,0.0
2024-11-18T22:00,21.3,52,952.2,8.4,0.0
2024-11-18T23:00,20.5,54,951.9,8.1,0.0
2024-11-19T00:00,19.8,58,951.6,5.6,0.0
2024-11-19T01:00,19.0,63,950.8,4.2,0.0
2024-11-19T02:00,18.5,66,950.6,3.9,0.0
2024-11-19T03:00,18.2,68,950.2,3.1,0.0
2024-11-19T04:00,17.6,71,950.3,3.0,0.0
2024-11-19T05:00,17.1,73,950.5,2.9,0.0
2024-11-19T06:00,16.4,79,951.4,0.6,0.0
2024-11-19T07:00,16.9,75,952.5,2.9,0.0
2024-11-19T08:00,18.9,67,953.5,3.4,0.0
2024-11-19T09:00,21.9,56,954.3,6.1,0.0
2024-11-19T10:00,24.7,47,954.3,8.9,0.0
2024-11-19T11:00,26.4,40,953.6,10.1,0.0
2024-11-19T12:00,27.5,36,952.6,9.4,0.0
2024-11-19T13:00,28.1,34,951.6,9.1,0.0
2024-11-19T14:00,28.4,32,950.7,8.6,0.0
2024-11-19T15:00,28.2,32,950.2,8.7,0.0
2024-11-19T16:00,27.4,33,949.9,9.4,0.0
2024-11-19T17:00,26.1,36,950.0,9.0,0.0
2024-11-19T18:00,24.9,42,950.3,8.5,0.0
2024-11-19T19:00,24.4,45,950.7,5.6,0.0
2024-11-19T20:00,23.0,53,951.0,4.1,0.0
2024-11-19T21:00,21.9,55,951.5,7.4,0.0
2024-11-19T22:00,20.5,60,951.5,8.1,0.0
2024-11-19T23:00,19.9,63,951.0,7.2,0.0
2024-11-20T00:00,19.4,62,950.6,7.2,0.0
2024-11-20T01:00,18.9,63,950.2,6.1,0.0
2024-11-20T02:00,17.9,69,949.5,4.0,0.0
2024-11-20T03:00,17.3,72,949.3,3.6,0.0
2024-11-20T04:00,16.8,74,949.3,3.8,0.0
2024-11-20T05:00,16.4,76,949.8,3.6,0.0
2024-11-20T06:00,15.9,78,950.9,4.1,0.0
2024-11-20T07:00,16.6,75,952.1,6.0,0.0
2024-11-20T08:00,19.1,63,953.2,4.8,0.0
2024-11-20T09:00,22.0,52,954.1,7.6,0.0
2024-11-20T10:00,24.6,45,953.9,9.8,0.0
2024-11-20T11:00,26.1,39,953.0,11.4,0.0
2024-11-20T12:00,27.1,36,951.8,10.5,0.0
2024-11-20T13:00,27.7,34,950.8,9.0,0.0
2024-11-20T14:00,28.0,33,949.9,7.9,0.0
2024-11-20T15:00,27.8,33,949.5,7.5,0.0
2024-11-20T16:00,27.3,34,949.4,8.1,0.0
2024-11-20T17:00,26.1,36,949.7,8.5,0.0
2024-11-20T18:00,24.2,42,950.0,9.0,0.0
2024-11-20T19:00,23.6,44,950.5,5.6,0.0
2024-11-20T20:00,22.9,47,951.0,4.3,0.0
2024-11-20T21:00,21.7,50,950.9,4.4,0.0
2024-11-20T22:00,20.5,55,950.7,4.0,0.0
2024-11-20T23:00,19.5,58,950.9,7.4,0.0
2024-11-21T00:00,18.6,63,950.3,7.3,0.0
2024-11-21T01:00,18.2,63,949.7,7.1,0.0
2024-11-21T02:00,17.8,65,949.0,5.0,0.0
2024-11-21T03:00,17.3,68,948.7,4.5,0.0
2024-11-21T04:00,16.8,70,948.8,4.4,0.0
2024-11-21T05:00,16.3,74,948.9,3.3,0.0
2024-11-21T06:00,16.0,76,949.7,3.2,0.0
2024-11-21T07:00,16.6,74,950.9,3.5,0.0
2024-11-21T08:00,18.7,66,952.2,1.9,0.0
2024-11-21T09:00,21.6,54,953.0,4.5,0.0
2024-11-21T10:00,24.3,45,953.1,6.0,0.0
2024-11-21T11:00,26.5,37,952.4,7.9,0.0
2024-11-21T12:00,27.8,33,951.3,7.4,0.0
2024-11-21T13:00,28.7,31,950.4,6.5,0.0
2024-11-21T14:00,29.0,31,949.6,6.4,0.0
2024-11-21T15:00,28.8,32,949.2,7.8,0.0
2024-11-21T16:00,28.0,33,949.1,9.3,0.0
2024-11-21T17:00,26.7,36,949.4,9.5,0.0
2024-11-21T18:00,25.2,40,949.9,7.6,0.0
2024-11-21T19:00,23.8,45,950.7,5.6,0.0
2024-11-21T20:00,22.8,52,951.2,5.4,0.0
2024-11-21T21:00,21.8,55,951.2,3.9,0.0
2024-11-21T22:00,21.2,56,951.1,4.6,0.0
2024-11-21T23:00,20.5,57,950.6,5.1,0.0
2024-11-22T00:00,19.8,60,949.8,2.0,0.0
2024-11-22T01:00,18.6,63,949.4,3.6,0.0
2024-11-22T02:00,17.9,67,949.1,2.9,0.0
2024-11-22T03:00,17.7,68,948.7,0.8,0.0
2024-11-22T04:00,17.2,71,948.7,0.5,0.0
2024-11-22T05:00,16.5,74,949.0,0.8,0.0
2024-11-22T06:00,15.7,81,949.8,0.3,0.0
2024-11-22T07:00,16.2,78,950.6,0.4,0.0
2024-11-22T08:00,18.6,68,951.7,1.7,0.0
2024-11-22T09:00,21.7,57,952.6,2.6,0.0
2024-11-22T10:00,24.6,49,952.7,4.8,0.0
2024-11-22T11:00,26.7,42,952.0,6.5,0.0
2024-11-22T12:00,28.0,37,950.8,5.6,0.0
2024-11-22T13:00,28.8,34,949.7,5.2,0.0
2024-11-22T14:00,29.2,32,948.9,5.6,0.0
2024-11-22T15:00,29.1,31,948.4,7.0,0.0
2024-11-22T16:00,28.4,33,948.4,8.6,0.0
2024-11-22T17:00,27.1,35,948.8,9.3,0.0
2024-11-22T18:00,25.6,41,949.3,9.0,0.0
2024-11-22T19:00,24.5,45,949.7,6.1,0.0
2024-11-22T20:00,23.2,50,950.1,5.8,0.0
2024-11-22T21:00,22.4,57,950.4,6.8,0.0
2024-11-22T22:00,22.1,58,950.5,5.7,0.0
2024-11-22T23:00,20.7,64,950.5,2.7,0.0
2024-11-23T00:00,19.7,67,950.1,3.0,0.0
2024-11-23T01:00,19.1,70,949.9,2.9,0.0
2024-11-23T02:00,18.6,71,949.4,3.0,0.0
2024-11-23T03:00,18.1,73,949.2,0.5,0.0
2024-11-23T04:00,17.3,77,949.3,0.8,0.0
2024-11-23T05:00,16.8,80,949.6,0.6,0.0
2024-11-23T06:00,15.6,85,950.4,1.8,0.0
2024-11-23T07:00,16.1,83,951.5,3.9,0.0
2024-11-23T08:00,18.1,74,952.6,1.9,0.0
2024-11-23T09:00,21.3,60,953.3,2.3,0.0
2024-11-23T10:00,24.6,48,953.2,3.2,0.0
2024-11-23T11:00,27.0,41,952.6,3.5,0.0
2024-11-23T12:00,28.5,36,951.8,3.1,0.0
2024-11-23T13:00,29.3,33,950.6,3.9,0.0
2024-11-23T14:00,29.6,32,950.0,5.1,0.0
2024-11-23T15:00,29.4,32,949.6,5.0,0.0
2024-11-23T16:00,28.9,33,949.6,5.0,0.0
2024-11-23T17:00,27.4,36,949.9,3.7,0.0
2024-11-23T18:00,26.0,41,950.1,5.4,0.0
2024-11-23T19:00,24.8,47,950.8,10.1,0.0
2024-11-23T20:00,23.9,49,951.2,7.3,0.0
2024-11-23T21:00,22.8,50,951.4,3.8,0.0
2024-11-23T22:00,21.7,55,951.1,1.9,0.0
2024-11-23T23:00,20.9,59,950.9,1.9,0.0
2024-11-24T00:00,20.0,63,950.6,2.7,0.0
2024-11-24T01:00,19.6,65,950.4,1.3,0.0
2024-11-24T02:00,19.1,67,949.9,0.8,0.0
2024-11-24T03:00,18.7,69,949.6,0.0,0.0
2024-11-24T04:00,17.9,74,949.5,0.6,0.0
2024-11-24T05:00,17.4,77,949.7,0.5,0.0
2024-11-24T06:00,16.8,82,950.7,0.3,0.0
2024-11-24T07:00,17.0,79,951.9,3.4,0.0
2024-11-24T08:00,18.7,71,953.0,3.2,0.0
2024-11-24T09:00,21.6,59,953.5,4.7,0.0
2024-11-24T10:00,24.6,49,953.6,6.7,0.0
2024-11-24T11:00,26.8,42,953.0,8.2,0.0
2024-11-24T12:00,28.1,37,951.9,8.1,0.0
2024-11-24T13:00,28.7,35,950.9,7.5,0.0
2024-11-24T14:00,28.9,34,950.0,7.5,0.0
2024-11-24T15:00,28.7,34,949.7,8.4,0.0
2024-11-24T16:00,28.0,36,949.5,10.2,0.0
2024-11-24T17:00,26.8,38,949.9,11.0,0.0
2024-11-24T18:00,25.3,45,950.2,8.6,0.0
2024-11-24T19:00,24.7,47,950.8,5.4,0.0
2024-11-24T20:00,23.6,51,951.3,3.9,0.0
2024-11-24T21:00,22.8,56,951.6,4.6,0.0
2024-11-24T22:00,21.5,62,951.8,6.2,0.0
2024-11-24T23:00,20.5,68,951.7,7.4,0.0
2024-11-25T00:00,19.9,69,951.0,6.5,0.0
2024-11-25T01:00,19.5,69,950.6,6.1,0.0
2024-11-25T02:00,18.9,68,949.9,5.5,0.0
2024-11-25T03:00,18.0,69,949.5,3.9,0.0
2024-11-25T04:00,17.1,72,949.6,2.8,0.0
2024-11-25T05:00,16.5,76,949.8,3.9,0.0
2024-11-25T06:00,15.6,79,950.4,4.6,0.0
2024-11-25T07:00,15.9,77,951.3,5.0,0.0
2024-11-25T08:00,18.2,65,952.6,3.5,0.0
2024-11-25T09:00,21.0,53,953.6,5.5,0.0
2024-11-25T10:00,23.7,44,953.5,8.6,0.0
2024-11-25T11:00,25.6,38,952.5,11.4,0.0
2024-11-25T12:00,26.7,35,951.4,11.6,0.0
2024-11-25T13:00,27.5,32,950.4,10.6,0.0
2024-11-25T14:00,27.9,31,949.7,10.0,0.0
2024-11-25T15:00,27.9,31,949.3,9.8,0.0
2024-11-25T16:00,27.4,30,949.1,10.4,0.0
2024-11-25T17:00,26.4,31,949.1,11.3,0.0
2024-11-25T18:00,25.1,35,949.6,8.5,0.0
2024-11-25T19:00,23.5,40,950.4,7.6,0.0
2024-11-25T20:00,22.1,47,951.2,6.7,0.0
2024-11-25T21:00,21.1,53,951.6,7.4,0.0
2024-11-25T22:00,20.4,55,951.7,7.9,0.0
2024-11-25T23:00,19.5,58,951.4,6.7,0.0
2024-11-26T00:00,18.7,60,950.7,5.8,0.0
2024-11-26T01:00,18.1,63,950.3,4.4,0.0
2024-11-26T02:00,17.4,66,949.7,3.5,0.0
2024-11-26T03:00,17.0,68,949.4,2.7,0.0
2024-11-26T04:00,16.5,70,949.3,3.7,0.0
2024-11-26T05:00,16.0,72,949.6,4.0,0.0
2024-11-26T06:00,14.8,77,950.4,3.2,0.0
2024-11-26T07:00,15.5,74,951.5,3.9,0.0
2024-11-26T08:00,17.8,64,952.5,3.1,0.0
2024-11-26T09:00,20.8,53,953.6,5.4,0.0
2024-11-26T10:00,23.4,45,953.4,9.0,0.0
2024-11-26T11:00,25.1,38,952.5,11.4,0.0
2024-11-26T12:00,26.2,34,951.2,11.3,0.0
2024-11-26T13:00,27.1,31,950.2,11.5,0.0
2024-11-26T14:00,27.4,31,949.4,10.6,0.0
2024-11-26T15:00,27.4,32,948.8,10.0,0.0
2024-11-26T16:00,26.9,30,948.6,10.4,0.0
2024-11-26T17:00,25.8,30,948.6,10.6,0.0
2024-11-26T18:00,24.6,35,949.2,8.3,0.0
2024-11-26T19:00,23.2,40,950.1,8.3,0.0
2024-11-26T20:00,21.9,44,951.1,9.6,0.0
2024-11-26T21:00,20.7,47,951.4,9.3,0.0
2024-11-26T22:00,19.8,50,951.3,9.0,0.0
2024-11-26T23:00,19.1,54,950.9,8.1,0.0
2024-11-27T00:00,18.4,56,950.0,7.0,0.0
2024-11-27T01:00,17.8,57,949.5,6.8,0.0
2024-11-27T02:00,17.0,59,949.4,7.2,0.0
2024-11-27T03:00,16.1,63,949.0,4.7,0.0
2024-11-27T04:00,15.2,66,948.7,3.5,0.0
2024-11-27T05:00,14.8,67,948.9,3.5,0.0
2024-11-27T06:00,14.4,64,949.8,4.5,0.0
2024-11-27T07:00,15.1,61,950.7,3.4,0.0
2024-11-27T08:00,17.4,53,952.0,4.1,0.0
2024-11-27T09:00,20.1,45,952.9,6.7,0.0
2024-11-27T10:00,22.6,39,952.5,9.7,0.0
2024-11-27T11:00,24.6,33,951.5,11.0,0.0
2024-11-27T12:00,26.0,29,950.4,10.6,0.0
2024-11-27T13:00,26.9,28,949.2,9.9,0.0
2024-11-27T14:00,27.4,26,948.3,9.8,0.0
2024-11-27T15:00,27.2,27,948.0,9.9,0.0
2024-11-27T16:00,26.6,28,948.1,9.2,0.0
2024-11-27T17:00,25.7,31,948.4,7.7,0.0
2024-11-27T18:00,24.4,35,948.9,6.9,0.0
2024-11-27T19:00,22.8,41,949.5,3.6,0.0
2024-11-27T20:00,21.7,45,950.3,5.8,0.0
2024-11-27T21:00,20.6,49,950.6,7.4,0.0
2024-11-27T22:00,19.8,51,950.5,8.0,0.0
2024-11-27T23:00,19.0,52,949.9,6.8,0.0
2024-11-28T00:00,18.3,54,949.2,5.0,0.0
2024-11-28T01:00,17.9,56,948.7,5.2,0.0
2024-11-28T02:00,17.4,58,948.4,7.0,0.0
2024-11-28T03:00,16.5,62,948.5,9.0,0.0
2024-11-28T04:00,15.8,65,948.8,6.9,0.0
2024-11-28T05:00,15.3,67,949.1,4.2,0.0
2024-11-28T06:00,14.4,69,949.8,4.2,0.0
2024-11-28T07:00,15.1,67,950.7,5.6,0.0
2024-11-28T08:00,17.3,58,952.0,4.4,0.0
2024-11-28T09:00,20.1,48,952.9,7.4,0.0
2024-11-28T10:00,22.9,39,953.0,11.9,0.0
2024-11-28T11:00,24.8,31,952.2,16.3,0.0
2024-11-28T12:00,25.9,31,950.9,16.5,0.0
2024-11-28T13:00,27.0,28,949.7,15.5,0.0
2024-11-28T14:00,27.5,25,948.4,16.0,0.0
2024-11-28T15:00,27.2,26,947.9,16.5,0.0
2024-11-28T16:00,26.5,26,947.9,16.2,0.0
2024-11-28T17:00,25.2,27,948.1,13.9,0.0
2024-11-28T18:00,23.6,31,948.2,11.9,0.0
2024-11-28T19:00,22.3,35,949.1,10.8,0.0
2024-11-28T20:00,21.0,39,949.8,11.9,0.0
2024-11-28T21:00,20.0,42,950.3,11.5,0.0
2024-11-28T22:00,19.3,45,950.5,11.5,0.0
2024-11-28T23:00,18.5,48,950.3,10.1,0.0
2024-11-29T00:00,17.5,52,949.9,8.3,0.0
2024-11-29T01:00,16.7,55,949.6,7.6,0.0
2024-11-29T02:00,16.2,57,949.0,6.1,0.0
2024-11-29T03:00,15.5,59,948.6,4.3,0.0
2024-11-29T04:00,15.0,62,948.6,4.0,0.0
2024-11-29T05:00,14.6,63,949.0,4.6,0.0
2024-11-29T06:00,14.1,66,949.7,4.9,0.0
2024-11-29T07:00,14.5,63,950.5,5.2,0.0
2024-11-29T08:00,16.6,55,952.0,4.1,0.0
2024-11-29T09:00,19.1,46,952.6,5.9,0.0
2024-11-29T10:00,21.8,37,952.6,9.8,0.0
2024-11-29T11:00,23.8,32,951.8,11.6,0.0
2024-11-29T12:00,25.4,28,950.7,11.0,0.0
2024-11-29T13:00,26.5,26,949.4,10.3,0.0
2024-11-29T14:00,27.0,27,948.5,9.9,0.0
2024-11-29T15:00,26.9,27,948.0,9.1,0.0
2024-11-29T16:00,26.4,27,947.9,9.1,0.0
2024-11-29T17:00,25.4,28,948.0,8.8,0.0
2024-11-29T18:00,24.0,30,948.4,6.0,0.0
2024-11-29T19:00,22.9,34,949.0,6.7,0.0
2024-11-29T20:00,21.4,40,950.0,7.9,0.0
2024-11-29T21:00,20.2,45,950.3,8.1,0.0
2024-11-29T22:00,19.4,48,950.5,7.6,0.0
2024-11-29T23:00,18.8,50,949.9,7.3,0.0
2024-11-30T00:00,18.1,53,949.1,5.8,0.0
2024-11-30T01:00,17.4,57,948.6,5.1,0.0
2024-11-30T02:00,16.6,60,948.1,4.4,0.0
2024-11-30T03:00,15.9,64,947.6,3.8,0.0
2024-11-30T04:00,15.3,67,947.8,3.3,0.0
2024-11-30T05:00,15.1,69,948.0,1.5,0.0
2024-11-30T06:00,14.0,73,948.6,1.1,0.0
2024-11-30T07:00,14.7,72,949.2,0.6,0.0
2024-11-30T08:00,17.1,59,950.3,0.8,0.0
2024-11-30T09:00,20.1,49,951.3,3.9,0.0
2024-11-30T10:00,22.7,42,951.5,6.7,0.0
2024-11-30T11:00,24.9,38,950.8,7.6,0.0
2024-11-30T12:00,26.5,36,949.4,7.2,0.0
2024-11-30T13:00,27.4,35,948.2,6.7,0.0
2024-11-30T14:00,27.8,34,947.2,6.0,0.0
2024-11-30T15:00,27.9,33,946.8,6.3,0.0
2024-11-30T16:00,27.3,34,946.8,8.7,0.0
2024-11-30T17:00,26.2,37,947.0,10.4,0.0
2024-11-30T18:00,24.8,41,947.5,7.5,0.0
2024-11-30T19:00,23.4,45,947.8,4.0,0.0
2024-11-30T20:00,22.7,47,948.6,1.4,0.0
2024-11-30T21:00,22.0,49,948.4,1.2,0.0
2024-11-30T22:00,20.8,53,948.3,3.0,0.0
2024-11-30T23:00,20.0,56,948.2,1.2,0.0
2024-12-01T00:00,19.3,58,947.9,0.9,0.0
2024-12-01T01:00,18.8,63,947.3,0.4,0.0
2024-12-01T02:00,18.5,62,946.9,0.6,0.0
2024-12-01T03:00,17.5,65,946.6,2.5,0.0
2024-12-01T04:00,17.2,66,946.6,0.6,0.0
2024-12-01T05:00,16.9,68,947.1,0.6,0.0
2024-12-01T06:00,16.1,73,947.7,0.2,0.0
2024-12-01T07:00,16.6,70,948.3,0.5,0.0
2024-12-01T08:00,18.7,61,948.9,1.1,0.0
2024-12-01T09:00,21.4,55,949.8,3.6,0.0
2024-12-01T10:00,24.0,50,949.7,6.6,0.0
2024-12-01T11:00,26.1,47,949.1,8.8,0.0
2024-12-01T12:00,27.6,45,947.9,9.4,0.0
2024-12-01T13:00,28.6,43,946.7,8.0,0.0
2024-12-01T14:00,29.0,42,945.5,6.6,0.0
2024-12-01T15:00,28.9,42,944.9,6.6,0.0
2024-12-01T16:00,28.7,43,944.7,8.2,0.0
2024-12-01T17:00,27.9,45,944.9,9.7,0.0
2024-12-01T18:00,26.9,48,945.2,6.8,0.0
2024-12-01T19:00,25.7,53,946.0,4.0,0.0
2024-12-01T20:00,25.0,56,946.9,5.1,0.0
2024-12-01T21:00,24.5,60,947.0,5.9,0.0
2024-12-01T22:00,23.8,64,946.9,3.6,0.0
2024-12-01T23:00,22.7,69,946.3,3.0,0.0
2024-12-02T00:00,22.0,73,945.8,1.7,0.0
2024-12-02T01:00,21.4,75,945.6,2.2,0.0
2024-12-02T02:00,21.1,77,945.4,2.9,0.0
2024-12-02T03:00,21.4,76,945.2,4.4,0.0
2024-12-02T04:00,21.2,77,945.4,4.5,0.0
2024-12-02T05:00,21.3,76,945.8,5.4,0.0
2024-12-02T06:00,21.2,78,946.4,5.4,0.0
2024-12-02T07:00,21.5,76,947.4,5.6,0.0
2024-12-02T08:00,22.6,72,948.6,7.2,0.1
2024-12-02T09:00,23.0,72,949.4,8.8,0.1
2024-12-02T10:00,24.3,70,949.5,14.5,0.1
2024-12-02T11:00,25.7,65,948.9,14.8,0.0
2024-12-02T12:00,26.0,65,948.0,14.0,0.0
2024-12-02T13:00,28.2,54,947.1,12.3,0.0
2024-12-02T14:00,28.7,52,946.3,11.2,0.0
2024-12-02T15:00,28.9,52,945.8,11.4,0.0
2024-12-02T16:00,28.1,54,945.7,11.4,0.0
2024-12-02T17:00,27.5,55,945.8,10.5,0.0
2024-12-02T18:00,26.1,62,946.5,7.9,0.0
2024-12-02T19:00,25.3,65,947.2,8.2,0.0
2024-12-02T20:00,24.7,68,947.9,10.4,0.0
2024-12-02T21:00,23.8,73,948.1,8.0,0.0
2024-12-02T22:00,23.1,77,948.2,6.7,0.0
2024-12-02T23:00,22.7,79,948.4,7.0,0.0
2024-12-03T00:00,22.2,81,948.0,6.7,0.0
2024-12-03T01:00,21.9,83,948.1,7.8,0.0
2024-12-03T02:00,21.9,82,948.0,7.9,0.1
2024-12-03T03:00,21.3,85,947.8,8.4,0.0
2024-12-03T04:00,21.1,88,947.7,7.6,0.0
2024-12-03T05:00,20.7,91,947.9,6.5,0.0
2024-12-03T06:00,21.3,86,948.1,7.9,0.0
2024-12-03T07:00,21.7,86,949.0,8.4,0.0
2024-12-03T08:00,23.2,81,950.0,12.1,0.0
2024-12-03T09:00,24.6,76,950.6,15.0,0.0
2024-12-03T10:00,26.2,67,950.6,15.3,0.1
2024-12-03T11:00,27.5,61,950.1,15.9,0.3
2024-12-03T12:00,29.0,58,949.1,15.3,0.3
2024-12-03T13:00,29.3,58,948.3,14.4,0.2
2024-12-03T14:00,29.5,57,947.4,12.5,0.1
2024-12-03T15:00,29.5,58,947.0,11.3,0.0
2024-12-03T16:00,29.2,58,946.7,11.4,0.0
2024-12-03T17:00,28.0,60,947.0,9.9,0.0
2024-12-03T18:00,26.7,67,948.1,10.5,0.0
2024-12-03T19:00,26.0,71,948.8,9.0,0.0
2024-12-03T20:00,25.2,75,949.2,8.0,0.0
2024-12-03T21:00,24.6,78,949.7,9.7,0.0
2024-12-03T22:00,24.1,79,949.6,10.6,0.0
2024-12-03T23:00,23.5,82,949.3,10.8,0.0
2024-12-04T00:00,23.1,84,949.0,11.3,0.0
2024-12-04T01:00,22.7,86,949.1,11.2,0.0
2024-12-04T02:00,22.3,87,948.6,10.4,0.0
2024-12-04T03:00,21.9,90,948.3,10.0,0.0
2024-12-04T04:00,21.5,91,948.2,9.7,0.0
2024-12-04T05:00,21.3,93,948.5,9.1,0.0
2024-12-04T06:00,22.1,90,949.6,11.3,0.0
2024-12-04T07:00,22.1,90,950.5,11.2,0.0
2024-12-04T08:00,23.5,82,951.4,15.0,0.0
2024-12-04T09:00,25.2,72,951.8,15.7,0.0
2024-12-04T10:00,27.1,63,951.8,15.9,0.0
2024-12-04T11:00,28.8,54,951.2,13.9,0.0
2024-12-04T12:00,29.4,51,950.4,11.6,0.0
2024-12-04T13:00,30.2,48,949.4,10.6,0.1
2024-12-04T14:00,30.6,45,948.3,9.8,0.2
2024-12-04T15:00,30.6,46,947.9,9.3,0.4
2024-12-04T16:00,30.0,48,947.9,8.8,0.2
2024-12-04T17:00,29.1,52,948.1,8.6,0.0
2024-12-04T18:00,27.2,62,948.8,5.0,0.0
2024-12-04T19:00,26.4,66,949.4,6.9,0.0
2024-12-04T20:00,25.2,76,950.2,2.1,0.0
2024-12-04T21:00,24.5,79,950.7,1.4,0.0
2024-12-04T22:00,23.8,80,950.6,3.4,0.0
2024-12-04T23:00,23.0,84,950.1,4.4,0.0
2024-12-05T00:00,22.4,86,949.8,4.1,0.0
2024-12-05T01:00,21.9,89,949.5,2.4,0.0
2024-12-05T02:00,21.5,91,949.2,0.6,0.0
2024-12-05T03:00,21.2,92,949.2,2.0,0.0
2024-12-05T04:00,21.2,92,949.2,4.5,0.0
2024-12-05T05:00,20.8,93,949.3,5.4,0.0
2024-12-05T06:00,21.2,91,950.0,5.3,0.0
2024-12-05T07:00,21.2,89,950.6,5.1,0.0
2024-12-05T08:00,23.0,79,951.8,4.4,0.0
2024-12-05T09:00,25.4,68,952.7,6.8,0.0
2024-12-05T10:00,27.5,60,952.8,7.6,0.0
2024-12-05T11:00,29.3,52,952.1,7.3,0.0
2024-12-05T12:00,30.1,46,951.3,6.0,0.1
2024-12-05T13:00,30.8,43,950.0,5.2,0.0
2024-12-05T14:00,31.4,39,949.0,4.6,0.0
2024-12-05T15:00,31.4,39,948.4,3.5,0.1
2024-12-05T16:00,31.1,39,948.1,1.8,0.0
2024-12-05T17:00,30.2,41,948.3,1.8,0.0
2024-12-05T18:00,28.6,51,949.2,3.6,0.0
2024-12-05T19:00,27.5,57,950.1,10.3,0.0
2024-12-05T20:00,26.2,64,950.8,8.5,0.0
2024-12-05T21:00,25.2,69,951.4,7.9,0.0
2024-12-05T22:00,24.7,72,951.4,5.5,0.0
2024-12-05T23:00,24.3,79,951.0,0.6,0.0
2024-12-06T00:00,23.9,76,950.8,3.0,0.0
2024-12-06T01:00,23.4,78,950.3,5.2,0.0
2024-12-06T02:00,22.8,79,950.1,7.2,0.0
2024-12-06T03:00,22.1,83,949.8,7.0,0.0
2024-12-06T04:00,21.7,85,949.7,7.2,0.0
2024-12-06T05:00,21.3,87,950.2,5.8,0.0
2024-12-06T06:00,21.6,91,950.9,3.2,0.0
2024-12-06T07:00,21.6,91,951.5,3.3,0.0
2024-12-06T08:00,23.1,83,952.4,6.5,0.0
2024-12-06T09:00,25.2,71,952.9,5.0,0.0
2024-12-06T10:00,27.4,61,952.7,3.3,0.0
2024-12-06T11:00,29.5,50,952.0,3.1,0.0
2024-12-06T12:00,30.7,44,950.7,3.2,0.0
2024-12-06T13:00,31.6,39,949.5,2.6,0.0
2024-12-06T14:00,31.7,38,948.4,2.3,0.0
2024-12-06T15:00,31.8,37,948.0,3.1,0.0
2024-12-06T16:00,31.3,38,948.0,5.7,0.0
2024-12-06T17:00,30.2,41,948.1,7.3,0.0
2024-12-06T18:00,29.0,47,948.8,1.2,0.0
2024-12-06T19:00,28.1,48,949.4,1.7,0.0
2024-12-06T20:00,27.2,55,950.1,0.7,0.0
2024-12-06T21:00,26.3,57,950.6,1.3,0.0
2024-12-06T22:00,25.5,61,950.9,0.7,0.0
2024-12-06T23:00,24.7,64,950.5,2.2,0.0
2024-12-07T00:00,23.9,70,950.0,2.5,0.0
2024-12-07T01:00,23.2,75,949.6,1.1,0.0
2024-12-07T02:00,22.8,78,949.0,1.1,0.0
2024-12-07T03:00,22.4,80,948.6,0.6,0.0
2024-12-07T04:00,21.7,83,948.4,1.7,0.0
2024-12-07T05:00,21.2,86,948.7,0.9,0.0
2024-12-07T06:00,21.1,83,949.4,4.6,0.0
2024-12-07T07:00,21.0,82,949.8,4.2,0.0
2024-12-07T08:00,22.8,74,950.6,2.3,0.0
2024-12-07T09:00,25.4,65,951.3,2.2,0.0
2024-12-07T10:00,28.0,54,951.4,3.2,0.0
2024-12-07T11:00,29.7,42,950.9,6.2,0.0
2024-12-07T12:00,30.7,37,950.1,8.3,0.0
2024-12-07T13:00,31.2,36,949.0,8.5,0.0
2024-12-07T14:00,31.6,35,948.1,8.9,0.0
2024-12-07T15:00,31.4,34,947.6,10.3,0.0
2024-12-07T16:00,30.7,35,947.6,11.4,0.0
2024-12-07T17:00,29.3,39,947.9,11.3,0.0
2024-12-07T18:00,27.5,45,948.5,10.2,0.0
2024-12-07T19:00,26.2,48,949.3,10.9,0.0
2024-12-07T20:00,25.1,50,950.0,8.0,0.0
2024-12-07T21:00,24.1,52,950.3,6.2,0.0
2024-12-07T22:00,23.3,56,949.9,5.9,0.0
2024-12-07T23:00,22.7,59,949.5,5.1,0.0
2024-12-08T00:00,22.0,62,949.1,4.0,0.0
2024-12-08T01:00,21.6,62,948.6,4.9,0.0
2024-12-08T02:00,21.4,61,947.7,4.8,0.0
2024-12-08T03:00,20.2,65,947.4,3.2,0.0
2024-12-08T04:00,19.7,68,947.3,3.4,0.0
2024-12-08T05:00,19.7,68,947.6,3.9,0.0
2024-12-08T06:00,18.9,78,948.2,2.9,0.0
2024-12-08T07:00,19.3,75,949.0,3.0,0.0
2024-12-08T08:00,21.3,65,950.3,1.9,0.0
2024-12-08T09:00,24.1,48,951.4,2.7,0.0
2024-12-08T10:00,26.7,34,951.7,4.4,0.0
2024-12-08T11:00,28.5,29,951.1,6.6,0.0
2024-12-08T12:00,29.6,31,950.5,9.3,0.0
2024-12-08T13:00,30.0,31,949.3,10.7,0.0
2024-12-08T14:00,30.1,31,948.4,10.7,0.0
2024-12-08T15:00,29.8,32,947.9,11.4,0.0
2024-12-08T16:00,28.8,34,947.7,12.2,0.0
2024-12-08T17:00,27.3,35,947.8,11.5,0.0
2024-12-08T18:00,26.0,39,948.5,10.4,0.0
2024-12-08T19:00,24.8,41,949.1,8.0,0.0
2024-12-08T20:00,23.7,43,949.7,6.3,0.0
2024-12-08T21:00,22.7,46,949.9,6.6,0.0
2024-12-08T22:00,21.8,50,949.8,6.4,0.0
2024-12-08T23:00,20.9,53,949.6,6.1,0.0
2024-12-09T00:00,20.1,56,948.9,3.9,0.0
2024-12-09T01:00,19.3,59,948.5,3.1,0.0
2024-12-09T02:00,18.9,62,947.9,0.8,0.0
2024-12-09T03:00,18.4,68,947.5,0.2,0.0
2024-12-09T04:00,17.8,67,947.4,0.4,0.0
2024-12-09T05:00,17.3,68,947.7,0.4,0.0
2024-12-09T06:00,16.1,81,948.6,1.9,0.0
2024-12-09T07:00,16.2,80,949.7,2.3,0.0
2024-12-09T08:00,17.9,67,950.8,3.2,0.0
2024-12-09T09:00,20.6,51,951.9,4.6,0.0
2024-12-09T10:00,23.2,39,952.1,5.6,0.0
2024-12-09T11:00,25.7,32,951.4,6.6,0.0
2024-12-09T12:00,27.5,30,950.6,6.5,0.0
2024-12-09T13:00,28.7,29,949.5,5.7,0.0
2024-12-09T14:00,29.4,29,948.6,5.1,0.0
2024-12-09T15:00,29.5,29,948.0,6.0,0.0
2024-12-09T16:00,29.1,30,947.8,6.9,0.0
2024-12-09T17:00,27.8,33,948.1,8.2,0.0
2024-12-09T18:00,25.7,39,948.9,10.5,0.0
2024-12-09T19:00,24.0,43,949.5,8.3,0.0
2024-12-09T20:00,22.8,45,950.4,6.7,0.0
2024-12-09T21:00,22.1,47,950.8,6.3,0.0
2024-12-09T22:00,21.3,48,950.9,6.5,0.0
2024-12-09T23:00,20.4,49,950.7,7.6,0.0
2024-12-10T00:00,19.5,51,950.5,6.5,0.0
2024-12-10T01:00,18.7,54,950.0,5.0,0.0
2024-12-10T02:00,17.9,57,949.7,3.9,0.0
2024-12-10T03:00,17.4,60,949.2,3.5,0.0
2024-12-10T04:00,16.8,66,949.1,2.8,0.0
2024-12-10T05:00,16.4,68,949.3,2.3,0.0
2024-12-10T06:00,15.5,76,950.1,1.0,0.0
2024-12-10T07:00,15.8,73,951.1,1.7,0.0
2024-12-10T08:00,17.4,64,952.0,2.6,0.0
2024-12-10T09:00,19.8,52,952.6,5.1,0.0
2024-12-10T10:00,22.3,43,952.6,6.7,0.0
2024-12-10T11:00,24.6,39,952.2,7.7,0.0
2024-12-10T12:00,26.3,38,951.1,7.9,0.0
2024-12-10T13:00,27.5,37,950.0,7.0,0.0
2024-12-10T14:00,28.2,37,949.1,6.4,0.0
2024-12-10T15:00,28.4,37,948.5,6.7,0.0
2024-12-10T16:00,28.0,38,948.6,7.3,0.0
2024-12-10T17:00,26.7,43,948.8,7.4,0.0
2024-12-10T18:00,25.4,48,949.3,6.7,0.0
2024-12-10T19:00,24.6,51,950.0,6.0,0.0
2024-12-10T20:00,23.4,57,950.5,4.1,0.0
2024-12-10T21:00,22.2,62,951.0,3.6,0.0
2024-12-10T22:00,21.6,64,951.1,4.0,0.0
2024-12-10T23:00,21.2,65,951.2,5.8,0.0
2024-12-11T00:00,20.2,69,950.7,5.5,0.0
2024-12-11T01:00,19.5,71,950.3,5.6,0.0
2024-12-11T02:00,18.6,75,949.7,3.6,0.0
2024-12-11T03:00,18.0,79,949.4,2.8,0.0
2024-12-11T04:00,17.5,81,949.4,1.5,0.0
2024-12-11T05:00,17.1,83,949.7,1.0,0.0
2024-12-11T06:00,16.7,86,950.4,0.7,0.0
2024-12-11T07:00,17.0,83,951.3,1.4,0.0
2024-12-11T08:00,18.7,73,952.7,1.8,0.0
2024-12-11T09:00,21.2,62,953.5,4.4,0.0
2024-12-11T10:00,23.7,55,953.4,5.9,0.0
2024-12-11T11:00,25.9,50,952.5,5.6,0.0
2024-12-11T12:00,27.7,45,951.5,4.4,0.0
2024-12-11T13:00,28.8,40,950.3,2.9,0.0
2024-12-11T14:00,29.3,36,949.5,4.4,0.0
2024-12-11T15:00,29.3,33,948.9,7.0,0.0
2024-12-11T16:00,28.7,32,948.8,7.8,0.0
2024-12-11T17:00,27.5,35,949.1,6.3,0.0
2024-12-11T18:00,25.8,41,949.7,6.5,0.0
2024-12-11T19:00,25.1,45,949.9,7.3,0.0
2024-12-11T20:00,24.0,50,950.5,5.9,0.0
2024-12-11T21:00,22.8,54,950.7,0.6,0.0
2024-12-11T22:00,21.7,57,950.6,2.5,0.0
2024-12-11T23:00,20.9,61,950.0,1.4,0.0
2024-12-12T00:00,20.4,61,949.5,3.5,0.0
2024-12-12T01:00,20.2,58,949.1,4.6,0.0
2024-12-12T02:00,19.2,62,948.4,3.5,0.0
2024-12-12T03:00,18.6,65,948.1,1.3,0.0
2024-12-12T04:00,18.1,71,948.1,0.3,0.0
2024-12-12T05:00,17.5,71,948.6,1.0,0.0
2024-12-12T06:00,16.3,82,949.3,1.2,0.0
2024-12-12T07:00,16.2,84,950.3,2.1,0.0
2024-12-12T08:00,17.9,76,951.5,1.3,0.0
2024-12-12T09:00,20.7,64,952.5,3.1,0.0
2024-12-12T10:00,23.4,54,952.7,3.8,0.0
2024-12-12T11:00,25.6,48,952.3,3.7,0.0
2024-12-12T12:00,27.2,43,951.3,2.7,0.0
2024-12-12T13:00,28.1,40,950.1,4.7,0.0
2024-12-12T14:00,28.4,38,949.2,5.6,0.0
2024-12-12T15:00,28.4,36,948.5,5.4,0.0
2024-12-12T16:00,28.2,34,948.3,4.5,0.0
2024-12-12T17:00,26.9,43,948.5,2.8,0.0
2024-12-12T18:00,25.1,44,949.1,4.0,0.0
2024-12-12T19:00,24.1,47,949.7,6.9,0.0
2024-12-12T20:00,22.9,49,950.3,4.5,0.0
2024-12-12T21:00,21.9,53,950.4,4.3,0.0
2024-12-12T22:00,21.2,54,950.6,6.5,0.0
2024-12-12T23:00,20.6,53,950.6,8.1,0.0
2024-12-13T00:00,19.8,55,950.1,7.0,0.0
2024-12-13T01:00,19.0,60,949.8,6.4,0.0
2024-12-13T02:00,18.2,64,949.4,5.8,0.0
2024-12-13T03:00,17.6,67,949.2,5.4,0.0
2024-12-13T04:00,17.1,69,949.0,4.9,0.0
2024-12-13T05:00,16.7,70,949.5,5.6,0.0
2024-12-13T06:00,16.0,73,950.3,7.2,0.0
2024-12-13T07:00,15.9,74,951.3,6.3,0.0
2024-12-13T08:00,17.7,65,952.7,5.6,0.0
2024-12-13T09:00,20.1,53,953.3,7.9,0.0
2024-12-13T10:00,22.6,45,953.3,9.0,0.0
2024-12-13T11:00,24.7,39,952.7,10.7,0.0
2024-12-13T12:00,26.1,36,951.5,10.8,0.0
2024-12-13T13:00,27.2,34,950.4,9.3,0.0
2024-12-13T14:00,27.7,32,949.4,8.5,0.0
2024-12-13T15:00,27.8,31,949.1,7.7,0.0
2024-12-13T16:00,27.4,32,949.0,7.9,0.0
2024-12-13T17:00,26.2,36,949.1,7.3,0.0
2024-12-13T18:00,24.1,44,949.5,4.6,0.0
2024-12-13T19:00,22.7,50,950.2,4.1,0.0
2024-12-13T20:00,21.8,52,951.1,5.4,0.0
2024-12-13T21:00,20.8,54,951.8,8.7,0.0
2024-12-13T22:00,19.9,55,951.9,8.3,0.0
2024-12-13T23:00,19.1,57,951.8,6.6,0.0
2024-12-14T00:00,18.3,61,951.3,5.5,0.0
2024-12-14T01:00,17.4,65,950.8,4.3,0.0
2024-12-14T02:00,16.8,69,950.4,3.8,0.0
2024-12-14T03:00,16.2,70,950.1,4.1,0.0
2024-12-14T04:00,15.5,73,950.3,4.1,0.0
2024-12-14T05:00,15.0,75,950.6,4.0,0.0
2024-12-14T06:00,14.1,77,951.0,4.7,0.0
2024-12-14T07:00,14.4,75,951.8,4.3,0.0
2024-12-14T08:00,16.3,67,953.4,4.1,0.0
2024-12-14T09:00,18.8,56,954.4,6.1,0.0
2024-12-14T10:00,21.4,46,954.5,8.8,0.0
2024-12-14T11:00,23.8,38,954.0,10.6,0.0
2024-12-14T12:00,25.5,34,952.7,11.3,0.0
2024-12-14T13:00,26.7,31,951.6,10.8,0.0
2024-12-14T14:00,27.4,29,950.8,10.6,0.0
2024-12-14T15:00,27.6,28,950.2,10.5,0.0
2024-12-14T16:00,27.2,29,950.0,10.1,0.0
2024-12-14T17:00,25.9,31,950.1,8.3,0.0
2024-12-14T18:00,24.0,35,950.4,6.3,0.0
2024-12-14T19:00,22.1,43,951.2,4.7,0.0
2024-12-14T20:00,21.2,47,952.1,5.4,0.0
2024-12-14T21:00,20.4,49,952.7,8.2,0.0
2024-12-14T22:00,19.3,51,952.9,8.4,0.0
2024-12-14T23:00,18.1,54,952.7,7.8,0.0
2024-12-15T00:00,17.2,56,952.4,6.5,0.0
2024-12-15T01:00,16.5,57,952.3,4.9,0.0
2024-12-15T02:00,15.6,61,951.6,3.8,0.0
2024-12-15T03:00,15.2,64,951.1,2.9,0.0
2024-12-15T04:00,14.8,64,951.2,1.6,0.0
2024-12-15T05:00,14.5,65,951.5,1.1,0.0
2024-12-15T06:00,13.2,70,952.0,1.5,0.0
2024-12-15T07:00,13.3,72,952.9,1.3,0.0
2024-12-15T08:00,15.3,62,954.4,1.9,0.0
2024-12-15T09:00,18.3,50,955.5,3.3,0.0
2024-12-15T10:00,21.2,42,955.6,5.6,0.0
2024-12-15T11:00,23.8,38,955.2,7.1,0.0
2024-12-15T12:00,25.8,35,954.2,8.0,0.0
2024-12-15T13:00,27.1,31,952.7,8.5,0.0
2024-12-15T14:00,27.8,29,951.5,8.9,0.0
2024-12-15T15:00,27.9,28,951.1,9.1,0.0
2024-12-15T16:00,27.2,29,950.7,9.3,0.0
2024-12-15T17:00,25.6,34,951.0,8.2,0.0
2024-12-15T18:00,24.1,36,951.3,6.2,0.0
2024-12-15T19:00,22.3,46,951.9,4.0,0.0
2024-12-15T20:00,21.0,50,952.5,4.1,0.0
2024-12-15T21:00,19.6,57,952.8,4.7,0.0
2024-12-15T22:00,19.2,57,953.2,7.7,0.0
2024-12-15T23:00,17.8,62,952.5,5.8,0.0
2024-12-16T00:00,16.6,67,951.8,4.2,0.0
2024-12-16T01:00,15.7,71,951.3,3.7,0.0
2024-12-16T02:00,15.1,72,950.7,3.4,0.0
2024-12-16T03:00,14.6,71,950.3,3.1,0.0
2024-12-16T04:00,13.9,70,949.7,3.4,0.0
2024-12-16T05:00,13.4,70,949.7,3.5,0.0
2024-12-16T06:00,12.6,72,951.0,1.0,0.0
2024-12-16T07:00,12.5,75,951.8,1.5,0.0
2024-12-16T08:00,14.4,66,953.0,2.4,0.0
2024-12-16T09:00,17.4,53,954.0,2.8,0.0
2024-12-16T10:00,20.6,41,954.3,4.6,0.0
2024-12-16T11:00,23.3,30,953.6,7.3,0.0
2024-12-16T12:00,25.4,23,952.3,7.9,0.0
2024-12-16T13:00,26.8,20,951.3,7.6,0.0
2024-12-16T14:00,27.5,19,950.5,7.2,0.0
2024-12-16T15:00,27.8,18,950.1,7.2,0.0
2024-12-16T16:00,27.3,18,949.8,6.9,0.0
2024-12-16T17:00,25.2,27,949.7,4.8,0.0
2024-12-16T18:00,23.3,29,949.3,5.4,0.0
2024-12-16T19:00,22.2,34,949.9,4.0,0.0
2024-12-16T20:00,20.8,36,950.4,4.5,0.0
2024-12-16T21:00,19.4,43,950.9,4.4,0.0
2024-12-16T22:00,18.4,42,951.2,5.8,0.0
2024-12-16T23:00,17.2,48,950.6,4.9,0.0
2024-12-17T00:00,16.1,54,950.1,4.1,0.0
2024-12-17T01:00,15.6,58,949.5,3.1,0.0
2024-12-17T02:00,15.5,57,949.1,1.4,0.0
2024-12-17T03:00,15.1,58,948.7,1.5,0.0
2024-12-17T04:00,14.3,62,948.4,0.9,0.0
2024-12-17T05:00,13.4,66,948.5,1.1,0.0
2024-12-17T06:00,12.1,72,949.7,1.8,0.0
2024-12-17T07:00,12.1,72,950.7,2.5,0.0
2024-12-17T08:00,14.1,66,951.7,1.1,0.0
2024-12-17T09:00,17.2,56,952.5,2.9,0.0
2024-12-17T10:00,20.6,46,952.6,4.5,0.0
2024-12-17T11:00,23.8,37,951.8,4.8,0.0
2024-12-17T12:00,26.2,30,950.5,5.5,0.0
2024-12-17T13:00,27.8,27,949.4,5.6,0.0
2024-12-17T14:00,28.5,25,948.8,6.2,0.0
2024-12-17T15:00,28.6,23,948.6,7.9,0.0
2024-12-17T16:00,27.9,24,948.2,9.3,0.0
2024-12-17T17:00,26.3,29,948.3,8.3,0.0
2024-12-17T18:00,24.7,32,948.5,6.8,0.0
2024-12-17T19:00,22.3,43,949.2,4.5,0.0
2024-12-17T20:00,20.9,47,949.6,4.8,0.0
2024-12-17T21:00,20.8,40,949.8,6.1,0.0
2024-12-17T22:00,19.8,44,949.8,5.1,0.0
2024-12-17T23:00,18.7,52,949.7,1.2,0.0
2024-12-18T00:00,17.5,57,949.4,0.6,0.0
2024-12-18T01:00,16.9,59,949.2,0.6,0.0
2024-12-18T02:00,16.1,61,948.7,1.5,0.0
2024-12-18T03:00,15.4,64,948.2,1.2,0.0
2024-12-18T04:00,15.0,67,948.0,0.7,0.0
2024-12-18T05:00,14.4,69,948.4,0.6,0.0
2024-12-18T06:00,12.4,77,949.1,0.4,0.0
2024-12-18T07:00,12.4,78,949.8,1.4,0.0
2024-12-18T08:00,14.3,70,951.0,2.0,0.0
2024-12-18T09:00,17.3,61,951.7,0.9,0.0
2024-12-18T10:00,20.8,49,951.6,2.7,0.0
2024-12-18T11:00,24.1,37,951.0,4.2,0.0
2024-12-18T12:00,26.5,28,950.1,4.4,0.0
2024-12-18T13:00,27.9,24,949.1,3.7,0.0
2024-12-18T14:00,28.7,21,948.4,4.0,0.0
2024-12-18T15:00,28.8,20,948.0,5.2,0.0
2024-12-18T16:00,28.3,20,947.6,6.4,0.0
2024-12-18T17:00,26.0,35,947.6,3.7,0.0
2024-12-18T18:00,24.5,28,948.0,4.7,0.0
2024-12-18T19:00,23.2,33,948.4,4.1,0.0
2024-12-18T20:00,21.9,36,949.0,3.6,0.0
2024-12-18T21:00,20.7,42,949.0,1.0,0.0
2024-12-18T22:00,19.5,48,948.8,1.3,0.0
2024-12-18T23:00,18.4,53,948.8,1.7,0.0
2024-12-19T00:00,17.8,57,948.7,0.7,0.0
2024-12-19T01:00,16.9,57,948.2,0.8,0.0
2024-12-19T02:00,15.9,60,947.7,2.0,0.0
2024-12-19T03:00,15.0,64,947.3,2.0,0.0
2024-12-19T04:00,14.2,68,947.1,1.9,0.0
2024-12-19T05:00,13.8,68,947.3,1.5,0.0
2024-12-19T06:00,12.6,73,947.8,1.6,0.0
2024-12-19T07:00,12.6,73,948.5,2.7,0.0
2024-12-19T08:00,14.6,65,949.9,2.8,0.0
2024-12-19T09:00,17.8,56,951.0,1.5,0.0
2024-12-19T10:00,21.6,45,951.2,3.1,0.0
2024-12-19T11:00,25.0,37,950.9,3.7,0.0
2024-12-19T12:00,27.5,32,950.2,3.1,0.0
2024-12-19T13:00,29.0,29,949.2,2.4,0.0
2024-12-19T14:00,29.6,28,948.6,3.6,0.0
2024-12-19T15:00,29.5,27,947.8,4.5,0.0
2024-12-19T16:00,29.0,28,947.4,5.3,0.0
2024-12-19T17:00,27.2,35,947.4,6.5,0.0
2024-12-19T18:00,25.9,36,947.6,6.1,0.0
2024-12-19T19:00,24.2,44,948.6,8.3,0.0
2024-12-19T20:00,22.8,50,949.4,6.2,0.0
2024-12-19T21:00,21.5,55,949.7,4.1,0.0
2024-12-19T22:00,20.2,62,949.6,3.4,0.0
2024-12-19T23:00,19.8,63,949.3,5.9,0.0
2024-12-20T00:00,19.1,67,948.6,5.0,0.0
2024-12-20T01:00,18.3,71,948.2,4.0,0.0
2024-12-20T02:00,17.4,75,948.0,3.2,0.0
2024-12-20T03:00,17.1,78,947.6,1.3,0.0
2024-12-20T04:00,16.6,79,947.2,2.6,0.0
2024-12-20T05:00,16.5,78,947.5,3.8,0.0
2024-12-20T06:00,15.5,84,947.9,2.2,0.0
2024-12-20T07:00,16.0,81,948.6,0.9,0.0
2024-12-20T08:00,18.5,69,950.1,0.4,0.0
2024-12-20T09:00,22.0,54,951.2,1.9,0.0
2024-12-20T10:00,24.8,42,951.4,4.5,0.0
2024-12-20T11:00,26.9,35,950.8,4.4,0.0
2024-12-20T12:00,28.3,33,949.8,2.5,0.0
2024-12-20T13:00,29.4,31,948.4,2.5,0.0
2024-12-20T14:00,30.0,31,947.4,4.3,0.0
2024-12-20T15:00,30.1,31,946.7,4.9,0.0
2024-12-20T16:00,29.5,32,946.5,7.7,0.0
2024-12-20T17:00,27.6,40,946.7,10.6,0.0
2024-12-20T18:00,25.1,50,947.4,10.5,0.0
2024-12-20T19:00,23.7,56,948.3,6.5,0.0
2024-12-20T20:00,22.6,63,948.8,7.9,0.0
2024-12-20T21:00,21.3,70,949.0,8.6,0.0
2024-12-20T22:00,20.2,77,949.1,4.1,0.0
2024-12-20T23:00,19.5,82,948.8,3.5,0.0
2024-12-21T00:00,19.0,84,948.1,6.2,0.0
2024-12-21T01:00,18.4,88,947.8,3.2,0.0
2024-12-21T02:00,17.9,92,947.5,0.4,0.0
2024-12-21T03:00,17.4,94,947.0,1.9,0.0
2024-12-21T04:00,17.1,95,946.9,5.1,0.0
2024-12-21T05:00,16.6,97,947.2,4.4,0.0
2024-12-21T06:00,16.3,100,948.1,3.3,0.0
2024-12-21T07:00,16.3,98,948.6,3.3,0.0
2024-12-21T08:00,17.0,95,949.7,3.3,0.0
2024-12-21T09:00,20.0,79,950.8,1.1,0.0
2024-12-21T10:00,23.4,61,950.8,1.8,0.0
2024-12-21T11:00,25.9,48,950.3,3.5,0.0
2024-12-21T12:00,27.8,42,949.4,2.8,0.0
2024-12-21T13:00,29.4,37,948.2,1.2,0.0
2024-12-21T14:00,30.2,33,947.5,3.4,0.0
2024-12-21T15:00,30.3,33,946.9,4.8,0.0
2024-12-21T16:00,29.9,33,947.0,5.8,0.0
2024-12-21T17:00,28.9,35,947.3,9.0,0.0
2024-12-21T18:00,24.6,59,948.5,9.6,0.0
2024-12-21T19:00,23.5,66,949.7,12.3,0.0
2024-12-21T20:00,21.6,79,950.4,9.7,0.0
2024-12-21T21:00,20.8,85,950.7,9.8,0.0
2024-12-21T22:00,20.0,89,950.8,7.9,0.0
2024-12-21T23:00,19.6,91,950.5,6.6,0.0
2024-12-22T00:00,19.1,93,950.0,4.9,0.0
2024-12-22T01:00,18.4,97,949.5,6.6,0.0
2024-12-22T02:00,17.9,98,949.0,5.0,0.0
2024-12-22T03:00,17.8,98,948.7,5.0,0.0
2024-12-22T04:00,17.6,98,948.4,7.0,0.0
2024-12-22T05:00,17.9,94,948.5,4.8,0.0
2024-12-22T06:00,18.0,96,949.0,4.2,0.0
2024-12-22T07:00,17.9,96,949.6,2.2,0.0
2024-12-22T08:00,18.3,93,950.8,1.2,0.0
2024-12-22T09:00,19.6,85,951.4,0.9,0.0
2024-12-22T10:00,22.0,72,951.5,2.0,0.0
2024-12-22T11:00,25.1,58,951.1,0.7,0.0
2024-12-22T12:00,27.6,48,949.9,3.5,0.0
2024-12-22T13:00,29.1,40,948.7,7.5,0.0
2024-12-22T14:00,29.5,38,947.9,8.6,0.0
2024-12-22T15:00,29.3,37,947.4,9.7,0.0
2024-12-22T16:00,27.9,41,947.3,13.9,0.0
2024-12-22T17:00,25.9,51,947.6,13.9,0.0
2024-12-22T18:00,23.4,67,948.4,15.1,0.0
2024-12-22T19:00,21.5,80,949.1,11.5,0.0
2024-12-22T20:00,20.8,85,949.8,10.4,0.0
2024-12-22T21:00,20.5,86,950.2,10.0,0.0
2024-12-22T22:00,20.1,86,950.1,9.3,0.0
2024-12-22T23:00,19.5,89,949.8,7.6,0.0
2024-12-23T00:00,19.0,90,949.3,7.1,0.0
2024-12-23T01:00,18.7,91,948.8,6.6,0.0
2024-12-23T02:00,18.2,92,948.4,4.2,0.0
2024-12-23T03:00,17.7,95,948.2,1.3,0.0
2024-12-23T04:00,17.4,97,948.2,0.9,0.0
2024-12-23T05:00,17.2,97,948.5,1.4,0.0
2024-12-23T06:00,17.2,98,949.3,4.8,0.0
2024-12-23T07:00,17.2,97,949.8,4.4,0.0
2024-12-23T08:00,17.9,92,950.7,2.9,0.0
2024-12-23T09:00,20.0,81,951.3,2.5,0.0
2024-12-23T10:00,22.9,65,951.6,4.0,0.0
2024-12-23T11:00,25.5,55,951.2,5.8,0.0
2024-12-23T12:00,27.0,48,950.0,7.5,0.1
2024-12-23T13:00,27.7,45,948.9,10.0,0.0
2024-12-23T14:00,27.9,44,948.1,9.7,0.0
2024-12-23T15:00,27.9,43,947.6,9.0,0.0
2024-12-23T16:00,26.9,45,947.6,10.5,0.0
2024-12-23T17:00,25.0,56,948.1,11.7,0.0
2024-12-23T18:00,23.5,64,948.6,11.9,0.0
2024-12-23T19:00,21.8,75,949.3,10.3,0.0
2024-12-23T20:00,20.9,80,949.9,8.7,0.0
2024-12-23T21:00,20.4,84,950.3,5.7,0.0
2024-12-23T22:00,19.9,86,950.3,5.0,0.0
2024-12-23T23:00,19.4,88,950.0,1.8,0.0
2024-12-24T00:00,19.1,89,949.6,3.7,0.1
2024-12-24T01:00,18.8,91,949.2,3.1,0.1
2024-12-24T02:00,18.3,94,949.0,1.6,0.1
2024-12-24T03:00,18.1,95,948.6,0.4,0.0
2024-12-24T04:00,18.3,94,948.7,1.9,0.0
2024-12-24T05:00,18.2,94,948.9,1.0,0.0
2024-12-24T06:00,17.5,95,949.4,0.4,0.0
2024-12-24T07:00,17.4,96,949.8,0.6,0.0
2024-12-24T08:00,18.7,88,950.8,0.6,0.0
2024-12-24T09:00,20.8,77,951.6,3.3,0.0
2024-12-24T10:00,23.0,67,951.8,4.2,0.0
2024-12-24T11:00,25.4,57,951.3,5.8,0.0
2024-12-24T12:00,26.5,51,950.2,6.0,0.0
2024-12-24T13:00,27.4,46,949.0,5.4,0.0
2024-12-24T14:00,28.1,43,948.4,5.6,0.0
2024-12-24T15:00,27.9,44,948.2,6.6,0.0
2024-12-24T16:00,27.4,47,948.2,7.8,0.0
2024-12-24T17:00,26.3,51,948.7,8.0,0.0
2024-12-24T18:00,24.4,64,949.1,9.2,0.0
2024-12-24T19:00,23.8,67,950.1,9.1,0.0
2024-12-24T20:00,22.8,70,950.8,10.1,0.0
2024-12-24T21:00,21.9,71,951.3,9.4,0.0
2024-12-24T22:00,21.1,73,951.5,4.8,0.0
2024-12-24T23:00,20.6,75,951.1,3.7,0.0
2024-12-25T00:00,20.1,78,950.6,2.5,0.0
2024-12-25T01:00,19.6,81,950.2,2.3,0.0
2024-12-25T02:00,19.2,85,949.7,0.8,0.0
2024-12-25T03:00,19.0,84,949.4,0.7,0.1
2024-12-25T04:00,18.8,84,949.4,3.1,0.0
2024-12-25T05:00,18.4,87,949.6,1.9,0.0
2024-12-25T06:00,17.4,93,949.8,1.4,0.0
2024-12-25T07:00,17.6,93,950.5,0.0,0.0
2024-12-25T08:00,19.3,82,951.7,2.2,0.0
2024-12-25T09:00,21.5,73,952.8,4.6,0.0
2024-12-25T10:00,23.7,64,953.0,5.2,0.0
2024-12-25T11:00,25.8,55,952.5,5.8,0.0
2024-12-25T12:00,27.5,48,951.5,4.3,0.0
2024-12-25T13:00,28.8,43,950.4,4.0,0.0
2024-12-25T14:00,29.8,38,949.6,4.0,0.0
2024-12-25T15:00,30.0,36,949.0,2.8,0.0
2024-12-25T16:00,29.5,36,948.9,3.5,0.0
2024-12-25T17:00,28.9,37,949.3,5.8,0.0
2024-12-25T18:00,27.2,50,949.8,2.0,0.0
2024-12-25T19:00,26.1,50,951.0,7.0,0.0
2024-12-25T20:00,23.8,64,952.1,11.9,0.0
2024-12-25T21:00,22.8,68,952.7,7.4,0.0
2024-12-25T22:00,22.4,70,952.9,7.3,0.0
2024-12-25T23:00,22.2,71,952.7,5.0,0.0
2024-12-26T00:00,21.4,75,952.3,6.1,0.0
2024-12-26T01:00,21.0,78,951.6,3.1,0.0
2024-12-26T02:00,20.4,83,951.0,1.0,0.0
2024-12-26T03:00,20.3,85,950.6,0.6,0.0
2024-12-26T04:00,19.9,86,950.8,1.4,0.0
2024-12-26T05:00,20.2,82,951.4,3.5,0.0
2024-12-26T06:00,19.6,87,952.1,2.0,0.0
2024-12-26T07:00,20.0,88,952.8,1.1,0.0
2024-12-26T08:00,21.7,76,954.1,4.1,0.0
2024-12-26T09:00,24.1,67,954.9,6.4,0.0
2024-12-26T10:00,26.2,57,955.0,11.9,0.2
2024-12-26T11:00,27.3,52,954.7,10.8,0.0
2024-12-26T12:00,28.6,46,953.9,10.8,0.0
2024-12-26T13:00,29.4,42,952.6,9.2,0.0
2024-12-26T14:00,30.1,38,951.9,8.4,0.0
2024-12-26T15:00,29.9,38,951.4,6.6,0.0
2024-12-26T16:00,29.4,38,951.4,5.9,0.0
2024-12-26T17:00,28.6,40,951.5,7.2,0.0
2024-12-26T18:00,26.8,54,951.8,2.7,0.0
2024-12-26T19:00,25.7,52,952.5,5.3,0.0
2024-12-26T20:00,23.7,69,953.1,8.4,0.0
2024-12-26T21:00,22.4,78,953.4,4.2,0.0
2024-12-26T22:00,21.8,82,953.4,5.5,0.0
2024-12-26T23:00,21.3,84,953.0,4.0,0.0
2024-12-27T00:00,20.8,87,952.6,4.0,0.0
2024-12-27T01:00,20.3,91,952.3,0.8,0.0
2024-12-27T02:00,20.2,90,952.1,2.8,0.0
2024-12-27T03:00,20.1,90,951.6,3.1,0.0
2024-12-27T04:00,19.8,89,951.7,4.5,0.0
2024-12-27T05:00,19.7,88,951.9,5.7,0.0
2024-12-27T06:00,20.3,86,952.8,6.3,0.0
2024-12-27T07:00,20.3,88,953.5,5.5,0.0
2024-12-27T08:00,21.3,85,954.5,6.7,0.0
2024-12-27T09:00,22.9,78,955.3,7.9,0.1
2024-12-27T10:00,24.4,69,955.2,10.3,0.1
2024-12-27T11:00,26.6,58,954.6,11.3,0.1
2024-12-27T12:00,28.3,50,953.6,10.4,0.1
2024-12-27T13:00,29.5,45,952.3,10.3,0.0
2024-12-27T14:00,29.9,42,951.6,11.4,0.0
2024-12-27T15:00,29.8,42,951.0,10.9,0.0
2024-12-27T16:00,29.3,43,950.8,9.9,0.0
2024-12-27T17:00,28.4,45,951.1,7.1,0.2
2024-12-27T18:00,25.7,60,951.8,4.4,0.0
2024-12-27T19:00,25.0,63,952.7,3.6,0.0
2024-12-27T20:00,24.1,67,953.6,1.9,0.0
2024-12-27T21:00,23.2,72,954.0,5.1,0.0
2024-12-27T22:00,22.4,79,954.1,4.6,0.0
2024-12-27T23:00,21.8,84,953.8,3.4,0.1
2024-12-28T00:00,20.8,91,953.5,8.1,0.4
2024-12-28T01:00,20.6,91,953.0,3.2,0.3
2024-12-28T02:00,20.4,93,952.4,1.9,0.6
2024-12-28T03:00,20.1,96,951.8,3.3,0.3
2024-12-28T04:00,19.8,98,951.9,3.8,0.0
2024-12-28T05:00,19.5,98,951.8,2.4,0.1
2024-12-28T06:00,19.2,98,952.1,2.0,0.0
2024-12-28T07:00,19.1,98,952.7,3.4,0.0
2024-12-28T08:00,20.4,92,954.1,3.2,0.0
2024-12-28T09:00,23.0,77,955.0,3.2,0.0
2024-12-28T10:00,25.4,63,955.2,4.4,0.0
2024-12-28T11:00,27.4,53,954.7,8.1,0.0
2024-12-28T12:00,28.6,48,953.5,7.5,0.0
2024-12-28T13:00,29.4,45,952.2,7.3,0.0
2024-12-28T14:00,29.7,42,951.4,7.3,0.0
2024-12-28T15:00,29.7,41,950.7,7.1,0.0
2024-12-28T16:00,29.0,43,950.7,8.6,0.0
2024-12-28T17:00,27.7,48,951.2,9.4,0.1
2024-12-28T18:00,26.0,60,951.5,11.1,0.0
2024-12-28T19:00,24.9,65,952.5,11.4,0.0
2024-12-28T20:00,23.9,70,953.4,6.4,0.0
2024-12-28T21:00,23.4,72,954.0,3.8,0.0
2024-12-28T22:00,22.8,76,953.9,5.0,0.0
2024-12-28T23:00,22.1,80,953.6,0.7,0.0
2024-12-29T00:00,21.7,82,953.2,0.4,0.0
2024-12-29T01:00,21.2,84,952.5,1.9,0.0
2024-12-29T02:00,20.6,86,952.0,3.9,0.0
2024-12-29T03:00,20.0,88,951.7,3.9,0.0
2024-12-29T04:00,19.6,90,951.7,3.6,0.0
2024-12-29T05:00,19.2,90,951.8,3.1,0.0
2024-12-29T06:00,19.7,90,952.9,3.6,0.0
2024-12-29T07:00,19.6,91,953.8,3.7,0.1
2024-12-29T08:00,20.5,86,954.9,3.1,0.0
2024-12-29T09:00,22.4,75,955.5,4.2,0.0
2024-12-29T10:00,24.5,65,955.6,4.7,0.0
2024-12-29T11:00,26.9,53,955.1,4.6,0.1
2024-12-29T12:00,28.7,45,954.0,4.0,0.0
2024-12-29T13:00,29.8,40,952.9,3.4,0.0
2024-12-29T14:00,30.6,36,952.2,4.0,0.0
2024-12-29T15:00,30.4,35,951.6,3.1,0.0
2024-12-29T16:00,30.0,36,951.3,1.8,0.0
2024-12-29T17:00,29.1,38,951.8,1.9,0.0
2024-12-29T18:00,27.5,45,952.0,4.4,0.0
2024-12-29T19:00,26.1,54,953.0,7.6,0.0
2024-12-29T20:00,25.4,58,953.8,6.7,0.0
2024-12-29T21:00,24.6,62,954.2,7.0,0.0
2024-12-29T22:00,23.8,65,954.3,4.5,0.0
2024-12-29T23:00,23.4,70,954.2,1.5,0.0
2024-12-30T00:00,23.0,69,953.5,1.8,0.0
2024-12-30T01:00,22.5,69,953.3,4.2,0.0
2024-12-30T02:00,21.6,74,952.8,6.2,0.0
2024-12-30T03:00,20.9,78,952.5,7.0,0.0
2024-12-30T04:00,20.2,83,952.4,6.6,0.0
2024-12-30T05:00,19.6,87,952.5,5.6,0.0
2024-12-30T06:00,19.7,89,952.9,4.0,0.0
2024-12-30T07:00,19.4,91,953.6,4.2,0.0
2024-12-30T08:00,20.8,85,954.9,4.2,0.0
2024-12-30T09:00,22.8,75,955.6,6.0,0.0
2024-12-30T10:00,25.2,61,955.6,6.2,0.0
2024-12-30T11:00,27.5,51,955.2,5.4,0.0
2024-12-30T12:00,29.2,42,954.3,4.3,0.0
2024-12-30T13:00,30.2,36,953.4,4.1,0.0
2024-12-30T14:00,30.7,33,952.5,6.7,0.0
2024-12-30T15:00,30.5,32,951.9,8.2,0.0
2024-12-30T16:00,30.0,33,951.6,7.8,0.0
2024-12-30T17:00,29.2,33,951.6,7.2,0.0
2024-12-30T18:00,27.0,49,952.0,2.3,0.0
2024-12-30T19:00,26.3,43,952.8,4.2,0.0
2024-12-30T20:00,25.2,53,953.6,1.5,0.0
2024-12-30T21:00,23.9,53,953.9,2.7,0.0
2024-12-30T22:00,22.9,58,954.1,3.5,0.0
2024-12-30T23:00,22.5,65,954.0,0.7,0.0
2024-12-31T00:00,21.9,67,953.5,0.4,0.0
2024-12-31T01:00,21.2,68,953.2,0.9,0.0
2024-12-31T02:00,20.7,69,952.8,0.4,0.0
2024-12-31T03:00,20.3,70,952.1,0.6,0.0
2024-12-31T04:00,19.6,73,951.8,1.3,0.0
2024-12-31T05:00,19.1,76,952.2,0.9,0.0
2024-12-31T06:00,19.0,79,952.6,0.9,0.0
2024-12-31T07:00,18.5,83,953.4,1.3,0.0
2024-12-31T08:00,20.2,76,954.7,2.4,0.0
2024-12-31T09:00,23.1,61,955.8,4.0,0.0
2024-12-31T10:00,26.0,48,956.1,4.6,0.0
2024-12-31T11:00,28.1,39,955.7,5.2,0.0
2024-12-31T12:00,29.3,35,954.6,6.0,0.0
2024-12-31T13:00,29.9,33,953.4,6.0,0.0
2024-12-31T14:00,30.3,32,952.7,6.9,0.0
2024-12-31T15:00,30.1,31,952.3,9.0,0.0
2024-12-31T16:00,29.5,32,952.1,9.9,0.0
2024-12-31T17:00,28.6,35,952.4,9.9,0.0
2024-12-31T18:00,27.2,40,952.4,8.8,0.0
2024-12-31T19:00,25.8,47,953.2,9.4,0.0
2024-12-31T20:00,24.5,53,953.9,7.3,0.0
2024-12-31T21:00,23.7,57,954.1,5.4,0.0
2024-12-31T22:00,23.0,61,953.9,3.9,0.0
2024-12-31T23:00,22.4,62,953.7,3.9,0.0
